{"args": "Namespace(device='cuda', dset_path='datasets', end2end=False, eval_poisons_root='attack-results-eps0.03/100-overlap/linear-transfer-learning/mean/800', gpu='2', lr_decay_epoch=[30, 45], model_resume_path='model-chks', num_per_class=50, poison_label=8, retrain_bsize=64, retrain_epochs=60, retrain_lr=0.1, retrain_momentum=0.9, retrain_opt='adam', retrain_wd=0, subset_group=0, target_camera=True, target_index_end=10, target_index_start=9, target_index_step=1, target_label=6, target_net=['DPN92', 'SENet18', 'ResNet50', 'ResNeXt29_2x64d', 'GoogLeNet', 'MobileNetV2', 'ResNet18', 'DenseNet121'], target_print_size=[2, 4], test_chk_name='ckpt-%s-4800.t7', train_data_path='datasets/CIFAR10_TRAIN_Split.pth')", "poison_label": 8, "target_label": 6, "targets": {"9": {}, "9": {"800": {"time": 343.0, "coeffs_time": 0, "poisons_time": 4, "target_loss": 0.030318953096866608, "total_loss": 0.11580783873796463, "coeff_list": [[0.20000000298023224, 0.20000000298023224, 0.20000000298023224, 0.20000000298023224, 0.20000000298023224], [0.20000000298023224, 0.20000000298023224, 0.20000000298023224, 0.20000000298023224, 0.20000000298023224], [0.20000000298023224, 0.20000000298023224, 0.20000000298023224, 0.20000000298023224, 0.20000000298023224], [0.20000000298023224, 0.20000000298023224, 0.20000000298023224, 0.20000000298023224, 0.20000000298023224], [0.20000000298023224, 0.20000000298023224, 0.20000000298023224, 0.20000000298023224, 0.20000000298023224], [0.20000000298023224, 0.20000000298023224, 0.20000000298023224, 0.20000000298023224, 0.20000000298023224], [0.20000000298023224, 0.20000000298023224, 0.20000000298023224, 0.20000000298023224, 0.20000000298023224], [0.20000000298023224, 0.20000000298023224, 0.20000000298023224, 0.20000000298023224, 0.20000000298023224], [0.20000000298023224, 0.20000000298023224, 0.20000000298023224, 0.20000000298023224, 0.20000000298023224], [0.20000000298023224, 0.20000000298023224, 0.20000000298023224, 0.20000000298023224, 0.20000000298023224], [0.20000000298023224, 0.20000000298023224, 0.20000000298023224, 0.20000000298023224, 0.20000000298023224], [0.20000000298023224, 0.20000000298023224, 0.20000000298023224, 0.20000000298023224, 0.20000000298023224], [0.20000000298023224, 0.20000000298023224, 0.20000000298023224, 0.20000000298023224, 0.20000000298023224], [0.20000000298023224, 0.20000000298023224, 0.20000000298023224, 0.20000000298023224, 0.20000000298023224], [0.20000000298023224, 0.20000000298023224, 0.20000000298023224, 0.20000000298023224, 0.20000000298023224], [0.20000000298023224, 0.20000000298023224, 0.20000000298023224, 0.20000000298023224, 0.20000000298023224], [0.20000000298023224, 0.20000000298023224, 0.20000000298023224, 0.20000000298023224, 0.20000000298023224], [0.20000000298023224, 0.20000000298023224, 0.20000000298023224, 0.20000000298023224, 0.20000000298023224]], "coeff_list_in_victim": [[0.2785869836807251, 0.0, 0.4864383041858673, 0.0, 0.2349746972322464]], "victims": {"DPN92": {"clean acc": 91.75000190734863, "prediction": 6, "poisons predictions": [8, 8, 8, 6, 8], "scores": [1.981225296668332e-12, 3.4833967680648816e-39, 1.374982079164797e-40, 9.564683219096065e-19, 1.7644509629836335e-32, 1.0843571234475161e-20, 0.9996681809425354, 5.445848011082153e-25, 0.0003326984297018498, 0.0], "malicious score": 0.0003326984297018498, "camera": {"2": {"prediction": 8, "scores": [2.750745910089262e-21, 1.1213989051651851e-39, 3.9981996592154757e-17, 0.04316888377070427, 4.1133607208299755e-14, 5.1360395445954055e-05, 1.4460264097237996e-09, 2.635792327618379e-17, 0.956779956817627, 0.0], "malicious score": 0.956779956817627}, "4": {"prediction": 3, "scores": [1.3437251782891298e-20, 2.802596928649634e-45, 6.163135982259931e-20, 0.9354668855667114, 1.4188212237031816e-12, 0.014216511510312557, 0.02907850779592991, 7.08612268899864e-21, 0.02123812586069107, 0.0], "malicious score": 0.02123812586069107}}}, "SENet18": {"clean acc": 91.63000221252442, "prediction": 8, "poisons predictions": [6, 8, 8, 8, 6], "scores": [5.245710976709006e-09, 0.0009944407502189279, 2.247461244886395e-11, 9.044416771075703e-09, 4.004214861197397e-05, 1.6073755282515478e-13, 0.004335249308496714, 0.00011415554763516411, 0.9945161938667297, 2.3632793093216744e-15], "malicious score": 0.9945161938667297, "camera": {"2": {"prediction": 8, "scores": [1.2047716158036792e-09, 1.7572849841940297e-08, 3.602698654958658e-07, 0.0006888732896186411, 6.0079724789829925e-05, 1.8437944504512416e-08, 2.832247901096707e-06, 3.723317121284708e-08, 0.9992478489875793, 5.4076152444793024e-09], "malicious score": 0.9992478489875793}, "4": {"prediction": 3, "scores": [1.138562594898973e-11, 4.260023120394342e-14, 1.1356511095073074e-05, 0.9997377991676331, 0.00010981069499393925, 9.264557121468897e-08, 1.0973342234876782e-08, 1.132306444109497e-14, 0.00014065711002331227, 7.218939890307752e-10], "malicious score": 0.00014065711002331227}}}, "ResNet50": {"clean acc": 93.53000106811524, "prediction": 6, "poisons predictions": [8, 8, 8, 8, 8], "scores": [0.0, 0.0, 2.806606409014707e-35, 5.033926131194788e-36, 5.0865732956526535e-40, 5.710076843458588e-39, 0.9931532740592957, 4.203895392974451e-45, 0.00684677017852664, 6.701833219898298e-39], "malicious score": 0.00684677017852664, "camera": {"2": {"prediction": 8, "scores": [0.0, 0.0, 1.0717187841471477e-22, 0.05056598782539368, 1.4219616008350144e-19, 1.9899870640216477e-10, 0.00011007628199877217, 1.2667920286296709e-39, 0.9493234157562256, 6.3459347550749955e-19], "malicious score": 0.9493234157562256}, "4": {"prediction": 3, "scores": [0.0, 0.0, 4.998564084187858e-36, 1.0, 1.702457359592185e-25, 2.308665494634795e-23, 2.4575641012114155e-21, 0.0, 7.623716462769823e-25, 6.527148770328574e-35], "malicious score": 7.623716462769823e-25}}}, "ResNeXt29_2x64d": {"clean acc": 92.10000114440918, "prediction": 6, "poisons predictions": [8, 8, 8, 6, 8], "scores": [2.1396254610786873e-24, 4.80153505934849e-22, 1.9648990550943934e-13, 0.00013750680955126882, 2.4416635808021215e-33, 9.644052547128478e-24, 0.5503386855125427, 1.5534452471725711e-23, 0.4495238959789276, 2.2744417897809582e-24], "malicious score": 0.4495238959789276, "camera": {"2": {"prediction": 8, "scores": [1.8927743878068714e-20, 3.2695162604378527e-24, 0.0013034592848271132, 2.3823469064154779e-07, 1.4182922109700399e-14, 9.760377724887803e-05, 0.15726275742053986, 1.0743904042135842e-17, 0.841325044631958, 1.0581536116660573e-05], "malicious score": 0.841325044631958}, "4": {"prediction": 6, "scores": [5.4037496063715865e-20, 9.273674463518161e-24, 1.582522236276418e-05, 0.025273218750953674, 9.012776825854593e-14, 5.442564656732429e-07, 0.9736579060554504, 2.1784835659785165e-23, 0.0010528614511713386, 3.4605450015962047e-12], "malicious score": 0.0010528614511713386}}}, "GoogLeNet": {"clean acc": 92.14000129699707, "prediction": 6, "poisons predictions": [8, 8, 6, 8, 6], "scores": [1.1365473686698099e-14, 4.531468533741645e-10, 4.774646455985021e-08, 5.214080374571495e-05, 2.7721333908936607e-11, 6.051202581147663e-05, 0.9397867321968079, 6.173218025651295e-07, 0.06010010093450546, 1.7218180819924406e-15], "malicious score": 0.06010010093450546, "camera": {"2": {"prediction": 3, "scores": [1.3057190884069314e-08, 5.8678938330558594e-06, 0.0006815759115852416, 0.8088563680648804, 4.153577719989698e-06, 0.1269642859697342, 0.06346753984689713, 3.027144724124242e-12, 1.9953891751356423e-05, 4.96639751546013e-09], "malicious score": 1.9953891751356423e-05}, "4": {"prediction": 3, "scores": [1.3438865575921e-09, 1.7630057413953182e-08, 6.930642121005803e-05, 0.9895889759063721, 1.5718100598860474e-07, 0.009366380050778389, 0.0009754562051966786, 1.2719685981147955e-16, 3.429418082845359e-09, 1.1552533235592577e-11], "malicious score": 3.429418082845359e-09}}}, "MobileNetV2": {"clean acc": 86.56000137329102, "prediction": 8, "poisons predictions": [8, 8, 8, 6, 8],