{"args": "Namespace(device='cuda', dset_path='datasets', end2end=False, eval_poisons_root='attack-results-eps0.30/100-overlap/linear-transfer-learning/mean/800', gpu='0', lr_decay_epoch=[30, 45], model_resume_path='model-chks', num_per_class=50, poison_label=8, retrain_bsize=64, retrain_epochs=60, retrain_lr=0.1, retrain_momentum=0.9, retrain_opt='adam', retrain_wd=0, subset_group=0, target_camera=True, target_index_end=1, target_index_start=0, target_index_step=1, target_label=6, target_net=['DPN92', 'SENet18', 'ResNet50', 'ResNeXt29_2x64d', 'GoogLeNet', 'MobileNetV2', 'ResNet18', 'DenseNet121'], target_print_size=[2, 4], test_chk_name='ckpt-%s-4800.t7', train_data_path='datasets/CIFAR10_TRAIN_Split.pth')", "poison_label": 8, "target_label": 6, "targets": {"0": {}, "0": {"800": {"time": 454.0, "coeffs_time": 0, "poisons_time": 7, "target_loss": 0.015116515569388866, "total_loss": 0.0779804140329361, "coeff_list": [[0.20000000298023224, 0.20000000298023224, 0.20000000298023224, 0.20000000298023224, 0.20000000298023224], [0.20000000298023224, 0.20000000298023224, 0.20000000298023224, 0.20000000298023224, 0.20000000298023224], [0.20000000298023224, 0.20000000298023224, 0.20000000298023224, 0.20000000298023224, 0.20000000298023224], [0.20000000298023224, 0.20000000298023224, 0.20000000298023224, 0.20000000298023224, 0.20000000298023224], [0.20000000298023224, 0.20000000298023224, 0.20000000298023224, 0.20000000298023224, 0.20000000298023224], [0.20000000298023224, 0.20000000298023224, 0.20000000298023224, 0.20000000298023224, 0.20000000298023224], [0.20000000298023224, 0.20000000298023224, 0.20000000298023224, 0.20000000298023224, 0.20000000298023224], [0.20000000298023224, 0.20000000298023224, 0.20000000298023224, 0.20000000298023224, 0.20000000298023224], [0.20000000298023224, 0.20000000298023224, 0.20000000298023224, 0.20000000298023224, 0.20000000298023224], [0.20000000298023224, 0.20000000298023224, 0.20000000298023224, 0.20000000298023224, 0.20000000298023224], [0.20000000298023224, 0.20000000298023224, 0.20000000298023224, 0.20000000298023224, 0.20000000298023224], [0.20000000298023224, 0.20000000298023224, 0.20000000298023224, 0.20000000298023224, 0.20000000298023224], [0.20000000298023224, 0.20000000298023224, 0.20000000298023224, 0.20000000298023224, 0.20000000298023224], [0.20000000298023224, 0.20000000298023224, 0.20000000298023224, 0.20000000298023224, 0.20000000298023224], [0.20000000298023224, 0.20000000298023224, 0.20000000298023224, 0.20000000298023224, 0.20000000298023224], [0.20000000298023224, 0.20000000298023224, 0.20000000298023224, 0.20000000298023224, 0.20000000298023224], [0.20000000298023224, 0.20000000298023224, 0.20000000298023224, 0.20000000298023224, 0.20000000298023224], [0.20000000298023224, 0.20000000298023224, 0.20000000298023224, 0.20000000298023224, 0.20000000298023224]], "coeff_list_in_victim": [[0.0, 0.2502228021621704, 0.17308460175991058, 0.33111846446990967, 0.24557416141033173]], "victims": {"DPN92": {"clean acc": 92.35000190734863, "prediction": 6, "poisons predictions": [8, 8, 8, 8, 8], "scores": [4.713409111900546e-07, 2.0507715317585884e-11, 5.864905061224311e-29, 6.11515837967147e-10, 1.4164351308055452e-25, 1.755405499778706e-12, 0.999557614326477, 1.8210153803593863e-40, 0.0004425565421115607, 0.0], "malicious score": 0.0004425565421115607, "camera": {"2": {"prediction": 5, "scores": [0.0, 1.8490906394785862e-35, 2.4674334781593643e-05, 0.15852898359298706, 8.454244380118325e-07, 0.8414454460144043, 1.570364525265225e-14, 0.0, 2.802596928649634e-45, 1.9931404502002325e-32], "malicious score": 2.802596928649634e-45}, "4": {"prediction": 5, "scores": [3.3491033297363128e-43, 3.142243049555902e-35, 1.309548906647251e-06, 0.004864170681685209, 3.9486344749484203e-10, 0.9951347708702087, 8.891967717694627e-11, 0.0, 1.401298464324817e-45, 3.282017320426697e-36], "malicious score": 1.401298464324817e-45}}}, "SENet18": {"clean acc": 91.34000167846679, "prediction": 8, "poisons predictions": [8, 6, 8, 8, 8], "scores": [1.3908484106650576e-06, 1.2612723772299425e-14, 1.6914638092946355e-12, 0.000924810825381428, 0.005628434009850025, 3.762938849405373e-09, 0.006640567444264889, 5.883139461704268e-12, 0.9868050217628479, 1.6081511110580255e-17], "malicious score": 0.9868050217628479, "camera": {"2": {"prediction": 3, "scores": [2.361093742219764e-19, 4.284792353319923e-40, 6.788078129107977e-13, 0.9995842576026917, 1.0257003424385402e-07, 0.0004157870134804398, 3.201402317003807e-16, 3.683307555607805e-28, 2.2032356950148213e-14, 6.703960845656776e-15], "malicious score": 2.2032356950148213e-14}, "4": {"prediction": 3, "scores": [2.3548998241327244e-16, 3.15608208485506e-35, 3.9868785356445e-12, 0.9992868900299072, 1.197469282487873e-05, 0.0007015077862888575, 2.672519865999645e-13, 1.6243474342451115e-25, 7.890640398022786e-12, 5.937341394766536e-15], "malicious score": 7.890640398022786e-12}}}, "ResNet50": {"clean acc": 93.17000198364258, "prediction": 8, "poisons predictions": [8, 8, 8, 8, 8], "scores": [2.2857396550927192e-32, 7.200843107995654e-21, 2.10144114392546e-28, 9.379907206180654e-25, 4.774416955672648e-35, 7.981796052794158e-42, 0.006343348417431116, 2.705304050735269e-34, 0.9936572909355164, 9.105189300207745e-20], "malicious score": 0.9936572909355164, "camera": {"2": {"prediction": 3, "scores": [2.0617659990690214e-25, 7.056590368051322e-27, 2.319936877299251e-25, 1.0, 2.376321203537989e-25, 2.9785232991805576e-21, 1.2471556332490872e-43, 0.0, 3.9830678788339206e-17, 1.9534943221374684e-24], "malicious score": 3.9830678788339206e-17}, "4": {"prediction": 3, "scores": [2.0509048152005949e-22, 1.123386759524754e-23, 2.6004240091130054e-20, 1.0, 2.7390603683498165e-21, 2.0756363947023563e-20, 3.745306681747266e-37, 0.0, 3.65727220666807e-17, 9.124725464506915e-21], "malicious score": 3.65727220666807e-17}}}, "ResNeXt29_2x64d": {"clean acc": 93.23000221252441, "prediction": 6, "poisons predictions": [8, 8, 8, 8, 8], "scores": [1.983958771878625e-20, 5.128575253365852e-07, 1.6279279738002088e-16, 5.092426133557204e-11, 6.388120160638693e-35, 6.044563461430502e-24, 0.8887841701507568, 1.767373742320347e-18, 0.11121531575918198, 1.612727513111206e-25], "malicious score": 0.11121531575918198, "camera": {"2": {"prediction": 3, "scores": [2.4113032435102146e-18, 5.6227558992551305e-15, 7.226623466305426e-11, 0.9995957016944885, 1.8159735759581963e-07, 0.00013220748223830014, 0.00027151076938025653, 9.6495647712435e-18, 4.8507945689085826e-17, 2.5836326012092757e-14], "malicious score": 4.8507945689085826e-17}, "4": {"prediction": 3, "scores": [2.788392757691754e-18, 4.8868613826804144e-14, 1.5083453930309076e-10, 0.9994136691093445, 8.703573826096545e-07, 1.1814028766821139e-05, 0.0005740468623116612, 4.967002526188197e-17, 6.250324939216447e-16, 4.5913484433390394e-15], "malicious score": 6.250324939216447e-16}}}, "GoogLeNet": {"clean acc": 92.13000144958497, "prediction": 6, "poisons predictions": [8, 8, 8, 8, 6], "scores": [5.74777965633576e-15, 7.470562835010242e-09, 2.958605307412654e-07, 2.4973593099275604e-05, 4.687188415175569e-10, 1.44667967560963e-06, 0.9619134664535522, 5.830630925629521e-06, 0.0380539745092392, 4.368430801555273e-14], "malicious score": 0.0380539745092392, "camera": {"2": {"prediction": 5, "scores": [2.7801472604095656e-13, 1.627376358670496e-11, 0.00037544441875070333, 0.1694888472557068, 1.0320064575353172e-05, 0.8240218758583069, 0.006103408057242632, 1.356915229524104e-15, 2.936381606616356e-13, 4.060266789451816e-08], "malicious score": 2.936381606616356e-13}, "4": {"prediction": 5, "scores": [3.1975368397973644e-14, 3.0048880050870252e-12, 0.0001508539862697944, 0.007527881767600775, 1.6681873376001022e-06, 0.9865293502807617, 0.00579076586291194, 4.187381066618045e-15, 2.698405396155644e-14, 8.712775390051775e-09], "malicious score": 2.698405396155644e-14}}}, "MobileNetV2": {"clean acc": 87.27000160217285, "prediction": 6, "poisons predictions": [8, 8, 8, 8, 8],