{"args": "Namespace(device='cuda', dset_path='datasets', end2end=False, eval_poisons_root='attack-results-3poisons/100-overlap/linear-transfer-learning/mean/800', gpu='0', lr_decay_epoch=[30, 45], model_resume_path='model-chks', num_per_class=50, poison_label=8, retrain_bsize=64, retrain_epochs=60, retrain_lr=0.1, retrain_momentum=0.9, retrain_opt='adam', retrain_wd=0, subset_group=0, target_camera=True, target_index_end=43, target_index_start=42, target_index_step=1, target_label=6, target_net=['DPN92', 'SENet18', 'ResNet50', 'ResNeXt29_2x64d', 'GoogLeNet', 'MobileNetV2', 'ResNet18', 'DenseNet121'], target_print_size=[2, 4], test_chk_name='ckpt-%s-4800.t7', train_data_path='datasets/CIFAR10_TRAIN_Split.pth')", "poison_label": 8, "target_label": 6, "targets": {"42": {}, "42": {"800": {"time": 351.0, "coeffs_time": 0, "poisons_time": 4, "target_loss": 0.011716091074049473, "total_loss": 0.08842580765485764, "coeff_list": [[0.3333333432674408, 0.3333333432674408, 0.3333333432674408], [0.3333333432674408, 0.3333333432674408, 0.3333333432674408], [0.3333333432674408, 0.3333333432674408, 0.3333333432674408], [0.3333333432674408, 0.3333333432674408, 0.3333333432674408], [0.3333333432674408, 0.3333333432674408, 0.3333333432674408], [0.3333333432674408, 0.3333333432674408, 0.3333333432674408], [0.3333333432674408, 0.3333333432674408, 0.3333333432674408], [0.3333333432674408, 0.3333333432674408, 0.3333333432674408], [0.3333333432674408, 0.3333333432674408, 0.3333333432674408], [0.3333333432674408, 0.3333333432674408, 0.3333333432674408], [0.3333333432674408, 0.3333333432674408, 0.3333333432674408], [0.3333333432674408, 0.3333333432674408, 0.3333333432674408], [0.3333333432674408, 0.3333333432674408, 0.3333333432674408], [0.3333333432674408, 0.3333333432674408, 0.3333333432674408], [0.3333333432674408, 0.3333333432674408, 0.3333333432674408], [0.3333333432674408, 0.3333333432674408, 0.3333333432674408], [0.3333333432674408, 0.3333333432674408, 0.3333333432674408], [0.3333333432674408, 0.3333333432674408, 0.3333333432674408]], "coeff_list_in_victim": [[0.5674228668212891, 0.004649210721254349, 0.4279279410839081]], "victims": {"DPN92": {"clean acc": 91.96000213623047, "prediction": 6, "poisons predictions": [8, 8, 6], "scores": [6.369710980891341e-09, 1.1274101701578935e-14, 2.4197652710527156e-38, 4.020165751401732e-15, 1.1128323663740773e-27, 6.976136263421356e-19, 0.9783397316932678, 1.7901953620648727e-38, 0.021660728380084038, 0.0], "malicious score": 0.021660728380084038, "camera": {}}, "SENet18": {"clean acc": 91.18000259399415, "prediction": 6, "poisons predictions": [8, 8, 6], "scores": [6.016465537578286e-12, 1.7280392362419192e-19, 5.313191615055049e-15, 3.876095611469142e-14, 2.9655318201093905e-09, 1.6779652804889541e-15, 0.9999141693115234, 9.92744213522195e-16, 8.591909863753244e-05, 1.4388914593242014e-14], "malicious score": 8.591909863753244e-05, "camera": {}}, "ResNet50": {"clean acc": 93.33000144958496, "prediction": 8, "poisons predictions": [8, 8, 6], "scores": [3.167286520810334e-20, 5.208233869971527e-17, 8.788004161394567e-26, 1.5364350959036488e-14, 4.695332039850364e-32, 4.473548534078716e-27, 0.011348830536007881, 0.0, 0.9886513352394104, 9.049952860776096e-21], "malicious score": 0.9886513352394104, "camera": {}}, "ResNeXt29_2x64d": {"clean acc": 92.8900016784668, "prediction": 6, "poisons predictions": [8, 8, 6], "scores": [1.768873742846187e-30, 7.57924633039277e-22, 6.219127318164708e-14, 1.3974315038467466e-09, 0.0, 5.181824075827642e-22, 0.9996758103370667, 9.858611195035672e-30, 0.00032402839860878885, 2.399254685804132e-19], "malicious score": 0.00032402839860878885, "camera": {}}, "GoogLeNet": {"clean acc": 92.29000205993653, "prediction": 6, "poisons predictions": [8, 8, 6], "scores": [5.190832572804505e-12, 2.124390247049135e-11, 2.319223219910847e-15, 3.950038092170871e-07, 1.1532296895211402e-08, 1.5626575589067215e-08, 0.9998865127563477, 2.289347097311767e-14, 0.00011321426427457482, 1.0477113100704205e-11], "malicious score": 0.00011321426427457482, "camera": {}}, "MobileNetV2": {"clean acc": 87.25000190734863, "prediction": 6, "poisons predictions": [8, 8, 8], "scores": [1.7773557030033e-15, 2.25511023265032e-21, 1.6705056730807223e-15, 4.6810778258077335e-06, 4.0185697849887376e-23, 6.62535195298684e-15, 0.9997368454933167, 1.2007813596022612e-29, 0.00025789684150367975, 3.716954308349384e-22], "malicious score": 0.00025789684150367975, "camera": {}}, "ResNet18": {"clean acc": 92.95000228881835, "prediction": 6, "poisons predictions": [8, 8, 6], "scores": [5.917196425142324e-22, 1.042637851056405e-11, 8.415224685368191e-16, 4.881524546362925e-06, 1.5200884955231916e-25, 1.4047088145452413e-12, 0.9591516256332397, 9.289260407706248e-15, 0.04084377363324165, 2.4177801828423317e-24], "malicious score": 0.04084377363324165, "camera": {}}, "DenseNet121": {"clean acc": 93.36000061035156, "prediction": 6, "poisons predictions": [8, 8, 8], "scores": [1.2819365338145872e-06, 1.1649600395458037e-08, 2.439439206192162e-10, 4.9889345064002555e-06, 2.6121779228560627e-07, 1.196876746689668e-05, 0.8890160322189331, 3.5307432852750597e-16, 0.11096534132957458, 3.046915608706513e-08], "malicious score": 0.11096534132957458, "camera": {}}}}}}, "poison_idx_list": [213, 225, 227]}