{"args": "Namespace(device='cuda', dset_path='datasets', end2end=False, eval_poisons_root='attack-results-7poisons/100-overlap/linear-transfer-learning/mean/800', gpu='2', lr_decay_epoch=[30, 45], model_resume_path='model-chks', num_per_class=50, poison_label=8, retrain_bsize=64, retrain_epochs=60, retrain_lr=0.1, retrain_momentum=0.9, retrain_opt='adam', retrain_wd=0, subset_group=0, target_camera=True, target_index_end=14, target_index_start=13, target_index_step=1, target_label=6, target_net=['DPN92', 'SENet18', 'ResNet50', 'ResNeXt29_2x64d', 'GoogLeNet', 'MobileNetV2', 'ResNet18', 'DenseNet121'], target_print_size=[2, 4], test_chk_name='ckpt-%s-4800.t7', train_data_path='datasets/CIFAR10_TRAIN_Split.pth')", "poison_label": 8, "target_label": 6, "targets": {"13": {}, "13": {"800": {"time": 365.0, "coeffs_time": 0, "poisons_time": 4, "target_loss": 0.017301740124821663, "total_loss": 0.06545142084360123, "coeff_list": [[0.1428571492433548, 0.1428571492433548, 0.1428571492433548, 0.1428571492433548, 0.1428571492433548, 0.1428571492433548, 0.1428571492433548], [0.1428571492433548, 0.1428571492433548, 0.1428571492433548, 0.1428571492433548, 0.1428571492433548, 0.1428571492433548, 0.1428571492433548], [0.1428571492433548, 0.1428571492433548, 0.1428571492433548, 0.1428571492433548, 0.1428571492433548, 0.1428571492433548, 0.1428571492433548], [0.1428571492433548, 0.1428571492433548, 0.1428571492433548, 0.1428571492433548, 0.1428571492433548, 0.1428571492433548, 0.1428571492433548], [0.1428571492433548, 0.1428571492433548, 0.1428571492433548, 0.1428571492433548, 0.1428571492433548, 0.1428571492433548, 0.1428571492433548], [0.1428571492433548, 0.1428571492433548, 0.1428571492433548, 0.1428571492433548, 0.1428571492433548, 0.1428571492433548, 0.1428571492433548], [0.1428571492433548, 0.1428571492433548, 0.1428571492433548, 0.1428571492433548, 0.1428571492433548, 0.1428571492433548, 0.1428571492433548], [0.1428571492433548, 0.1428571492433548, 0.1428571492433548, 0.1428571492433548, 0.1428571492433548, 0.1428571492433548, 0.1428571492433548], [0.1428571492433548, 0.1428571492433548, 0.1428571492433548, 0.1428571492433548, 0.1428571492433548, 0.1428571492433548, 0.1428571492433548], [0.1428571492433548, 0.1428571492433548, 0.1428571492433548, 0.1428571492433548, 0.1428571492433548, 0.1428571492433548, 0.1428571492433548], [0.1428571492433548, 0.1428571492433548, 0.1428571492433548, 0.1428571492433548, 0.1428571492433548, 0.1428571492433548, 0.1428571492433548], [0.1428571492433548, 0.1428571492433548, 0.1428571492433548, 0.1428571492433548, 0.1428571492433548, 0.1428571492433548, 0.1428571492433548], [0.1428571492433548, 0.1428571492433548, 0.1428571492433548, 0.1428571492433548, 0.1428571492433548, 0.1428571492433548, 0.1428571492433548], [0.1428571492433548, 0.1428571492433548, 0.1428571492433548, 0.1428571492433548, 0.1428571492433548, 0.1428571492433548, 0.1428571492433548], [0.1428571492433548, 0.1428571492433548, 0.1428571492433548, 0.1428571492433548, 0.1428571492433548, 0.1428571492433548, 0.1428571492433548], [0.1428571492433548, 0.1428571492433548, 0.1428571492433548, 0.1428571492433548, 0.1428571492433548, 0.1428571492433548, 0.1428571492433548], [0.1428571492433548, 0.1428571492433548, 0.1428571492433548, 0.1428571492433548, 0.1428571492433548, 0.1428571492433548, 0.1428571492433548], [0.1428571492433548, 0.1428571492433548, 0.1428571492433548, 0.1428571492433548, 0.1428571492433548, 0.1428571492433548, 0.1428571492433548]], "coeff_list_in_victim": [[0.0, 0.25439751148223877, 0.0, 0.009522400796413422, 0.2757604420185089, 0.4603196680545807, 0.0]], "victims": {"DPN92": {"clean acc": 91.56000213623047, "prediction": 6, "poisons predictions": [8, 8, 8, 8, 8, 8, 8], "scores": [3.787286803613732e-11, 3.44093672121851e-24, 1.1604062451556585e-36, 4.865463500841605e-13, 8.662328808488795e-33, 2.1982738368902987e-18, 0.9799402356147766, 3.643376007244524e-43, 0.020059779286384583, 0.0], "malicious score": 0.020059779286384583, "camera": {"2": {"prediction": 6, "scores": [1.6025910598571613e-09, 6.4768515966479975e-19, 1.802595855939006e-26, 1.0685204188121133e-07, 4.069498157692493e-28, 1.3243244391739073e-12, 0.9998931884765625, 4.4750320902538947e-35, 0.00010538278002059087, 1.401298464324817e-45], "malicious score": 0.00010538278002059087}, "4": {"prediction": 6, "scores": [7.297023785213241e-08, 2.9123981164719877e-16, 8.584786504787439e-27, 1.3119232278313575e-07, 3.424745634635737e-27, 1.698265443203506e-12, 0.9992488026618958, 1.1931626737636196e-33, 0.0007523848325945437, 5.324934164434305e-44], "malicious score": 0.0007523848325945437}}}, "SENet18": {"clean acc": 90.87000122070313, "prediction": 6, "poisons predictions": [8, 8, 6, 8, 6, 8, 6], "scores": [1.4348726651292054e-08, 4.7859103019607524e-14, 1.2650246484829843e-16, 2.2228071535907844e-15, 6.856678003153149e-10, 4.252604681434325e-17, 0.9923295974731445, 1.3042667243657897e-21, 0.007671148981899023, 2.015423341053143e-21], "malicious score": 0.007671148981899023, "camera": {"2": {"prediction": 6, "scores": [1.30372086459829e-06, 1.8110121759976235e-14, 6.132894408991479e-16, 8.967234235972982e-14, 5.520195855979182e-09, 6.058484682157556e-16, 0.9852271676063538, 1.645035571493087e-20, 0.014770769514143467, 5.166571721593345e-20], "malicious score": 0.014770769514143467}, "4": {"prediction": 8, "scores": [7.72183047956787e-05, 1.3712628580374309e-13, 1.689649972941385e-14, 1.777655713602888e-13, 3.8725214146495546e-09, 8.415417385363691e-16, 0.33802974224090576, 3.49222704073423e-19, 0.6618931889533997, 4.6266231144008204e-20], "malicious score": 0.6618931889533997}}}, "ResNet50": {"clean acc": 91.2400016784668, "prediction": 6, "poisons predictions": [8, 8, 8, 8, 8, 8, 8], "scores": [2.724580571080841e-17, 5.350590329902923e-17, 6.075920369195905e-36, 2.506796919074858e-16, 0.0, 2.1597963879061557e-26, 0.9896559715270996, 1.466482032921705e-14, 0.010344497859477997, 2.615352926292765e-15], "malicious score": 0.010344497859477997, "camera": {"2": {"prediction": 6, "scores": [1.0713542046879838e-16, 1.0694927042026047e-15, 6.666579734285997e-36, 4.214899981228211e-14, 0.0, 1.348026214551818e-22, 0.9998903274536133, 6.370947103206959e-10, 0.00010986076813424006, 2.4848589033838256e-14], "malicious score": 0.00010986076813424006}, "4": {"prediction": 6, "scores": [3.3241604197692084e-16, 1.4049860009950326e-14, 3.626721569991707e-32, 5.355129063306556e-15, 0.0, 3.0312966548575522e-21, 0.9995137453079224, 1.0349410786147928e-06, 0.00048518399125896394, 1.578539545171037e-13], "malicious score": 0.00048518399125896394}}}, "ResNeXt29_2x64d": {"clean acc": 92.55000228881836, "prediction": 6, "poisons predictions": [8, 8, 8, 8, 8, 8, 8], "scores": [6.922259239588682e-22, 8.520893288732623e-07, 4.9743056895756865e-12, 2.4098224571389437e-07, 7.592781586112946e-39, 4.522853141841886e-24, 0.8338818550109863, 1.418528062000247e-17, 0.16611729562282562, 6.842066829738762e-19], "malicious score": 0.16611729562282562, "camera": {"2": {"prediction": 8, "scores": [1.0778268598939867e-16, 2.208154228355852e-06, 3.8738258467674314e-07, 0.0005611861706711352, 5.0049355122644304e-29, 5.816011938798132e-18, 0.11159359663724899, 6.008346164348977e-12, 0.8878429532051086, 1.3708137272874787e-12], "malicious score": 0.8878429532051086}, "4": {"prediction": 8, "scores": [2.3628704041663874e-14, 0.016296731308102608, 1.1971472702043684e-07, 0.06566712260246277, 4.122391416202658e-26, 1.5164501837130054e-19, 0.016620784997940063, 1.35721771599151e-08, 0.9014151692390442, 2.0152345300860665e-14], "malicious score": 0.9014151692390442}}}, "GoogLeNet": {"clean acc": 91.90000190734864, "prediction": 8, "poisons predictions": [6, 8, 8, 8, 8, 8, 8], "scores": [1.2849717661710548e-14, 1.3471965210065662e-10, 4.496945562576364e-16, 8.782416571762042e-09, 7.068251691409733e-13, 4.211049217661689e-11, 0.05729041248559952, 2.190914463739979e-11, 0.9427094459533691, 9.342307540093943e-17],