{"args": "Namespace(device='cuda', dset_path='datasets', end2end=False, eval_poisons_root='attack-results-10poisons/100-overlap/linear-transfer-learning/mean/800', gpu='1', lr_decay_epoch=[30, 45], model_resume_path='model-chks', num_per_class=50, poison_label=8, retrain_bsize=64, retrain_epochs=60, retrain_lr=0.1, retrain_momentum=0.9, retrain_opt='adam', retrain_wd=0, subset_group=0, target_camera=True, target_index_end=10, target_index_start=9, target_index_step=1, target_label=6, target_net=['DPN92', 'SENet18', 'ResNet50', 'ResNeXt29_2x64d', 'GoogLeNet', 'MobileNetV2', 'ResNet18', 'DenseNet121'], target_print_size=[2, 4], test_chk_name='ckpt-%s-4800.t7', train_data_path='datasets/CIFAR10_TRAIN_Split.pth')", "poison_label": 8, "target_label": 6, "targets": {"9": {}, "9": {"800": {"time": 419.0, "coeffs_time": 0, "poisons_time": 4, "target_loss": 0.02966536022722721, "total_loss": 0.06593459099531174, "coeff_list": [[0.10000000149011612, 0.10000000149011612, 0.10000000149011612, 0.10000000149011612, 0.10000000149011612, 0.10000000149011612, 0.10000000149011612, 0.10000000149011612, 0.10000000149011612, 0.10000000149011612], [0.10000000149011612, 0.10000000149011612, 0.10000000149011612, 0.10000000149011612, 0.10000000149011612, 0.10000000149011612, 0.10000000149011612, 0.10000000149011612, 0.10000000149011612, 0.10000000149011612], [0.10000000149011612, 0.10000000149011612, 0.10000000149011612, 0.10000000149011612, 0.10000000149011612, 0.10000000149011612, 0.10000000149011612, 0.10000000149011612, 0.10000000149011612, 0.10000000149011612], [0.10000000149011612, 0.10000000149011612, 0.10000000149011612, 0.10000000149011612, 0.10000000149011612, 0.10000000149011612, 0.10000000149011612, 0.10000000149011612, 0.10000000149011612, 0.10000000149011612], [0.10000000149011612, 0.10000000149011612, 0.10000000149011612, 0.10000000149011612, 0.10000000149011612, 0.10000000149011612, 0.10000000149011612, 0.10000000149011612, 0.10000000149011612, 0.10000000149011612], [0.10000000149011612, 0.10000000149011612, 0.10000000149011612, 0.10000000149011612, 0.10000000149011612, 0.10000000149011612, 0.10000000149011612, 0.10000000149011612, 0.10000000149011612, 0.10000000149011612], [0.10000000149011612, 0.10000000149011612, 0.10000000149011612, 0.10000000149011612, 0.10000000149011612, 0.10000000149011612, 0.10000000149011612, 0.10000000149011612, 0.10000000149011612, 0.10000000149011612], [0.10000000149011612, 0.10000000149011612, 0.10000000149011612, 0.10000000149011612, 0.10000000149011612, 0.10000000149011612, 0.10000000149011612, 0.10000000149011612, 0.10000000149011612, 0.10000000149011612], [0.10000000149011612, 0.10000000149011612, 0.10000000149011612, 0.10000000149011612, 0.10000000149011612, 0.10000000149011612, 0.10000000149011612, 0.10000000149011612, 0.10000000149011612, 0.10000000149011612], [0.10000000149011612, 0.10000000149011612, 0.10000000149011612, 0.10000000149011612, 0.10000000149011612, 0.10000000149011612, 0.10000000149011612, 0.10000000149011612, 0.10000000149011612, 0.10000000149011612], [0.10000000149011612, 0.10000000149011612, 0.10000000149011612, 0.10000000149011612, 0.10000000149011612, 0.10000000149011612, 0.10000000149011612, 0.10000000149011612, 0.10000000149011612, 0.10000000149011612], [0.10000000149011612, 0.10000000149011612, 0.10000000149011612, 0.10000000149011612, 0.10000000149011612, 0.10000000149011612, 0.10000000149011612, 0.10000000149011612, 0.10000000149011612, 0.10000000149011612], [0.10000000149011612, 0.10000000149011612, 0.10000000149011612, 0.10000000149011612, 0.10000000149011612, 0.10000000149011612, 0.10000000149011612, 0.10000000149011612, 0.10000000149011612, 0.10000000149011612], [0.10000000149011612, 0.10000000149011612, 0.10000000149011612, 0.10000000149011612, 0.10000000149011612, 0.10000000149011612, 0.10000000149011612, 0.10000000149011612, 0.10000000149011612, 0.10000000149011612], [0.10000000149011612, 0.10000000149011612, 0.10000000149011612, 0.10000000149011612, 0.10000000149011612, 0.10000000149011612, 0.10000000149011612, 0.10000000149011612, 0.10000000149011612, 0.10000000149011612], [0.10000000149011612, 0.10000000149011612, 0.10000000149011612, 0.10000000149011612, 0.10000000149011612, 0.10000000149011612, 0.10000000149011612, 0.10000000149011612, 0.10000000149011612, 0.10000000149011612], [0.10000000149011612, 0.10000000149011612, 0.10000000149011612, 0.10000000149011612, 0.10000000149011612, 0.10000000149011612, 0.10000000149011612, 0.10000000149011612, 0.10000000149011612, 0.10000000149011612], [0.10000000149011612, 0.10000000149011612, 0.10000000149011612, 0.10000000149011612, 0.10000000149011612, 0.10000000149011612, 0.10000000149011612, 0.10000000149011612, 0.10000000149011612, 0.10000000149011612]], "coeff_list_in_victim": [[0.2007082849740982, 0.006024273112416267, 0.04317358136177063, 0.2692316770553589, 0.0, 0.456389456987381, 0.0, 0.0, 0.02447272092103958, 0.0]], "victims": {"DPN92": {"clean acc": 91.1900016784668, "prediction": 8, "poisons predictions": [8, 8, 8, 8, 8, 8, 8, 8, 8, 8], "scores": [1.3221884040077272e-17, 2.21413290093619e-15, 1.0819548757316773e-38, 3.580418323458249e-20, 8.362774321071928e-31, 5.487073881989003e-25, 0.38065338134765625, 0.0, 0.6193481087684631, 0.0], "malicious score": 0.6193481087684631, "camera": {"2": {"prediction": 8, "scores": [3.0094530282344e-20, 5.745508669524613e-12, 3.705516389606103e-14, 0.08197688311338425, 6.389681752455578e-12, 6.523774853661735e-09, 4.656963703553174e-09, 2.0320330032283326e-32, 0.9180226922035217, 4.643407295233476e-33], "malicious score": 0.9180226922035217}, "4": {"prediction": 6, "scores": [4.941599313268326e-18, 1.517120169726091e-13, 7.357406265700678e-17, 0.2935285270214081, 6.016104281414414e-10, 9.842216968536377e-06, 0.7064615488052368, 7.233124322259338e-40, 1.7009424979619325e-09, 2.19627050253133e-33], "malicious score": 1.7009424979619325e-09}}}, "SENet18": {"clean acc": 91.07000198364258, "prediction": 1, "poisons predictions": [8, 8, 8, 8, 8, 8, 6, 6, 8, 8], "scores": [4.0007506640904467e-08, 0.6187571287155151, 1.6352531551078187e-09, 2.0689347479674325e-07, 0.0001338026486337185, 2.9563105435892467e-12, 0.17919985949993134, 2.2557846023119055e-05, 0.20188623666763306, 1.1912062048563543e-12], "malicious score": 0.20188623666763306, "camera": {"2": {"prediction": 8, "scores": [8.069742096772359e-11, 1.2748191693390254e-06, 2.3665309711873306e-08, 3.629463026300073e-05, 2.0584341200446943e-06, 7.747140706726441e-10, 9.86205577646615e-07, 2.248136565796699e-09, 0.9999589920043945, 8.850187076248073e-12], "malicious score": 0.9999589920043945}, "4": {"prediction": 3, "scores": [3.832973435174969e-12, 1.0619014695345541e-10, 1.985154813155532e-05, 0.6365674138069153, 8.561727736378089e-05, 5.01389401108554e-08, 7.839676463561318e-09, 5.826263408358068e-13, 0.3633266091346741, 1.6209815607848288e-12], "malicious score": 0.3633266091346741}}}, "ResNet50": {"clean acc": 91.88000144958497, "prediction": 8, "poisons predictions": [8, 8, 8, 8, 8, 8, 8, 6, 8, 8], "scores": [3.3970564178721506e-35, 2.6073214326787938e-17, 1.0590486636095076e-34, 5.43931787693848e-29, 5.460070325794112e-27, 2.967496687256907e-38, 1.483784444644698e-06, 0.0, 0.9999980926513672, 1.3246779845772352e-31], "malicious score": 0.9999980926513672, "camera": {"2": {"prediction": 6, "scores": [8.680239679623797e-22, 5.653800778243623e-12, 1.4440922440855672e-23, 2.6736765903478954e-06, 1.752857342955501e-18, 2.4069679981916304e-16, 0.9390861392021179, 1.1276894460754164e-37, 0.06091075390577316, 2.86557551607297e-29], "malicious score": 0.06091075390577316}, "4": {"prediction": 3, "scores": [8.026053867468069e-19, 2.364857543460646e-15, 5.883961266540723e-26, 0.997881293296814, 5.71682615911297e-19, 1.081602111175703e-19, 0.0021183034405112267, 1.3471144566047694e-39, 4.645255100715895e-12, 2.400003879849114e-40], "malicious score": 4.645255100715895e-12}}}, "ResNeXt29_2x64d": {"clean acc": 92.91000213623047, "prediction": 6,