{"args": "Namespace(device='cuda', dset_path='datasets', end2end=False, eval_poisons_root='attack-results-eps0.03/100-overlap/linear-transfer-learning/mean/800', gpu='0', lr_decay_epoch=[30, 45], model_resume_path='model-chks', num_per_class=50, poison_label=8, retrain_bsize=64, retrain_epochs=60, retrain_lr=0.1, retrain_momentum=0.9, retrain_opt='adam', retrain_wd=0, subset_group=0, target_camera=True, target_index_end=13, target_index_start=12, target_index_step=1, target_label=6, target_net=['DPN92', 'SENet18', 'ResNet50', 'ResNeXt29_2x64d', 'GoogLeNet', 'MobileNetV2', 'ResNet18', 'DenseNet121'], target_print_size=[2, 4], test_chk_name='ckpt-%s-4800.t7', train_data_path='datasets/CIFAR10_TRAIN_Split.pth')", "poison_label": 8, "target_label": 6, "targets": {"12": {}, "12": {"800": {"time": 367.0, "coeffs_time": 0, "poisons_time": 4, "target_loss": 0.007395443972200155, "total_loss": 0.12560538947582245, "coeff_list": [[0.20000000298023224, 0.20000000298023224, 0.20000000298023224, 0.20000000298023224, 0.20000000298023224], [0.20000000298023224, 0.20000000298023224, 0.20000000298023224, 0.20000000298023224, 0.20000000298023224], [0.20000000298023224, 0.20000000298023224, 0.20000000298023224, 0.20000000298023224, 0.20000000298023224], [0.20000000298023224, 0.20000000298023224, 0.20000000298023224, 0.20000000298023224, 0.20000000298023224], [0.20000000298023224, 0.20000000298023224, 0.20000000298023224, 0.20000000298023224, 0.20000000298023224], [0.20000000298023224, 0.20000000298023224, 0.20000000298023224, 0.20000000298023224, 0.20000000298023224], [0.20000000298023224, 0.20000000298023224, 0.20000000298023224, 0.20000000298023224, 0.20000000298023224], [0.20000000298023224, 0.20000000298023224, 0.20000000298023224, 0.20000000298023224, 0.20000000298023224], [0.20000000298023224, 0.20000000298023224, 0.20000000298023224, 0.20000000298023224, 0.20000000298023224], [0.20000000298023224, 0.20000000298023224, 0.20000000298023224, 0.20000000298023224, 0.20000000298023224], [0.20000000298023224, 0.20000000298023224, 0.20000000298023224, 0.20000000298023224, 0.20000000298023224], [0.20000000298023224, 0.20000000298023224, 0.20000000298023224, 0.20000000298023224, 0.20000000298023224], [0.20000000298023224, 0.20000000298023224, 0.20000000298023224, 0.20000000298023224, 0.20000000298023224], [0.20000000298023224, 0.20000000298023224, 0.20000000298023224, 0.20000000298023224, 0.20000000298023224], [0.20000000298023224, 0.20000000298023224, 0.20000000298023224, 0.20000000298023224, 0.20000000298023224], [0.20000000298023224, 0.20000000298023224, 0.20000000298023224, 0.20000000298023224, 0.20000000298023224], [0.20000000298023224, 0.20000000298023224, 0.20000000298023224, 0.20000000298023224, 0.20000000298023224], [0.20000000298023224, 0.20000000298023224, 0.20000000298023224, 0.20000000298023224, 0.20000000298023224]], "coeff_list_in_victim": [[0.4606224298477173, 0.5292145013809204, 0.0, 0.0, 0.010163094848394394]], "victims": {"DPN92": {"clean acc": 92.32000198364258, "prediction": 6, "poisons predictions": [8, 8, 8, 8, 6], "scores": [2.9014773222924006e-11, 3.0244679714453705e-30, 9.994038132604573e-26, 1.649568398542911e-10, 5.34750000943417e-28, 1.3856443932796364e-13, 0.8704172968864441, 4.918070917523711e-34, 0.12958268821239471, 0.0], "malicious score": 0.12958268821239471, "camera": {"2": {"prediction": 5, "scores": [4.8424006709246395e-17, 5.438133520667761e-37, 2.3918006789545865e-13, 0.002218701411038637, 8.984292976273999e-20, 0.7616658806800842, 0.00722681125625968, 3.819851318284745e-27, 0.22888819873332977, 1.2191296639625909e-43], "malicious score": 0.22888819873332977}, "4": {"prediction": 5, "scores": [1.997083225885908e-24, 2.396220373995437e-43, 8.377362930959975e-13, 7.617101073265076e-05, 5.853778187983342e-20, 0.9999141693115234, 7.98087114617374e-07, 3.8595058917793953e-32, 8.41156088426942e-06, 0.0], "malicious score": 8.41156088426942e-06}}}, "SENet18": {"clean acc": 91.60000190734863, "prediction": 8, "poisons predictions": [8, 6, 8, 8, 8], "scores": [6.237466793068691e-11, 1.3836076703109043e-25, 4.272159449120183e-12, 3.97617621336957e-13, 1.1023131712972756e-10, 9.239747096774498e-15, 0.4261319041252136, 3.799807780167518e-28, 0.5738673806190491, 2.4516008075415044e-20], "malicious score": 0.5738673806190491, "camera": {"2": {"prediction": 8, "scores": [6.442828041908211e-13, 3.151870570882595e-40, 1.6227000299018357e-10, 6.503395641021398e-14, 1.4752711205434643e-11, 2.900345963396944e-09, 1.4076969137022388e-06, 5.1851061016391e-37, 0.9999980926513672, 5.338971486321207e-16], "malicious score": 0.9999980926513672}, "4": {"prediction": 8, "scores": [1.3005011835227204e-13, 4.186934973193281e-37, 1.5723278234958116e-10, 6.261174911870171e-11, 6.32336094597008e-09, 7.995860869414173e-06, 0.002595810452476144, 2.0705357237587916e-35, 0.9973960518836975, 2.3543195388012195e-13], "malicious score": 0.9973960518836975}}}, "ResNet50": {"clean acc": 93.1200023651123, "prediction": 6, "poisons predictions": [8, 8, 8, 8, 8], "scores": [2.4679740198090306e-28, 3.5794132120956885e-32, 3.9503470643238876e-20, 9.396816031681644e-39, 5.883645854518139e-34, 0.0, 0.9137776494026184, 2.4836159930450597e-19, 0.0862216204404831, 3.577436506707256e-38], "malicious score": 0.0862216204404831, "camera": {"2": {"prediction": 8, "scores": [2.0031841944674577e-27, 2.0652210658428844e-33, 5.440110333524401e-20, 9.266651412779525e-36, 1.4344398871347013e-31, 3.800552131754971e-33, 2.4731036774028325e-07, 9.314872007407105e-13, 1.0, 1.8622837322376293e-37], "malicious score": 1.0}, "4": {"prediction": 6, "scores": [3.7625260134900586e-26, 5.16464845328975e-32, 1.4062514682182305e-14, 2.0488366949733372e-33, 6.748469371970321e-25, 1.0849637437942756e-38, 0.9984543323516846, 2.567203827991138e-12, 0.0015458648558706045, 5.829802703120709e-34], "malicious score": 0.0015458648558706045}}}, "ResNeXt29_2x64d": {"clean acc": 93.20000190734864, "prediction": 6, "poisons predictions": [8, 8, 8, 8, 6], "scores": [2.064924356544874e-23, 5.57715210378687e-36, 1.8643891768962972e-13, 8.842075682746753e-11, 4.259947331547444e-43, 2.743279981444337e-17, 0.8792290687561035, 1.1644334221880556e-27, 0.12077099084854126, 8.431365549841348e-21], "malicious score": 0.12077099084854126, "camera": {"2": {"prediction": 8, "scores": [1.0657402249963568e-18, 0.0, 0.0006458525895141065, 7.220346824772517e-13, 4.672314078852638e-34, 0.04915979877114296, 0.000641334627289325, 1.0258215945039409e-22, 0.949553370475769, 5.0424557446735775e-15], "malicious score": 0.949553370475769}, "4": {"prediction": 8, "scores": [3.778845179529404e-22, 0.0, 4.0660365812073e-06, 3.808278765580174e-15, 1.0444597161504139e-36, 0.0063298484310507774, 0.0003623084630817175, 4.3087246760989364e-26, 0.9933029413223267, 5.7844909113027084e-15], "malicious score": 0.9933029413223267}}}, "GoogLeNet": {"clean acc": 92.07000198364258, "prediction": 6, "poisons predictions": [8, 8, 8, 8, 6], "scores": [4.449442472586685e-15, 4.2355615542666314e-11, 4.0686489910513046e-07, 7.777637802064419e-05, 1.1675035938019107e-10, 3.5041568935412215e-06, 0.6284603476524353, 6.761053522597038e-11, 0.3714577257633209, 7.421761579101793e-17], "malicious score": 0.3714577257633209, "camera": {"2": {"prediction": 8, "scores": [4.289829342446483e-12, 7.148369136206201e-12, 0.0005869452725164592, 0.0006716707721352577, 2.2262114374171915e-10, 0.0012553046690300107, 0.0021656048484146595, 3.378945293187755e-15, 0.9953203201293945, 2.0607309261788664e-11], "malicious score": 0.9953203201293945}, "4": {"prediction": 6, "scores": [5.951881210108922e-10, 2.836504919834226e-10, 0.006061085034161806, 0.020740486681461334, 0.00413809297606349, 0.17850153148174286, 0.7629268169403076, 1.0801263529425231e-11, 0.02763201668858528, 4.458707625332181e-09], "malicious score": 0.02763201668858528}}}, "MobileNetV2": {"clean acc": 86.83000183105469, "prediction": 8, "poisons predictions": [8, 6, 8, 8, 6],