{"args": "Namespace(device='cuda', dset_path='datasets', end2end=False, eval_poisons_root='attack-results-eps0.05/100-overlap/linear-transfer-learning/mean/800', gpu='3', lr_decay_epoch=[30, 45], model_resume_path='model-chks', num_per_class=50, poison_label=8, retrain_bsize=64, retrain_epochs=60, retrain_lr=0.1, retrain_momentum=0.9, retrain_opt='adam', retrain_wd=0, subset_group=0, target_camera=True, target_index_end=4, target_index_start=3, target_index_step=1, target_label=6, target_net=['DPN92', 'SENet18', 'ResNet50', 'ResNeXt29_2x64d', 'GoogLeNet', 'MobileNetV2', 'ResNet18', 'DenseNet121'], target_print_size=[2, 4], test_chk_name='ckpt-%s-4800.t7', train_data_path='datasets/CIFAR10_TRAIN_Split.pth')", "poison_label": 8, "target_label": 6, "targets": {"3": {}, "3": {"800": {"time": 474.0, "coeffs_time": 0, "poisons_time": 6, "target_loss": 0.013056667521595955, "total_loss": 0.07344283163547516, "coeff_list": [[0.20000000298023224, 0.20000000298023224, 0.20000000298023224, 0.20000000298023224, 0.20000000298023224], [0.20000000298023224, 0.20000000298023224, 0.20000000298023224, 0.20000000298023224, 0.20000000298023224], [0.20000000298023224, 0.20000000298023224, 0.20000000298023224, 0.20000000298023224, 0.20000000298023224], [0.20000000298023224, 0.20000000298023224, 0.20000000298023224, 0.20000000298023224, 0.20000000298023224], [0.20000000298023224, 0.20000000298023224, 0.20000000298023224, 0.20000000298023224, 0.20000000298023224], [0.20000000298023224, 0.20000000298023224, 0.20000000298023224, 0.20000000298023224, 0.20000000298023224], [0.20000000298023224, 0.20000000298023224, 0.20000000298023224, 0.20000000298023224, 0.20000000298023224], [0.20000000298023224, 0.20000000298023224, 0.20000000298023224, 0.20000000298023224, 0.20000000298023224], [0.20000000298023224, 0.20000000298023224, 0.20000000298023224, 0.20000000298023224, 0.20000000298023224], [0.20000000298023224, 0.20000000298023224, 0.20000000298023224, 0.20000000298023224, 0.20000000298023224], [0.20000000298023224, 0.20000000298023224, 0.20000000298023224, 0.20000000298023224, 0.20000000298023224], [0.20000000298023224, 0.20000000298023224, 0.20000000298023224, 0.20000000298023224, 0.20000000298023224], [0.20000000298023224, 0.20000000298023224, 0.20000000298023224, 0.20000000298023224, 0.20000000298023224], [0.20000000298023224, 0.20000000298023224, 0.20000000298023224, 0.20000000298023224, 0.20000000298023224], [0.20000000298023224, 0.20000000298023224, 0.20000000298023224, 0.20000000298023224, 0.20000000298023224], [0.20000000298023224, 0.20000000298023224, 0.20000000298023224, 0.20000000298023224, 0.20000000298023224], [0.20000000298023224, 0.20000000298023224, 0.20000000298023224, 0.20000000298023224, 0.20000000298023224], [0.20000000298023224, 0.20000000298023224, 0.20000000298023224, 0.20000000298023224, 0.20000000298023224]], "coeff_list_in_victim": [[0.5028347969055176, 0.16459468007087708, 0.003448888659477234, 0.3291216492652893, 0.0]], "victims": {"DPN92": {"clean acc": 91.54000205993653, "prediction": 6, "poisons predictions": [8, 8, 8, 8, 6], "scores": [1.761094048369216e-11, 8.298179777697507e-21, 1.4732741613569395e-34, 5.449174640161092e-13, 8.638062552846556e-36, 5.7965206684342385e-18, 0.7758976817131042, 3.916846409049834e-39, 0.224102184176445, 0.0], "malicious score": 0.224102184176445, "camera": {"2": {"prediction": 3, "scores": [1.0303154510910591e-23, 6.886765438229358e-34, 5.814335471421295e-11, 0.99043869972229, 2.106961827230691e-11, 0.009506668895483017, 5.400514419307001e-05, 0.0, 2.265677052085887e-25, 6.656631727633079e-32], "malicious score": 2.265677052085887e-25}, "4": {"prediction": 6, "scores": [8.155005533708182e-13, 1.7224728561694216e-25, 1.1481051059794936e-19, 6.887871677463409e-07, 1.4570476499340267e-21, 2.1874855704595575e-08, 1.0, 3.92079767835566e-37, 3.685159138564972e-15, 1.3867777054390855e-33], "malicious score": 3.685159138564972e-15}}}, "SENet18": {"clean acc": 91.21000099182129, "prediction": 6, "poisons predictions": [8, 8, 6, 8, 6], "scores": [2.1197861445765992e-13, 7.55164363658821e-14, 1.00961648779168e-16, 1.0228142117985062e-12, 2.4105719376166235e-07, 4.418559227813319e-14, 0.9999771118164062, 3.019394259577967e-16, 2.2674335923511535e-05, 1.7333812720353632e-18], "malicious score": 2.2674335923511535e-05, "camera": {"2": {"prediction": 8, "scores": [4.8235734850798906e-11, 2.244137693133914e-18, 2.2191708470842286e-09, 0.21802496910095215, 0.00021144755010027438, 8.486585102218669e-06, 9.369202598463744e-05, 7.498809787096633e-14, 0.7816618084907532, 6.740097846166804e-13], "malicious score": 0.7816618084907532}, "4": {"prediction": 8, "scores": [7.485781772231803e-09, 1.9950919171937698e-13, 2.0049185835840921e-13, 2.4089426005957648e-05, 2.228228549938649e-05, 1.2407607385966912e-08, 0.0076558818109333515, 1.1496546770128901e-11, 0.9922974109649658, 1.2064339056840762e-13], "malicious score": 0.9922974109649658}}}, "ResNet50": {"clean acc": 93.53000106811524, "prediction": 6, "poisons predictions": [8, 8, 8, 8, 8], "scores": [1.9549310597130055e-26, 7.414865893099967e-22, 1.5782905581421258e-12, 1.7463220539776225e-12, 3.1870525831586566e-21, 1.454679108056778e-32, 0.8134045004844666, 2.1457961753409545e-17, 0.18659533560276031, 2.8958258013744853e-08], "malicious score": 0.18659533560276031, "camera": {"2": {"prediction": 3, "scores": [1.780400145034965e-25, 8.28004060078562e-26, 8.947081480936476e-20, 1.0, 1.3740401433852543e-25, 4.390805961435974e-27, 8.159440061744657e-28, 3.9885293306291973e-23, 5.1024344917757893e-17, 3.2769714201842833e-16], "malicious score": 5.1024344917757893e-17}, "4": {"prediction": 8, "scores": [1.0047700215900832e-19, 2.7923957807164633e-25, 1.2430160855353574e-15, 1.1711620572896209e-05, 2.3208710913482855e-21, 3.6501574864400395e-28, 2.8843709642956128e-08, 2.0793400334895296e-10, 0.9999876022338867, 1.1058322115786723e-06], "malicious score": 0.9999876022338867}}}, "ResNeXt29_2x64d": {"clean acc": 92.4800018310547, "prediction": 8, "poisons predictions": [8, 8, 8, 8, 8], "scores": [6.131085503648013e-26, 7.193127116080639e-14, 5.334899904822874e-16, 1.6342684584086387e-12, 0.0, 9.081979764405586e-28, 0.2328987568616867, 6.158455787891758e-21, 0.7671010494232178, 1.7678478593364174e-23], "malicious score": 0.7671010494232178, "camera": {"2": {"prediction": 6, "scores": [1.4088606432075657e-22, 3.297650945179515e-23, 3.785602586958703e-08, 0.014059080742299557, 8.728204926389607e-14, 0.46869927644729614, 0.5157177448272705, 1.2854600958852701e-17, 4.28350931114263e-12, 0.0015239528147503734], "malicious score": 4.28350931114263e-12}, "4": {"prediction": 6, "scores": [1.0032084519351297e-17, 5.9625258912062806e-18, 3.1083041562851577e-07, 5.513361975317821e-05, 3.1740913460503857e-23, 1.2190353118057828e-06, 0.9995704889297485, 1.3854071969493509e-12, 2.636963699842454e-06, 0.0003704676346387714], "malicious score": 2.636963699842454e-06}}}, "GoogLeNet": {"clean acc": 91.35000076293946, "prediction": 6, "poisons predictions": [8, 8, 8, 8, 8], "scores": [1.6684677118096285e-15, 1.6275340186666654e-08, 1.482594463050966e-14, 1.2043035440001404e-06, 6.025176468860138e-10, 1.0641983294590318e-07, 0.9675874710083008, 1.5576270828709937e-10, 0.032411493360996246, 1.1735477498629743e-13], "malicious score": 0.032411493360996246, "camera": {"2": {"prediction": 3, "scores": [1.977367710420826e-15, 2.811042065786751e-07, 2.721383296488966e-08, 0.9823787212371826, 2.040644488943144e-07, 0.01697574555873871, 0.0006368834292516112, 8.905382799609553e-17, 8.581750989833381e-06, 1.7855303013902812e-08], "malicious score": 8.581750989833381e-06}, "4": {"prediction": 3, "scores": [4.062985625025162e-12, 1.1245160749240313e-05, 3.605292022257345e-06, 0.8935256004333496, 2.576044266788813e-07, 0.017343081533908844, 0.08510758727788925, 5.152812313120869e-13, 0.004008563235402107, 1.1777753883279729e-08], "malicious score": 0.004008563235402107}}}, "MobileNetV2": {"clean acc": 86.41000137329101,