{"args": "Namespace(device='cuda', dset_path='datasets', end2end=False, eval_poisons_root='attack-results-10poisons/100-overlap/linear-transfer-learning/convex/800', gpu='0', lr_decay_epoch=[30, 45], model_resume_path='model-chks', num_per_class=50, poison_label=8, retrain_bsize=64, retrain_epochs=60, retrain_lr=0.1, retrain_momentum=0.9, retrain_opt='adam', retrain_wd=0, subset_group=0, target_camera=True, target_index_end=49, target_index_start=48, target_index_step=1, target_label=6, target_net=['DPN92', 'SENet18', 'ResNet50', 'ResNeXt29_2x64d', 'GoogLeNet', 'MobileNetV2', 'ResNet18', 'DenseNet121'], target_print_size=[2, 4], test_chk_name='ckpt-%s-4800.t7', train_data_path='datasets/CIFAR10_TRAIN_Split.pth')", "poison_label": 8, "target_label": 6, "targets": {"48": {}, "48": {"800": {"time": 20683.0, "coeffs_time": 18683, "poisons_time": 20302, "target_loss": 0.0079487981274724, "total_loss": 0.0017151974607259035, "coeff_list": [[0.20685161650180817, 0.0021477718837559223, 0.10857035219669342, 0.11061152070760727, 0.2157898098230362, 0.011641318909823895, 0.04539134353399277, 0.23709599673748016, 0.0, 0.06190017983317375], [0.15726882219314575, 0.0, 0.08109454065561295, 0.0755879357457161, 0.0887586921453476, 0.44815686345100403, 0.06522683799266815, 0.0, 0.0, 0.08390635997056961], [0.0, 0.08901238441467285, 0.1888132393360138, 0.19872260093688965, 0.0, 0.0, 0.258987158536911, 0.17427711188793182, 0.02537970431149006, 0.0648077204823494], [0.0, 0.2759917080402374, 0.17199920117855072, 0.0, 0.2085246592760086, 0.0, 0.0, 0.06382273137569427, 0.18830755352973938, 0.09135417640209198], [0.006245214957743883, 0.0, 0.24150682985782623, 0.0438094288110733, 0.0651932954788208, 0.21678219735622406, 0.13545109331607819, 0.05910390615463257, 0.04399781674146652, 0.18791016936302185], [0.0, 0.20764274895191193, 0.15005773305892944, 0.0, 0.09675886482000351, 0.09735696762800217, 0.1497337371110916, 0.18006300926208496, 0.0, 0.11838697642087936], [0.0, 0.09131622314453125, 0.18819718062877655, 0.05397501587867737, 0.07818396389484406, 0.058185968548059464, 0.0, 0.5301417112350464, 0.0, 0.0], [0.24288590252399445, 0.07460986822843552, 0.05097893252968788, 0.058531809598207474, 0.18429253995418549, 0.15958505868911743, 0.09665696322917938, 0.02502891607582569, 0.0595460906624794, 0.04788382723927498], [0.051178496330976486, 0.005365392658859491, 0.245979905128479, 0.1835513412952423, 0.003483029082417488, 0.14085513353347778, 0.26846760511398315, 0.06251485645771027, 0.0, 0.038604218512773514], [0.1522640585899353, 0.021780921146273613, 0.09678881615400314, 0.0465756356716156, 0.06306980550289154, 0.17043931782245636, 0.0, 0.22889956831932068, 0.0, 0.22018185257911682], [0.21584822237491608, 0.0, 0.021342460066080093, 0.14894238114356995, 0.1682692915201187, 0.16117900609970093, 0.21886780858039856, 0.0, 0.0, 0.06555090844631195], [0.10301075130701065, 0.21950164437294006, 0.09612805396318436, 0.0618615448474884, 0.0, 0.2434069812297821, 0.0, 0.07477918267250061, 0.14403167366981506, 0.057280175387859344], [0.0, 0.012117672711610794, 0.016818229109048843, 0.07067529857158661, 0.0, 0.18988949060440063, 0.33956846594810486, 0.3167111873626709, 0.0, 0.054219674319028854], [0.06930488348007202, 0.04830081760883331, 0.02505917102098465, 0.5321862101554871, 0.10069814324378967, 0.19700850546360016, 0.0, 0.0, 0.02744225598871708, 0.0], [0.00855716411024332, 0.2481391876935959, 0.058133989572525024, 0.01995115354657173, 0.32831382751464844, 0.12760186195373535, 0.0, 0.15791721642017365, 0.03682630509138107, 0.01455934252589941], [0.06631644070148468, 0.018415668979287148, 0.2053718864917755, 0.11341916024684906, 0.05666395276784897, 0.2471180111169815, 0.0, 0.06737070530653, 0.033537134528160095, 0.19178694486618042], [0.0, 0.1260284185409546, 0.09601573646068573, 0.14934173226356506, 0.22167488932609558, 0.056247808039188385, 0.1658918857574463, 0.0, 0.12009649723768234, 0.06470299512147903], [0.04289960861206055, 0.2751260995864868, 0.19022369384765625, 0.11435440927743912, 0.01759047619998455, 0.148173525929451, 0.0, 0.0, 0.14313912391662598, 0.06849304586648941]], "coeff_list_in_victim": [[0.3293074667453766, 0.0, 0.0, 0.46160516142845154, 0.0, 0.11282140761613846, 0.0, 0.0413961261510849, 0.011813333258032799, 0.043056461960077286]], "victims": {"DPN92": {"clean acc": 91.61000213623046, "prediction": 6, "poisons predictions": [8, 8, 8, 6, 8, 8, 8, 8, 8, 8], "scores": [2.885225285353954e-07, 1.1889348056385964e-22, 2.4782926709685713e-30, 3.776553375578473e-11, 3.6200856522876178e-25, 1.322353034363677e-12, 0.9999599456787109, 2.6730576028094222e-30, 3.999516775365919e-05, 1.0533068644516733e-35], "malicious score": 3.999516775365919e-05, "camera": {}}, "SENet18": {"clean acc": 91.37000122070313, "prediction": 8, "poisons predictions": [8, 8, 8, 8, 4, 8, 6, 2, 3, 8], "scores": [9.843587577051949e-06, 2.1594881373550312e-14, 4.905530659016222e-06, 3.839521377813071e-05, 4.854331928072497e-05, 5.665262096249402e-13, 0.0015556537546217442, 1.983277095069652e-13, 0.9983429312705994, 2.881860196443306e-14], "malicious score": 0.9983429312705994, "camera": {}}, "ResNet50": {"clean acc": 91.97000083923339, "prediction": 8, "poisons predictions": [8, 8, 8, 8, 8, 8, 8, 8, 8, 8], "scores": [6.202749378695837e-31, 6.524381795527926e-36, 0.0, 1.254225208664459e-35, 1.2395763335218684e-33, 2.644522140029313e-26, 0.05286076292395592, 2.557369697392791e-42, 0.9471385478973389, 1.6173218189935418e-27], "malicious score": 0.9471385478973389, "camera": {}}, "ResNeXt29_2x64d": {"clean acc": 92.21000137329102, "prediction": 8, "poisons predictions": [8, 8, 8, 6, 8, 8, 8, 8, 8, 8], "scores": [1.264850447687052e-13, 2.720864250274499e-23, 5.677771343479162e-19, 0.0002467371232341975, 2.180338798866853e-37, 7.220514496937931e-20, 0.13551868498325348, 7.176461272816122e-22, 0.8642352819442749, 1.677173961671473e-20], "malicious score": 0.8642352819442749, "camera": {}}, "GoogLeNet": {"clean acc": 91.66000137329101, "prediction": 6, "poisons predictions": [8, 8, 8, 6, 8, 8, 8, 3, 8, 8], "scores": [2.8470759083631947e-09, 1.8366117728874087e-06, 0.0050180833786726, 0.05363139510154724, 1.7489006722826161e-06, 0.0018341324757784605, 0.8423942923545837, 3.441534499870613e-05, 0.09708414226770401, 2.039373878104378e-11], "malicious score": 0.09708414226770401, "camera": {}}, "MobileNetV2": {"clean acc": 86.69000129699707, "prediction": 6, "poisons predictions": [8, 8, 8, 6, 8, 8, 8, 8, 8, 8], "scores": [1.0561946339748829e-07, 4.864544295922684e-17, 1.2970559955943761e-12, 0.00020447015413083136, 7.143982845766482e-30, 5.365851860061888e-12, 0.9997291564941406, 4.203590483876722e-24, 6.552164268214256e-05, 1.929168291781025e-08], "malicious score": 6.552164268214256e-05, "camera": {}}, "ResNet18": {"clean acc": 92.16000137329101, "prediction": 8, "poisons predictions": [8, 8, 8, 8, 8, 8, 8, 8, 3, 8], "scores": [7.65357020479715e-21, 8.884226190275513e-06, 6.750581936120346e-17, 0.020144043490290642, 9.35445836834301e-19, 3.390605343156494e-07, 0.4238554835319519, 2.084647341901724e-12, 0.5559912323951721, 6.92245319928464e-27], "malicious score": 0.5559912323951721, "camera": {}}, "DenseNet121": {"clean acc": 92.66000175476074, "prediction": 8, "poisons predictions": [8, 8, 8, 8, 8, 8, 8, 8, 8, 8], "scores": [0.0011427438585087657, 3.60899258069515e-14, 1.4062765396616328e-09, 0.03506045043468475, 2.806231553836314e-20, 3.0279755947049125e-07, 0.21197126805782318, 5.840837819717002e-21, 0.7518253326416016, 4.205909492210891e-12], "malicious score": 0.7518253326416016, "camera": {}}}}}}, "poison_idx_list": [213, 225, 227, 247, 249, 253, 261, 271, 273, 281]}