{"args": "Namespace(device='cuda', dset_path='datasets', end2end=False, eval_poisons_root='attack-results-10poisons/100-overlap/linear-transfer-learning/convex/800', gpu='0', lr_decay_epoch=[30, 45], model_resume_path='model-chks', num_per_class=50, poison_label=8, retrain_bsize=64, retrain_epochs=60, retrain_lr=0.1, retrain_momentum=0.9, retrain_opt='adam', retrain_wd=0, subset_group=0, target_camera=True, target_index_end=16, target_index_start=15, target_index_step=1, target_label=6, target_net=['DPN92', 'SENet18', 'ResNet50', 'ResNeXt29_2x64d', 'GoogLeNet', 'MobileNetV2', 'ResNet18', 'DenseNet121'], target_print_size=[2, 4], test_chk_name='ckpt-%s-4800.t7', train_data_path='datasets/CIFAR10_TRAIN_Split.pth')", "poison_label": 8, "target_label": 6, "targets": {"15": {}, "15": {"800": {"time": 25171.0, "coeffs_time": 23182, "poisons_time": 24779, "target_loss": 0.019275860860943794, "total_loss": 0.0015391031047329307, "coeff_list": [[0.09130017459392548, 0.0, 0.2039910852909088, 0.09636007994413376, 0.25375691056251526, 0.0, 0.2199564278125763, 0.09178309142589569, 0.04285218194127083, 0.0], [0.33176469802856445, 0.0, 0.0, 0.1552935391664505, 0.32347771525382996, 0.07471401989459991, 0.021927781403064728, 0.0, 0.0, 0.09282218664884567], [0.12187324464321136, 0.034694522619247437, 0.08534490317106247, 0.18111145496368408, 0.0936766043305397, 0.005431056022644043, 0.0, 0.466717004776001, 0.01115124300122261, 0.0], [0.0, 0.05031746253371239, 0.061110347509384155, 0.2731034755706787, 0.021577052772045135, 0.0, 0.11406581103801727, 0.2781094014644623, 0.16307547688484192, 0.03864096477627754], [0.07250147312879562, 0.1470966339111328, 0.24813587963581085, 0.0, 0.1097240075469017, 0.01402697991579771, 0.3657013177871704, 0.0, 0.042813729494810104, 0.0], [0.05210195854306221, 0.0442119799554348, 0.08006484061479568, 0.0, 0.1822485327720642, 0.17823001742362976, 0.11607474088668823, 0.10435963422060013, 0.24270829558372498, 0.0], [0.39630287885665894, 0.012183043174445629, 0.013846815563738346, 0.024082012474536896, 0.0, 0.0, 0.0, 0.330922931432724, 0.22266238927841187, 0.0], [0.024165555834770203, 0.0, 0.11111477762460709, 0.08826357871294022, 0.4005758464336395, 0.03370681032538414, 0.11829187721014023, 0.10774700343608856, 0.06501401215791702, 0.051120538264513016], [0.0957421138882637, 0.1399899125099182, 0.11037718504667282, 0.2864864468574524, 0.19756075739860535, 0.0066956402733922005, 0.0, 0.0, 0.014081837609410286, 0.14906609058380127], [0.15835219621658325, 0.31144046783447266, 0.10644353181123734, 0.007994906976819038, 0.31433528661727905, 0.0010042311623692513, 0.04664512723684311, 0.0, 0.0, 0.05378422886133194], [0.05299470201134682, 0.03014436364173889, 0.09780112653970718, 0.1684720814228058, 0.20612500607967377, 0.0, 0.15708506107330322, 0.13999497890472412, 0.08234843611717224, 0.06503434479236603], [0.14345599710941315, 0.016806090250611305, 0.05079524219036102, 0.1032949909567833, 0.09544114768505096, 0.08715879172086716, 0.07955671101808548, 0.06224856898188591, 0.07299688458442688, 0.2882455289363861], [0.1270601451396942, 0.03416714072227478, 0.09181556850671768, 0.09258373081684113, 0.07864047586917877, 0.0, 0.1690184623003006, 0.37005841732025146, 0.0, 0.036656010895967484], [0.003911110106855631, 0.13132856786251068, 0.04075932502746582, 0.34365954995155334, 0.0, 0.010709753260016441, 0.28092265129089355, 0.023862063884735107, 0.053592536598443985, 0.11125442385673523], [0.17829494178295135, 0.3764802813529968, 0.09711038321256638, 0.16621455550193787, 0.1366366147994995, 0.01163859385997057, 0.0, 0.0, 0.0, 0.03362462669610977], [0.020822996273636818, 0.08342181146144867, 0.07564440369606018, 0.0696009173989296, 0.4227999150753021, 0.006567313335835934, 0.04396386072039604, 0.08560235798358917, 0.1522461175918579, 0.03933034837245941], [0.0026359932962805033, 0.20243999361991882, 0.24829880893230438, 0.0373709537088871, 0.08385954797267914, 0.0, 0.012298687361180782, 0.009491139091551304, 0.08882023394107819, 0.31478455662727356], [0.12629413604736328, 0.16281801462173462, 0.08068494498729706, 0.0, 0.003805816173553467, 0.05598517879843712, 0.13556279242038727, 0.2593081593513489, 0.16709277033805847, 0.008448302745819092]], "coeff_list_in_victim": [[0.14376144111156464, 0.0974886566400528, 0.11715557426214218, 0.0, 0.5578561425209045, 0.03393002972006798, 0.013103270903229713, 0.0, 0.0, 0.036704860627651215]], "victims": {"DPN92": {"clean acc": 92.02000122070312, "prediction": 8, "poisons predictions": [8, 8, 8, 8, 8, 8, 8, 8, 8, 8], "scores": [2.783696051444906e-10, 1.3194922932058262e-10, 2.111884040606103e-32, 5.803647007418533e-10, 7.564655432872057e-23, 3.4635475368825774e-13, 8.904234505280328e-08, 3.9725793347302014e-26, 1.0, 7.621958750113854e-36], "malicious score": 1.0, "camera": {"2": {"prediction": 6, "scores": [1.0891319889418192e-14, 8.613791542081138e-18, 1.1411871438234824e-29, 0.0016242261044681072, 7.035425590224591e-15, 7.751412844925198e-10, 0.9983762502670288, 2.272762436805903e-36, 2.4114222771376426e-11, 2.6316385160020065e-42], "malicious score": 2.4114222771376426e-11}, "4": {"prediction": 6, "scores": [3.1709368204096977e-13, 9.172412252337186e-18, 2.4453865403884886e-30, 1.3777017557004001e-05, 2.2393915375742377e-18, 1.947638494925741e-09, 0.9999865889549255, 1.6252210407026247e-33, 2.111230912316131e-10, 2.5952047559295612e-42], "malicious score": 2.111230912316131e-10}}}, "SENet18": {"clean acc": 91.02000122070312, "prediction": 8, "poisons predictions": [8, 8, 8, 8, 6, 8, 6, 8, 3, 8], "scores": [1.6642257016918904e-10, 1.5516212314992117e-08, 1.1896730887743512e-13, 4.949703980017262e-10, 1.4145898674655655e-08, 2.1250824450841366e-12, 0.007798679638653994, 7.159094650432962e-08, 0.9922008514404297, 2.1801408334881645e-13], "malicious score": 0.9922008514404297, "camera": {"2": {"prediction": 8, "scores": [1.4477982146487989e-09, 8.544497574758392e-13, 1.4351456911754212e-07, 0.0005927066667936742, 0.00036264461232349277, 2.960157452491785e-09, 0.3319769501686096, 9.246306498233992e-11, 0.6670680046081543, 2.9482045602567675e-14], "malicious score": 0.6670680046081543}, "4": {"prediction": 3, "scores": [2.9236578436009353e-12, 1.0974643790989018e-15, 0.00017524234135635197, 0.8072269558906555, 0.12174264341592789, 4.0201859519584104e-05, 0.07080958783626556, 2.6428959389902806e-13, 5.74608475290006e-06, 1.0617626569620064e-12], "malicious score": 5.74608475290006e-06}}}, "ResNet50": {"clean acc": 92.4800018310547, "prediction": 8, "poisons predictions": [8, 8, 8, 8, 8, 8, 8, 8, 8, 8], "scores": [1.0842246474164072e-35, 3.2358075641685113e-37, 5.59118087265602e-42, 3.7644593152668015e-36, 6.154947190176268e-24, 5.895219514756946e-33, 8.674803098074335e-09, 1.939450884486577e-34, 1.0, 5.277504717992771e-35], "malicious score": 1.0, "camera": {"2": {"prediction": 6, "scores": [3.2229864679470793e-44, 5.773966244342549e-40, 1.5274153261140506e-43, 8.824527192435101e-32, 2.3223141626483565e-29, 1.0580806118691818e-32, 0.9974588751792908, 4.044807379618119e-38, 0.0025402894243597984, 5.7271068236955274e-42], "malicious score": 0.0025402894243597984}, "4": {"prediction": 6, "scores": [2.269277727021177e-38, 5.948959259385703e-34, 2.5467198290639225e-41, 5.94930771826416e-24, 1.4017821627505813e-25, 1.1991449968361312e-25, 0.99854576587677, 1.503191755323439e-34, 0.001454162527807057, 2.8689450253983244e-36], "malicious score": 0.001454162527807057}}}, "ResNeXt29_2x64d": {"clean acc": 92.25000190734863, "prediction": 8, "poisons predictions": [8, 8, 8, 8, 6, 8, 8, 8, 8, 8], "scores": [3.462126891439834e-21, 7.81354216883301e-08, 3.775388832804832e-21, 4.952340759700746e-09, 0.0, 3.986072553994974e-27, 3.937256678909762e-06, 4.9640132690088785e-23, 0.9999961853027344, 1.1882345067771908e-18], "malicious score": 0.9999961853027344, "camera": {"2": {"prediction": 8,