{"args": "Namespace(device='cuda', dset_path='datasets', end2end=False, eval_poisons_root='attack-results-7poisons/100-overlap/linear-transfer-learning/mean/800', gpu='2', lr_decay_epoch=[30, 45], model_resume_path='model-chks', num_per_class=50, poison_label=8, retrain_bsize=64, retrain_epochs=60, retrain_lr=0.1, retrain_momentum=0.9, retrain_opt='adam', retrain_wd=0, subset_group=0, target_camera=True, target_index_end=26, target_index_start=25, target_index_step=1, target_label=6, target_net=['DPN92', 'SENet18', 'ResNet50', 'ResNeXt29_2x64d', 'GoogLeNet', 'MobileNetV2', 'ResNet18', 'DenseNet121'], target_print_size=[2, 4], test_chk_name='ckpt-%s-4800.t7', train_data_path='datasets/CIFAR10_TRAIN_Split.pth')", "poison_label": 8, "target_label": 6, "targets": {"25": {}, "25": {"800": {"time": 397.0, "coeffs_time": 0, "poisons_time": 4, "target_loss": 0.007225622422993183, "total_loss": 0.07768011838197708, "coeff_list": [[0.1428571492433548, 0.1428571492433548, 0.1428571492433548, 0.1428571492433548, 0.1428571492433548, 0.1428571492433548, 0.1428571492433548], [0.1428571492433548, 0.1428571492433548, 0.1428571492433548, 0.1428571492433548, 0.1428571492433548, 0.1428571492433548, 0.1428571492433548], [0.1428571492433548, 0.1428571492433548, 0.1428571492433548, 0.1428571492433548, 0.1428571492433548, 0.1428571492433548, 0.1428571492433548], [0.1428571492433548, 0.1428571492433548, 0.1428571492433548, 0.1428571492433548, 0.1428571492433548, 0.1428571492433548, 0.1428571492433548], [0.1428571492433548, 0.1428571492433548, 0.1428571492433548, 0.1428571492433548, 0.1428571492433548, 0.1428571492433548, 0.1428571492433548], [0.1428571492433548, 0.1428571492433548, 0.1428571492433548, 0.1428571492433548, 0.1428571492433548, 0.1428571492433548, 0.1428571492433548], [0.1428571492433548, 0.1428571492433548, 0.1428571492433548, 0.1428571492433548, 0.1428571492433548, 0.1428571492433548, 0.1428571492433548], [0.1428571492433548, 0.1428571492433548, 0.1428571492433548, 0.1428571492433548, 0.1428571492433548, 0.1428571492433548, 0.1428571492433548], [0.1428571492433548, 0.1428571492433548, 0.1428571492433548, 0.1428571492433548, 0.1428571492433548, 0.1428571492433548, 0.1428571492433548], [0.1428571492433548, 0.1428571492433548, 0.1428571492433548, 0.1428571492433548, 0.1428571492433548, 0.1428571492433548, 0.1428571492433548], [0.1428571492433548, 0.1428571492433548, 0.1428571492433548, 0.1428571492433548, 0.1428571492433548, 0.1428571492433548, 0.1428571492433548], [0.1428571492433548, 0.1428571492433548, 0.1428571492433548, 0.1428571492433548, 0.1428571492433548, 0.1428571492433548, 0.1428571492433548], [0.1428571492433548, 0.1428571492433548, 0.1428571492433548, 0.1428571492433548, 0.1428571492433548, 0.1428571492433548, 0.1428571492433548], [0.1428571492433548, 0.1428571492433548, 0.1428571492433548, 0.1428571492433548, 0.1428571492433548, 0.1428571492433548, 0.1428571492433548], [0.1428571492433548, 0.1428571492433548, 0.1428571492433548, 0.1428571492433548, 0.1428571492433548, 0.1428571492433548, 0.1428571492433548], [0.1428571492433548, 0.1428571492433548, 0.1428571492433548, 0.1428571492433548, 0.1428571492433548, 0.1428571492433548, 0.1428571492433548], [0.1428571492433548, 0.1428571492433548, 0.1428571492433548, 0.1428571492433548, 0.1428571492433548, 0.1428571492433548, 0.1428571492433548], [0.1428571492433548, 0.1428571492433548, 0.1428571492433548, 0.1428571492433548, 0.1428571492433548, 0.1428571492433548, 0.1428571492433548]], "coeff_list_in_victim": [[0.0, 0.0, 0.2585825026035309, 0.18964053690433502, 0.3009461462497711, 0.1575801819562912, 0.09325053542852402]], "victims": {"DPN92": {"clean acc": 91.93000259399415, "prediction": 8, "poisons predictions": [8, 8, 8, 6, 6, 6, 8], "scores": [6.909970100450746e-13, 8.922021381888458e-22, 3.671401976531021e-43, 3.7163520929945674e-18, 9.504143162622439e-38, 2.478813262451232e-22, 0.03377962484955788, 1.97280382922684e-28, 0.9662209153175354, 0.0], "malicious score": 0.9662209153175354, "camera": {"2": {"prediction": 6, "scores": [2.458444858550058e-14, 7.262497051380227e-29, 2.569324149929093e-35, 2.8494412809365686e-15, 1.7482905605221164e-32, 6.1807358886435855e-16, 0.9977061748504639, 4.2633053931832544e-26, 0.0022935294546186924, 0.0], "malicious score": 0.0022935294546186924}, "4": {"prediction": 6, "scores": [2.378428070066844e-15, 4.483805064029358e-32, 5.274565042440225e-28, 1.4896328615066068e-10, 2.240207857073929e-29, 7.713056859870449e-09, 1.0, 3.4253259527650915e-24, 2.948229109733802e-07, 0.0], "malicious score": 2.948229109733802e-07}}}, "SENet18": {"clean acc": 91.21000175476074, "prediction": 6, "poisons predictions": [8, 8, 8, 6, 8, 6, 6], "scores": [1.1967367374854376e-10, 7.180119276917196e-10, 3.0339641389487415e-13, 1.8035864468579632e-11, 3.805636481502006e-07, 1.1839487723541708e-12, 0.9998245239257812, 1.092938026934677e-18, 0.0001756213023327291, 9.680946018450292e-17], "malicious score": 0.0001756213023327291, "camera": {"2": {"prediction": 6, "scores": [1.1933593002666498e-09, 1.0289480378844473e-09, 7.983389340229796e-13, 8.222623970599585e-12, 5.7131519071162984e-08, 1.0470195674003313e-12, 0.9987533688545227, 8.292935420302178e-19, 0.0012458304408937693, 1.8900942000960714e-16], "malicious score": 0.0012458304408937693}, "4": {"prediction": 6, "scores": [1.2774246549440704e-08, 2.185625161757465e-12, 4.8497707585970495e-12, 7.406638496965101e-11, 9.666372591254913e-09, 3.6483722293256804e-11, 0.9963293671607971, 1.7494354583200824e-20, 0.0036709404084831476, 3.5834178819846405e-16], "malicious score": 0.0036709404084831476}}}, "ResNet50": {"clean acc": 93.18000106811523, "prediction": 8, "poisons predictions": [8, 8, 8, 8, 8, 6, 8], "scores": [1.3874718523773241e-39, 7.046076023150132e-26, 4.932570594423356e-43, 0.0, 1.3412980208464492e-27, 1.6114932339735396e-43, 2.453622727216498e-08, 0.0, 1.0, 2.114276494410179e-26], "malicious score": 1.0, "camera": {"2": {"prediction": 8, "scores": [1.4803597685235741e-36, 2.990997676581675e-24, 2.9928381049973885e-37, 0.0, 1.310873832032912e-24, 1.3243273180819956e-34, 1.3265960552288902e-10, 0.0, 1.0, 4.7632399644767167e-23], "malicious score": 1.0}, "4": {"prediction": 8, "scores": [8.969392416138107e-21, 3.041096020839351e-13, 2.4392461135925722e-23, 0.0, 1.268159974818564e-13, 3.391224723259256e-08, 2.991801684865125e-13, 0.0, 1.0, 8.832080899967565e-11], "malicious score": 1.0}}}, "ResNeXt29_2x64d": {"clean acc": 93.06000175476075, "prediction": 8, "poisons predictions": [8, 8, 8, 8, 8, 8, 6], "scores": [7.36950515226857e-34, 6.153588377267025e-23, 3.168470746179477e-20, 5.340991236383935e-15, 0.0, 1.1632308715307803e-26, 0.07431025058031082, 3.662624132520492e-22, 0.9256888628005981, 1.699920703395737e-24], "malicious score": 0.9256888628005981, "camera": {"2": {"prediction": 6, "scores": [3.4926905652920226e-28, 2.851887420200105e-23, 1.6890998419828024e-13, 4.483737057851822e-13, 2.873645460252264e-35, 1.143001685943377e-18, 0.9791910648345947, 6.804335838093186e-16, 0.02080967277288437, 2.315409642663014e-18], "malicious score": 0.02080967277288437}, "4": {"prediction": 6, "scores": [4.296222870102752e-24, 1.0352917290064923e-30, 4.514704778557643e-05, 2.097485813506994e-12, 3.1410573093854634e-27, 4.441907549335156e-06, 0.9958468079566956, 2.888272303616657e-13, 0.004103983752429485, 2.3537886863125163e-14], "malicious score": 0.004103983752429485}}}, "GoogLeNet": {"clean acc": 91.96000175476074, "prediction": 6, "poisons predictions": [6, 8, 8, 8, 8, 6, 8], "scores": [1.3999922679619136e-17, 3.880133020439658e-11, 5.6136473304568314e-15, 1.4555058547305322e-10, 1.532235506551162e-14, 1.1833008531358935e-12, 0.6672155857086182, 5.298391947405889e-09, 0.33278462290763855, 1.2636199220949407e-18], "malicious score": 0.33278462290763855, "camera": {"2": {"prediction": 8,