{"args": "Namespace(device='cuda', dset_path='datasets', end2end=False, eval_poisons_root='attack-results-eps0.03/100-overlap/linear-transfer-learning/mean/800', gpu='0', lr_decay_epoch=[30, 45], model_resume_path='model-chks', num_per_class=50, poison_label=8, retrain_bsize=64, retrain_epochs=60, retrain_lr=0.1, retrain_momentum=0.9, retrain_opt='adam', retrain_wd=0, subset_group=0, target_camera=True, target_index_end=29, target_index_start=28, target_index_step=1, target_label=6, target_net=['DPN92', 'SENet18', 'ResNet50', 'ResNeXt29_2x64d', 'GoogLeNet', 'MobileNetV2', 'ResNet18', 'DenseNet121'], target_print_size=[2, 4], test_chk_name='ckpt-%s-4800.t7', train_data_path='datasets/CIFAR10_TRAIN_Split.pth')", "poison_label": 8, "target_label": 6, "targets": {"28": {}, "28": {"800": {"time": 365.0, "coeffs_time": 0, "poisons_time": 4, "target_loss": 0.001912131905555725, "total_loss": 0.11606253683567047, "coeff_list": [[0.20000000298023224, 0.20000000298023224, 0.20000000298023224, 0.20000000298023224, 0.20000000298023224], [0.20000000298023224, 0.20000000298023224, 0.20000000298023224, 0.20000000298023224, 0.20000000298023224], [0.20000000298023224, 0.20000000298023224, 0.20000000298023224, 0.20000000298023224, 0.20000000298023224], [0.20000000298023224, 0.20000000298023224, 0.20000000298023224, 0.20000000298023224, 0.20000000298023224], [0.20000000298023224, 0.20000000298023224, 0.20000000298023224, 0.20000000298023224, 0.20000000298023224], [0.20000000298023224, 0.20000000298023224, 0.20000000298023224, 0.20000000298023224, 0.20000000298023224], [0.20000000298023224, 0.20000000298023224, 0.20000000298023224, 0.20000000298023224, 0.20000000298023224], [0.20000000298023224, 0.20000000298023224, 0.20000000298023224, 0.20000000298023224, 0.20000000298023224], [0.20000000298023224, 0.20000000298023224, 0.20000000298023224, 0.20000000298023224, 0.20000000298023224], [0.20000000298023224, 0.20000000298023224, 0.20000000298023224, 0.20000000298023224, 0.20000000298023224], [0.20000000298023224, 0.20000000298023224, 0.20000000298023224, 0.20000000298023224, 0.20000000298023224], [0.20000000298023224, 0.20000000298023224, 0.20000000298023224, 0.20000000298023224, 0.20000000298023224], [0.20000000298023224, 0.20000000298023224, 0.20000000298023224, 0.20000000298023224, 0.20000000298023224], [0.20000000298023224, 0.20000000298023224, 0.20000000298023224, 0.20000000298023224, 0.20000000298023224], [0.20000000298023224, 0.20000000298023224, 0.20000000298023224, 0.20000000298023224, 0.20000000298023224], [0.20000000298023224, 0.20000000298023224, 0.20000000298023224, 0.20000000298023224, 0.20000000298023224], [0.20000000298023224, 0.20000000298023224, 0.20000000298023224, 0.20000000298023224, 0.20000000298023224], [0.20000000298023224, 0.20000000298023224, 0.20000000298023224, 0.20000000298023224, 0.20000000298023224]], "coeff_list_in_victim": [[0.025691654533147812, 0.5179698467254639, 0.0161106139421463, 0.0, 0.4402279257774353]], "victims": {"DPN92": {"clean acc": 91.44000053405762, "prediction": 6, "poisons predictions": [8, 8, 8, 6, 6], "scores": [1.73771381991797e-15, 5.083477973825577e-15, 7.50479405553799e-41, 1.878923847225037e-15, 4.466177675180868e-29, 3.334636695314417e-17, 0.9518145322799683, 6.255446819830559e-33, 0.048186853528022766, 0.0], "malicious score": 0.048186853528022766, "camera": {"2": {"prediction": 6, "scores": [5.072365543346358e-20, 1.040959717512821e-13, 1.8747358929756592e-22, 0.0010409570531919599, 2.2549559333499836e-13, 5.178158971830271e-05, 0.9828847646713257, 8.582428396163531e-27, 0.016021719202399254, 1.0512541079364778e-41], "malicious score": 0.016021719202399254}, "4": {"prediction": 6, "scores": [1.9053704542601395e-22, 1.2913943934936105e-14, 2.3569237765217645e-22, 1.0643526366038714e-05, 2.0489542340899024e-14, 2.9931909466540674e-06, 0.9999809265136719, 9.26613544078408e-33, 5.997275820845971e-06, 2.284116496849452e-43], "malicious score": 5.997275820845971e-06}}}, "SENet18": {"clean acc": 90.99000129699706, "prediction": 6, "poisons predictions": [6, 6, 8, 8, 6], "scores": [3.947237502133216e-12, 2.327116978026661e-17, 8.186520495653609e-16, 8.770045236902724e-13, 4.765838923503907e-08, 6.2579865639825986e-15, 0.9967874884605408, 6.731969202289311e-23, 0.003211986506357789, 6.341666196152666e-22], "malicious score": 0.003211986506357789, "camera": {"2": {"prediction": 6, "scores": [1.9360990241579223e-11, 5.116814158185381e-19, 1.88604644139938e-16, 3.555079494677038e-11, 2.2957831902203907e-07, 8.690600322713848e-13, 0.7798561453819275, 1.9521172470982694e-23, 0.22014355659484863, 6.347142309522352e-20], "malicious score": 0.22014355659484863}, "4": {"prediction": 6, "scores": [1.4833604830566394e-11, 1.6055043871186403e-23, 3.538535061947513e-17, 1.8277176994097033e-10, 2.3383087466299912e-08, 5.196967162168775e-11, 0.9859132766723633, 3.6873918563667534e-24, 0.014085981994867325, 7.700258443456402e-19], "malicious score": 0.014085981994867325}}}, "ResNet50": {"clean acc": 92.79000205993653, "prediction": 6, "poisons predictions": [8, 8, 6, 6, 8], "scores": [6.532122425598502e-30, 3.6183462139916054e-25, 5.832338829728703e-19, 1.884491143324433e-18, 4.199533076418331e-25, 1.0318129309562982e-25, 0.8088120222091675, 8.814861571404762e-19, 0.19118744134902954, 1.0433264221307372e-18], "malicious score": 0.19118744134902954, "camera": {"2": {"prediction": 6, "scores": [5.847569284312395e-29, 4.182173699160877e-24, 1.6815741747893428e-21, 1.4586307045391037e-16, 5.257294477516226e-26, 1.1816581934327258e-17, 0.7073042392730713, 7.051913245361574e-18, 0.2926960587501526, 1.2841283119380026e-15], "malicious score": 0.2926960587501526}, "4": {"prediction": 5, "scores": [1.7693632414138244e-26, 2.591149544357261e-32, 1.86555542006151e-21, 0.00030392862390726805, 2.5843376612689476e-25, 0.9996967911720276, 8.72220695669057e-08, 7.443152097511139e-21, 4.5992987196541435e-11, 7.425486007323068e-13], "malicious score": 4.5992987196541435e-11}}}, "ResNeXt29_2x64d": {"clean acc": 92.60000114440918, "prediction": 6, "poisons predictions": [8, 8, 8, 8, 8], "scores": [1.0558374548613509e-27, 3.507772143498261e-13, 7.290744111007274e-17, 1.1735439287008376e-08, 3.7021242682706323e-37, 2.7037022341826176e-21, 0.9938013553619385, 5.90827827372271e-25, 0.00619880435988307, 1.1664912301853848e-28], "malicious score": 0.00619880435988307, "camera": {"2": {"prediction": 6, "scores": [1.0323819889836995e-21, 2.363164774976667e-09, 2.2782882351524147e-13, 0.1853838860988617, 4.42864327416439e-17, 8.342677541633634e-14, 0.8145875334739685, 2.586256117742334e-21, 2.8409493097569793e-05, 5.1033855013260416e-18], "malicious score": 2.8409493097569793e-05}, "4": {"prediction": 6, "scores": [1.816537496677249e-21, 6.308082040658997e-14, 1.837308638563684e-10, 0.4735577702522278, 3.611696186567315e-08, 1.566685781106969e-09, 0.5264421105384827, 3.3579498950527985e-22, 4.9115288225376474e-11, 6.4859285597022716e-18], "malicious score": 4.9115288225376474e-11}}}, "GoogLeNet": {"clean acc": 91.74000129699706, "prediction": 6, "poisons predictions": [8, 8, 6, 8, 6], "scores": [9.674837970694017e-13, 2.3588743403024637e-08, 3.2663185489667512e-09, 0.00010044500231742859, 8.017794357328967e-07, 1.4897808569003246e-06, 0.8957592844963074, 1.8341442808988973e-09, 0.10413791239261627, 1.5021123044413678e-14], "malicious score": 0.10413791239261627, "camera": {"2": {"prediction": 3, "scores": [8.689821323452918e-13, 1.6021151623135665e-06, 1.4292220384959364e-07, 0.9293327331542969, 0.008923337794840336, 0.0011845804983749986, 0.05932484567165375, 4.0562250556970905e-16, 0.001232942915521562, 3.6266325498246488e-09], "malicious score": 0.001232942915521562}, "4": {"prediction": 6, "scores": [1.7166232628082478e-12, 4.772518309437146e-07, 2.930859333005742e-09, 0.45161566138267517, 3.994984217570163e-05, 0.01008080504834652, 0.5382590889930725, 8.900682464685934e-20, 3.960182766604703e-06, 1.9018267494175234e-07],