{"args": "Namespace(device='cuda', dset_path='datasets', end2end=False, eval_poisons_root='attack-results-10poisons-102flowers/100-overlap/linear-transfer-learning/mean/800', gpu='1', lr_decay_epoch=[30, 45], model_resume_path='model-chks', num_per_class=50, poison_label=8, retrain_bsize=64, retrain_epochs=60, retrain_lr=0.1, retrain_momentum=0.9, retrain_opt='adam', retrain_wd=0, subset_group=0, target_camera=True, target_dset='102flowers', target_index_end=11, target_index_start=1, target_index_step=1, target_label=-1, target_net=['DPN92', 'SENet18', 'ResNet50', 'ResNeXt29_2x64d', 'GoogLeNet', 'MobileNetV2', 'ResNet18', 'DenseNet121'], target_print_size=[2, 4], test_chk_name='ckpt-%s-4800.t7', train_data_path='datasets/CIFAR10_TRAIN_Split.pth')", "poison_label": 8, "target_label": -1, "targets": {"3": {}, "3": {"800": {"time": 385.0, "coeffs_time": 0, "poisons_time": 4, "target_loss": 0.01678295247256756, "total_loss": 0.07470820099115372, "coeff_list": [[0.10000000149011612, 0.10000000149011612, 0.10000000149011612, 0.10000000149011612, 0.10000000149011612, 0.10000000149011612, 0.10000000149011612, 0.10000000149011612, 0.10000000149011612, 0.10000000149011612], [0.10000000149011612, 0.10000000149011612, 0.10000000149011612, 0.10000000149011612, 0.10000000149011612, 0.10000000149011612, 0.10000000149011612, 0.10000000149011612, 0.10000000149011612, 0.10000000149011612], [0.10000000149011612, 0.10000000149011612, 0.10000000149011612, 0.10000000149011612, 0.10000000149011612, 0.10000000149011612, 0.10000000149011612, 0.10000000149011612, 0.10000000149011612, 0.10000000149011612], [0.10000000149011612, 0.10000000149011612, 0.10000000149011612, 0.10000000149011612, 0.10000000149011612, 0.10000000149011612, 0.10000000149011612, 0.10000000149011612, 0.10000000149011612, 0.10000000149011612], [0.10000000149011612, 0.10000000149011612, 0.10000000149011612, 0.10000000149011612, 0.10000000149011612, 0.10000000149011612, 0.10000000149011612, 0.10000000149011612, 0.10000000149011612, 0.10000000149011612], [0.10000000149011612, 0.10000000149011612, 0.10000000149011612, 0.10000000149011612, 0.10000000149011612, 0.10000000149011612, 0.10000000149011612, 0.10000000149011612, 0.10000000149011612, 0.10000000149011612], [0.10000000149011612, 0.10000000149011612, 0.10000000149011612, 0.10000000149011612, 0.10000000149011612, 0.10000000149011612, 0.10000000149011612, 0.10000000149011612, 0.10000000149011612, 0.10000000149011612], [0.10000000149011612, 0.10000000149011612, 0.10000000149011612, 0.10000000149011612, 0.10000000149011612, 0.10000000149011612, 0.10000000149011612, 0.10000000149011612, 0.10000000149011612, 0.10000000149011612], [0.10000000149011612, 0.10000000149011612, 0.10000000149011612, 0.10000000149011612, 0.10000000149011612, 0.10000000149011612, 0.10000000149011612, 0.10000000149011612, 0.10000000149011612, 0.10000000149011612], [0.10000000149011612, 0.10000000149011612, 0.10000000149011612, 0.10000000149011612, 0.10000000149011612, 0.10000000149011612, 0.10000000149011612, 0.10000000149011612, 0.10000000149011612, 0.10000000149011612], [0.10000000149011612, 0.10000000149011612, 0.10000000149011612, 0.10000000149011612, 0.10000000149011612, 0.10000000149011612, 0.10000000149011612, 0.10000000149011612, 0.10000000149011612, 0.10000000149011612], [0.10000000149011612, 0.10000000149011612, 0.10000000149011612, 0.10000000149011612, 0.10000000149011612, 0.10000000149011612, 0.10000000149011612, 0.10000000149011612, 0.10000000149011612, 0.10000000149011612], [0.10000000149011612, 0.10000000149011612, 0.10000000149011612, 0.10000000149011612, 0.10000000149011612, 0.10000000149011612, 0.10000000149011612, 0.10000000149011612, 0.10000000149011612, 0.10000000149011612], [0.10000000149011612, 0.10000000149011612, 0.10000000149011612, 0.10000000149011612, 0.10000000149011612, 0.10000000149011612, 0.10000000149011612, 0.10000000149011612, 0.10000000149011612, 0.10000000149011612], [0.10000000149011612, 0.10000000149011612, 0.10000000149011612, 0.10000000149011612, 0.10000000149011612, 0.10000000149011612, 0.10000000149011612, 0.10000000149011612, 0.10000000149011612, 0.10000000149011612], [0.10000000149011612, 0.10000000149011612, 0.10000000149011612, 0.10000000149011612, 0.10000000149011612, 0.10000000149011612, 0.10000000149011612, 0.10000000149011612, 0.10000000149011612, 0.10000000149011612], [0.10000000149011612, 0.10000000149011612, 0.10000000149011612, 0.10000000149011612, 0.10000000149011612, 0.10000000149011612, 0.10000000149011612, 0.10000000149011612, 0.10000000149011612, 0.10000000149011612], [0.10000000149011612, 0.10000000149011612, 0.10000000149011612, 0.10000000149011612, 0.10000000149011612, 0.10000000149011612, 0.10000000149011612, 0.10000000149011612, 0.10000000149011612, 0.10000000149011612]], "coeff_list_in_victim": [[0.0, 0.12852858006954193, 0.0, 0.08472871035337448, 0.329723060131073, 0.0, 0.4392926096916199, 0.017727024853229523, 0.0, 0.0]], "victims": {"DPN92": {"clean acc": 91.69000091552735, "prediction": 8, "poisons predictions": [8, 8, 8, 8, 8, 8, 8, 8, 8, 8], "scores": [2.611076468700315e-15, 2.019911724838845e-20, 6.995933021925223e-20, 2.0758795724051815e-11, 7.677736209607986e-33, 1.2301700727957582e-13, 7.589204330075983e-13, 5.715885476705899e-35, 1.0, 1.401298464324817e-44], "malicious score": 1.0, "camera": {"2": {"prediction": 3, "scores": [3.784278841408442e-17, 5.984943391434029e-35, 3.576482270333404e-15, 0.9969985485076904, 1.6122431081150301e-12, 0.002979266457259655, 2.189793303841725e-05, 0.0, 3.5275884447732684e-26, 1.2645223256601335e-32], "malicious score": 3.5275884447732684e-26}, "4": {"prediction": 6, "scores": [1.906740180857014e-06, 1.5066948699477032e-25, 2.68484101170089e-22, 6.443129905164824e-07, 3.3089540597738836e-23, 3.781332509333879e-07, 0.9999980926513672, 6.12129908820242e-39, 6.300855155553023e-14, 5.538716258151699e-40], "malicious score": 6.300855155553023e-14}}}, "SENet18": {"clean acc": 90.6900016784668, "prediction": 8, "poisons predictions": [8, 8, 2, 8, 2, 8, 8, 8, 2, 8], "scores": [1.4612771792599233e-07, 2.8072363877917894e-10, 1.5142650227062404e-06, 3.0444768234216824e-11, 2.480463577592129e-11, 2.47073065132164e-12, 9.276394652424358e-10, 4.3634038604523084e-09, 0.9999980926513672, 2.8640979365945896e-08], "malicious score": 0.9999980926513672, "camera": {"2": {"prediction": 3, "scores": [1.3518509645038534e-09, 4.0791463956635354e-11, 2.2236218910620664e-07, 0.9840862154960632, 0.0009725692216306925, 8.850378799252212e-05, 0.014849964529275894, 2.4781086904734906e-11, 4.923408596368972e-07, 1.6417560573245282e-06], "malicious score": 4.923408596368972e-07}, "4": {"prediction": 6, "scores": [1.0115829809365096e-06, 5.0089521863583286e-08, 6.246250450203661e-08, 0.011220603249967098, 0.0009312760666944087, 3.2744686905061826e-05, 0.9877833127975464, 2.968772037093004e-07, 2.4348828446818516e-05, 5.840069206897169e-06], "malicious score": 2.4348828446818516e-05}}}, "ResNet50": {"clean acc": 92.97000122070312, "prediction": 8, "poisons predictions": [8, 8, 8, 8, 8, 8, 8, 8, 8, 8], "scores": [0.0, 1.5974802493302915e-43, 5.961202304741526e-27, 1.2611686178923354e-44, 1.3705898625313164e-33, 0.0, 4.1218621681754183e-16, 9.290812006750864e-39, 1.0, 5.1168973944206425e-40], "malicious score": 1.0, "camera": {"2": {"prediction": 3, "scores": [3.321254595782753e-33, 7.484831068521873e-30, 6.063050359315283e-20, 0.9966676831245422, 6.619235975308113e-12, 3.012754249190432e-17, 1.6253932878448896e-12, 3.8733573294623097e-31, 0.003333035856485367, 9.933818771302448e-21], "malicious score": 0.003333035856485367}, "4": {"prediction": 6, "scores": [1.2037153808550179e-42, 1.793662034335766e-43, 1.492999435830233e-40, 7.09299737734804e-27, 1.7653278876468187e-30, 1.491105508088178e-36, 0.9775283932685852, 1.4495526170905114e-28, 0.022471414878964424, 1.2457645567585113e-30], "malicious score": 0.022471414878964424}}}, "ResNeXt29_2x64d": {"clean acc": 92.36000175476075, "prediction": 8,