{"args": "Namespace(device='cuda', dset_path='datasets', end2end=False, eval_poisons_root='attack-results-eps0.30/100-overlap/linear-transfer-learning/mean/800', gpu='1', lr_decay_epoch=[30, 45], model_resume_path='model-chks', num_per_class=50, poison_label=8, retrain_bsize=64, retrain_epochs=60, retrain_lr=0.1, retrain_momentum=0.9, retrain_opt='adam', retrain_wd=0, subset_group=0, target_camera=True, target_index_end=14, target_index_start=13, target_index_step=1, target_label=6, target_net=['DPN92', 'SENet18', 'ResNet50', 'ResNeXt29_2x64d', 'GoogLeNet', 'MobileNetV2', 'ResNet18', 'DenseNet121'], target_print_size=[2, 4], test_chk_name='ckpt-%s-4800.t7', train_data_path='datasets/CIFAR10_TRAIN_Split.pth')", "poison_label": 8, "target_label": 6, "targets": {"13": {}, "13": {"800": {"time": 460.0, "coeffs_time": 0, "poisons_time": 6, "target_loss": 0.012270326726138592, "total_loss": 0.0667475238442421, "coeff_list": [[0.20000000298023224, 0.20000000298023224, 0.20000000298023224, 0.20000000298023224, 0.20000000298023224], [0.20000000298023224, 0.20000000298023224, 0.20000000298023224, 0.20000000298023224, 0.20000000298023224], [0.20000000298023224, 0.20000000298023224, 0.20000000298023224, 0.20000000298023224, 0.20000000298023224], [0.20000000298023224, 0.20000000298023224, 0.20000000298023224, 0.20000000298023224, 0.20000000298023224], [0.20000000298023224, 0.20000000298023224, 0.20000000298023224, 0.20000000298023224, 0.20000000298023224], [0.20000000298023224, 0.20000000298023224, 0.20000000298023224, 0.20000000298023224, 0.20000000298023224], [0.20000000298023224, 0.20000000298023224, 0.20000000298023224, 0.20000000298023224, 0.20000000298023224], [0.20000000298023224, 0.20000000298023224, 0.20000000298023224, 0.20000000298023224, 0.20000000298023224], [0.20000000298023224, 0.20000000298023224, 0.20000000298023224, 0.20000000298023224, 0.20000000298023224], [0.20000000298023224, 0.20000000298023224, 0.20000000298023224, 0.20000000298023224, 0.20000000298023224], [0.20000000298023224, 0.20000000298023224, 0.20000000298023224, 0.20000000298023224, 0.20000000298023224], [0.20000000298023224, 0.20000000298023224, 0.20000000298023224, 0.20000000298023224, 0.20000000298023224], [0.20000000298023224, 0.20000000298023224, 0.20000000298023224, 0.20000000298023224, 0.20000000298023224], [0.20000000298023224, 0.20000000298023224, 0.20000000298023224, 0.20000000298023224, 0.20000000298023224], [0.20000000298023224, 0.20000000298023224, 0.20000000298023224, 0.20000000298023224, 0.20000000298023224], [0.20000000298023224, 0.20000000298023224, 0.20000000298023224, 0.20000000298023224, 0.20000000298023224], [0.20000000298023224, 0.20000000298023224, 0.20000000298023224, 0.20000000298023224, 0.20000000298023224], [0.20000000298023224, 0.20000000298023224, 0.20000000298023224, 0.20000000298023224, 0.20000000298023224]], "coeff_list_in_victim": [[0.0, 0.0, 0.03437770530581474, 0.7207961678504944, 0.24482610821723938]], "victims": {"DPN92": {"clean acc": 92.2500015258789, "prediction": 6, "poisons predictions": [8, 8, 8, 6, 8], "scores": [1.8264352530383832e-10, 9.899092533652992e-21, 1.9950772229320624e-35, 2.6403813602207007e-17, 8.753106543402039e-34, 5.2051130002384255e-18, 0.8159396052360535, 1.2289704100276353e-30, 0.1840607076883316, 0.0], "malicious score": 0.1840607076883316, "camera": {"2": {"prediction": 6, "scores": [1.8010727131922977e-08, 1.1766882441583234e-16, 5.371510196716716e-25, 2.457843824299477e-11, 1.2123761499985461e-28, 1.4181846886077154e-13, 0.9999732971191406, 9.995258401817337e-26, 2.6781846827361733e-05, 0.0], "malicious score": 2.6781846827361733e-05}, "4": {"prediction": 6, "scores": [1.0730544630632721e-07, 3.748764960156666e-15, 6.120196141668052e-26, 5.6331766508377346e-12, 2.7986087652354385e-28, 3.4189922486042856e-14, 0.9998207092285156, 1.3753360939411127e-24, 0.0001795256248442456, 0.0], "malicious score": 0.0001795256248442456}}}, "SENet18": {"clean acc": 91.17000198364258, "prediction": 6, "poisons predictions": [6, 8, 6, 8, 6], "scores": [1.5942922537703907e-09, 9.232802061881723e-16, 4.6265928059861885e-18, 1.001569026283164e-15, 6.578814160107527e-10, 2.5842805814139252e-16, 0.9959551095962524, 3.179034559146985e-16, 0.004045743960887194, 2.449621558206121e-18], "malicious score": 0.004045743960887194, "camera": {"2": {"prediction": 6, "scores": [3.5596971770246455e-07, 7.986088148136008e-16, 4.6454648489435246e-17, 3.593030414210732e-14, 3.656554836695136e-09, 2.3353454332706485e-15, 0.9917184710502625, 3.0157697526571065e-15, 0.008280453272163868, 9.45765638758936e-18], "malicious score": 0.008280453272163868}, "4": {"prediction": 6, "scores": [2.937670797109604e-05, 1.3907220508665649e-14, 2.2886910702941184e-15, 1.8648656837511046e-13, 5.58305046638452e-09, 6.9125206860615185e-15, 0.7468512654304504, 2.8380105882540307e-13, 0.25311848521232605, 3.1132308855805134e-17], "malicious score": 0.25311848521232605}}}, "ResNet50": {"clean acc": 93.30000114440918, "prediction": 6, "poisons predictions": [8, 8, 8, 8, 8], "scores": [0.0, 0.0, 5.824302169793236e-30, 2.7845002691313325e-27, 1.8050514551366987e-27, 4.594873596045562e-21, 0.9033041000366211, 1.6053877765644764e-39, 0.09669578820466995, 0.0], "malicious score": 0.09669578820466995, "camera": {"2": {"prediction": 8, "scores": [0.0, 0.0, 5.81092305044246e-29, 1.1363259874137692e-22, 3.751118345243464e-26, 7.831346511416203e-18, 0.2394309788942337, 8.067509888450464e-30, 0.7605698108673096, 0.0], "malicious score": 0.7605698108673096}, "4": {"prediction": 6, "scores": [0.0, 0.0, 4.544120153919304e-26, 4.376615290523373e-24, 6.64971994874403e-27, 3.393864084487745e-16, 0.7189608216285706, 8.581418130351903e-26, 0.2810383141040802, 0.0], "malicious score": 0.2810383141040802}}}, "ResNeXt29_2x64d": {"clean acc": 93.7000015258789, "prediction": 6, "poisons predictions": [8, 8, 8, 8, 8], "scores": [3.7187885296390134e-27, 2.2519773589316228e-13, 2.3908761255519995e-12, 2.8879145741456114e-09, 1.6604758841170861e-35, 1.158977276337413e-21, 0.9288901686668396, 4.1620355077732785e-19, 0.07110927253961563, 2.2316971035162695e-20], "malicious score": 0.07110927253961563, "camera": {"2": {"prediction": 6, "scores": [5.261888195942228e-19, 3.823001984426533e-11, 4.7672324399172794e-07, 8.885174793249462e-06, 5.73727936048828e-25, 2.574342767360264e-16, 0.931813657283783, 4.6499978346992155e-12, 0.06817746162414551, 8.360043885456692e-13], "malicious score": 0.06817746162414551}, "4": {"prediction": 8, "scores": [1.75766668684217e-16, 2.841808282028069e-07, 2.103179923551579e-07, 0.0009673631866462529, 1.3192736103299308e-21, 2.1577217209501928e-18, 0.039978642016649246, 4.9342407493213614e-08, 0.9590537548065186, 5.951369361515899e-14], "malicious score": 0.9590537548065186}}}, "GoogLeNet": {"clean acc": 91.77000160217285, "prediction": 6, "poisons predictions": [8, 8, 8, 8, 8], "scores": [6.891371385099322e-17, 2.9299004195015854e-11, 1.7194684912014147e-11, 1.0308078799425857e-06, 5.15714637661091e-10, 3.7061618218814374e-09, 0.5768622159957886, 1.3573549395573536e-08, 0.42313721776008606, 2.2534757602153156e-14], "malicious score": 0.42313721776008606, "camera": {"2": {"prediction": 8, "scores": [1.1584150700383084e-15, 2.3871693510812975e-10, 2.1809864136912438e-08, 6.2316084949998185e-06, 4.075961790306337e-09, 1.2429151183823706e-06, 0.0020882533863186836, 0.0005815609474666417, 0.9973227977752686, 7.3917700302642e-13], "malicious score": 0.9973227977752686}, "4": {"prediction": 8, "scores": [1.045634446291301e-16, 4.658382568578645e-10, 1.291083062682219e-08, 1.6652452359267045e-06, 9.45288812503886e-12, 7.755146924637302e-08, 0.00019427089137025177, 0.01185555849224329, 0.9879481792449951, 1.018642923510853e-14], "malicious score": 0.9879481792449951}}}, "MobileNetV2": {"clean acc": 86.7700023651123, "prediction": 6, "poisons predictions": [6, 8, 8, 8, 8],