{"args": "Namespace(device='cuda', dset_path='datasets', end2end=False, eval_poisons_root='attack-results-7poisons/100-overlap/linear-transfer-learning/mean/800', gpu='2', lr_decay_epoch=[30, 45], model_resume_path='model-chks', num_per_class=50, poison_label=8, retrain_bsize=64, retrain_epochs=60, retrain_lr=0.1, retrain_momentum=0.9, retrain_opt='adam', retrain_wd=0, subset_group=0, target_camera=True, target_index_end=36, target_index_start=35, target_index_step=1, target_label=6, target_net=['DPN92', 'SENet18', 'ResNet50', 'ResNeXt29_2x64d', 'GoogLeNet', 'MobileNetV2', 'ResNet18', 'DenseNet121'], target_print_size=[2, 4], test_chk_name='ckpt-%s-4800.t7', train_data_path='datasets/CIFAR10_TRAIN_Split.pth')", "poison_label": 8, "target_label": 6, "targets": {"35": {}, "35": {"800": {"time": 394.0, "coeffs_time": 0, "poisons_time": 4, "target_loss": 0.010116642341017723, "total_loss": 0.06429436057806015, "coeff_list": [[0.1428571492433548, 0.1428571492433548, 0.1428571492433548, 0.1428571492433548, 0.1428571492433548, 0.1428571492433548, 0.1428571492433548], [0.1428571492433548, 0.1428571492433548, 0.1428571492433548, 0.1428571492433548, 0.1428571492433548, 0.1428571492433548, 0.1428571492433548], [0.1428571492433548, 0.1428571492433548, 0.1428571492433548, 0.1428571492433548, 0.1428571492433548, 0.1428571492433548, 0.1428571492433548], [0.1428571492433548, 0.1428571492433548, 0.1428571492433548, 0.1428571492433548, 0.1428571492433548, 0.1428571492433548, 0.1428571492433548], [0.1428571492433548, 0.1428571492433548, 0.1428571492433548, 0.1428571492433548, 0.1428571492433548, 0.1428571492433548, 0.1428571492433548], [0.1428571492433548, 0.1428571492433548, 0.1428571492433548, 0.1428571492433548, 0.1428571492433548, 0.1428571492433548, 0.1428571492433548], [0.1428571492433548, 0.1428571492433548, 0.1428571492433548, 0.1428571492433548, 0.1428571492433548, 0.1428571492433548, 0.1428571492433548], [0.1428571492433548, 0.1428571492433548, 0.1428571492433548, 0.1428571492433548, 0.1428571492433548, 0.1428571492433548, 0.1428571492433548], [0.1428571492433548, 0.1428571492433548, 0.1428571492433548, 0.1428571492433548, 0.1428571492433548, 0.1428571492433548, 0.1428571492433548], [0.1428571492433548, 0.1428571492433548, 0.1428571492433548, 0.1428571492433548, 0.1428571492433548, 0.1428571492433548, 0.1428571492433548], [0.1428571492433548, 0.1428571492433548, 0.1428571492433548, 0.1428571492433548, 0.1428571492433548, 0.1428571492433548, 0.1428571492433548], [0.1428571492433548, 0.1428571492433548, 0.1428571492433548, 0.1428571492433548, 0.1428571492433548, 0.1428571492433548, 0.1428571492433548], [0.1428571492433548, 0.1428571492433548, 0.1428571492433548, 0.1428571492433548, 0.1428571492433548, 0.1428571492433548, 0.1428571492433548], [0.1428571492433548, 0.1428571492433548, 0.1428571492433548, 0.1428571492433548, 0.1428571492433548, 0.1428571492433548, 0.1428571492433548], [0.1428571492433548, 0.1428571492433548, 0.1428571492433548, 0.1428571492433548, 0.1428571492433548, 0.1428571492433548, 0.1428571492433548], [0.1428571492433548, 0.1428571492433548, 0.1428571492433548, 0.1428571492433548, 0.1428571492433548, 0.1428571492433548, 0.1428571492433548], [0.1428571492433548, 0.1428571492433548, 0.1428571492433548, 0.1428571492433548, 0.1428571492433548, 0.1428571492433548, 0.1428571492433548], [0.1428571492433548, 0.1428571492433548, 0.1428571492433548, 0.1428571492433548, 0.1428571492433548, 0.1428571492433548, 0.1428571492433548]], "coeff_list_in_victim": [[0.0, 0.521355926990509, 0.0, 0.0760762020945549, 0.0, 0.29822832345962524, 0.10433955490589142]], "victims": {"DPN92": {"clean acc": 92.82000198364258, "prediction": 6, "poisons predictions": [8, 8, 8, 6, 8, 8, 6], "scores": [7.92521769239253e-14, 4.985849288922423e-26, 7.006492321624085e-45, 5.865215268758411e-15, 9.274389374202418e-30, 1.2176720656601207e-16, 0.6658641695976257, 3.5840549545970476e-34, 0.33413490653038025, 0.0], "malicious score": 0.33413490653038025, "camera": {"2": {"prediction": 6, "scores": [3.7475947345377847e-10, 9.45481428229682e-24, 3.2563553690028624e-34, 1.8951357150243098e-10, 7.148353328250336e-20, 4.359389932373503e-11, 0.9998703002929688, 3.7828228704518086e-31, 0.00012953307304996997, 1.6815581571897805e-44], "malicious score": 0.00012953307304996997}, "4": {"prediction": 6, "scores": [1.1421421534235643e-12, 1.1010829007209877e-23, 3.3810880904987916e-36, 7.220932879414832e-11, 1.0482237295992796e-21, 2.419300176859096e-11, 0.9998970031738281, 2.159634208053878e-31, 0.00010167516302317381, 0.0], "malicious score": 0.00010167516302317381}}}, "SENet18": {"clean acc": 91.10000190734863, "prediction": 6, "poisons predictions": [8, 8, 8, 8, 8, 8, 6], "scores": [3.1139695266801937e-08, 1.0947177477124877e-14, 3.912277132030878e-13, 5.394282798221184e-10, 2.6838273470275453e-07, 8.129202199629385e-15, 0.8096223473548889, 4.2835892627056375e-24, 0.19037742912769318, 5.666006539742458e-17], "malicious score": 0.19037742912769318, "camera": {"2": {"prediction": 8, "scores": [2.1630151891827154e-08, 2.199885515595797e-17, 1.6643492682134886e-14, 1.0879036560496047e-09, 3.10441748752055e-07, 8.790903490991497e-15, 0.03341341018676758, 8.974233513518485e-25, 0.9665858745574951, 2.387660560447071e-18], "malicious score": 0.9665858745574951}, "4": {"prediction": 8, "scores": [1.0173140552183213e-08, 6.115813460214504e-17, 1.5142911982668743e-15, 5.099611843917273e-10, 2.6247937512380304e-07, 7.083900862279481e-15, 0.051893144845962524, 7.701645073368212e-25, 0.9481073617935181, 2.4557592383512646e-18], "malicious score": 0.9481073617935181}}}, "ResNet50": {"clean acc": 93.4500015258789, "prediction": 8, "poisons predictions": [8, 6, 8, 8, 8, 8, 8], "scores": [9.394838113203704e-33, 1.7833787690027682e-16, 3.936247386288411e-42, 1.369029923807731e-37, 1.8805425391239045e-42, 6.561886943564643e-39, 0.07515006512403488, 8.840063336223822e-40, 0.9248487949371338, 1.4180467835704273e-39], "malicious score": 0.9248487949371338, "camera": {"2": {"prediction": 8, "scores": [1.9484048676782993e-23, 1.6040066410510923e-13, 2.5318073408470753e-35, 5.258831157759553e-29, 2.4280019487226664e-32, 4.0092145257415406e-23, 0.456373006105423, 1.123586724341883e-33, 0.5436263084411621, 6.617143204846584e-30], "malicious score": 0.5436263084411621}, "4": {"prediction": 6, "scores": [8.799651380983e-32, 5.049996534895848e-17, 1.9056257816353187e-41, 1.0612715835607954e-29, 1.1229305243866922e-40, 3.4768192771023974e-35, 1.0, 6.297567020731374e-39, 2.1313743658879503e-08, 6.798733569225745e-38], "malicious score": 2.1313743658879503e-08}}}, "ResNeXt29_2x64d": {"clean acc": 93.04000091552734, "prediction": 8, "poisons predictions": [8, 6, 8, 6, 8, 8, 8], "scores": [3.901298811373446e-29, 3.338540760330999e-19, 6.715526551155941e-16, 2.5954360188817915e-11, 1.401298464324817e-44, 1.792470890315443e-23, 0.05790059268474579, 3.0109327848800108e-21, 0.9420992136001587, 5.865298833852614e-17], "malicious score": 0.9420992136001587, "camera": {"2": {"prediction": 6, "scores": [8.235892128414823e-22, 4.530855551968283e-21, 2.927180373091254e-11, 5.866156789124943e-05, 1.4546928307121823e-21, 4.734036718190282e-09, 0.9999418258666992, 4.342701938216152e-18, 6.42252295790513e-09, 1.0092403301964481e-10], "malicious score": 6.42252295790513e-09}, "4": {"prediction": 6, "scores": [3.11926014888337e-23, 1.81980421386198e-21, 8.221973102351399e-10, 1.9097184122074395e-05, 7.95856713055129e-23, 3.562413919411256e-09, 0.9999809265136719, 2.1028492888094464e-16, 4.3832126817022754e-10, 1.445132347122069e-10], "malicious score": 4.3832126817022754e-10}}}, "GoogLeNet": {"clean acc": 91.87000122070313, "prediction": 6, "poisons predictions": [8, 8, 8, 6, 8, 8, 8], "scores": [7.649988092692141e-19, 2.1300727848228007e-09, 6.492279180621632e-14, 7.389008072067327e-09, 1.2895945596114178e-11, 8.434565268444771e-10, 0.8116942644119263, 4.0782227594959863e-10, 0.18830594420433044, 1.8015670810093802e-16],