{"args": "Namespace(device='cuda', dset_path='datasets', end2end=False, eval_poisons_root='attack-results-eps0.20/100-overlap/linear-transfer-learning/mean/800', gpu='1', lr_decay_epoch=[30, 45], model_resume_path='model-chks', num_per_class=50, poison_label=8, retrain_bsize=64, retrain_epochs=60, retrain_lr=0.1, retrain_momentum=0.9, retrain_opt='adam', retrain_wd=0, subset_group=0, target_camera=True, target_index_end=34, target_index_start=33, target_index_step=1, target_label=6, target_net=['DPN92', 'SENet18', 'ResNet50', 'ResNeXt29_2x64d', 'GoogLeNet', 'MobileNetV2', 'ResNet18', 'DenseNet121'], target_print_size=[2, 4], test_chk_name='ckpt-%s-4800.t7', train_data_path='datasets/CIFAR10_TRAIN_Split.pth')", "poison_label": 8, "target_label": 6, "targets": {"33": {}, "33": {"800": {"time": 352.0, "coeffs_time": 0, "poisons_time": 4, "target_loss": 0.02195792831480503, "total_loss": 0.06578000634908676, "coeff_list": [[0.20000000298023224, 0.20000000298023224, 0.20000000298023224, 0.20000000298023224, 0.20000000298023224], [0.20000000298023224, 0.20000000298023224, 0.20000000298023224, 0.20000000298023224, 0.20000000298023224], [0.20000000298023224, 0.20000000298023224, 0.20000000298023224, 0.20000000298023224, 0.20000000298023224], [0.20000000298023224, 0.20000000298023224, 0.20000000298023224, 0.20000000298023224, 0.20000000298023224], [0.20000000298023224, 0.20000000298023224, 0.20000000298023224, 0.20000000298023224, 0.20000000298023224], [0.20000000298023224, 0.20000000298023224, 0.20000000298023224, 0.20000000298023224, 0.20000000298023224], [0.20000000298023224, 0.20000000298023224, 0.20000000298023224, 0.20000000298023224, 0.20000000298023224], [0.20000000298023224, 0.20000000298023224, 0.20000000298023224, 0.20000000298023224, 0.20000000298023224], [0.20000000298023224, 0.20000000298023224, 0.20000000298023224, 0.20000000298023224, 0.20000000298023224], [0.20000000298023224, 0.20000000298023224, 0.20000000298023224, 0.20000000298023224, 0.20000000298023224], [0.20000000298023224, 0.20000000298023224, 0.20000000298023224, 0.20000000298023224, 0.20000000298023224], [0.20000000298023224, 0.20000000298023224, 0.20000000298023224, 0.20000000298023224, 0.20000000298023224], [0.20000000298023224, 0.20000000298023224, 0.20000000298023224, 0.20000000298023224, 0.20000000298023224], [0.20000000298023224, 0.20000000298023224, 0.20000000298023224, 0.20000000298023224, 0.20000000298023224], [0.20000000298023224, 0.20000000298023224, 0.20000000298023224, 0.20000000298023224, 0.20000000298023224], [0.20000000298023224, 0.20000000298023224, 0.20000000298023224, 0.20000000298023224, 0.20000000298023224], [0.20000000298023224, 0.20000000298023224, 0.20000000298023224, 0.20000000298023224, 0.20000000298023224], [0.20000000298023224, 0.20000000298023224, 0.20000000298023224, 0.20000000298023224, 0.20000000298023224]], "coeff_list_in_victim": [[0.6710396409034729, 0.3289603292942047, 0.0, 0.0, 0.0]], "victims": {"DPN92": {"clean acc": 92.46000137329102, "prediction": 6, "poisons predictions": [8, 8, 8, 6, 8], "scores": [8.464670631092019e-10, 2.7166349275299984e-29, 2.751565952336117e-35, 1.2006158396572937e-15, 1.9523170464666216e-40, 4.6488697271464166e-24, 0.7428874969482422, 1.9616558625710145e-32, 0.25711140036582947, 0.0], "malicious score": 0.25711140036582947, "camera": {"2": {"prediction": 6, "scores": [2.402820831193253e-09, 6.7405607679134285e-28, 7.404429982072523e-31, 8.809913519189361e-13, 2.2809738703866995e-33, 3.4656980660199473e-19, 0.9882403016090393, 5.94315418412108e-26, 0.011758890002965927, 0.0], "malicious score": 0.011758890002965927}, "4": {"prediction": 6, "scores": [8.026782363779184e-13, 5.9377128927678016e-27, 7.000471529301754e-20, 0.0002371035807300359, 7.163612871847379e-20, 1.6234811539561633e-07, 0.9997615814208984, 1.7057818294810024e-22, 2.176106136175804e-06, 0.0], "malicious score": 2.176106136175804e-06}}}, "SENet18": {"clean acc": 91.26000213623047, "prediction": 6, "poisons predictions": [6, 8, 8, 6, 6], "scores": [8.848663446935079e-13, 4.366706995995173e-10, 1.2218703526994511e-14, 1.7097979282398867e-11, 3.951237886212766e-06, 5.275651877162391e-13, 0.9990544319152832, 1.3701661333298532e-11, 0.0009408721816726029, 8.259829079656101e-16], "malicious score": 0.0009408721816726029, "camera": {"2": {"prediction": 6, "scores": [8.826916200632695e-06, 2.743913494855643e-13, 7.070355585725441e-13, 2.598825599164911e-10, 6.120465627645899e-07, 9.834094259406068e-13, 0.5325150489807129, 1.270914450068883e-11, 0.4674745798110962, 6.094174994416545e-18], "malicious score": 0.4674745798110962}, "4": {"prediction": 8, "scores": [8.490806794725358e-05, 1.6968148891169377e-12, 0.00022764221648685634, 0.10153820365667343, 3.6291393001874894e-08, 1.4257525826621986e-08, 7.890040752906238e-15, 4.495176199270645e-06, 0.8981449604034424, 8.038755174488623e-15], "malicious score": 0.8981449604034424}}}, "ResNet50": {"clean acc": 92.31000137329102, "prediction": 8, "poisons predictions": [8, 8, 8, 8, 8], "scores": [2.97123076534527e-33, 4.772822569490327e-42, 3.1796297329414837e-38, 8.940964897134363e-37, 1.9246975854971925e-32, 0.0, 0.055891115218400955, 4.059057695225552e-31, 0.9441084861755371, 2.1018538596603e-17], "malicious score": 0.9441084861755371, "camera": {"2": {"prediction": 6, "scores": [7.511333963989552e-33, 9.80908925027372e-45, 2.3904795344467913e-38, 1.1641163178227123e-30, 1.0015379964698057e-31, 3.763467285637161e-41, 1.0, 6.563938120598988e-32, 3.003480344432319e-07, 5.662306167951717e-19], "malicious score": 3.003480344432319e-07}, "4": {"prediction": 3, "scores": [2.37848676556234e-19, 4.8284120795700924e-40, 1.756714965916591e-16, 1.0, 1.1476439237953148e-14, 6.7929039434063995e-37, 4.5478312088453876e-11, 1.398647847393689e-31, 8.013237365580976e-26, 2.334665223462356e-14], "malicious score": 8.013237365580976e-26}}}, "ResNeXt29_2x64d": {"clean acc": 93.33000183105469, "prediction": 6, "poisons predictions": [8, 8, 8, 8, 8], "scores": [1.7016418874504026e-22, 3.1899853638606146e-05, 6.019488334266694e-22, 6.166638380489253e-13, 0.0, 3.6745951110817304e-34, 0.5228601098060608, 2.0613323720901827e-26, 0.4771076440811157, 6.568530475590725e-22], "malicious score": 0.4771076440811157, "camera": {"2": {"prediction": 6, "scores": [1.9502916947736909e-25, 1.7869967590638906e-14, 3.332947737522724e-23, 3.9919898441563573e-13, 0.0, 1.388406267286161e-28, 1.0, 3.208323563394206e-30, 1.2813137217904114e-09, 9.759696523649774e-26], "malicious score": 1.2813137217904114e-09}, "4": {"prediction": 6, "scores": [4.388661346745214e-20, 9.301599983681848e-15, 1.158863261428722e-12, 1.7339598343824036e-05, 1.2750359196273203e-28, 1.8498977883629755e-17, 0.9999828338623047, 8.139270594896085e-19, 1.5035619378031225e-15, 1.8753725352806087e-22], "malicious score": 1.5035619378031225e-15}}}, "GoogLeNet": {"clean acc": 91.97000083923339, "prediction": 8, "poisons predictions": [6, 8, 8, 8, 8], "scores": [8.097773146475973e-11, 1.8421302456772537e-06, 1.554373470213921e-11, 5.367468111217022e-05, 1.9930525285705158e-10, 3.1216961815516697e-07, 0.49995923042297363, 8.338843531701182e-14, 0.4999849796295166, 2.8300850551943313e-10], "malicious score": 0.4999849796295166, "camera": {"2": {"prediction": 6, "scores": [1.1517826692397648e-09, 3.8423528167186305e-05, 1.0285237976859207e-06, 0.002606907393783331, 1.7504256377698368e-10, 3.3181579055963084e-05, 0.8658005595207214, 1.063645282961545e-09, 0.1315201222896576, 2.175879702109862e-12], "malicious score": 0.1315201222896576}, "4": {"prediction": 6, "scores": [3.5683915822204426e-09, 1.5398034065583488e-06, 0.0006734776543453336, 0.40136387944221497, 1.4826810890156139e-08, 0.03967873379588127, 0.5578115582466125, 1.243197575049801e-13, 0.00047088248538784683, 2.132853671454882e-09], "malicious score": 0.00047088248538784683}}}, "MobileNetV2": {"clean acc": 87.51000137329102, "prediction": 6, "poisons predictions": [8, 8, 8, 8, 8],