{"args": "Namespace(device='cuda', dset_path='datasets', end2end=False, eval_poisons_root='attack-results-eps0.20/100-overlap/linear-transfer-learning/mean/800', gpu='1', lr_decay_epoch=[30, 45], model_resume_path='model-chks', num_per_class=50, poison_label=8, retrain_bsize=64, retrain_epochs=60, retrain_lr=0.1, retrain_momentum=0.9, retrain_opt='adam', retrain_wd=0, subset_group=0, target_camera=True, target_index_end=29, target_index_start=28, target_index_step=1, target_label=6, target_net=['DPN92', 'SENet18', 'ResNet50', 'ResNeXt29_2x64d', 'GoogLeNet', 'MobileNetV2', 'ResNet18', 'DenseNet121'], target_print_size=[2, 4], test_chk_name='ckpt-%s-4800.t7', train_data_path='datasets/CIFAR10_TRAIN_Split.pth')", "poison_label": 8, "target_label": 6, "targets": {"28": {}, "28": {"800": {"time": 369.0, "coeffs_time": 0, "poisons_time": 4, "target_loss": 0.005123923532664776, "total_loss": 0.05839810147881508, "coeff_list": [[0.20000000298023224, 0.20000000298023224, 0.20000000298023224, 0.20000000298023224, 0.20000000298023224], [0.20000000298023224, 0.20000000298023224, 0.20000000298023224, 0.20000000298023224, 0.20000000298023224], [0.20000000298023224, 0.20000000298023224, 0.20000000298023224, 0.20000000298023224, 0.20000000298023224], [0.20000000298023224, 0.20000000298023224, 0.20000000298023224, 0.20000000298023224, 0.20000000298023224], [0.20000000298023224, 0.20000000298023224, 0.20000000298023224, 0.20000000298023224, 0.20000000298023224], [0.20000000298023224, 0.20000000298023224, 0.20000000298023224, 0.20000000298023224, 0.20000000298023224], [0.20000000298023224, 0.20000000298023224, 0.20000000298023224, 0.20000000298023224, 0.20000000298023224], [0.20000000298023224, 0.20000000298023224, 0.20000000298023224, 0.20000000298023224, 0.20000000298023224], [0.20000000298023224, 0.20000000298023224, 0.20000000298023224, 0.20000000298023224, 0.20000000298023224], [0.20000000298023224, 0.20000000298023224, 0.20000000298023224, 0.20000000298023224, 0.20000000298023224], [0.20000000298023224, 0.20000000298023224, 0.20000000298023224, 0.20000000298023224, 0.20000000298023224], [0.20000000298023224, 0.20000000298023224, 0.20000000298023224, 0.20000000298023224, 0.20000000298023224], [0.20000000298023224, 0.20000000298023224, 0.20000000298023224, 0.20000000298023224, 0.20000000298023224], [0.20000000298023224, 0.20000000298023224, 0.20000000298023224, 0.20000000298023224, 0.20000000298023224], [0.20000000298023224, 0.20000000298023224, 0.20000000298023224, 0.20000000298023224, 0.20000000298023224], [0.20000000298023224, 0.20000000298023224, 0.20000000298023224, 0.20000000298023224, 0.20000000298023224], [0.20000000298023224, 0.20000000298023224, 0.20000000298023224, 0.20000000298023224, 0.20000000298023224], [0.20000000298023224, 0.20000000298023224, 0.20000000298023224, 0.20000000298023224, 0.20000000298023224]], "coeff_list_in_victim": [[0.01955290138721466, 0.3356671929359436, 0.37827691435813904, 0.26650306582450867, 0.0]], "victims": {"DPN92": {"clean acc": 92.08000030517579, "prediction": 8, "poisons predictions": [8, 8, 8, 6, 8], "scores": [6.948151364156996e-13, 9.122067230448261e-24, 5.108391512742191e-40, 4.101970459676988e-17, 7.537402655179387e-24, 1.721997618907757e-20, 0.09647729992866516, 2.382207389352189e-44, 0.9035212397575378, 0.0], "malicious score": 0.9035212397575378, "camera": {"2": {"prediction": 6, "scores": [1.4365241155190105e-19, 1.682576872788122e-19, 7.501031434283267e-24, 3.3495126672278275e-07, 1.3734020431338534e-12, 2.2347583505943902e-10, 1.0, 2.5598430676550385e-36, 4.8500044258492636e-11, 0.0], "malicious score": 4.8500044258492636e-11}, "4": {"prediction": 6, "scores": [8.756791499172913e-24, 5.479175917046457e-22, 1.7775779458427302e-24, 1.8392274370171435e-09, 1.014056866905852e-13, 2.293756330706831e-11, 1.0, 2.3882329727487857e-41, 4.762418592263417e-17, 0.0], "malicious score": 4.762418592263417e-17}}}, "SENet18": {"clean acc": 91.1500015258789, "prediction": 6, "poisons predictions": [6, 6, 6, 6, 8], "scores": [5.383315460072424e-10, 4.198385295152299e-15, 3.422009401138229e-16, 1.0507085652922132e-12, 6.205197244923966e-09, 1.1901188779793264e-15, 0.9982182383537292, 1.0027985012235484e-18, 0.0017813474405556917, 3.2025090991390634e-19], "malicious score": 0.0017813474405556917, "camera": {"2": {"prediction": 6, "scores": [1.432656770994356e-09, 3.6750476562873445e-17, 9.18610738543086e-17, 2.0061227679057936e-10, 1.0748509282620944e-07, 9.592921075551875e-13, 0.9842898845672607, 2.359048990519624e-20, 0.01571066305041313, 1.0168249366961611e-16], "malicious score": 0.01571066305041313}, "4": {"prediction": 6, "scores": [8.362986692045382e-11, 4.8384233564798767e-20, 1.8603713838429994e-17, 1.8191420592117424e-09, 1.8203994756049724e-08, 6.758307108389872e-11, 0.9999828338623047, 1.6740402123565711e-22, 1.6998237697407603e-05, 1.1346196910884485e-14], "malicious score": 1.6998237697407603e-05}}}, "ResNet50": {"clean acc": 93.77000160217285, "prediction": 8, "poisons predictions": [8, 8, 8, 8, 8], "scores": [3.380358451742098e-33, 8.708608392771983e-27, 3.946618649570525e-24, 5.761486450996481e-27, 4.524998885874546e-29, 1.2352265519521586e-22, 0.0391479954123497, 4.0324334534760374e-32, 0.9608526825904846, 7.722489536341876e-21], "malicious score": 0.9608526825904846, "camera": {"2": {"prediction": 6, "scores": [3.129238928060486e-36, 5.853336207085846e-26, 1.7556153596956778e-32, 3.7244227895430696e-28, 5.977882011360937e-31, 4.191497871734827e-18, 0.9999942779541016, 4.708635935938085e-34, 6.6085649450542405e-06, 2.86850888355618e-20], "malicious score": 6.6085649450542405e-06}, "4": {"prediction": 6, "scores": [2.897376471314692e-28, 4.2819021727262576e-26, 1.3827282684598248e-30, 7.479261219586069e-16, 1.852056486777434e-19, 0.00017673138063400984, 0.9998226165771484, 1.8085394995077306e-34, 1.406003356386112e-16, 2.799143326845073e-20], "malicious score": 1.406003356386112e-16}}}, "ResNeXt29_2x64d": {"clean acc": 93.04000091552734, "prediction": 8, "poisons predictions": [8, 8, 8, 8, 8], "scores": [4.8650130154544135e-30, 2.3542303403340758e-20, 8.450827862421453e-18, 2.7324748019808e-10, 7.984183201722415e-35, 1.7984267568697921e-26, 0.3140871226787567, 8.920941927344947e-20, 0.6859115958213806, 3.613432072775265e-27], "malicious score": 0.6859115958213806, "camera": {"2": {"prediction": 6, "scores": [4.828899224200977e-24, 4.97796630889922e-17, 9.63806518725378e-15, 0.005604587960988283, 1.2283229755762515e-16, 1.67941642246271e-18, 0.994318962097168, 7.49316116259941e-18, 7.602491677971557e-05, 2.1153096894027614e-18], "malicious score": 7.602491677971557e-05}, "4": {"prediction": 6, "scores": [8.553235749699405e-21, 1.064676160535884e-17, 3.9810768570625044e-10, 0.24857760965824127, 7.052510682115098e-07, 7.319241566994261e-12, 0.7514215111732483, 1.3741924219383235e-17, 7.184332417864425e-08, 1.19463102248935e-15], "malicious score": 7.184332417864425e-08}}}, "GoogLeNet": {"clean acc": 91.71000099182129, "prediction": 8, "poisons predictions": [8, 8, 6, 8, 8], "scores": [8.519242169352514e-13, 2.518866004663778e-08, 9.61066870530658e-09, 5.940509436186403e-05, 3.092796774240014e-08, 5.240281097940169e-07, 0.30414626002311707, 6.560097354224581e-09, 0.6957941651344299, 3.532370319099705e-14], "malicious score": 0.6957941651344299, "camera": {"2": {"prediction": 3, "scores": [4.495582291846878e-12, 3.980033397965599e-06, 2.480869625287596e-06, 0.9543718695640564, 0.018470797687768936, 0.0030438562389463186, 0.024039220064878464, 1.0438858605917468e-14, 6.768519233446568e-05, 1.7532417473375972e-07], "malicious score": 6.768519233446568e-05}, "4": {"prediction": 3, "scores": [4.493113780340563e-12, 3.7930271901132073e-07, 3.2742687494646816e-07, 0.951548159122467, 2.9429031201289035e-05, 0.008105138316750526, 0.04031454771757126, 2.6778080155753056e-19, 2.7353573273103393e-07, 1.861952569015557e-06], "malicious score": 2.7353573273103393e-07}}}, "MobileNetV2": {"clean acc": 87.41000213623047,