{"args": "Namespace(device='cuda', dset_path='datasets', end2end=False, eval_poisons_root='attack-results-3poisons/100-overlap/linear-transfer-learning/mean/800', gpu='0', lr_decay_epoch=[30, 45], model_resume_path='model-chks', num_per_class=50, poison_label=8, retrain_bsize=64, retrain_epochs=60, retrain_lr=0.1, retrain_momentum=0.9, retrain_opt='adam', retrain_wd=0, subset_group=0, target_camera=True, target_index_end=34, target_index_start=33, target_index_step=1, target_label=6, target_net=['DPN92', 'SENet18', 'ResNet50', 'ResNeXt29_2x64d', 'GoogLeNet', 'MobileNetV2', 'ResNet18', 'DenseNet121'], target_print_size=[2, 4], test_chk_name='ckpt-%s-4800.t7', train_data_path='datasets/CIFAR10_TRAIN_Split.pth')", "poison_label": 8, "target_label": 6, "targets": {"33": {}, "33": {"800": {"time": 348.0, "coeffs_time": 0, "poisons_time": 4, "target_loss": 0.036666471511125565, "total_loss": 0.08465241640806198, "coeff_list": [[0.3333333432674408, 0.3333333432674408, 0.3333333432674408], [0.3333333432674408, 0.3333333432674408, 0.3333333432674408], [0.3333333432674408, 0.3333333432674408, 0.3333333432674408], [0.3333333432674408, 0.3333333432674408, 0.3333333432674408], [0.3333333432674408, 0.3333333432674408, 0.3333333432674408], [0.3333333432674408, 0.3333333432674408, 0.3333333432674408], [0.3333333432674408, 0.3333333432674408, 0.3333333432674408], [0.3333333432674408, 0.3333333432674408, 0.3333333432674408], [0.3333333432674408, 0.3333333432674408, 0.3333333432674408], [0.3333333432674408, 0.3333333432674408, 0.3333333432674408], [0.3333333432674408, 0.3333333432674408, 0.3333333432674408], [0.3333333432674408, 0.3333333432674408, 0.3333333432674408], [0.3333333432674408, 0.3333333432674408, 0.3333333432674408], [0.3333333432674408, 0.3333333432674408, 0.3333333432674408], [0.3333333432674408, 0.3333333432674408, 0.3333333432674408], [0.3333333432674408, 0.3333333432674408, 0.3333333432674408], [0.3333333432674408, 0.3333333432674408, 0.3333333432674408], [0.3333333432674408, 0.3333333432674408, 0.3333333432674408]], "coeff_list_in_victim": [[0.0, 1.0, 0.0]], "victims": {"DPN92": {"clean acc": 91.87000198364258, "prediction": 6, "poisons predictions": [8, 8, 8], "scores": [2.72777219784354e-14, 6.843666800794568e-13, 0.0, 2.868139956763681e-14, 6.477016153211615e-29, 6.72693251153521e-17, 0.9987800121307373, 1.6792600277082878e-40, 0.0012186559615656734, 0.0], "malicious score": 0.0012186559615656734, "camera": {"2": {"prediction": 6, "scores": [1.0045963220366508e-14, 1.9756958113785472e-13, 0.0, 5.872032721176978e-11, 4.1873800233631545e-23, 2.8006258404500613e-14, 1.0, 5.112346154581057e-34, 6.50868059892673e-07, 0.0], "malicious score": 6.50868059892673e-07}, "4": {"prediction": 6, "scores": [4.744570991815213e-19, 5.943907461824753e-17, 7.710315035541026e-33, 0.00019311638607177883, 1.0141826343578603e-13, 2.0166433387203142e-05, 0.999786376953125, 1.222296750235773e-33, 4.151293227900275e-15, 1.8582832291510383e-35], "malicious score": 4.151293227900275e-15}}}, "SENet18": {"clean acc": 91.62000122070313, "prediction": 6, "poisons predictions": [6, 8, 6], "scores": [1.5844355516492215e-07, 2.790130322963269e-12, 1.0702759208405799e-12, 3.417982008535603e-10, 9.953519111149944e-07, 3.8196160644099475e-13, 0.9972628951072693, 1.5132914611610979e-16, 0.002735355170443654, 1.228313578804493e-16], "malicious score": 0.002735355170443654, "camera": {"2": {"prediction": 6, "scores": [0.030506378039717674, 2.312402063586608e-16, 7.47582117738288e-13, 1.3735822479432613e-09, 5.339227726608442e-08, 1.3193343173598798e-13, 0.6891559362411499, 5.8455918141054515e-19, 0.28033754229545593, 1.2658150526455033e-18], "malicious score": 0.28033754229545593}, "4": {"prediction": 3, "scores": [0.06610841304063797, 5.469013263093014e-12, 0.0009996695443987846, 0.9251707792282104, 1.5613497907907004e-06, 4.74908823377973e-08, 1.1543376671196981e-10, 5.7019797772284164e-09, 0.0077196406200528145, 1.9536403744746522e-12], "malicious score": 0.0077196406200528145}}}, "ResNet50": {"clean acc": 93.20000114440919, "prediction": 6, "poisons predictions": [8, 8, 8], "scores": [7.922583660135324e-30, 2.909417854084761e-34, 4.396847185019657e-39, 1.3769939190203977e-33, 3.63749055369436e-41, 2.476745934195924e-35, 0.9089382886886597, 1.1155602101421785e-36, 0.091063492000103, 5.340163853386507e-27], "malicious score": 0.091063492000103, "camera": {"2": {"prediction": 6, "scores": [1.1277617570150574e-31, 5.029561467631598e-39, 2.552325022921222e-41, 6.481338060377441e-30, 8.971112768607479e-42, 2.0604790966524123e-30, 1.0, 3.0338619022676375e-38, 3.126515224494142e-08, 1.9259609480507388e-32], "malicious score": 3.126515224494142e-08}, "4": {"prediction": 3, "scores": [1.7347430181187787e-19, 8.675578922481375e-41, 4.4042551154236187e-29, 0.9999942779541016, 1.113977966681044e-29, 1.7765538528196998e-32, 3.13827626996499e-06, 8.751369934169691e-34, 1.826994662224024e-06, 1.4609171213770308e-34], "malicious score": 1.826994662224024e-06}}}, "ResNeXt29_2x64d": {"clean acc": 92.83000106811524, "prediction": 8, "poisons predictions": [8, 8, 8], "scores": [1.5461431167603476e-24, 0.004179419483989477, 3.1421911141007054e-15, 5.671146278279915e-12, 0.0, 1.765578943147499e-28, 0.30078694224357605, 7.743053537175628e-20, 0.6950341463088989, 3.7483310161684305e-25], "malicious score": 0.6950341463088989, "camera": {"2": {"prediction": 6, "scores": [4.617757854231357e-26, 6.611747260798495e-10, 3.741120064291222e-16, 2.1834721530833434e-11, 0.0, 2.809858804436102e-23, 1.0, 2.7655150396874566e-23, 1.755342964315787e-07, 2.5625527127034454e-26], "malicious score": 1.755342964315787e-07}, "4": {"prediction": 6, "scores": [3.7279507678449977e-19, 8.458683198320216e-10, 5.334077002316917e-08, 7.887583342380822e-05, 1.9933335803955896e-29, 1.7572336814819511e-13, 0.9999217987060547, 2.3168898982510455e-14, 2.114946065501222e-11, 2.5155281364012154e-20], "malicious score": 2.114946065501222e-11}}}, "GoogLeNet": {"clean acc": 91.99000091552735, "prediction": 6, "poisons predictions": [6, 8, 8], "scores": [3.2023328433439247e-11, 1.4306048967682727e-07, 1.9464906574583052e-13, 7.275982625287725e-06, 1.7995042955742946e-11, 8.052595745766666e-08, 0.6350709199905396, 8.649468809370994e-14, 0.364921897649765, 5.633050623177205e-11], "malicious score": 0.364921897649765, "camera": {"2": {"prediction": 6, "scores": [7.868663942645071e-09, 1.6923961084103212e-05, 2.0487973984018026e-07, 0.0007357511203736067, 2.384347996819969e-10, 1.6200847312575206e-05, 0.8242517709732056, 2.7100705679572457e-08, 0.17497918009757996, 3.214067683873778e-12], "malicious score": 0.17497918009757996}, "4": {"prediction": 6, "scores": [6.778155814401998e-09, 9.926029633788858e-07, 0.0001867912505986169, 0.2782997488975525, 6.324135881641268e-08, 0.06420361250638962, 0.6572742462158203, 6.530462802467607e-12, 3.449190262472257e-05, 2.748413052700016e-09], "malicious score": 3.449190262472257e-05}}}, "MobileNetV2": {"clean acc": 87.38000221252442, "prediction": 6, "poisons predictions": [8, 8, 8], "scores": [1.4065243610580122e-15, 2.3746645438635155e-16, 2.7174019734703056e-14, 2.4970365757326363e-06, 2.501195011346998e-27, 1.65305798021341e-14, 0.9983534216880798, 4.0368146450537555e-27, 0.001642889459617436, 4.9119949600102255e-27], "malicious score": 0.001642889459617436, "camera": {"2": {"prediction": 6, "scores": [4.181722676466215e-11, 1.161086444767534e-07, 2.3422566663988675e-10, 9.481194865657017e-06, 2.2024324995368125e-22, 3.7438510624987487e-10, 0.9999885559082031, 1.236047345946823e-21, 1.149725562754611e-06, 1.735942356387906e-14], "malicious score": 1.149725562754611e-06}, "4": {"prediction": 6, "scores": [3.893195141269068e-11, 3.2975737696006036e-09, 3.5971627454500776e-08, 0.00029359245672822, 9.203491314956576e-20, 2.664770875071554e-07, 0.9997063279151917, 2.94586023577133e-18, 3.941665056572674e-07, 4.0192262595143286e-17], "malicious score": 3.941665056572674e-07}}},