{"args": "Namespace(device='cuda', dset_path='datasets', end2end=False, eval_poisons_root='attack-results-eps0.03/100-overlap/linear-transfer-learning/mean/800', gpu='2', lr_decay_epoch=[30, 45], model_resume_path='model-chks', num_per_class=50, poison_label=8, retrain_bsize=64, retrain_epochs=60, retrain_lr=0.1, retrain_momentum=0.9, retrain_opt='adam', retrain_wd=0, subset_group=0, target_camera=True, target_index_end=42, target_index_start=41, target_index_step=1, target_label=6, target_net=['DPN92', 'SENet18', 'ResNet50', 'ResNeXt29_2x64d', 'GoogLeNet', 'MobileNetV2', 'ResNet18', 'DenseNet121'], target_print_size=[2, 4], test_chk_name='ckpt-%s-4800.t7', train_data_path='datasets/CIFAR10_TRAIN_Split.pth')", "poison_label": 8, "target_label": 6, "targets": {"41": {}, "41": {"800": {"time": 330.0, "coeffs_time": 0, "poisons_time": 4, "target_loss": 0.004586199298501015, "total_loss": 0.1350894570350647, "coeff_list": [[0.20000000298023224, 0.20000000298023224, 0.20000000298023224, 0.20000000298023224, 0.20000000298023224], [0.20000000298023224, 0.20000000298023224, 0.20000000298023224, 0.20000000298023224, 0.20000000298023224], [0.20000000298023224, 0.20000000298023224, 0.20000000298023224, 0.20000000298023224, 0.20000000298023224], [0.20000000298023224, 0.20000000298023224, 0.20000000298023224, 0.20000000298023224, 0.20000000298023224], [0.20000000298023224, 0.20000000298023224, 0.20000000298023224, 0.20000000298023224, 0.20000000298023224], [0.20000000298023224, 0.20000000298023224, 0.20000000298023224, 0.20000000298023224, 0.20000000298023224], [0.20000000298023224, 0.20000000298023224, 0.20000000298023224, 0.20000000298023224, 0.20000000298023224], [0.20000000298023224, 0.20000000298023224, 0.20000000298023224, 0.20000000298023224, 0.20000000298023224], [0.20000000298023224, 0.20000000298023224, 0.20000000298023224, 0.20000000298023224, 0.20000000298023224], [0.20000000298023224, 0.20000000298023224, 0.20000000298023224, 0.20000000298023224, 0.20000000298023224], [0.20000000298023224, 0.20000000298023224, 0.20000000298023224, 0.20000000298023224, 0.20000000298023224], [0.20000000298023224, 0.20000000298023224, 0.20000000298023224, 0.20000000298023224, 0.20000000298023224], [0.20000000298023224, 0.20000000298023224, 0.20000000298023224, 0.20000000298023224, 0.20000000298023224], [0.20000000298023224, 0.20000000298023224, 0.20000000298023224, 0.20000000298023224, 0.20000000298023224], [0.20000000298023224, 0.20000000298023224, 0.20000000298023224, 0.20000000298023224, 0.20000000298023224], [0.20000000298023224, 0.20000000298023224, 0.20000000298023224, 0.20000000298023224, 0.20000000298023224], [0.20000000298023224, 0.20000000298023224, 0.20000000298023224, 0.20000000298023224, 0.20000000298023224], [0.20000000298023224, 0.20000000298023224, 0.20000000298023224, 0.20000000298023224, 0.20000000298023224]], "coeff_list_in_victim": [[0.0, 0.0, 0.29720938205718994, 0.0, 0.7027906179428101]], "victims": {"DPN92": {"clean acc": 92.06000137329102, "prediction": 6, "poisons predictions": [8, 8, 8, 8, 6], "scores": [7.534866781903722e-18, 1.1929287457960312e-36, 1.6947159293802512e-38, 9.779637268206239e-18, 1.0995824409318708e-34, 2.4009980041002636e-16, 0.9913628697395325, 0.0, 0.008637943305075169, 0.0], "malicious score": 0.008637943305075169, "camera": {}}, "SENet18": {"clean acc": 91.34000091552734, "prediction": 6, "poisons predictions": [8, 8, 8, 8, 6], "scores": [5.674924658476523e-15, 1.1723285578316613e-24, 6.671808533770186e-17, 5.76532876994662e-10, 2.5681067199911922e-05, 2.6020831322970395e-11, 0.8854913711547852, 7.010744135402564e-17, 0.11448224633932114, 8.071599829930474e-16], "malicious score": 0.11448224633932114, "camera": {}}, "ResNet50": {"clean acc": 92.7300018310547, "prediction": 6, "poisons predictions": [8, 8, 8, 8, 8], "scores": [2.5658517569973493e-39, 2.30821234415319e-19, 0.0, 4.716387838986217e-25, 1.8771536885412892e-23, 1.6775276005783394e-33, 0.9891889095306396, 3.043458787979515e-31, 0.010811886750161648, 3.180803280315607e-25], "malicious score": 0.010811886750161648, "camera": {}}, "ResNeXt29_2x64d": {"clean acc": 92.72000160217286, "prediction": 6, "poisons predictions": [8, 8, 8, 8, 8], "scores": [4.999504902600106e-26, 2.323883885830998e-28, 2.0603083041720316e-13, 7.952565828084346e-10, 0.0, 9.85669609413699e-22, 0.9996338486671448, 1.1066550733675579e-21, 0.0003660541551653296, 7.353515486303333e-22], "malicious score": 0.0003660541551653296, "camera": {}}, "GoogLeNet": {"clean acc": 91.71000137329102, "prediction": 6, "poisons predictions": [6, 8, 8, 8, 8], "scores": [1.0069036750215421e-11, 9.05106123383348e-09, 0.003610823769122362, 0.027584413066506386, 5.306398834334543e-14, 0.002470501698553562, 0.9494850039482117, 7.493812861913973e-12, 0.016849054023623466, 1.454198133438167e-11], "malicious score": 0.016849054023623466, "camera": {}}, "MobileNetV2": {"clean acc": 86.19000244140625, "prediction": 8, "poisons predictions": [8, 8, 8, 8, 8], "scores": [8.470810560787264e-17, 7.7432645974788e-19, 4.099149839009719e-12, 1.3314296154476324e-07, 1.0535374731400475e-32, 4.485244640972663e-12, 0.0020553262438625097, 8.715662658157405e-25, 0.9979441165924072, 5.417526326862908e-24], "malicious score": 0.9979441165924072, "camera": {}}, "ResNet18": {"clean acc": 92.69000091552735, "prediction": 6, "poisons predictions": [8, 8, 8, 8, 8], "scores": [2.1394247022891958e-21, 2.6490556276348443e-11, 2.506941602890161e-15, 0.0003503665793687105, 4.252019443709145e-25, 5.049839160164993e-07, 0.9246644973754883, 3.2617636653314167e-19, 0.07498462498188019, 1.53221607330151e-24], "malicious score": 0.07498462498188019, "camera": {}}, "DenseNet121": {"clean acc": 93.09000244140626, "prediction": 6, "poisons predictions": [8, 8, 8, 8, 8], "scores": [1.7789008044388765e-09, 5.782025791316314e-13, 7.563843773539247e-09, 0.00018066639313474298, 1.4332347808565515e-11, 1.976202156583895e-06, 0.8692377209663391, 2.747361497381827e-19, 0.13057941198349, 1.2036592555997316e-10], "malicious score": 0.13057941198349, "camera": {}}}}}}, "poison_idx_list": [213, 225, 227, 247, 249]}