{"args": "Namespace(device='cuda', dset_path='datasets', end2end=False, eval_poisons_root='attack-results-3poisons/100-overlap/linear-transfer-learning/mean/800', gpu='0', lr_decay_epoch=[30, 45], model_resume_path='model-chks', num_per_class=50, poison_label=8, retrain_bsize=64, retrain_epochs=60, retrain_lr=0.1, retrain_momentum=0.9, retrain_opt='adam', retrain_wd=0, subset_group=0, target_camera=True, target_index_end=1, target_index_start=0, target_index_step=1, target_label=6, target_net=['DPN92', 'SENet18', 'ResNet50', 'ResNeXt29_2x64d', 'GoogLeNet', 'MobileNetV2', 'ResNet18', 'DenseNet121'], target_print_size=[2, 4], test_chk_name='ckpt-%s-4800.t7', train_data_path='datasets/CIFAR10_TRAIN_Split.pth')", "poison_label": 8, "target_label": 6, "targets": {"0": {}, "0": {"800": {"time": 364.0, "coeffs_time": 0, "poisons_time": 4, "target_loss": 0.018114319071173668, "total_loss": 0.09650979936122894, "coeff_list": [[0.3333333432674408, 0.3333333432674408, 0.3333333432674408], [0.3333333432674408, 0.3333333432674408, 0.3333333432674408], [0.3333333432674408, 0.3333333432674408, 0.3333333432674408], [0.3333333432674408, 0.3333333432674408, 0.3333333432674408], [0.3333333432674408, 0.3333333432674408, 0.3333333432674408], [0.3333333432674408, 0.3333333432674408, 0.3333333432674408], [0.3333333432674408, 0.3333333432674408, 0.3333333432674408], [0.3333333432674408, 0.3333333432674408, 0.3333333432674408], [0.3333333432674408, 0.3333333432674408, 0.3333333432674408], [0.3333333432674408, 0.3333333432674408, 0.3333333432674408], [0.3333333432674408, 0.3333333432674408, 0.3333333432674408], [0.3333333432674408, 0.3333333432674408, 0.3333333432674408], [0.3333333432674408, 0.3333333432674408, 0.3333333432674408], [0.3333333432674408, 0.3333333432674408, 0.3333333432674408], [0.3333333432674408, 0.3333333432674408, 0.3333333432674408], [0.3333333432674408, 0.3333333432674408, 0.3333333432674408], [0.3333333432674408, 0.3333333432674408, 0.3333333432674408], [0.3333333432674408, 0.3333333432674408, 0.3333333432674408]], "coeff_list_in_victim": [[0.0, 0.16888836026191711, 0.8311116695404053]], "victims": {"DPN92": {"clean acc": 92.35000114440918, "prediction": 6, "poisons predictions": [8, 8, 8], "scores": [0.00028907490195706487, 2.4225737332118436e-15, 6.696136331182294e-31, 1.9927663685859187e-11, 6.521741052709277e-22, 7.608905693012868e-12, 0.9994717836380005, 4.365754335707801e-34, 0.0002394239854766056, 9.80908925027372e-45], "malicious score": 0.0002394239854766056, "camera": {"2": {"prediction": 3, "scores": [7.286721522234465e-37, 4.0774155948829575e-39, 0.00043702448601834476, 0.8702446818351746, 0.005271393805742264, 0.1240471750497818, 1.6950821191130672e-07, 0.0, 6.418185523658229e-36, 5.787043664618016e-25], "malicious score": 6.418185523658229e-36}, "4": {"prediction": 5, "scores": [5.60697424623455e-36, 4.389693556359279e-40, 1.3652287407239783e-06, 0.0005429560551419854, 1.8361483000717271e-07, 0.9994546175003052, 9.00854672636342e-07, 0.0, 6.15476237579019e-38, 8.31154251568117e-30], "malicious score": 6.15476237579019e-38}}}, "SENet18": {"clean acc": 91.5400016784668, "prediction": 8, "poisons predictions": [8, 6, 8], "scores": [3.4954568128853225e-09, 2.396620922551218e-11, 1.2574751695555599e-17, 4.014130809082417e-06, 0.00046028560609556735, 6.789250411864955e-11, 9.499318548478186e-05, 3.3622414328909856e-16, 0.9994413256645203, 1.3354889926287276e-18], "malicious score": 0.9994413256645203, "camera": {"2": {"prediction": 3, "scores": [4.564686996683632e-20, 2.256251676886353e-39, 6.651866201818268e-15, 0.9999217987060547, 3.724663077964152e-10, 7.808920054230839e-05, 3.0134476482023064e-22, 1.4034365762800688e-31, 2.1702841346976642e-12, 2.546656623062205e-20], "malicious score": 2.1702841346976642e-12}, "4": {"prediction": 3, "scores": [5.3707738677214617e-17, 5.8564554160551254e-36, 4.901283643266724e-14, 0.9998435974121094, 4.675988805047382e-07, 0.00015531136887148023, 7.534090886489147e-18, 1.115837105976813e-28, 1.8768332721297298e-10, 1.5185796891141892e-20], "malicious score": 1.8768332721297298e-10}}}, "ResNet50": {"clean acc": 93.57000160217285, "prediction": 6, "poisons predictions": [8, 8, 8], "scores": [3.7179800242483596e-27, 6.144937396380598e-14, 2.955035780792745e-39, 8.730679468271774e-08, 2.929955672242255e-19, 6.146983284966952e-27, 0.5600992441177368, 5.990270675295728e-41, 0.43990036845207214, 7.693454676123001e-17], "malicious score": 0.43990036845207214, "camera": {"2": {"prediction": 3, "scores": [2.8793191928973604e-27, 5.859065581447618e-30, 1.2510656601225275e-29, 1.0, 5.402255964788536e-16, 1.1512660789473434e-21, 5.333902474605984e-40, 1.363183146095182e-41, 1.1481486252467922e-27, 2.0892591061946956e-21], "malicious score": 1.1481486252467922e-27}, "4": {"prediction": 3, "scores": [2.5827522973684862e-24, 4.553173315030987e-28, 4.393876355990514e-25, 1.0, 1.1201536660038203e-12, 2.0418358884806216e-20, 1.571236821373518e-36, 4.904101814822133e-39, 9.540452972863807e-26, 1.438470704144895e-19], "malicious score": 9.540452972863807e-26}}}, "ResNeXt29_2x64d": {"clean acc": 93.12000198364258, "prediction": 6, "poisons predictions": [8, 8, 8], "scores": [1.9361067470469572e-22, 2.5581641693861457e-06, 1.0350113693484214e-15, 2.9258796774289664e-11, 1.474198214334387e-39, 6.3308793436891105e-24, 0.9653900861740112, 5.771471778329755e-20, 0.034607406705617905, 4.204214908180628e-32], "malicious score": 0.034607406705617905, "camera": {"2": {"prediction": 3, "scores": [4.0147557519676184e-15, 4.7909440778922565e-21, 4.3185202081019725e-09, 0.9480485916137695, 1.039091785060009e-06, 0.0016076520550996065, 0.05034306272864342, 9.154504774352391e-20, 4.743862718415714e-20, 9.77789931541715e-15], "malicious score": 4.743862718415714e-20}, "4": {"prediction": 3, "scores": [4.558712687397805e-15, 1.1291849004309916e-19, 8.5830311746804e-09, 0.9398324489593506, 2.493512283763266e-06, 0.00020329536346253008, 0.05996127054095268, 8.129961194089684e-19, 3.938569201473263e-18, 3.2580643742521464e-15], "malicious score": 3.938569201473263e-18}}}, "GoogLeNet": {"clean acc": 92.53000259399414, "prediction": 6, "poisons predictions": [8, 6, 8], "scores": [1.0366805192063566e-08, 4.791471610587905e-07, 7.262200796276375e-08, 3.631897197919898e-05, 3.4576341789716025e-09, 1.5594421256537316e-06, 0.9765760898590088, 5.57387920707697e-07, 0.02338477596640587, 1.3247008741681943e-12], "malicious score": 0.02338477596640587, "camera": {"2": {"prediction": 5, "scores": [5.707058159387657e-10, 5.210160081148274e-10, 0.00012748035078402609, 0.08545874059200287, 4.2659092287067324e-05, 0.9105789661407471, 0.0037922575138509274, 3.910846143981875e-16, 3.882679175051676e-15, 2.6284459408998373e-07], "malicious score": 3.882679175051676e-15}, "4": {"prediction": 5, "scores": [1.207577648987268e-10, 5.560504487411855e-11, 3.438516068854369e-05, 0.002473250264301896, 5.473642431752523e-06, 0.995852530002594, 0.001634014886803925, 1.516071449763766e-15, 7.370279313614371e-15, 3.255963676451756e-08], "malicious score": 7.370279313614371e-15}}}, "MobileNetV2": {"clean acc": 87.20000114440919, "prediction": 6, "poisons predictions": [6, 8, 6], "scores": [7.178957948938969e-13, 1.357257982357468e-21, 2.9046663467898913e-15, 0.00011613107926677912, 2.618890493170825e-20, 3.664340233391764e-16, 0.9997006058692932, 1.20247862749547e-27, 0.00018345408898312598, 9.896235404094305e-26], "malicious score": 0.00018345408898312598, "camera": {"2": {"prediction": 3, "scores": [2.8305967703090573e-07, 4.74090169161596e-25, 1.5465938076886232e-06, 0.9997596740722656, 2.158093703741315e-09, 2.7131932256452274e-09, 0.00023655113182030618, 6.272575102570388e-27, 1.2123920214435202e-06, 1.2396811083725029e-17], "malicious score": 1.2123920214435202e-06}, "4": {"prediction": 3,