{"args": "Namespace(device='cuda', dset_path='datasets', end2end=False, eval_poisons_root='attack-results-7poisons/100-overlap/linear-transfer-learning/mean/800', gpu='2', lr_decay_epoch=[30, 45], model_resume_path='model-chks', num_per_class=50, poison_label=8, retrain_bsize=64, retrain_epochs=60, retrain_lr=0.1, retrain_momentum=0.9, retrain_opt='adam', retrain_wd=0, subset_group=0, target_camera=True, target_index_end=9, target_index_start=8, target_index_step=1, target_label=6, target_net=['DPN92', 'SENet18', 'ResNet50', 'ResNeXt29_2x64d', 'GoogLeNet', 'MobileNetV2', 'ResNet18', 'DenseNet121'], target_print_size=[2, 4], test_chk_name='ckpt-%s-4800.t7', train_data_path='datasets/CIFAR10_TRAIN_Split.pth')", "poison_label": 8, "target_label": 6, "targets": {"8": {}, "8": {"800": {"time": 365.0, "coeffs_time": 0, "poisons_time": 4, "target_loss": 0.003917024936527014, "total_loss": 0.08095531165599823, "coeff_list": [[0.1428571492433548, 0.1428571492433548, 0.1428571492433548, 0.1428571492433548, 0.1428571492433548, 0.1428571492433548, 0.1428571492433548], [0.1428571492433548, 0.1428571492433548, 0.1428571492433548, 0.1428571492433548, 0.1428571492433548, 0.1428571492433548, 0.1428571492433548], [0.1428571492433548, 0.1428571492433548, 0.1428571492433548, 0.1428571492433548, 0.1428571492433548, 0.1428571492433548, 0.1428571492433548], [0.1428571492433548, 0.1428571492433548, 0.1428571492433548, 0.1428571492433548, 0.1428571492433548, 0.1428571492433548, 0.1428571492433548], [0.1428571492433548, 0.1428571492433548, 0.1428571492433548, 0.1428571492433548, 0.1428571492433548, 0.1428571492433548, 0.1428571492433548], [0.1428571492433548, 0.1428571492433548, 0.1428571492433548, 0.1428571492433548, 0.1428571492433548, 0.1428571492433548, 0.1428571492433548], [0.1428571492433548, 0.1428571492433548, 0.1428571492433548, 0.1428571492433548, 0.1428571492433548, 0.1428571492433548, 0.1428571492433548], [0.1428571492433548, 0.1428571492433548, 0.1428571492433548, 0.1428571492433548, 0.1428571492433548, 0.1428571492433548, 0.1428571492433548], [0.1428571492433548, 0.1428571492433548, 0.1428571492433548, 0.1428571492433548, 0.1428571492433548, 0.1428571492433548, 0.1428571492433548], [0.1428571492433548, 0.1428571492433548, 0.1428571492433548, 0.1428571492433548, 0.1428571492433548, 0.1428571492433548, 0.1428571492433548], [0.1428571492433548, 0.1428571492433548, 0.1428571492433548, 0.1428571492433548, 0.1428571492433548, 0.1428571492433548, 0.1428571492433548], [0.1428571492433548, 0.1428571492433548, 0.1428571492433548, 0.1428571492433548, 0.1428571492433548, 0.1428571492433548, 0.1428571492433548], [0.1428571492433548, 0.1428571492433548, 0.1428571492433548, 0.1428571492433548, 0.1428571492433548, 0.1428571492433548, 0.1428571492433548], [0.1428571492433548, 0.1428571492433548, 0.1428571492433548, 0.1428571492433548, 0.1428571492433548, 0.1428571492433548, 0.1428571492433548], [0.1428571492433548, 0.1428571492433548, 0.1428571492433548, 0.1428571492433548, 0.1428571492433548, 0.1428571492433548, 0.1428571492433548], [0.1428571492433548, 0.1428571492433548, 0.1428571492433548, 0.1428571492433548, 0.1428571492433548, 0.1428571492433548, 0.1428571492433548], [0.1428571492433548, 0.1428571492433548, 0.1428571492433548, 0.1428571492433548, 0.1428571492433548, 0.1428571492433548, 0.1428571492433548], [0.1428571492433548, 0.1428571492433548, 0.1428571492433548, 0.1428571492433548, 0.1428571492433548, 0.1428571492433548, 0.1428571492433548]], "coeff_list_in_victim": [[0.6240743398666382, 0.14960667490959167, 0.09604863822460175, 0.0, 0.1261877864599228, 0.004082499071955681, 0.0]], "victims": {"DPN92": {"clean acc": 92.34000129699707, "prediction": 8, "poisons predictions": [8, 8, 8, 8, 8, 8, 8], "scores": [6.94257070452467e-14, 2.0611032634639984e-27, 0.0, 1.3521050671939175e-22, 1.304908417141603e-29, 1.46821549223809e-24, 3.207080434552978e-12, 1.569454280043795e-42, 1.0, 0.0], "malicious score": 1.0, "camera": {"2": {"prediction": 5, "scores": [1.8923008863597913e-17, 1.0813556938890508e-32, 7.838862600002667e-22, 0.002095464151352644, 3.091626889391297e-13, 0.9979041218757629, 5.675501233803719e-14, 9.708263871150133e-27, 8.037986987119439e-08, 2.3464927801357904e-35], "malicious score": 8.037986987119439e-08}, "4": {"prediction": 3, "scores": [3.5565877825081155e-17, 1.8908889875241991e-22, 3.5938915653727993e-23, 0.8521797060966492, 1.1796317256340672e-09, 0.05474003404378891, 6.0988121325345705e-15, 2.5255542177186634e-22, 0.09308015555143356, 9.452148194171053e-31], "malicious score": 0.09308015555143356}}}, "SENet18": {"clean acc": 91.1500015258789, "prediction": 8, "poisons predictions": [8, 8, 8, 8, 8, 8, 6], "scores": [9.61937057786244e-11, 9.649162196426821e-25, 2.7126086025446625e-20, 1.6983924329240572e-15, 7.047930988823836e-11, 3.352314206749165e-17, 0.0003505072963889688, 2.7514931039654408e-27, 0.9996491074562073, 1.0819506571866625e-23], "malicious score": 0.9996491074562073, "camera": {"2": {"prediction": 8, "scores": [5.2319220067431615e-09, 2.6795914706090328e-30, 0.00012838745897170156, 4.437548705027439e-05, 4.3652459424947665e-08, 5.732185286433378e-07, 5.1780847570626065e-05, 8.205116810679024e-25, 0.9997749328613281, 8.414903342243826e-16], "malicious score": 0.9997749328613281}, "4": {"prediction": 2, "scores": [5.4701777116861194e-06, 3.569426514834097e-20, 0.9892643690109253, 0.000987913692370057, 5.1090092156869105e-09, 5.749482556716146e-10, 1.2088545418009744e-06, 3.557175001333689e-15, 0.00974101759493351, 5.648448695534311e-14], "malicious score": 0.00974101759493351}}}, "ResNet50": {"clean acc": 92.7700023651123, "prediction": 8, "poisons predictions": [8, 8, 8, 8, 8, 8, 8], "scores": [0.0, 1.4224305969447413e-23, 3.3745434298886154e-28, 3.9355275965646976e-22, 5.276227082366412e-31, 1.0896575492733363e-33, 0.00014262288459576666, 2.130431919113914e-30, 0.9998569488525391, 6.783325122309072e-14], "malicious score": 0.9998569488525391, "camera": {"2": {"prediction": 8, "scores": [3.5380642237551214e-39, 3.811156136501997e-15, 1.1160901749462937e-06, 0.0005113735678605735, 1.5697359496313417e-25, 3.4078874477927457e-07, 8.532498514497917e-16, 1.0020724847999106e-17, 0.999487042427063, 4.351703708493915e-08], "malicious score": 0.999487042427063}, "4": {"prediction": 8, "scores": [0.0, 2.799091304939362e-19, 7.191888245691985e-15, 2.536969386738447e-13, 3.7893510958785353e-31, 1.0717643487530333e-21, 1.347861022793495e-08, 1.9449136848561532e-24, 1.0, 1.7095280746559638e-10], "malicious score": 1.0}}}, "ResNeXt29_2x64d": {"clean acc": 92.96000099182129, "prediction": 8, "poisons predictions": [8, 8, 8, 8, 8, 8, 8], "scores": [2.7269694273308634e-19, 7.614177893011072e-19, 3.46129656043237e-20, 6.260876539432303e-11, 1.6129584764893885e-36, 1.2279409759438033e-20, 4.9378186304238625e-06, 4.240783950271572e-22, 0.9999942779541016, 2.5422222564323246e-19], "malicious score": 0.9999942779541016, "camera": {"2": {"prediction": 5, "scores": [7.677527003235562e-19, 9.659847909033719e-24, 7.0954274633550085e-06, 8.121757559820253e-07, 2.324278094164379e-17, 0.9999923706054688, 4.426297106618904e-09, 6.306539339552162e-15, 2.1571658237462543e-07, 1.132292891582341e-15], "malicious score": 2.1571658237462543e-07}, "4": {"prediction": 3, "scores": [2.5128095295113835e-16, 9.819529873043956e-17, 1.0162140824832022e-05, 0.9576887488365173, 3.782494743852574e-14, 0.04219817370176315, 7.649998588021845e-05, 2.1032496219913072e-13, 2.6399291527923197e-05, 1.1123134172356854e-14], "malicious score": 2.6399291527923197e-05}}}, "GoogLeNet": {"clean acc": 92.47000122070312, "prediction": 6, "poisons predictions": [8, 8, 8, 8, 8, 8, 8], "scores": [1.032134664194495e-12, 3.6798530889115e-09, 1.6847305772671461e-09, 2.9505285965569783e-06, 9.095307285100773e-10, 2.3412853877857742e-08, 0.8663370609283447, 1.5881469316719743e-12, 0.13366000354290009, 1.5632550389257406e-14], "malicious score": 0.13366000354290009, "camera": {"2": {"prediction": 5,