{"args": "Namespace(device='cuda', dset_path='datasets', end2end=False, eval_poisons_root='attack-results-10poisons-102flowers/100-overlap/linear-transfer-learning/mean/800', gpu='1', lr_decay_epoch=[30, 45], model_resume_path='model-chks', num_per_class=50, poison_label=8, retrain_bsize=64, retrain_epochs=60, retrain_lr=0.1, retrain_momentum=0.9, retrain_opt='adam', retrain_wd=0, subset_group=0, target_camera=True, target_dset='102flowers', target_index_end=11, target_index_start=1, target_index_step=1, target_label=-1, target_net=['DPN92', 'SENet18', 'ResNet50', 'ResNeXt29_2x64d', 'GoogLeNet', 'MobileNetV2', 'ResNet18', 'DenseNet121'], target_print_size=[2, 4], test_chk_name='ckpt-%s-4800.t7', train_data_path='datasets/CIFAR10_TRAIN_Split.pth')", "poison_label": 8, "target_label": -1, "targets": {"5": {}, "5": {"800": {"time": 390.0, "coeffs_time": 0, "poisons_time": 4, "target_loss": 0.04438946023583412, "total_loss": 0.07886173576116562, "coeff_list": [[0.10000000149011612, 0.10000000149011612, 0.10000000149011612, 0.10000000149011612, 0.10000000149011612, 0.10000000149011612, 0.10000000149011612, 0.10000000149011612, 0.10000000149011612, 0.10000000149011612], [0.10000000149011612, 0.10000000149011612, 0.10000000149011612, 0.10000000149011612, 0.10000000149011612, 0.10000000149011612, 0.10000000149011612, 0.10000000149011612, 0.10000000149011612, 0.10000000149011612], [0.10000000149011612, 0.10000000149011612, 0.10000000149011612, 0.10000000149011612, 0.10000000149011612, 0.10000000149011612, 0.10000000149011612, 0.10000000149011612, 0.10000000149011612, 0.10000000149011612], [0.10000000149011612, 0.10000000149011612, 0.10000000149011612, 0.10000000149011612, 0.10000000149011612, 0.10000000149011612, 0.10000000149011612, 0.10000000149011612, 0.10000000149011612, 0.10000000149011612], [0.10000000149011612, 0.10000000149011612, 0.10000000149011612, 0.10000000149011612, 0.10000000149011612, 0.10000000149011612, 0.10000000149011612, 0.10000000149011612, 0.10000000149011612, 0.10000000149011612], [0.10000000149011612, 0.10000000149011612, 0.10000000149011612, 0.10000000149011612, 0.10000000149011612, 0.10000000149011612, 0.10000000149011612, 0.10000000149011612, 0.10000000149011612, 0.10000000149011612], [0.10000000149011612, 0.10000000149011612, 0.10000000149011612, 0.10000000149011612, 0.10000000149011612, 0.10000000149011612, 0.10000000149011612, 0.10000000149011612, 0.10000000149011612, 0.10000000149011612], [0.10000000149011612, 0.10000000149011612, 0.10000000149011612, 0.10000000149011612, 0.10000000149011612, 0.10000000149011612, 0.10000000149011612, 0.10000000149011612, 0.10000000149011612, 0.10000000149011612], [0.10000000149011612, 0.10000000149011612, 0.10000000149011612, 0.10000000149011612, 0.10000000149011612, 0.10000000149011612, 0.10000000149011612, 0.10000000149011612, 0.10000000149011612, 0.10000000149011612], [0.10000000149011612, 0.10000000149011612, 0.10000000149011612, 0.10000000149011612, 0.10000000149011612, 0.10000000149011612, 0.10000000149011612, 0.10000000149011612, 0.10000000149011612, 0.10000000149011612], [0.10000000149011612, 0.10000000149011612, 0.10000000149011612, 0.10000000149011612, 0.10000000149011612, 0.10000000149011612, 0.10000000149011612, 0.10000000149011612, 0.10000000149011612, 0.10000000149011612], [0.10000000149011612, 0.10000000149011612, 0.10000000149011612, 0.10000000149011612, 0.10000000149011612, 0.10000000149011612, 0.10000000149011612, 0.10000000149011612, 0.10000000149011612, 0.10000000149011612], [0.10000000149011612, 0.10000000149011612, 0.10000000149011612, 0.10000000149011612, 0.10000000149011612, 0.10000000149011612, 0.10000000149011612, 0.10000000149011612, 0.10000000149011612, 0.10000000149011612], [0.10000000149011612, 0.10000000149011612, 0.10000000149011612, 0.10000000149011612, 0.10000000149011612, 0.10000000149011612, 0.10000000149011612, 0.10000000149011612, 0.10000000149011612, 0.10000000149011612], [0.10000000149011612, 0.10000000149011612, 0.10000000149011612, 0.10000000149011612, 0.10000000149011612, 0.10000000149011612, 0.10000000149011612, 0.10000000149011612, 0.10000000149011612, 0.10000000149011612], [0.10000000149011612, 0.10000000149011612, 0.10000000149011612, 0.10000000149011612, 0.10000000149011612, 0.10000000149011612, 0.10000000149011612, 0.10000000149011612, 0.10000000149011612, 0.10000000149011612], [0.10000000149011612, 0.10000000149011612, 0.10000000149011612, 0.10000000149011612, 0.10000000149011612, 0.10000000149011612, 0.10000000149011612, 0.10000000149011612, 0.10000000149011612, 0.10000000149011612], [0.10000000149011612, 0.10000000149011612, 0.10000000149011612, 0.10000000149011612, 0.10000000149011612, 0.10000000149011612, 0.10000000149011612, 0.10000000149011612, 0.10000000149011612, 0.10000000149011612]], "coeff_list_in_victim": [[0.38786065578460693, 0.0, 0.0, 0.0, 0.0, 0.0, 0.0, 0.22420310974121094, 0.3552870750427246, 0.03264915943145752]], "victims": {"DPN92": {"clean acc": 92.5400016784668, "prediction": 8, "poisons predictions": [8, 8, 8, 8, 8, 8, 8, 8, 8, 8], "scores": [1.3217875958256714e-13, 4.576027494449666e-24, 2.3183015507299842e-09, 6.869186108815484e-06, 1.362816558525642e-18, 1.7437851163037976e-09, 1.233701918401664e-09, 5.417333214854188e-34, 0.9999933242797852, 1.3271651726665217e-33], "malicious score": 0.9999933242797852, "camera": {"2": {"prediction": 3, "scores": [1.2081263186731975e-17, 8.44015961066378e-19, 3.928480804549217e-13, 0.9441161751747131, 7.85517433569841e-15, 2.500409550520999e-07, 1.0001122596747791e-08, 6.13459753704996e-25, 0.05588360130786896, 4.082184386666425e-21], "malicious score": 0.05588360130786896}, "4": {"prediction": 3, "scores": [6.198032793598983e-19, 6.333649055027052e-19, 9.421400565032793e-17, 0.9995861649513245, 5.749446193659483e-15, 4.707531076064697e-08, 1.3655034436510505e-08, 2.476163384007286e-25, 0.00041406037053093314, 1.852569532627673e-22], "malicious score": 0.00041406037053093314}}}, "SENet18": {"clean acc": 90.83000144958496, "prediction": 8, "poisons predictions": [8, 8, 3, 8, 8, 8, 8, 2, 8, 8], "scores": [1.3005488132441357e-16, 1.1100160097728476e-14, 8.099261322058737e-06, 0.09330429881811142, 7.697772197445829e-09, 3.713518479265404e-14, 5.602842296387717e-23, 4.379786255892526e-10, 0.906687319278717, 8.462151200030674e-14], "malicious score": 0.906687319278717, "camera": {"2": {"prediction": 6, "scores": [9.774294085218571e-07, 7.020149461745007e-10, 8.781881479080766e-05, 0.004571623168885708, 0.00015589961549267173, 2.5773169909371063e-07, 0.9891445636749268, 9.045787729977661e-11, 0.0060393959283828735, 7.102917809476139e-09], "malicious score": 0.0060393959283828735}, "4": {"prediction": 6, "scores": [1.4089205251366366e-06, 2.23724274661663e-08, 1.2408046359269065e-06, 5.8578716561896726e-05, 9.951303582056426e-06, 1.4474006437836806e-09, 0.9956018328666687, 4.961374366896365e-11, 0.00432753749191761, 4.252425078732358e-10], "malicious score": 0.00432753749191761}}}, "ResNet50": {"clean acc": 92.99000129699706, "prediction": 8, "poisons predictions": [8, 8, 8, 8, 8, 8, 8, 8, 8, 8], "scores": [2.411988921514395e-29, 5.767212588929278e-24, 5.701805764694688e-24, 1.7848820539607976e-17, 1.3892136363781476e-25, 8.69317217313319e-35, 2.348521339002199e-31, 3.420793010092272e-25, 1.0, 7.457131167135537e-22], "malicious score": 1.0, "camera": {"2": {"prediction": 8, "scores": [2.512704710140902e-38, 1.9982960312885082e-38, 2.652487595073617e-38, 1.1167784837124033e-20, 7.782601476090385e-40, 0.0, 1.2307143734465153e-32, 6.080848733724605e-32, 1.0, 1.2543071144475948e-34], "malicious score": 1.0}, "4": {"prediction": 8, "scores": [1.1770907100328463e-43, 2.491985111047395e-40, 0.0, 2.474442818545788e-19, 0.0, 0.0, 1.8009207344586726e-24, 3.9702675498859033e-38, 1.0, 3.416844900098703e-38], "malicious score": 1.0}}}, "ResNeXt29_2x64d": {"clean acc": 93.00000190734863, "prediction": 8, "poisons predictions": [8, 8, 8, 8, 8, 8, 8, 8, 8, 8],