{"args": "Namespace(device='cuda', dset_path='datasets', end2end=False, eval_poisons_root='attack-results-eps0.01/100-overlap/linear-transfer-learning/mean/800', gpu='1', lr_decay_epoch=[30, 45], model_resume_path='model-chks', num_per_class=50, poison_label=8, retrain_bsize=64, retrain_epochs=60, retrain_lr=0.1, retrain_momentum=0.9, retrain_opt='adam', retrain_wd=0, subset_group=0, target_camera=True, target_index_end=42, target_index_start=41, target_index_step=1, target_label=6, target_net=['DPN92', 'SENet18', 'ResNet50', 'ResNeXt29_2x64d', 'GoogLeNet', 'MobileNetV2', 'ResNet18', 'DenseNet121'], target_print_size=[2, 4], test_chk_name='ckpt-%s-4800.t7', train_data_path='datasets/CIFAR10_TRAIN_Split.pth')", "poison_label": 8, "target_label": 6, "targets": {"41": {}, "41": {"800": {"time": 350.0, "coeffs_time": 0, "poisons_time": 4, "target_loss": 0.03470764309167862, "total_loss": 0.5505708456039429, "coeff_list": [[0.20000000298023224, 0.20000000298023224, 0.20000000298023224, 0.20000000298023224, 0.20000000298023224], [0.20000000298023224, 0.20000000298023224, 0.20000000298023224, 0.20000000298023224, 0.20000000298023224], [0.20000000298023224, 0.20000000298023224, 0.20000000298023224, 0.20000000298023224, 0.20000000298023224], [0.20000000298023224, 0.20000000298023224, 0.20000000298023224, 0.20000000298023224, 0.20000000298023224], [0.20000000298023224, 0.20000000298023224, 0.20000000298023224, 0.20000000298023224, 0.20000000298023224], [0.20000000298023224, 0.20000000298023224, 0.20000000298023224, 0.20000000298023224, 0.20000000298023224], [0.20000000298023224, 0.20000000298023224, 0.20000000298023224, 0.20000000298023224, 0.20000000298023224], [0.20000000298023224, 0.20000000298023224, 0.20000000298023224, 0.20000000298023224, 0.20000000298023224], [0.20000000298023224, 0.20000000298023224, 0.20000000298023224, 0.20000000298023224, 0.20000000298023224], [0.20000000298023224, 0.20000000298023224, 0.20000000298023224, 0.20000000298023224, 0.20000000298023224], [0.20000000298023224, 0.20000000298023224, 0.20000000298023224, 0.20000000298023224, 0.20000000298023224], [0.20000000298023224, 0.20000000298023224, 0.20000000298023224, 0.20000000298023224, 0.20000000298023224], [0.20000000298023224, 0.20000000298023224, 0.20000000298023224, 0.20000000298023224, 0.20000000298023224], [0.20000000298023224, 0.20000000298023224, 0.20000000298023224, 0.20000000298023224, 0.20000000298023224], [0.20000000298023224, 0.20000000298023224, 0.20000000298023224, 0.20000000298023224, 0.20000000298023224], [0.20000000298023224, 0.20000000298023224, 0.20000000298023224, 0.20000000298023224, 0.20000000298023224], [0.20000000298023224, 0.20000000298023224, 0.20000000298023224, 0.20000000298023224, 0.20000000298023224], [0.20000000298023224, 0.20000000298023224, 0.20000000298023224, 0.20000000298023224, 0.20000000298023224]], "coeff_list_in_victim": [[0.0, 0.0, 0.0, 0.8893420696258545, 0.11065796762704849]], "victims": {"DPN92": {"clean acc": 92.63000144958497, "prediction": 6, "poisons predictions": [8, 8, 8, 8, 8], "scores": [1.663225473848466e-37, 1.5094225290908279e-24, 5.385189998400272e-42, 7.461044220955814e-18, 7.519835597577496e-29, 3.7619833460499327e-17, 1.0, 0.0, 2.837907908670445e-09, 0.0], "malicious score": 2.837907908670445e-09, "camera": {}}, "SENet18": {"clean acc": 91.51000061035157, "prediction": 6, "poisons predictions": [8, 8, 8, 8, 8], "scores": [8.954664432094918e-27, 3.845640169156117e-13, 2.2053986412912384e-16, 8.754119207310396e-09, 8.958770081335388e-07, 1.4581630347620944e-09, 1.0, 3.5491227623684206e-23, 2.8516545028112184e-11, 5.893985457495953e-17], "malicious score": 2.8516545028112184e-11, "camera": {}}, "ResNet50": {"clean acc": 93.7400016784668, "prediction": 6, "poisons predictions": [8, 8, 8, 8, 8], "scores": [1.7203548279538502e-29, 9.641967849489859e-29, 1.401298464324817e-45, 9.784076072685522e-40, 2.6830344480121852e-33, 1.4122552170173728e-38, 1.0, 8.998242803707825e-37, 3.5302747296410285e-22, 1.0832037129230836e-42], "malicious score": 3.5302747296410285e-22, "camera": {}}, "ResNeXt29_2x64d": {"clean acc": 93.25000038146973, "prediction": 6, "poisons predictions": [8, 8, 8, 8, 8], "scores": [3.983713333752344e-36, 5.580224932370504e-18, 2.834531925583611e-13, 1.438529434460989e-10, 1.1244028686831582e-38, 2.3849848684295786e-25, 1.0, 6.63667890701532e-24, 1.1661520707417772e-11, 7.34692801458284e-29], "malicious score": 1.1661520707417772e-11, "camera": {}}, "GoogLeNet": {"clean acc": 91.95000114440919, "prediction": 6, "poisons predictions": [8, 8, 8, 8, 8], "scores": [3.67485323575617e-16, 2.0427169070830198e-12, 1.3712330655835103e-05, 0.00023291417164728045, 2.1007230677216882e-10, 0.00026602932484820485, 0.9993021488189697, 7.66755270387165e-10, 0.00018577295122668147, 2.931213629906262e-15], "malicious score": 0.00018577295122668147, "camera": {}}, "MobileNetV2": {"clean acc": 87.66000137329101, "prediction": 6, "poisons predictions": [8, 8, 8, 6, 6], "scores": [3.1834188334457086e-14, 1.917634229187115e-08, 2.2678266328648305e-13, 1.6471258277306333e-06, 2.5982049115363597e-26, 4.340870718433365e-11, 0.999517560005188, 3.050933750438557e-23, 0.00047993584303185344, 3.311158600598853e-26], "malicious score": 0.00047993584303185344, "camera": {}}, "ResNet18": {"clean acc": 92.86000137329101, "prediction": 6, "poisons predictions": [8, 8, 8, 8, 8], "scores": [2.671046765325389e-17, 1.506786516959884e-18, 8.188383998630755e-11, 2.9758104574284516e-05, 1.384381913189678e-20, 6.558943823620211e-06, 0.9999561309814453, 1.8452521766067552e-18, 7.2092811933544e-06, 4.8859499099061184e-32], "malicious score": 7.2092811933544e-06, "camera": {}}, "DenseNet121": {"clean acc": 93.26000022888184, "prediction": 6, "poisons predictions": [8, 8, 8, 8, 8], "scores": [4.133978048770359e-09, 4.8433763943922514e-11, 1.7003315666260302e-14, 2.2339138013194315e-05, 1.7910652960750895e-09, 1.9134080275762244e-07, 0.9999508857727051, 4.403063417470943e-21, 2.6486621209187433e-05, 2.062413954895259e-11], "malicious score": 2.6486621209187433e-05, "camera": {}}}}}}, "poison_idx_list": [213, 225, 227, 247, 249]}