{"args": "Namespace(device='cuda', dset_path='datasets', end2end=False, eval_poisons_root='attack-results-eps0.30/100-overlap/linear-transfer-learning/mean/800', gpu='1', lr_decay_epoch=[30, 45], model_resume_path='model-chks', num_per_class=50, poison_label=8, retrain_bsize=64, retrain_epochs=60, retrain_lr=0.1, retrain_momentum=0.9, retrain_opt='adam', retrain_wd=0, subset_group=0, target_camera=True, target_index_end=34, target_index_start=33, target_index_step=1, target_label=6, target_net=['DPN92', 'SENet18', 'ResNet50', 'ResNeXt29_2x64d', 'GoogLeNet', 'MobileNetV2', 'ResNet18', 'DenseNet121'], target_print_size=[2, 4], test_chk_name='ckpt-%s-4800.t7', train_data_path='datasets/CIFAR10_TRAIN_Split.pth')", "poison_label": 8, "target_label": 6, "targets": {"33": {}, "33": {"800": {"time": 454.0, "coeffs_time": 0, "poisons_time": 8, "target_loss": 0.039411816745996475, "total_loss": 0.06396402418613434, "coeff_list": [[0.20000000298023224, 0.20000000298023224, 0.20000000298023224, 0.20000000298023224, 0.20000000298023224], [0.20000000298023224, 0.20000000298023224, 0.20000000298023224, 0.20000000298023224, 0.20000000298023224], [0.20000000298023224, 0.20000000298023224, 0.20000000298023224, 0.20000000298023224, 0.20000000298023224], [0.20000000298023224, 0.20000000298023224, 0.20000000298023224, 0.20000000298023224, 0.20000000298023224], [0.20000000298023224, 0.20000000298023224, 0.20000000298023224, 0.20000000298023224, 0.20000000298023224], [0.20000000298023224, 0.20000000298023224, 0.20000000298023224, 0.20000000298023224, 0.20000000298023224], [0.20000000298023224, 0.20000000298023224, 0.20000000298023224, 0.20000000298023224, 0.20000000298023224], [0.20000000298023224, 0.20000000298023224, 0.20000000298023224, 0.20000000298023224, 0.20000000298023224], [0.20000000298023224, 0.20000000298023224, 0.20000000298023224, 0.20000000298023224, 0.20000000298023224], [0.20000000298023224, 0.20000000298023224, 0.20000000298023224, 0.20000000298023224, 0.20000000298023224], [0.20000000298023224, 0.20000000298023224, 0.20000000298023224, 0.20000000298023224, 0.20000000298023224], [0.20000000298023224, 0.20000000298023224, 0.20000000298023224, 0.20000000298023224, 0.20000000298023224], [0.20000000298023224, 0.20000000298023224, 0.20000000298023224, 0.20000000298023224, 0.20000000298023224], [0.20000000298023224, 0.20000000298023224, 0.20000000298023224, 0.20000000298023224, 0.20000000298023224], [0.20000000298023224, 0.20000000298023224, 0.20000000298023224, 0.20000000298023224, 0.20000000298023224], [0.20000000298023224, 0.20000000298023224, 0.20000000298023224, 0.20000000298023224, 0.20000000298023224], [0.20000000298023224, 0.20000000298023224, 0.20000000298023224, 0.20000000298023224, 0.20000000298023224], [0.20000000298023224, 0.20000000298023224, 0.20000000298023224, 0.20000000298023224, 0.20000000298023224]], "coeff_list_in_victim": [[0.2171260267496109, 0.016950268298387527, 0.0, 0.4783148169517517, 0.28760889172554016]], "victims": {"DPN92": {"clean acc": 91.3200008392334, "prediction": 6, "poisons predictions": [8, 8, 8, 8, 8], "scores": [7.867978638387285e-06, 1.0462193312267765e-19, 9.696486735082189e-36, 3.832163824143324e-15, 5.335774804992627e-31, 1.4739304345090088e-21, 0.9630727767944336, 6.312623972730545e-39, 0.03691866993904114, 0.0], "malicious score": 0.03691866993904114, "camera": {"2": {"prediction": 6, "scores": [2.905408003073262e-08, 2.941073949027248e-20, 2.9701882487928845e-33, 3.210506133947272e-13, 2.0895258910642323e-25, 5.065467542046611e-18, 0.9999885559082031, 1.2856555284031097e-33, 1.2402231732266955e-05, 1.401298464324817e-44], "malicious score": 1.2402231732266955e-05}, "4": {"prediction": 6, "scores": [1.5930822199611283e-13, 1.4605645811761192e-21, 4.489762399020128e-24, 4.069287570018787e-06, 9.952087617613498e-16, 7.12097616428764e-08, 0.9999961853027344, 1.6437764027013468e-33, 3.715477578380977e-12, 2.0991156211334315e-30], "malicious score": 3.715477578380977e-12}}}, "SENet18": {"clean acc": 91.28000144958496, "prediction": 6, "poisons predictions": [6, 8, 6, 8, 6], "scores": [2.540759282965155e-07, 2.1707880989724898e-13, 6.6664829038998175e-12, 3.1287148427594502e-09, 2.6053434964978806e-09, 1.1692835935606105e-11, 0.9987362027168274, 1.808508727770366e-15, 0.001263278885744512, 3.8059076291932335e-17], "malicious score": 0.001263278885744512, "camera": {"2": {"prediction": 8, "scores": [0.36838990449905396, 2.142866591124506e-18, 1.2827355497235793e-11, 3.8107170752255115e-09, 1.8299074061589593e-11, 8.55694204729418e-13, 0.12115975469350815, 1.1004522183371699e-17, 0.5104500651359558, 3.9977206027335944e-20], "malicious score": 0.5104500651359558}, "4": {"prediction": 3, "scores": [0.01288097258657217, 2.703958078289722e-15, 0.0014513222267851233, 0.6429939866065979, 1.1384638787248491e-09, 4.014622412285007e-09, 6.2122751604346e-14, 3.471078979799813e-10, 0.34267446398735046, 2.3789828342956482e-14], "malicious score": 0.34267446398735046}}}, "ResNet50": {"clean acc": 93.10000114440918, "prediction": 8, "poisons predictions": [8, 8, 8, 8, 8], "scores": [8.879750981343229e-29, 4.892587207613334e-18, 2.5523220283140205e-16, 1.206315542167876e-26, 2.536192820712674e-30, 7.75066252343593e-24, 0.12239823490381241, 1.148416203437996e-19, 0.877602219581604, 1.4330955861756587e-22], "malicious score": 0.877602219581604, "camera": {"2": {"prediction": 6, "scores": [4.146638136932436e-31, 2.1660891601405267e-21, 1.3174932333083811e-21, 3.177383321772441e-25, 9.398350637260755e-33, 7.337267324549383e-21, 1.0, 1.7626964398531432e-23, 4.4287969558354234e-07, 8.983716854194406e-26], "malicious score": 4.4287969558354234e-07}, "4": {"prediction": 3, "scores": [8.900671696290689e-30, 2.158532200834646e-22, 3.9049767244650826e-14, 1.0, 2.1411674376293615e-25, 2.2328944580552305e-23, 2.0738842387063743e-23, 2.1035114704674276e-27, 1.296114213194226e-19, 8.39508449181375e-17], "malicious score": 1.296114213194226e-19}}}, "ResNeXt29_2x64d": {"clean acc": 92.60000228881836, "prediction": 8, "poisons predictions": [8, 8, 8, 6, 8], "scores": [1.0648862773361695e-19, 0.0008185235783457756, 6.906265004325007e-10, 1.3057945125183323e-07, 0.0, 5.9779717681162704e-24, 0.1869257241487503, 1.5871136925567455e-24, 0.8122549057006836, 1.4104053060662804e-20], "malicious score": 0.8122549057006836, "camera": {"2": {"prediction": 6, "scores": [4.621628930673175e-21, 4.3706732677506466e-10, 2.2570022240042675e-11, 3.569060424979398e-08, 1.6535321879032841e-43, 1.0047892147652339e-19, 1.0, 4.772064401377832e-29, 2.1603693767247023e-07, 6.929967136384724e-24], "malicious score": 2.1603693767247023e-07}, "4": {"prediction": 6, "scores": [2.987087364178504e-16, 2.791006037394794e-10, 1.2579050235217437e-05, 0.0022469935938715935, 6.850344071050848e-27, 9.360310269934669e-12, 0.9977404475212097, 5.267508758957555e-20, 1.2493583945172304e-10, 1.2401948004575954e-20], "malicious score": 1.2493583945172304e-10}}}, "GoogLeNet": {"clean acc": 91.91000137329101, "prediction": 8, "poisons predictions": [8, 8, 6, 8, 8], "scores": [1.4547986025483656e-13, 8.564086897422385e-07, 1.8646924282439414e-12, 9.473439604334999e-06, 2.557597744701212e-10, 4.7697493954501624e-08, 0.44767722487449646, 4.327867281110626e-18, 0.5523122549057007, 1.4988869867504917e-10], "malicious score": 0.5523122549057007, "camera": {"2": {"prediction": 6, "scores": [6.301378689677062e-12, 5.194047389522893e-06, 2.0902545827539143e-07, 0.00032107660081237555, 7.421401687635054e-11, 4.155650003667688e-06, 0.9919899106025696, 2.0622012364618966e-15, 0.007679574191570282, 5.688368070848326e-13], "malicious score": 0.007679574191570282}, "4": {"prediction": 6, "scores": [1.0839160125009073e-10, 3.994119310846145e-07, 0.00022860120225232095, 0.12364501506090164, 2.3001474502848396e-08, 0.014967883005738258, 0.8611393570899963, 3.000298894398854e-17, 1.869331936177332e-05, 5.846934048037156e-10], "malicious score": 1.869331936177332e-05}}},