{"args": "Namespace(device='cuda', dset_path='datasets', end2end=False, eval_poisons_root='attack-results-10poisons/100-overlap/linear-transfer-learning/convex/800', gpu='2', lr_decay_epoch=[30, 45], model_resume_path='model-chks', num_per_class=50, poison_label=8, retrain_bsize=64, retrain_epochs=60, retrain_lr=0.1, retrain_momentum=0.9, retrain_opt='adam', retrain_wd=0, subset_group=0, target_camera=True, target_index_end=43, target_index_start=42, target_index_step=1, target_label=6, target_net=['DPN92', 'SENet18', 'ResNet50', 'ResNeXt29_2x64d', 'GoogLeNet', 'MobileNetV2', 'ResNet18', 'DenseNet121'], target_print_size=[2, 4], test_chk_name='ckpt-%s-4800.t7', train_data_path='datasets/CIFAR10_TRAIN_Split.pth')", "poison_label": 8, "target_label": 6, "targets": {"42": {}, "42": {"800": {"time": 36382.0, "coeffs_time": 34328, "poisons_time": 35952, "target_loss": 0.007826127111911774, "total_loss": 0.0012797696981579065, "coeff_list": [[0.0, 0.053628772497177124, 0.013064633123576641, 0.10171669721603394, 0.5213137269020081, 0.04508882761001587, 0.06754906475543976, 0.19763830304145813, 0.0, 0.0], [0.41137227416038513, 0.0, 0.3208716809749603, 0.08074499666690826, 0.0, 0.0, 0.060321055352687836, 0.06894118338823318, 0.057748790830373764, 0.0], [0.0, 0.29358741641044617, 0.49802711606025696, 0.024782968685030937, 0.0, 0.0, 0.0, 0.0, 0.1836024671792984, 0.0], [0.0, 0.7396159172058105, 0.0, 0.011967998929321766, 0.0, 0.0, 0.0, 0.0, 0.24841612577438354, 0.0], [0.0384553000330925, 0.07790831476449966, 0.11058858036994934, 0.0, 0.0, 0.25388777256011963, 0.3186261057853699, 0.03734796494245529, 0.16318590939044952, 0.0], [0.016549138352274895, 0.13278284668922424, 0.0, 0.29792144894599915, 0.18469154834747314, 0.0, 0.0, 0.1541789025068283, 0.0, 0.21387609839439392], [0.0, 0.2095191329717636, 0.4419499337673187, 0.14867885410785675, 0.0, 0.015301934443414211, 0.13754209876060486, 0.0, 0.047008030116558075, 0.0], [0.0, 0.11466768383979797, 0.1533402055501938, 0.23326991498470306, 0.08450031280517578, 0.0, 0.11926854401826859, 0.058634743094444275, 0.22447076439857483, 0.011847879737615585], [0.0, 0.28077059984207153, 0.17801903188228607, 0.0, 0.3685712516307831, 0.0, 0.09228140115737915, 0.0790894627571106, 0.0012681966181844473, 0.0], [0.0, 0.316602498292923, 0.22778457403182983, 0.024303600192070007, 0.0, 0.1609041690826416, 0.0, 0.005141600966453552, 0.1912841796875, 0.0739794671535492], [0.10391955077648163, 0.019744254648685455, 0.23702427744865417, 0.0943605899810791, 0.0011398268397897482, 0.1749502569437027, 0.0893220454454422, 0.17366071045398712, 0.08156183362007141, 0.0243165772408247], [0.0, 0.08000052720308304, 0.005801612511277199, 0.20555734634399414, 0.15197478234767914, 0.0523979514837265, 0.10583657026290894, 0.17792090773582458, 0.0, 0.2205103635787964], [0.044986508786678314, 0.07016141712665558, 0.1553240567445755, 0.0, 0.42102327942848206, 0.0, 0.16003312170505524, 0.0, 0.1484716534614563, 0.0], [0.13557429611682892, 0.12538941204547882, 0.0, 0.2708417773246765, 0.0, 0.0, 0.293846070766449, 0.043453238904476166, 0.11275117099285126, 0.0181440282613039], [0.0, 0.22494709491729736, 0.37076863646507263, 0.0, 0.1306229531764984, 0.0, 0.0, 0.19945646822452545, 0.07420481741428375, 0.0], [0.0, 0.20918838679790497, 0.5083730220794678, 0.0, 0.014031969010829926, 0.0006748280138708651, 0.14869257807731628, 0.04243633151054382, 0.06321865320205688, 0.013384245336055756], [0.0, 0.1734369397163391, 0.3693322539329529, 0.0033049690537154675, 0.14739890396595, 0.09866676479578018, 0.0, 0.08030115067958832, 0.12755894660949707, 0.0], [0.0, 0.13322676718235016, 0.20443683862686157, 0.3986184000968933, 0.13439281284809113, 0.0, 0.10264372825622559, 0.026681501418352127, 0.0, 0.0]], "coeff_list_in_victim": [[0.0638209730386734, 0.0, 0.13948863744735718, 0.07928910106420517, 0.2034989297389984, 0.12685920298099518, 0.14887559413909912, 0.0, 0.17856872081756592, 0.059598784893751144]], "victims": {"DPN92": {"clean acc": 91.78000183105469, "prediction": 6, "poisons predictions": [8, 8, 8, 8, 8, 6, 8, 8, 8, 8], "scores": [1.7127511853232136e-08, 4.413342542142721e-19, 1.9475246057186308e-41, 8.609928972579985e-15, 2.048810774852704e-28, 3.419947405307257e-16, 0.6276631355285645, 9.159801530464516e-38, 0.3723379969596863, 0.0], "malicious score": 0.3723379969596863, "camera": {}}, "SENet18": {"clean acc": 90.56000175476075, "prediction": 6, "poisons predictions": [8, 8, 6, 8, 6, 6, 6, 8, 8, 8], "scores": [4.720262225532679e-08, 8.730082290213902e-15, 2.861234613305419e-17, 6.062416194052567e-12, 1.4675933925900608e-06, 4.234402000043158e-13, 0.9740405678749084, 1.2709197436859901e-14, 0.025958143174648285, 9.676124918672757e-14], "malicious score": 0.025958143174648285, "camera": {}}, "ResNet50": {"clean acc": 91.32000198364258, "prediction": 8, "poisons predictions": [8, 8, 6, 8, 8, 8, 8, 8, 8, 8], "scores": [0.0, 3.6771358264341684e-25, 6.652025286887461e-28, 2.1930595698053386e-22, 0.0, 3.754989710187689e-38, 0.016227655112743378, 0.0, 0.983771800994873, 0.0], "malicious score": 0.983771800994873, "camera": {}}, "ResNeXt29_2x64d": {"clean acc": 92.6100009918213, "prediction": 8, "poisons predictions": [8, 8, 8, 8, 8, 8, 8, 8, 8, 8], "scores": [5.260165931211231e-25, 1.0853010113873185e-12, 8.684134846004116e-25, 1.1147341730244342e-11, 0.0, 6.86263005964858e-29, 0.21255522966384888, 2.423423500823682e-38, 0.7874462008476257, 5.40240220670192e-23], "malicious score": 0.7874462008476257, "camera": {}}, "GoogLeNet": {"clean acc": 91.84000205993652, "prediction": 6, "poisons predictions": [8, 8, 6, 8, 8, 8, 8, 8, 8, 8], "scores": [6.476857945259199e-17, 5.492162280518187e-10, 1.0999401108199383e-17, 7.36867491468729e-08, 1.498304591507349e-09, 1.5044271384212493e-09, 0.9820087552070618, 7.583669782917305e-15, 0.01799069717526436, 6.119524917184982e-13], "malicious score": 0.01799069717526436, "camera": {}}, "MobileNetV2": {"clean acc": 86.64000205993652, "prediction": 6, "poisons predictions": [6, 8, 8, 8, 8, 6, 8, 8, 8, 8], "scores": [4.723195033869143e-13, 1.9353061725433698e-25, 4.0888245480402707e-13, 1.1689638995449059e-05, 3.9532653548996455e-23, 8.382502331150121e-11, 0.9984390735626221, 1.097157903565538e-24, 0.0015497410204261541, 1.1254367951490278e-16], "malicious score": 0.0015497410204261541, "camera": {}}, "ResNet18": {"clean acc": 92.1200023651123, "prediction": 6, "poisons predictions": [8, 8, 6, 8, 8, 8, 8, 8, 8, 8], "scores": [2.261551234691584e-16, 2.035844204328896e-08, 3.841884628355899e-14, 1.5144245480769314e-05, 2.893611519014658e-27, 3.112955379580562e-11, 0.7313079833984375, 3.0469670348956665e-16, 0.2686767876148224, 1.5210791639690345e-19], "malicious score": 0.2686767876148224, "camera": {}}, "DenseNet121": {"clean acc": 92.85000152587891, "prediction": 6, "poisons predictions": [8, 8, 6, 8, 8, 8, 8, 8, 8, 8], "scores": [7.437259341713798e-07, 4.497492601864689e-13, 3.0560151631497945e-10, 2.945621235994622e-05, 8.557290698263387e-08, 8.1281232269248e-06, 0.5092740654945374, 5.244924147638141e-15, 0.49068766832351685, 3.796566186431427e-11], "malicious score": 0.49068766832351685, "camera": {}}}}}}, "poison_idx_list": [213, 225, 227, 247, 249, 253, 261, 271, 273, 281]}