{"args": "Namespace(device='cuda', dset_path='datasets', end2end=False, eval_poisons_root='attack-results-eps0.03/100-overlap/linear-transfer-learning/mean/800', gpu='0', lr_decay_epoch=[30, 45], model_resume_path='model-chks', num_per_class=50, poison_label=8, retrain_bsize=64, retrain_epochs=60, retrain_lr=0.1, retrain_momentum=0.9, retrain_opt='adam', retrain_wd=0, subset_group=0, target_camera=True, target_index_end=17, target_index_start=16, target_index_step=1, target_label=6, target_net=['DPN92', 'SENet18', 'ResNet50', 'ResNeXt29_2x64d', 'GoogLeNet', 'MobileNetV2', 'ResNet18', 'DenseNet121'], target_print_size=[2, 4], test_chk_name='ckpt-%s-4800.t7', train_data_path='datasets/CIFAR10_TRAIN_Split.pth')", "poison_label": 8, "target_label": 6, "targets": {"16": {}, "16": {"800": {"time": 336.0, "coeffs_time": 0, "poisons_time": 4, "target_loss": 0.016366450116038322, "total_loss": 0.09951252490282059, "coeff_list": [[0.20000000298023224, 0.20000000298023224, 0.20000000298023224, 0.20000000298023224, 0.20000000298023224], [0.20000000298023224, 0.20000000298023224, 0.20000000298023224, 0.20000000298023224, 0.20000000298023224], [0.20000000298023224, 0.20000000298023224, 0.20000000298023224, 0.20000000298023224, 0.20000000298023224], [0.20000000298023224, 0.20000000298023224, 0.20000000298023224, 0.20000000298023224, 0.20000000298023224], [0.20000000298023224, 0.20000000298023224, 0.20000000298023224, 0.20000000298023224, 0.20000000298023224], [0.20000000298023224, 0.20000000298023224, 0.20000000298023224, 0.20000000298023224, 0.20000000298023224], [0.20000000298023224, 0.20000000298023224, 0.20000000298023224, 0.20000000298023224, 0.20000000298023224], [0.20000000298023224, 0.20000000298023224, 0.20000000298023224, 0.20000000298023224, 0.20000000298023224], [0.20000000298023224, 0.20000000298023224, 0.20000000298023224, 0.20000000298023224, 0.20000000298023224], [0.20000000298023224, 0.20000000298023224, 0.20000000298023224, 0.20000000298023224, 0.20000000298023224], [0.20000000298023224, 0.20000000298023224, 0.20000000298023224, 0.20000000298023224, 0.20000000298023224], [0.20000000298023224, 0.20000000298023224, 0.20000000298023224, 0.20000000298023224, 0.20000000298023224], [0.20000000298023224, 0.20000000298023224, 0.20000000298023224, 0.20000000298023224, 0.20000000298023224], [0.20000000298023224, 0.20000000298023224, 0.20000000298023224, 0.20000000298023224, 0.20000000298023224], [0.20000000298023224, 0.20000000298023224, 0.20000000298023224, 0.20000000298023224, 0.20000000298023224], [0.20000000298023224, 0.20000000298023224, 0.20000000298023224, 0.20000000298023224, 0.20000000298023224], [0.20000000298023224, 0.20000000298023224, 0.20000000298023224, 0.20000000298023224, 0.20000000298023224], [0.20000000298023224, 0.20000000298023224, 0.20000000298023224, 0.20000000298023224, 0.20000000298023224]], "coeff_list_in_victim": [[0.0, 0.10485183447599411, 0.6467412710189819, 0.20480409264564514, 0.04360280930995941]], "victims": {"DPN92": {"clean acc": 91.48000144958496, "prediction": 8, "poisons predictions": [8, 8, 8, 8, 6], "scores": [6.53682193540405e-26, 1.1540706758295105e-11, 6.209418869156174e-33, 5.1523234463612955e-12, 3.022010012757801e-31, 6.443027052299168e-16, 0.16585548222064972, 7.006492321624085e-45, 0.8341427445411682, 0.0], "malicious score": 0.8341427445411682, "camera": {"2": {"prediction": 6, "scores": [5.858150754366383e-22, 1.1349578774629693e-13, 3.6573541446217695e-33, 1.9782863769444298e-13, 2.6921644829537896e-29, 1.0812118814839007e-16, 0.999702513217926, 1.1808742158865233e-41, 0.0002974586095660925, 0.0], "malicious score": 0.0002974586095660925}, "4": {"prediction": 6, "scores": [2.737481636797416e-22, 1.6548444743431229e-13, 6.525689885411932e-32, 1.307929784442885e-12, 3.2410090771945264e-29, 8.652463261421951e-16, 0.9999923706054688, 1.3620621073237222e-42, 5.846388376085088e-06, 0.0], "malicious score": 5.846388376085088e-06}}}, "SENet18": {"clean acc": 91.53000144958496, "prediction": 6, "poisons predictions": [8, 6, 6, 6, 6], "scores": [1.609712256822604e-07, 9.562268173936875e-28, 2.7190210261270054e-13, 4.6659984903607565e-12, 3.3352867490066274e-07, 2.272240631667256e-15, 0.9998645782470703, 7.666300917416396e-16, 0.00013535830657929182, 1.1133293990519986e-19], "malicious score": 0.00013535830657929182, "camera": {"2": {"prediction": 6, "scores": [7.3220567173848394e-06, 9.301995473469332e-29, 4.835981722901448e-15, 3.820647270780242e-11, 2.463170858391095e-07, 4.20213468649332e-15, 0.9998912811279297, 7.631895233192314e-17, 0.00010044902592198923, 2.6239204621534863e-20], "malicious score": 0.00010044902592198923}, "4": {"prediction": 6, "scores": [5.101098281556915e-07, 5.493620795797315e-28, 1.447527955485172e-16, 4.5619140409680625e-11, 5.477702416101238e-07, 6.377642249760004e-15, 0.999908447265625, 1.5333916853483404e-16, 8.994580275611952e-05, 1.4815808050434873e-20], "malicious score": 8.994580275611952e-05}}}, "ResNet50": {"clean acc": 93.10000076293946, "prediction": 6, "poisons predictions": [8, 8, 6, 8, 8], "scores": [2.617261997965721e-28, 5.983422872303146e-17, 4.288190873255066e-28, 1.8899072027959973e-23, 1.6871813993623453e-31, 6.70150793796849e-22, 0.9986028671264648, 7.260690917783573e-23, 0.0013978970237076283, 1.7451278132962746e-22], "malicious score": 0.0013978970237076283, "camera": {"2": {"prediction": 6, "scores": [8.564114343136364e-27, 1.2561452498924473e-20, 4.0142257979220265e-27, 9.231111172360766e-16, 1.5123103928554887e-31, 2.4745700427509208e-23, 0.9999961853027344, 7.472985062519944e-24, 3.135476163151907e-06, 1.640988824819298e-25], "malicious score": 3.135476163151907e-06}, "4": {"prediction": 6, "scores": [4.395613467763153e-28, 3.0214129976433764e-22, 2.579969975711308e-28, 1.1604932389046172e-16, 2.5353887355569374e-31, 4.847593156894839e-25, 1.0, 5.829026348955812e-26, 1.6748401776567334e-07, 2.724079686767225e-26], "malicious score": 1.6748401776567334e-07}}}, "ResNeXt29_2x64d": {"clean acc": 92.68000144958496, "prediction": 6, "poisons predictions": [8, 8, 8, 8, 6], "scores": [1.0527270373760807e-30, 7.068352725499681e-15, 3.7190325717695455e-18, 3.1507494530069735e-11, 0.0, 4.8277744006103357e-32, 0.9994279742240906, 2.761804237989297e-23, 0.0005720087210647762, 6.1142565652936184e-30], "malicious score": 0.0005720087210647762, "camera": {"2": {"prediction": 6, "scores": [1.6197508403580018e-24, 7.615558879315535e-15, 7.55125467905883e-14, 2.670618414413184e-06, 3.2245794277519534e-31, 6.2646313665376145e-21, 0.9999980926513672, 7.359503975054597e-19, 8.680235197289221e-08, 2.246770363605887e-23], "malicious score": 8.680235197289221e-08}, "4": {"prediction": 6, "scores": [4.92246690363776e-25, 3.605536770973647e-15, 5.320556820641309e-14, 3.0150993097777246e-06, 1.3060481388483411e-30, 2.1903863789439215e-20, 0.9999961853027344, 1.2888467852780942e-19, 3.917469371117477e-08, 1.4963127534184084e-22], "malicious score": 3.917469371117477e-08}}}, "GoogLeNet": {"clean acc": 91.10000114440918, "prediction": 6, "poisons predictions": [8, 8, 8, 6, 6], "scores": [4.187926386429487e-14, 2.3758884637459232e-08, 2.9505633492021843e-09, 2.0359627797006397e-06, 2.0008024750883813e-11, 1.7847821709437994e-07, 0.9951547384262085, 7.311209628824145e-07, 0.004842719528824091, 1.3702058117412343e-14], "malicious score": 0.004842719528824091, "camera": {"2": {"prediction": 6, "scores": [1.865536371215004e-11, 2.0708455394924385e-07, 7.449251882007957e-08, 5.45818438695278e-05, 9.152264501821605e-10, 2.066250317511731e-06, 0.9794357419013977, 3.7456455714846015e-09, 0.02050762251019478, 5.20383595156021e-13], "malicious score": 0.02050762251019478}, "4": {"prediction": 6, "scores": [1.7071266622536996e-10, 5.453031008073594e-06, 4.1524427274453046e-07, 0.0003717046929523349, 1.0282776408132577e-08, 5.934639830229571e-06, 0.7710072994232178, 1.1545001399326793e-07, 0.22860874235630035, 9.101215441009725e-12], "malicious score": 0.22860874235630035}}},