{"args": "Namespace(device='cuda', dset_path='datasets', end2end=False, eval_poisons_root='attack-results-10poisons/100-overlap/linear-transfer-learning/mean/800', gpu='1', lr_decay_epoch=[30, 45], model_resume_path='model-chks', num_per_class=50, poison_label=8, retrain_bsize=64, retrain_epochs=60, retrain_lr=0.1, retrain_momentum=0.9, retrain_opt='adam', retrain_wd=0, subset_group=0, target_camera=True, target_index_end=25, target_index_start=24, target_index_step=1, target_label=6, target_net=['DPN92', 'SENet18', 'ResNet50', 'ResNeXt29_2x64d', 'GoogLeNet', 'MobileNetV2', 'ResNet18', 'DenseNet121'], target_print_size=[2, 4], test_chk_name='ckpt-%s-4800.t7', train_data_path='datasets/CIFAR10_TRAIN_Split.pth')", "poison_label": 8, "target_label": 6, "targets": {"24": {}, "24": {"800": {"time": 414.0, "coeffs_time": 0, "poisons_time": 4, "target_loss": 0.00627045938745141, "total_loss": 0.06300482153892517, "coeff_list": [[0.10000000149011612, 0.10000000149011612, 0.10000000149011612, 0.10000000149011612, 0.10000000149011612, 0.10000000149011612, 0.10000000149011612, 0.10000000149011612, 0.10000000149011612, 0.10000000149011612], [0.10000000149011612, 0.10000000149011612, 0.10000000149011612, 0.10000000149011612, 0.10000000149011612, 0.10000000149011612, 0.10000000149011612, 0.10000000149011612, 0.10000000149011612, 0.10000000149011612], [0.10000000149011612, 0.10000000149011612, 0.10000000149011612, 0.10000000149011612, 0.10000000149011612, 0.10000000149011612, 0.10000000149011612, 0.10000000149011612, 0.10000000149011612, 0.10000000149011612], [0.10000000149011612, 0.10000000149011612, 0.10000000149011612, 0.10000000149011612, 0.10000000149011612, 0.10000000149011612, 0.10000000149011612, 0.10000000149011612, 0.10000000149011612, 0.10000000149011612], [0.10000000149011612, 0.10000000149011612, 0.10000000149011612, 0.10000000149011612, 0.10000000149011612, 0.10000000149011612, 0.10000000149011612, 0.10000000149011612, 0.10000000149011612, 0.10000000149011612], [0.10000000149011612, 0.10000000149011612, 0.10000000149011612, 0.10000000149011612, 0.10000000149011612, 0.10000000149011612, 0.10000000149011612, 0.10000000149011612, 0.10000000149011612, 0.10000000149011612], [0.10000000149011612, 0.10000000149011612, 0.10000000149011612, 0.10000000149011612, 0.10000000149011612, 0.10000000149011612, 0.10000000149011612, 0.10000000149011612, 0.10000000149011612, 0.10000000149011612], [0.10000000149011612, 0.10000000149011612, 0.10000000149011612, 0.10000000149011612, 0.10000000149011612, 0.10000000149011612, 0.10000000149011612, 0.10000000149011612, 0.10000000149011612, 0.10000000149011612], [0.10000000149011612, 0.10000000149011612, 0.10000000149011612, 0.10000000149011612, 0.10000000149011612, 0.10000000149011612, 0.10000000149011612, 0.10000000149011612, 0.10000000149011612, 0.10000000149011612], [0.10000000149011612, 0.10000000149011612, 0.10000000149011612, 0.10000000149011612, 0.10000000149011612, 0.10000000149011612, 0.10000000149011612, 0.10000000149011612, 0.10000000149011612, 0.10000000149011612], [0.10000000149011612, 0.10000000149011612, 0.10000000149011612, 0.10000000149011612, 0.10000000149011612, 0.10000000149011612, 0.10000000149011612, 0.10000000149011612, 0.10000000149011612, 0.10000000149011612], [0.10000000149011612, 0.10000000149011612, 0.10000000149011612, 0.10000000149011612, 0.10000000149011612, 0.10000000149011612, 0.10000000149011612, 0.10000000149011612, 0.10000000149011612, 0.10000000149011612], [0.10000000149011612, 0.10000000149011612, 0.10000000149011612, 0.10000000149011612, 0.10000000149011612, 0.10000000149011612, 0.10000000149011612, 0.10000000149011612, 0.10000000149011612, 0.10000000149011612], [0.10000000149011612, 0.10000000149011612, 0.10000000149011612, 0.10000000149011612, 0.10000000149011612, 0.10000000149011612, 0.10000000149011612, 0.10000000149011612, 0.10000000149011612, 0.10000000149011612], [0.10000000149011612, 0.10000000149011612, 0.10000000149011612, 0.10000000149011612, 0.10000000149011612, 0.10000000149011612, 0.10000000149011612, 0.10000000149011612, 0.10000000149011612, 0.10000000149011612], [0.10000000149011612, 0.10000000149011612, 0.10000000149011612, 0.10000000149011612, 0.10000000149011612, 0.10000000149011612, 0.10000000149011612, 0.10000000149011612, 0.10000000149011612, 0.10000000149011612], [0.10000000149011612, 0.10000000149011612, 0.10000000149011612, 0.10000000149011612, 0.10000000149011612, 0.10000000149011612, 0.10000000149011612, 0.10000000149011612, 0.10000000149011612, 0.10000000149011612], [0.10000000149011612, 0.10000000149011612, 0.10000000149011612, 0.10000000149011612, 0.10000000149011612, 0.10000000149011612, 0.10000000149011612, 0.10000000149011612, 0.10000000149011612, 0.10000000149011612]], "coeff_list_in_victim": [[0.0, 0.10996455699205399, 0.20624509453773499, 0.0, 0.22676029801368713, 0.4570299983024597, 0.0, 0.0, 0.0, 0.0]], "victims": {"DPN92": {"clean acc": 91.92000160217285, "prediction": 8, "poisons predictions": [8, 8, 8, 8, 8, 8, 8, 8, 6, 8], "scores": [2.6995964024975594e-24, 1.288278193301827e-24, 1.7530035903273682e-34, 3.417709366383692e-13, 1.9142784688171215e-24, 1.2811074508225008e-18, 0.19284173846244812, 3.515857846990966e-41, 0.8071584105491638, 0.0], "malicious score": 0.8071584105491638, "camera": {"2": {"prediction": 6, "scores": [5.957304637918657e-23, 1.0180563487160917e-29, 2.8548958087819827e-35, 4.1967782195414735e-14, 1.95260576893535e-26, 1.236411677001387e-19, 1.0, 1.401298464324817e-41, 9.03327523893438e-10, 0.0], "malicious score": 9.03327523893438e-10}, "4": {"prediction": 6, "scores": [3.96016347019926e-23, 8.07723251977555e-32, 1.6766318371488144e-33, 8.502955148792166e-14, 1.7173403684234263e-27, 7.65656076644191e-18, 1.0, 4.723917253085391e-40, 7.661645433755873e-14, 0.0], "malicious score": 7.661645433755873e-14}}}, "SENet18": {"clean acc": 90.91000213623047, "prediction": 8, "poisons predictions": [6, 6, 6, 8, 8, 6, 8, 8, 6, 8], "scores": [3.0751044072241385e-11, 1.7428929393464854e-14, 1.679438164905111e-15, 4.6491841626528085e-11, 0.00012283340038266033, 2.703607406649559e-15, 0.014069562777876854, 1.0302871191857269e-17, 0.9858080148696899, 2.5343130914158574e-14], "malicious score": 0.9858080148696899, "camera": {"2": {"prediction": 6, "scores": [5.1817989898950145e-09, 2.1108064000587007e-23, 3.5376676906969477e-19, 8.704411497140185e-11, 1.1305306770736934e-06, 3.8080007270152377e-16, 0.9964966177940369, 8.096716546777236e-20, 0.0035029493737965822, 1.785643887304959e-18], "malicious score": 0.0035029493737965822}, "4": {"prediction": 6, "scores": [3.64896948212845e-08, 6.3724911947705544e-21, 2.486264311037822e-16, 1.7416710296203064e-09, 1.0022019523603376e-05, 1.103531040825374e-14, 0.9836255311965942, 5.538362562340114e-18, 0.016363728791475296, 8.102197704009954e-17], "malicious score": 0.016363728791475296}}}, "ResNet50": {"clean acc": 92.36000061035156, "prediction": 8, "poisons predictions": [8, 6, 8, 8, 8, 8, 8, 8, 8, 8], "scores": [8.19567977393305e-30, 9.375612478533288e-18, 3.1611154413191928e-37, 4.394731283996547e-25, 0.0, 2.2031680829767646e-33, 0.07397368550300598, 3.6784421000157886e-39, 0.9260261654853821, 4.2724192062267855e-20], "malicious score": 0.9260261654853821, "camera": {"2": {"prediction": 6, "scores": [5.1738943041061426e-33, 1.7432705822898947e-23, 1.955702443426584e-38, 1.5590085151572432e-22, 0.0, 1.305655651449643e-36, 0.9996472001075745, 0.0, 0.0003519965976011008, 2.717726717961349e-19], "malicious score": 0.0003519965976011008}, "4": {"prediction": 6, "scores": [1.203761228377641e-31, 2.4345888365803284e-23, 4.4005762644409795e-37, 1.881309186303095e-18, 0.0, 1.606975027335017e-38, 1.0, 1.3872854796815689e-43, 8.665666086926649e-07, 6.883606418384497e-21], "malicious score": 8.665666086926649e-07}}}, "ResNeXt29_2x64d": {"clean acc": 92.62000122070313, "prediction": 6, "poisons predictions": [6, 8, 8, 8, 8, 8, 8, 8, 8, 8],