{"args": "Namespace(device='cuda', dset_path='datasets', end2end=False, eval_poisons_root='attack-results-eps0.01/100-overlap/linear-transfer-learning/mean/800', gpu='1', lr_decay_epoch=[30, 45], model_resume_path='model-chks', num_per_class=50, poison_label=8, retrain_bsize=64, retrain_epochs=60, retrain_lr=0.1, retrain_momentum=0.9, retrain_opt='adam', retrain_wd=0, subset_group=0, target_camera=True, target_index_end=37, target_index_start=36, target_index_step=1, target_label=6, target_net=['DPN92', 'SENet18', 'ResNet50', 'ResNeXt29_2x64d', 'GoogLeNet', 'MobileNetV2', 'ResNet18', 'DenseNet121'], target_print_size=[2, 4], test_chk_name='ckpt-%s-4800.t7', train_data_path='datasets/CIFAR10_TRAIN_Split.pth')", "poison_label": 8, "target_label": 6, "targets": {"36": {}, "36": {"800": {"time": 542.0, "coeffs_time": 0, "poisons_time": 27, "target_loss": 0.0600065216422081, "total_loss": 0.5559257864952087, "coeff_list": [[0.20000000298023224, 0.20000000298023224, 0.20000000298023224, 0.20000000298023224, 0.20000000298023224], [0.20000000298023224, 0.20000000298023224, 0.20000000298023224, 0.20000000298023224, 0.20000000298023224], [0.20000000298023224, 0.20000000298023224, 0.20000000298023224, 0.20000000298023224, 0.20000000298023224], [0.20000000298023224, 0.20000000298023224, 0.20000000298023224, 0.20000000298023224, 0.20000000298023224], [0.20000000298023224, 0.20000000298023224, 0.20000000298023224, 0.20000000298023224, 0.20000000298023224], [0.20000000298023224, 0.20000000298023224, 0.20000000298023224, 0.20000000298023224, 0.20000000298023224], [0.20000000298023224, 0.20000000298023224, 0.20000000298023224, 0.20000000298023224, 0.20000000298023224], [0.20000000298023224, 0.20000000298023224, 0.20000000298023224, 0.20000000298023224, 0.20000000298023224], [0.20000000298023224, 0.20000000298023224, 0.20000000298023224, 0.20000000298023224, 0.20000000298023224], [0.20000000298023224, 0.20000000298023224, 0.20000000298023224, 0.20000000298023224, 0.20000000298023224], [0.20000000298023224, 0.20000000298023224, 0.20000000298023224, 0.20000000298023224, 0.20000000298023224], [0.20000000298023224, 0.20000000298023224, 0.20000000298023224, 0.20000000298023224, 0.20000000298023224], [0.20000000298023224, 0.20000000298023224, 0.20000000298023224, 0.20000000298023224, 0.20000000298023224], [0.20000000298023224, 0.20000000298023224, 0.20000000298023224, 0.20000000298023224, 0.20000000298023224], [0.20000000298023224, 0.20000000298023224, 0.20000000298023224, 0.20000000298023224, 0.20000000298023224], [0.20000000298023224, 0.20000000298023224, 0.20000000298023224, 0.20000000298023224, 0.20000000298023224], [0.20000000298023224, 0.20000000298023224, 0.20000000298023224, 0.20000000298023224, 0.20000000298023224], [0.20000000298023224, 0.20000000298023224, 0.20000000298023224, 0.20000000298023224, 0.20000000298023224]], "coeff_list_in_victim": [[0.0, 0.0, 0.0, 0.8197265863418579, 0.1802733689546585]], "victims": {"DPN92": {"clean acc": 92.60000114440918, "prediction": 6, "poisons predictions": [8, 8, 8, 8, 8], "scores": [4.403970569646624e-21, 3.809128143645937e-34, 4.5595810967204694e-38, 8.809765750056547e-16, 3.095018354658315e-25, 2.4853812791903092e-17, 1.0, 0.0, 3.379529323055408e-09, 0.0], "malicious score": 3.379529323055408e-09, "camera": {"2": {"prediction": 3, "scores": [2.878105289033526e-31, 3.666857296457878e-31, 2.853478155259888e-14, 0.9742003679275513, 3.541059641065658e-06, 0.02579679526388645, 8.561992359545911e-08, 4.0265008164801796e-39, 5.924728763151421e-11, 6.938532464565145e-33], "malicious score": 5.924728763151421e-11}, "4": {"prediction": 3, "scores": [1.841197020195783e-31, 2.5442914007976076e-32, 3.1749399489403984e-15, 0.9997254014015198, 4.48896644229535e-05, 0.00022964960953686386, 1.866589868781965e-11, 1.900679198056252e-40, 2.725385472857056e-10, 4.555233390509899e-31], "malicious score": 2.725385472857056e-10}}}, "SENet18": {"clean acc": 91.69000091552735, "prediction": 6, "poisons predictions": [8, 8, 8, 8, 3], "scores": [4.276637867740484e-22, 4.573484333108978e-22, 4.476765532003622e-16, 6.906953675667182e-09, 0.00013723575102631003, 6.509201511128992e-11, 0.9998512268066406, 1.1903888986825851e-19, 1.1201352208445314e-05, 6.242999882661014e-19], "malicious score": 1.1201352208445314e-05, "camera": {"2": {"prediction": 3, "scores": [8.374377167721706e-20, 5.678411095714942e-30, 3.363401557265888e-09, 0.5790514945983887, 0.006677801720798016, 0.407014399766922, 0.000944678031373769, 1.316126320375363e-22, 0.006312408484518528, 1.5152701142440161e-12], "malicious score": 0.006312408484518528}, "4": {"prediction": 3, "scores": [6.640129763267991e-22, 1.2898199295104825e-35, 1.7930743001493e-10, 0.9855749011039734, 3.164967711200006e-05, 0.014174895361065865, 2.1064806843273942e-10, 3.7500882038348103e-26, 0.00021847276366315782, 2.339223785377889e-15], "malicious score": 0.00021847276366315782}}}, "ResNet50": {"clean acc": 92.22000274658203, "prediction": 6, "poisons predictions": [8, 8, 8, 8, 8], "scores": [0.0, 8.855233699231346e-35, 0.0, 5.546339321797626e-42, 0.0, 5.605193857299268e-45, 1.0, 1.0051490477312365e-35, 2.372313179233032e-10, 2.6226702058303276e-41], "malicious score": 2.372313179233032e-10, "camera": {"2": {"prediction": 3, "scores": [1.4152671159240326e-27, 9.800733682548791e-19, 5.802776940769067e-42, 0.9998598098754883, 6.678330412953778e-31, 2.1025268118203404e-25, 3.014489214782058e-25, 1.4483646566880816e-20, 0.00014020699018146843, 1.4798997801640517e-32], "malicious score": 0.00014020699018146843}, "4": {"prediction": 3, "scores": [1.0114601891198423e-29, 3.349608416732119e-22, 1.5062309163199273e-38, 1.0, 2.7562021028278247e-25, 6.296061794168066e-29, 5.630417229657115e-42, 1.272578471536881e-26, 5.371693113536192e-18, 2.3482813930114995e-37], "malicious score": 5.371693113536192e-18}}}, "ResNeXt29_2x64d": {"clean acc": 93.51000175476074, "prediction": 6, "poisons predictions": [8, 8, 8, 8, 8], "scores": [4.976923056608911e-24, 3.2205158539966305e-09, 1.3381383302043127e-14, 0.0018399874679744244, 3.3514234279028517e-22, 3.5381418202843055e-18, 0.9981591701507568, 4.712046646520893e-28, 1.0888176120715798e-06, 7.318811897673305e-15], "malicious score": 1.0888176120715798e-06, "camera": {"2": {"prediction": 3, "scores": [7.759519601244262e-21, 1.2645910734931085e-15, 2.8517910322989337e-05, 0.6282925605773926, 1.924757775384478e-08, 0.0039106146432459354, 0.3677668273448944, 3.776158078462764e-18, 1.64171854066808e-06, 2.5754225418950227e-09], "malicious score": 1.64171854066808e-06}, "4": {"prediction": 3, "scores": [1.3573925809605605e-21, 8.621623850603606e-16, 1.65350133585207e-08, 0.9996481537818909, 6.098941958043724e-05, 1.1071232620452065e-05, 0.00027923990273848176, 3.19014533392081e-19, 8.021369524158217e-08, 8.244762836860653e-13], "malicious score": 8.021369524158217e-08}}}, "GoogLeNet": {"clean acc": 91.5000015258789, "prediction": 6, "poisons predictions": [8, 8, 8, 8, 8], "scores": [5.770583900858214e-15, 1.6268070224256803e-09, 3.1103530861997797e-09, 1.209598940477008e-05, 1.751794022342157e-11, 1.7160924471681938e-05, 0.9999666213989258, 3.977991113596202e-12, 4.138446001888951e-06, 4.750851947087076e-13], "malicious score": 4.138446001888951e-06, "camera": {"2": {"prediction": 5, "scores": [4.836572104865685e-15, 2.3398711787581128e-11, 0.00026478501968085766, 0.02478983998298645, 0.0002909764589276165, 0.9073988199234009, 0.06701473891735077, 8.367949388965457e-11, 0.00024096514971461147, 2.1162646746120117e-08], "malicious score": 0.00024096514971461147}, "4": {"prediction": 5, "scores": [4.078521345148988e-16, 3.431570349057833e-13, 0.001504806918092072, 0.027637464925646782, 6.877462146803737e-05, 0.9669251441955566, 0.003845360828563571, 7.341160557054749e-13, 1.8421329514239915e-05, 9.90119186639049e-09], "malicious score": 1.8421329514239915e-05}}}, "MobileNetV2": {"clean acc": 88.2900016784668, "prediction": 6, "poisons predictions": [8, 8, 8, 6, 6],