{"args": "Namespace(device='cuda', dset_path='datasets', end2end=False, eval_poisons_root='attack-results-eps0.01/100-overlap/linear-transfer-learning/mean/800', gpu='1', lr_decay_epoch=[30, 45], model_resume_path='model-chks', num_per_class=50, poison_label=8, retrain_bsize=64, retrain_epochs=60, retrain_lr=0.1, retrain_momentum=0.9, retrain_opt='adam', retrain_wd=0, subset_group=0, target_camera=True, target_index_end=17, target_index_start=16, target_index_step=1, target_label=6, target_net=['DPN92', 'SENet18', 'ResNet50', 'ResNeXt29_2x64d', 'GoogLeNet', 'MobileNetV2', 'ResNet18', 'DenseNet121'], target_print_size=[2, 4], test_chk_name='ckpt-%s-4800.t7', train_data_path='datasets/CIFAR10_TRAIN_Split.pth')", "poison_label": 8, "target_label": 6, "targets": {"16": {}, "16": {"800": {"time": 441.0, "coeffs_time": 0, "poisons_time": 5, "target_loss": 0.03825252130627632, "total_loss": 0.5231460928916931, "coeff_list": [[0.20000000298023224, 0.20000000298023224, 0.20000000298023224, 0.20000000298023224, 0.20000000298023224], [0.20000000298023224, 0.20000000298023224, 0.20000000298023224, 0.20000000298023224, 0.20000000298023224], [0.20000000298023224, 0.20000000298023224, 0.20000000298023224, 0.20000000298023224, 0.20000000298023224], [0.20000000298023224, 0.20000000298023224, 0.20000000298023224, 0.20000000298023224, 0.20000000298023224], [0.20000000298023224, 0.20000000298023224, 0.20000000298023224, 0.20000000298023224, 0.20000000298023224], [0.20000000298023224, 0.20000000298023224, 0.20000000298023224, 0.20000000298023224, 0.20000000298023224], [0.20000000298023224, 0.20000000298023224, 0.20000000298023224, 0.20000000298023224, 0.20000000298023224], [0.20000000298023224, 0.20000000298023224, 0.20000000298023224, 0.20000000298023224, 0.20000000298023224], [0.20000000298023224, 0.20000000298023224, 0.20000000298023224, 0.20000000298023224, 0.20000000298023224], [0.20000000298023224, 0.20000000298023224, 0.20000000298023224, 0.20000000298023224, 0.20000000298023224], [0.20000000298023224, 0.20000000298023224, 0.20000000298023224, 0.20000000298023224, 0.20000000298023224], [0.20000000298023224, 0.20000000298023224, 0.20000000298023224, 0.20000000298023224, 0.20000000298023224], [0.20000000298023224, 0.20000000298023224, 0.20000000298023224, 0.20000000298023224, 0.20000000298023224], [0.20000000298023224, 0.20000000298023224, 0.20000000298023224, 0.20000000298023224, 0.20000000298023224], [0.20000000298023224, 0.20000000298023224, 0.20000000298023224, 0.20000000298023224, 0.20000000298023224], [0.20000000298023224, 0.20000000298023224, 0.20000000298023224, 0.20000000298023224, 0.20000000298023224], [0.20000000298023224, 0.20000000298023224, 0.20000000298023224, 0.20000000298023224, 0.20000000298023224], [0.20000000298023224, 0.20000000298023224, 0.20000000298023224, 0.20000000298023224, 0.20000000298023224]], "coeff_list_in_victim": [[0.0, 0.0, 0.06580126285552979, 0.9341987371444702, 0.0]], "victims": {"DPN92": {"clean acc": 92.85000152587891, "prediction": 6, "poisons predictions": [8, 8, 8, 8, 8], "scores": [4.306441648884277e-18, 8.768256803569395e-24, 1.4951739425369953e-34, 3.281410600746835e-17, 6.744581774151221e-33, 1.6743253946261452e-17, 1.0, 1.1473247092068409e-36, 9.602442396783317e-09, 0.0], "malicious score": 9.602442396783317e-09, "camera": {"2": {"prediction": 6, "scores": [7.693363768311937e-14, 4.4496425111023974e-24, 1.963908513823373e-33, 1.8961315597765244e-16, 4.7287905610867737e-29, 8.788111749806685e-17, 1.0, 2.8256235658058595e-33, 8.210087543147893e-08, 0.0], "malicious score": 8.210087543147893e-08}, "4": {"prediction": 6, "scores": [1.0805986402180005e-14, 8.387628261356636e-24, 9.114586300972255e-32, 4.9586964681678624e-15, 1.375522157070075e-28, 1.5940562909098118e-15, 1.0, 9.474768239310766e-34, 1.2417195272007575e-08, 0.0], "malicious score": 1.2417195272007575e-08}}}, "SENet18": {"clean acc": 91.39000129699707, "prediction": 6, "poisons predictions": [8, 8, 8, 8, 8], "scores": [2.9395440662664536e-23, 4.944376423282463e-16, 8.305919881172576e-18, 5.364311832191035e-14, 7.891630460221677e-09, 7.201081306026772e-16, 1.0, 1.5127831751546825e-24, 3.122063674254605e-08, 7.810855765947914e-24], "malicious score": 3.122063674254605e-08, "camera": {"2": {"prediction": 6, "scores": [3.72335836448168e-20, 4.780443043099405e-15, 1.776113443159368e-17, 1.093457477341353e-10, 4.2124878518734477e-07, 5.317667963952721e-13, 0.9998531341552734, 2.6899026824789773e-24, 0.00014643094618804753, 3.373911794961462e-21], "malicious score": 0.00014643094618804753}, "4": {"prediction": 6, "scores": [4.953519803382305e-21, 1.1955714196432154e-13, 1.1824737107986418e-18, 3.461499142876079e-10, 1.6240425111391232e-06, 1.9947847627183046e-12, 0.9998188018798828, 1.4727037558013901e-23, 0.00017915105854626745, 1.2697214324753305e-20], "malicious score": 0.00017915105854626745}}}, "ResNet50": {"clean acc": 94.10000190734863, "prediction": 6, "poisons predictions": [8, 8, 8, 8, 8], "scores": [8.091949322477803e-38, 2.9052025357919583e-27, 1.589196546953737e-33, 1.5073591353447184e-36, 3.490476061828859e-30, 1.1543396654792397e-29, 1.0, 5.290687703466251e-35, 1.3952252881303165e-18, 1.3274371836664232e-35], "malicious score": 1.3952252881303165e-18, "camera": {"2": {"prediction": 6, "scores": [6.393344062125522e-33, 5.6810415127773925e-27, 2.0464730344425907e-30, 1.2544449599975257e-28, 1.3155306189345035e-27, 2.187631275613401e-27, 1.0, 1.85580564521794e-33, 1.8496748254684565e-14, 1.8103083200403557e-32], "malicious score": 1.8496748254684565e-14}, "4": {"prediction": 6, "scores": [7.212235303894575e-33, 5.32902985978501e-28, 1.3197910784026747e-30, 6.039269730592517e-29, 2.1109400133745225e-26, 2.0315409610413835e-28, 1.0, 1.167912527053854e-34, 7.5571872978214e-15, 9.630520763250139e-32], "malicious score": 7.5571872978214e-15}}}, "ResNeXt29_2x64d": {"clean acc": 93.1500015258789, "prediction": 6, "poisons predictions": [8, 8, 8, 8, 8], "scores": [3.5131012247771016e-32, 5.439318440103591e-10, 1.0730758536737903e-24, 1.8872119422752576e-09, 0.0, 1.5098532496671252e-33, 1.0, 5.30778280503627e-30, 5.849128820178962e-11, 2.07959332099161e-33], "malicious score": 5.849128820178962e-11, "camera": {"2": {"prediction": 6, "scores": [9.186380767423924e-26, 5.454122153913943e-10, 5.4973803124814805e-18, 1.544858059787657e-05, 2.917393864932924e-29, 6.097999305651145e-22, 0.9999847412109375, 3.165854809895928e-24, 4.9410513874859063e-11, 4.611775022192596e-25], "malicious score": 4.9410513874859063e-11}, "4": {"prediction": 6, "scores": [1.7611546198420548e-26, 2.3349058797528244e-10, 3.829469041761194e-18, 1.0980288607242983e-05, 4.628137851074451e-29, 1.1059123071827507e-21, 0.9999885559082031, 3.933225221210263e-25, 2.001153583119919e-11, 1.8059014049990117e-24], "malicious score": 2.001153583119919e-11}}}, "GoogLeNet": {"clean acc": 91.53000144958496, "prediction": 6, "poisons predictions": [8, 8, 8, 8, 8], "scores": [1.664310368225386e-15, 4.8503792093868014e-09, 1.6298054919539062e-11, 5.854257523196793e-09, 1.0327800897477757e-13, 1.3502404749843322e-09, 0.9999980926513672, 3.6243434919924766e-09, 1.251684125236352e-06, 2.194020209482755e-16], "malicious score": 1.251684125236352e-06, "camera": {"2": {"prediction": 6, "scores": [1.0865394955289487e-12, 5.813579306845895e-08, 1.5555614574225274e-09, 7.888350523899135e-07, 1.0180675746873646e-11, 7.106132926537612e-08, 0.9999608993530273, 1.895153894926338e-10, 3.803666550084017e-05, 2.704578402868644e-14], "malicious score": 3.803666550084017e-05}, "4": {"prediction": 6, "scores": [4.370437692302609e-11, 8.406267625105102e-06, 3.866847819722352e-08, 2.2386142518371344e-05, 3.2176283859541854e-10, 6.346814984681259e-07, 0.9969690442085266, 1.7918829087193444e-08, 0.003000003984197974, 1.91693926357428e-12], "malicious score": 0.003000003984197974}}}, "MobileNetV2": {"clean acc": 87.66000213623047, "prediction": 6, "poisons predictions": [8, 8, 8, 6, 8],