{"args": "Namespace(device='cuda', dset_path='datasets', end2end=False, eval_poisons_root='attack-results-10poisons/100-overlap/linear-transfer-learning/mean/800', gpu='1', lr_decay_epoch=[30, 45], model_resume_path='model-chks', num_per_class=50, poison_label=8, retrain_bsize=64, retrain_epochs=60, retrain_lr=0.1, retrain_momentum=0.9, retrain_opt='adam', retrain_wd=0, subset_group=0, target_camera=True, target_index_end=20, target_index_start=19, target_index_step=1, target_label=6, target_net=['DPN92', 'SENet18', 'ResNet50', 'ResNeXt29_2x64d', 'GoogLeNet', 'MobileNetV2', 'ResNet18', 'DenseNet121'], target_print_size=[2, 4], test_chk_name='ckpt-%s-4800.t7', train_data_path='datasets/CIFAR10_TRAIN_Split.pth')", "poison_label": 8, "target_label": 6, "targets": {"19": {}, "19": {"800": {"time": 396.0, "coeffs_time": 0, "poisons_time": 4, "target_loss": 0.05260813236236572, "total_loss": 0.08822112530469894, "coeff_list": [[0.10000000149011612, 0.10000000149011612, 0.10000000149011612, 0.10000000149011612, 0.10000000149011612, 0.10000000149011612, 0.10000000149011612, 0.10000000149011612, 0.10000000149011612, 0.10000000149011612], [0.10000000149011612, 0.10000000149011612, 0.10000000149011612, 0.10000000149011612, 0.10000000149011612, 0.10000000149011612, 0.10000000149011612, 0.10000000149011612, 0.10000000149011612, 0.10000000149011612], [0.10000000149011612, 0.10000000149011612, 0.10000000149011612, 0.10000000149011612, 0.10000000149011612, 0.10000000149011612, 0.10000000149011612, 0.10000000149011612, 0.10000000149011612, 0.10000000149011612], [0.10000000149011612, 0.10000000149011612, 0.10000000149011612, 0.10000000149011612, 0.10000000149011612, 0.10000000149011612, 0.10000000149011612, 0.10000000149011612, 0.10000000149011612, 0.10000000149011612], [0.10000000149011612, 0.10000000149011612, 0.10000000149011612, 0.10000000149011612, 0.10000000149011612, 0.10000000149011612, 0.10000000149011612, 0.10000000149011612, 0.10000000149011612, 0.10000000149011612], [0.10000000149011612, 0.10000000149011612, 0.10000000149011612, 0.10000000149011612, 0.10000000149011612, 0.10000000149011612, 0.10000000149011612, 0.10000000149011612, 0.10000000149011612, 0.10000000149011612], [0.10000000149011612, 0.10000000149011612, 0.10000000149011612, 0.10000000149011612, 0.10000000149011612, 0.10000000149011612, 0.10000000149011612, 0.10000000149011612, 0.10000000149011612, 0.10000000149011612], [0.10000000149011612, 0.10000000149011612, 0.10000000149011612, 0.10000000149011612, 0.10000000149011612, 0.10000000149011612, 0.10000000149011612, 0.10000000149011612, 0.10000000149011612, 0.10000000149011612], [0.10000000149011612, 0.10000000149011612, 0.10000000149011612, 0.10000000149011612, 0.10000000149011612, 0.10000000149011612, 0.10000000149011612, 0.10000000149011612, 0.10000000149011612, 0.10000000149011612], [0.10000000149011612, 0.10000000149011612, 0.10000000149011612, 0.10000000149011612, 0.10000000149011612, 0.10000000149011612, 0.10000000149011612, 0.10000000149011612, 0.10000000149011612, 0.10000000149011612], [0.10000000149011612, 0.10000000149011612, 0.10000000149011612, 0.10000000149011612, 0.10000000149011612, 0.10000000149011612, 0.10000000149011612, 0.10000000149011612, 0.10000000149011612, 0.10000000149011612], [0.10000000149011612, 0.10000000149011612, 0.10000000149011612, 0.10000000149011612, 0.10000000149011612, 0.10000000149011612, 0.10000000149011612, 0.10000000149011612, 0.10000000149011612, 0.10000000149011612], [0.10000000149011612, 0.10000000149011612, 0.10000000149011612, 0.10000000149011612, 0.10000000149011612, 0.10000000149011612, 0.10000000149011612, 0.10000000149011612, 0.10000000149011612, 0.10000000149011612], [0.10000000149011612, 0.10000000149011612, 0.10000000149011612, 0.10000000149011612, 0.10000000149011612, 0.10000000149011612, 0.10000000149011612, 0.10000000149011612, 0.10000000149011612, 0.10000000149011612], [0.10000000149011612, 0.10000000149011612, 0.10000000149011612, 0.10000000149011612, 0.10000000149011612, 0.10000000149011612, 0.10000000149011612, 0.10000000149011612, 0.10000000149011612, 0.10000000149011612], [0.10000000149011612, 0.10000000149011612, 0.10000000149011612, 0.10000000149011612, 0.10000000149011612, 0.10000000149011612, 0.10000000149011612, 0.10000000149011612, 0.10000000149011612, 0.10000000149011612], [0.10000000149011612, 0.10000000149011612, 0.10000000149011612, 0.10000000149011612, 0.10000000149011612, 0.10000000149011612, 0.10000000149011612, 0.10000000149011612, 0.10000000149011612, 0.10000000149011612], [0.10000000149011612, 0.10000000149011612, 0.10000000149011612, 0.10000000149011612, 0.10000000149011612, 0.10000000149011612, 0.10000000149011612, 0.10000000149011612, 0.10000000149011612, 0.10000000149011612]], "coeff_list_in_victim": [[0.0, 0.0, 0.0, 0.0, 0.26455530524253845, 0.2418089359998703, 0.44769176840782166, 0.0, 0.0, 0.04594399034976959]], "victims": {"DPN92": {"clean acc": 91.88000144958497, "prediction": 8, "poisons predictions": [8, 8, 8, 8, 8, 8, 8, 6, 6, 8], "scores": [5.665145869776511e-12, 1.7227891893924153e-24, 2.832179123958671e-37, 1.331686395541782e-14, 1.7441606080572962e-32, 1.8639477089148953e-21, 2.314653180235382e-08, 1.8342996898011855e-42, 1.0, 1.99961613851981e-37], "malicious score": 1.0, "camera": {"2": {"prediction": 3, "scores": [8.208295184886083e-06, 3.27888790622887e-29, 7.67866347763102e-13, 0.7453023195266724, 1.0639411129886867e-06, 0.004886236507445574, 0.015837188810110092, 3.331878569012832e-39, 0.23396465182304382, 3.3967878205372625e-18], "malicious score": 0.23396465182304382}, "4": {"prediction": 8, "scores": [2.2077213390758743e-09, 1.5685175204038986e-29, 3.9658733111749833e-14, 0.0038578698877245188, 3.7055824009257776e-07, 0.0010630269534885883, 0.0012254550820216537, 6.262402837067607e-42, 0.9938524961471558, 7.514106745727143e-20], "malicious score": 0.9938524961471558}}}, "SENet18": {"clean acc": 91.71000175476074, "prediction": 6, "poisons predictions": [8, 8, 8, 8, 8, 8, 6, 6, 8, 8], "scores": [4.751607107778e-08, 2.949471450495317e-13, 1.2532570467516102e-12, 8.104085402749206e-09, 1.9764886474149534e-06, 1.2699798157544961e-10, 0.669224202632904, 8.697479407981174e-21, 0.3307735323905945, 7.11753315248316e-14], "malicious score": 0.3307735323905945, "camera": {"2": {"prediction": 3, "scores": [2.969417073339642e-11, 3.2983099911341727e-20, 2.4431203655694844e-06, 0.9999961853027344, 9.381509613604067e-08, 4.9023832104921894e-08, 8.286960700987223e-11, 4.3141412941801046e-16, 1.0244466466247104e-06, 2.765782394775762e-13], "malicious score": 1.0244466466247104e-06}, "4": {"prediction": 8, "scores": [2.5124689273070544e-05, 3.469840276334883e-18, 0.00015944847837090492, 0.07618710398674011, 1.9230947145842947e-05, 1.825913932407275e-05, 0.00032722632749937475, 1.6558427386703623e-16, 0.923263430595398, 1.127514193122181e-09], "malicious score": 0.923263430595398}}}, "ResNet50": {"clean acc": 92.59000205993652, "prediction": 8, "poisons predictions": [8, 8, 8, 8, 8, 8, 8, 8, 8, 8], "scores": [2.5520182765010756e-25, 7.480181903728778e-29, 4.936713115288469e-28, 8.999286658852288e-19, 3.2093674926557024e-28, 1.1679445619585087e-25, 1.3770259101875126e-06, 3.44504843260575e-16, 0.9999990463256836, 7.664634120186362e-31], "malicious score": 0.9999990463256836, "camera": {"2": {"prediction": 3, "scores": [7.1777369082315185e-25, 2.286491865682754e-30, 3.3293169452530153e-21, 1.0, 4.322746871282234e-28, 4.2392024377071465e-28, 4.8232252374726534e-33, 1.5344602320937576e-19, 4.5643596541244946e-11, 1.5805684413775756e-34], "malicious score": 4.5643596541244946e-11}, "4": {"prediction": 3, "scores": [4.724584608359773e-16, 6.719785782033588e-22, 1.0277825595039758e-06, 0.7953906655311584, 5.365106125280519e-23, 1.5238700821091364e-15, 6.398084770787604e-23, 2.8860160788957145e-12, 0.2046084702014923, 2.7249762271860088e-24], "malicious score": 0.2046084702014923}}}, "ResNeXt29_2x64d": {"clean acc": 92.37000198364258, "prediction": 6,