{"args": "Namespace(device='cuda', dset_path='datasets', end2end=False, eval_poisons_root='attack-results-eps0.20/100-overlap/linear-transfer-learning/mean/800', gpu='1', lr_decay_epoch=[30, 45], model_resume_path='model-chks', num_per_class=50, poison_label=8, retrain_bsize=64, retrain_epochs=60, retrain_lr=0.1, retrain_momentum=0.9, retrain_opt='adam', retrain_wd=0, subset_group=0, target_camera=True, target_index_end=45, target_index_start=44, target_index_step=1, target_label=6, target_net=['DPN92', 'SENet18', 'ResNet50', 'ResNeXt29_2x64d', 'GoogLeNet', 'MobileNetV2', 'ResNet18', 'DenseNet121'], target_print_size=[2, 4], test_chk_name='ckpt-%s-4800.t7', train_data_path='datasets/CIFAR10_TRAIN_Split.pth')", "poison_label": 8, "target_label": 6, "targets": {"44": {}, "44": {"800": {"time": 347.0, "coeffs_time": 0, "poisons_time": 5, "target_loss": 0.01774836704134941, "total_loss": 0.0866960883140564, "coeff_list": [[0.20000000298023224, 0.20000000298023224, 0.20000000298023224, 0.20000000298023224, 0.20000000298023224], [0.20000000298023224, 0.20000000298023224, 0.20000000298023224, 0.20000000298023224, 0.20000000298023224], [0.20000000298023224, 0.20000000298023224, 0.20000000298023224, 0.20000000298023224, 0.20000000298023224], [0.20000000298023224, 0.20000000298023224, 0.20000000298023224, 0.20000000298023224, 0.20000000298023224], [0.20000000298023224, 0.20000000298023224, 0.20000000298023224, 0.20000000298023224, 0.20000000298023224], [0.20000000298023224, 0.20000000298023224, 0.20000000298023224, 0.20000000298023224, 0.20000000298023224], [0.20000000298023224, 0.20000000298023224, 0.20000000298023224, 0.20000000298023224, 0.20000000298023224], [0.20000000298023224, 0.20000000298023224, 0.20000000298023224, 0.20000000298023224, 0.20000000298023224], [0.20000000298023224, 0.20000000298023224, 0.20000000298023224, 0.20000000298023224, 0.20000000298023224], [0.20000000298023224, 0.20000000298023224, 0.20000000298023224, 0.20000000298023224, 0.20000000298023224], [0.20000000298023224, 0.20000000298023224, 0.20000000298023224, 0.20000000298023224, 0.20000000298023224], [0.20000000298023224, 0.20000000298023224, 0.20000000298023224, 0.20000000298023224, 0.20000000298023224], [0.20000000298023224, 0.20000000298023224, 0.20000000298023224, 0.20000000298023224, 0.20000000298023224], [0.20000000298023224, 0.20000000298023224, 0.20000000298023224, 0.20000000298023224, 0.20000000298023224], [0.20000000298023224, 0.20000000298023224, 0.20000000298023224, 0.20000000298023224, 0.20000000298023224], [0.20000000298023224, 0.20000000298023224, 0.20000000298023224, 0.20000000298023224, 0.20000000298023224], [0.20000000298023224, 0.20000000298023224, 0.20000000298023224, 0.20000000298023224, 0.20000000298023224], [0.20000000298023224, 0.20000000298023224, 0.20000000298023224, 0.20000000298023224, 0.20000000298023224]], "coeff_list_in_victim": [[0.09879378229379654, 0.0, 0.0, 0.5204170346260071, 0.3807891607284546]], "victims": {"DPN92": {"clean acc": 92.21000099182129, "prediction": 6, "poisons predictions": [8, 8, 6, 8, 8], "scores": [5.199108135521156e-15, 8.936325495507904e-15, 4.002236258090984e-28, 1.186397113883686e-08, 6.76325583008159e-27, 5.417011457453658e-12, 0.999424159526825, 4.972601543705662e-37, 0.0005752440192736685, 6.824743910801157e-41], "malicious score": 0.0005752440192736685, "camera": {}}, "SENet18": {"clean acc": 91.31000137329102, "prediction": 6, "poisons predictions": [8, 8, 8, 8, 6], "scores": [2.6699394431450862e-11, 1.2122978111818178e-20, 1.9589614218967766e-12, 6.105399931281841e-15, 1.3364926353121032e-11, 4.474580186999706e-16, 0.9983000755310059, 3.6400938765533843e-26, 0.0017007822170853615, 4.866626496993172e-23], "malicious score": 0.0017007822170853615, "camera": {}}, "ResNet50": {"clean acc": 93.8600009918213, "prediction": 6, "poisons predictions": [8, 8, 8, 8, 8], "scores": [1.509024474808434e-25, 9.044223988799313e-21, 2.300238040197541e-28, 2.7203280318459366e-13, 3.476205824543946e-22, 6.0023122634343026e-30, 0.981712818145752, 9.493648825499132e-20, 0.0182871725410223, 2.4323862876291448e-25], "malicious score": 0.0182871725410223, "camera": {}}, "ResNeXt29_2x64d": {"clean acc": 93.05000152587891, "prediction": 6, "poisons predictions": [8, 8, 8, 8, 8], "scores": [2.230341767274808e-22, 5.1874541003674597e-17, 5.596932695084433e-09, 3.498993805806094e-08, 2.226717910452243e-39, 7.911578894930784e-18, 0.6690876483917236, 9.893301827603014e-24, 0.33091235160827637, 9.368729204925853e-22], "malicious score": 0.33091235160827637, "camera": {}}, "GoogLeNet": {"clean acc": 91.6900016784668, "prediction": 8, "poisons predictions": [8, 6, 8, 8, 8], "scores": [4.468670225521443e-12, 1.3948644461692083e-09, 1.8439555788063444e-05, 0.00022488734975922853, 3.44890990766622e-11, 2.49288586928742e-05, 0.39087191224098206, 8.968002020992571e-07, 0.6088589429855347, 1.6540127769273786e-15], "malicious score": 0.6088589429855347, "camera": {}}, "MobileNetV2": {"clean acc": 86.95000267028809, "prediction": 8, "poisons predictions": [8, 8, 6, 6, 8], "scores": [1.2465823512330942e-11, 7.293217696435761e-10, 1.285766416003753e-06, 8.536567474948242e-05, 9.161605964814794e-18, 9.113889973377809e-06, 0.2127687782049179, 2.1763754332244402e-14, 0.7871353030204773, 3.4220154979763315e-20], "malicious score": 0.7871353030204773, "camera": {}}, "ResNet18": {"clean acc": 93.20000076293945, "prediction": 6, "poisons predictions": [8, 8, 8, 8, 8], "scores": [9.298298441130273e-23, 1.4964524411298363e-11, 3.5834234342856097e-13, 0.00023079372476786375, 8.930725862443283e-25, 4.0281028645949846e-07, 0.9947798848152161, 3.222031808025605e-10, 0.004989246837794781, 8.717697442986326e-31], "malicious score": 0.004989246837794781, "camera": {}}, "DenseNet121": {"clean acc": 93.15000114440917, "prediction": 6, "poisons predictions": [8, 8, 8, 8, 8], "scores": [5.28353268691717e-07, 6.790639717202396e-10, 3.4278615501648346e-09, 3.553355054464191e-05, 5.9058049249605116e-12, 4.493532469496131e-05, 0.9423638582229614, 3.904756164757718e-20, 0.057555269449949265, 3.265117776846127e-12], "malicious score": 0.057555269449949265, "camera": {}}}}}}, "poison_idx_list": [213, 225, 227, 247, 249]}