{"args": "Namespace(device='cuda', dset_path='datasets', end2end=False, eval_poisons_root='attack-results-eps0.03/100-overlap/linear-transfer-learning/mean/800', gpu='0', lr_decay_epoch=[30, 45], model_resume_path='model-chks', num_per_class=50, poison_label=8, retrain_bsize=64, retrain_epochs=60, retrain_lr=0.1, retrain_momentum=0.9, retrain_opt='adam', retrain_wd=0, subset_group=0, target_camera=True, target_index_end=39, target_index_start=38, target_index_step=1, target_label=6, target_net=['DPN92', 'SENet18', 'ResNet50', 'ResNeXt29_2x64d', 'GoogLeNet', 'MobileNetV2', 'ResNet18', 'DenseNet121'], target_print_size=[2, 4], test_chk_name='ckpt-%s-4800.t7', train_data_path='datasets/CIFAR10_TRAIN_Split.pth')", "poison_label": 8, "target_label": 6, "targets": {"38": {}, "38": {"800": {"time": 377.0, "coeffs_time": 0, "poisons_time": 4, "target_loss": 0.008935060352087021, "total_loss": 0.10185310989618301, "coeff_list": [[0.20000000298023224, 0.20000000298023224, 0.20000000298023224, 0.20000000298023224, 0.20000000298023224], [0.20000000298023224, 0.20000000298023224, 0.20000000298023224, 0.20000000298023224, 0.20000000298023224], [0.20000000298023224, 0.20000000298023224, 0.20000000298023224, 0.20000000298023224, 0.20000000298023224], [0.20000000298023224, 0.20000000298023224, 0.20000000298023224, 0.20000000298023224, 0.20000000298023224], [0.20000000298023224, 0.20000000298023224, 0.20000000298023224, 0.20000000298023224, 0.20000000298023224], [0.20000000298023224, 0.20000000298023224, 0.20000000298023224, 0.20000000298023224, 0.20000000298023224], [0.20000000298023224, 0.20000000298023224, 0.20000000298023224, 0.20000000298023224, 0.20000000298023224], [0.20000000298023224, 0.20000000298023224, 0.20000000298023224, 0.20000000298023224, 0.20000000298023224], [0.20000000298023224, 0.20000000298023224, 0.20000000298023224, 0.20000000298023224, 0.20000000298023224], [0.20000000298023224, 0.20000000298023224, 0.20000000298023224, 0.20000000298023224, 0.20000000298023224], [0.20000000298023224, 0.20000000298023224, 0.20000000298023224, 0.20000000298023224, 0.20000000298023224], [0.20000000298023224, 0.20000000298023224, 0.20000000298023224, 0.20000000298023224, 0.20000000298023224], [0.20000000298023224, 0.20000000298023224, 0.20000000298023224, 0.20000000298023224, 0.20000000298023224], [0.20000000298023224, 0.20000000298023224, 0.20000000298023224, 0.20000000298023224, 0.20000000298023224], [0.20000000298023224, 0.20000000298023224, 0.20000000298023224, 0.20000000298023224, 0.20000000298023224], [0.20000000298023224, 0.20000000298023224, 0.20000000298023224, 0.20000000298023224, 0.20000000298023224], [0.20000000298023224, 0.20000000298023224, 0.20000000298023224, 0.20000000298023224, 0.20000000298023224], [0.20000000298023224, 0.20000000298023224, 0.20000000298023224, 0.20000000298023224, 0.20000000298023224]], "coeff_list_in_victim": [[0.0, 0.09496230632066727, 0.1636258363723755, 0.5233786106109619, 0.2180333286523819]], "victims": {"DPN92": {"clean acc": 91.9800018310547, "prediction": 6, "poisons predictions": [8, 8, 8, 6, 6], "scores": [3.2419084913326915e-16, 7.031562703793953e-30, 0.0, 5.086573882556514e-18, 3.769492869033758e-43, 8.741313921994732e-22, 0.9999008178710938, 0.0, 0.00010095514153363183, 0.0], "malicious score": 0.00010095514153363183, "camera": {"2": {"prediction": 3, "scores": [1.0139758738416469e-35, 1.1964776742867802e-39, 2.611637035104808e-13, 0.9999961853027344, 8.47690984073779e-08, 2.9176726457080804e-06, 1.501998395450621e-13, 0.0, 7.786188240235095e-18, 9.906793608608057e-37], "malicious score": 7.786188240235095e-18}, "4": {"prediction": 3, "scores": [2.563447745403892e-37, 4.205420846482715e-38, 1.3742266602011916e-13, 1.0, 1.6392692714362056e-07, 1.0376503922771008e-07, 1.7547217205735738e-13, 0.0, 1.0713525679043467e-19, 9.931303495839808e-39], "malicious score": 1.0713525679043467e-19}}}, "SENet18": {"clean acc": 91.29000129699708, "prediction": 8, "poisons predictions": [8, 8, 8, 8, 6], "scores": [6.391946527628534e-09, 2.2760913493245923e-16, 2.869334034991293e-17, 7.798446845154895e-15, 1.674676369800565e-10, 1.451651723808351e-18, 0.4957379400730133, 6.974935559063447e-20, 0.5042626261711121, 6.786269969383656e-23], "malicious score": 0.5042626261711121, "camera": {"2": {"prediction": 3, "scores": [2.5090917497046517e-17, 3.953623438586048e-25, 0.0009036103147082031, 0.9990867972373962, 1.207794864122036e-09, 8.647796676086728e-06, 3.585963110112021e-15, 1.0598995266793577e-15, 7.742930103506185e-14, 3.47332731152894e-12], "malicious score": 7.742930103506185e-14}, "4": {"prediction": 2, "scores": [4.980012443541947e-19, 6.135264097551853e-29, 0.9993269443511963, 0.0006717053474858403, 2.842745570191818e-13, 2.0510897229542024e-06, 3.8262443343914376e-13, 7.058341989684759e-19, 5.3312679051966275e-20, 2.4239663054537175e-10], "malicious score": 5.3312679051966275e-20}}}, "ResNet50": {"clean acc": 92.8900016784668, "prediction": 6, "poisons predictions": [8, 8, 8, 8, 6], "scores": [7.616057153605381e-41, 8.305578049743693e-24, 5.7779453938826214e-36, 2.138819765881749e-22, 4.122740513104372e-32, 3.0817855039448773e-34, 0.5455728769302368, 3.5032461608120427e-43, 0.45442819595336914, 1.401298464324817e-43], "malicious score": 0.45442819595336914, "camera": {"2": {"prediction": 3, "scores": [0.0, 6.303141768431204e-32, 1.5854238354012215e-26, 1.0, 4.223316268651222e-37, 8.414321404139283e-17, 7.103181915662498e-42, 2.0361392173563714e-38, 1.624556840476662e-34, 0.0], "malicious score": 1.624556840476662e-34}, "4": {"prediction": 3, "scores": [0.0, 1.6888112928094215e-30, 2.0037823806044646e-25, 1.0, 1.5071732474435251e-31, 2.4246395663336774e-19, 1.1447214515540955e-32, 1.9521072852250866e-33, 1.8008876261942216e-30, 0.0], "malicious score": 1.8008876261942216e-30}}}, "ResNeXt29_2x64d": {"clean acc": 93.01000213623047, "prediction": 6, "poisons predictions": [8, 8, 8, 8, 8], "scores": [1.9502618659707122e-25, 1.5536060170250552e-22, 3.32571869569436e-17, 8.806374296455033e-08, 0.0, 2.7838659756597283e-25, 1.0, 3.241596119073327e-33, 1.1847068890347145e-06, 2.4948562951262757e-21], "malicious score": 1.1847068890347145e-06, "camera": {"2": {"prediction": 3, "scores": [1.0557577059664903e-18, 9.513102110178333e-23, 7.594161388624343e-08, 0.9941397309303284, 0.005580714903771877, 0.00021125304920133203, 6.825483433203772e-05, 4.860294076499264e-18, 1.7655194639587535e-08, 1.3062664283580716e-09], "malicious score": 1.7655194639587535e-08}, "4": {"prediction": 3, "scores": [3.454279419275021e-20, 7.219783588910251e-24, 5.998190744094245e-08, 0.9976024627685547, 0.0012374356156215072, 0.00041497888742014766, 0.0007439618930220604, 5.622055171603975e-20, 6.044183464837261e-07, 6.73470124112896e-09], "malicious score": 6.044183464837261e-07}}}, "GoogLeNet": {"clean acc": 91.8200008392334, "prediction": 8, "poisons predictions": [8, 8, 6, 6, 8], "scores": [7.01032376883271e-15, 1.9603463297102053e-10, 4.884774806868108e-10, 1.0756877600215375e-05, 8.713839179108618e-07, 2.9574277959909523e-06, 0.3289991617202759, 1.4864385278201553e-08, 0.6709861159324646, 6.3470348768412954e-12], "malicious score": 0.6709861159324646, "camera": {"2": {"prediction": 5, "scores": [1.2010912284286107e-13, 3.0050359978162078e-09, 5.902830162085593e-05, 0.033974576741456985, 1.0923449735855684e-05, 0.9584384560585022, 0.007001644000411034, 2.2374047059514623e-12, 0.0005084674921818078, 6.91209061187692e-06], "malicious score": 0.0005084674921818078}, "4": {"prediction": 5, "scores": [2.003128735203908e-14, 2.572966284475342e-10, 0.0005926376907154918, 0.04505496472120285, 0.00013172156468499452, 0.9389504194259644, 0.007387248333543539, 2.0051642637963774e-12, 0.007882530800998211, 6.004747206134198e-07], "malicious score": 0.007882530800998211}}}, "MobileNetV2": {"clean acc": 86.51000175476074, "prediction": 6, "poisons predictions": [8, 8, 6, 6, 8],