{"args": "Namespace(device='cuda', dset_path='datasets', end2end=False, eval_poisons_root='attack-results-7poisons/100-overlap/linear-transfer-learning/mean/800', gpu='2', lr_decay_epoch=[30, 45], model_resume_path='model-chks', num_per_class=50, poison_label=8, retrain_bsize=64, retrain_epochs=60, retrain_lr=0.1, retrain_momentum=0.9, retrain_opt='adam', retrain_wd=0, subset_group=0, target_camera=True, target_index_end=22, target_index_start=21, target_index_step=1, target_label=6, target_net=['DPN92', 'SENet18', 'ResNet50', 'ResNeXt29_2x64d', 'GoogLeNet', 'MobileNetV2', 'ResNet18', 'DenseNet121'], target_print_size=[2, 4], test_chk_name='ckpt-%s-4800.t7', train_data_path='datasets/CIFAR10_TRAIN_Split.pth')", "poison_label": 8, "target_label": 6, "targets": {"21": {}, "21": {"800": {"time": 357.0, "coeffs_time": 0, "poisons_time": 4, "target_loss": 0.013286532834172249, "total_loss": 0.06484326720237732, "coeff_list": [[0.1428571492433548, 0.1428571492433548, 0.1428571492433548, 0.1428571492433548, 0.1428571492433548, 0.1428571492433548, 0.1428571492433548], [0.1428571492433548, 0.1428571492433548, 0.1428571492433548, 0.1428571492433548, 0.1428571492433548, 0.1428571492433548, 0.1428571492433548], [0.1428571492433548, 0.1428571492433548, 0.1428571492433548, 0.1428571492433548, 0.1428571492433548, 0.1428571492433548, 0.1428571492433548], [0.1428571492433548, 0.1428571492433548, 0.1428571492433548, 0.1428571492433548, 0.1428571492433548, 0.1428571492433548, 0.1428571492433548], [0.1428571492433548, 0.1428571492433548, 0.1428571492433548, 0.1428571492433548, 0.1428571492433548, 0.1428571492433548, 0.1428571492433548], [0.1428571492433548, 0.1428571492433548, 0.1428571492433548, 0.1428571492433548, 0.1428571492433548, 0.1428571492433548, 0.1428571492433548], [0.1428571492433548, 0.1428571492433548, 0.1428571492433548, 0.1428571492433548, 0.1428571492433548, 0.1428571492433548, 0.1428571492433548], [0.1428571492433548, 0.1428571492433548, 0.1428571492433548, 0.1428571492433548, 0.1428571492433548, 0.1428571492433548, 0.1428571492433548], [0.1428571492433548, 0.1428571492433548, 0.1428571492433548, 0.1428571492433548, 0.1428571492433548, 0.1428571492433548, 0.1428571492433548], [0.1428571492433548, 0.1428571492433548, 0.1428571492433548, 0.1428571492433548, 0.1428571492433548, 0.1428571492433548, 0.1428571492433548], [0.1428571492433548, 0.1428571492433548, 0.1428571492433548, 0.1428571492433548, 0.1428571492433548, 0.1428571492433548, 0.1428571492433548], [0.1428571492433548, 0.1428571492433548, 0.1428571492433548, 0.1428571492433548, 0.1428571492433548, 0.1428571492433548, 0.1428571492433548], [0.1428571492433548, 0.1428571492433548, 0.1428571492433548, 0.1428571492433548, 0.1428571492433548, 0.1428571492433548, 0.1428571492433548], [0.1428571492433548, 0.1428571492433548, 0.1428571492433548, 0.1428571492433548, 0.1428571492433548, 0.1428571492433548, 0.1428571492433548], [0.1428571492433548, 0.1428571492433548, 0.1428571492433548, 0.1428571492433548, 0.1428571492433548, 0.1428571492433548, 0.1428571492433548], [0.1428571492433548, 0.1428571492433548, 0.1428571492433548, 0.1428571492433548, 0.1428571492433548, 0.1428571492433548, 0.1428571492433548], [0.1428571492433548, 0.1428571492433548, 0.1428571492433548, 0.1428571492433548, 0.1428571492433548, 0.1428571492433548, 0.1428571492433548], [0.1428571492433548, 0.1428571492433548, 0.1428571492433548, 0.1428571492433548, 0.1428571492433548, 0.1428571492433548, 0.1428571492433548]], "coeff_list_in_victim": [[0.0, 0.12277697771787643, 0.0, 0.22144567966461182, 0.5416865944862366, 0.114090695977211, 0.0]], "victims": {"DPN92": {"clean acc": 92.37000122070313, "prediction": 6, "poisons predictions": [8, 8, 8, 6, 8, 6, 6], "scores": [5.827844752416332e-27, 4.8145267270126985e-27, 3.968897640507179e-40, 1.8516901233142554e-18, 3.262222824948174e-42, 5.002373997107966e-23, 0.9843161702156067, 3.7181579813513754e-38, 0.01568192057311535, 0.0], "malicious score": 0.01568192057311535, "camera": {"2": {"prediction": 6, "scores": [9.164320973247918e-28, 5.148374356920582e-27, 2.8365904115243656e-37, 4.8836629015682875e-15, 7.812647557243052e-38, 1.58348848715774e-20, 0.9999771118164062, 5.046342016741888e-40, 2.4453802325297147e-05, 0.0], "malicious score": 2.4453802325297147e-05}, "4": {"prediction": 6, "scores": [1.4312514485346722e-26, 1.9155018763327296e-28, 7.824808585835849e-40, 2.6702941302296393e-16, 3.3353706047859296e-41, 1.1868051336299893e-22, 0.9998931884765625, 3.2716115246591504e-41, 0.00010679678234737366, 0.0], "malicious score": 0.00010679678234737366}}}, "SENet18": {"clean acc": 90.9500015258789, "prediction": 6, "poisons predictions": [6, 8, 8, 6, 6, 8, 6], "scores": [1.248606963599741e-06, 3.739107512501505e-07, 1.501741439535742e-12, 7.390224254777422e-08, 0.0018130441894754767, 9.680934005829034e-12, 0.9438672065734863, 4.4958398982830605e-12, 0.05431715026497841, 9.097738687975084e-17], "malicious score": 0.05431715026497841, "camera": {"2": {"prediction": 8, "scores": [7.975747394084465e-06, 7.140200097843774e-10, 3.4108213215616745e-12, 1.025374217533681e-06, 0.0012489459477365017, 3.1280092405161497e-10, 0.47019079327583313, 6.91590393894076e-13, 0.528550386428833, 6.593227699066629e-16], "malicious score": 0.528550386428833}, "4": {"prediction": 8, "scores": [0.00014348345575854182, 5.4597087267849176e-11, 8.874794887696325e-13, 1.2322803399911209e-07, 0.0001392927224515006, 8.764794445781376e-13, 0.002438724273815751, 4.3082437574046284e-13, 0.997278094291687, 2.3231954801786695e-18], "malicious score": 0.997278094291687}}}, "ResNet50": {"clean acc": 92.78000068664551, "prediction": 8, "poisons predictions": [8, 8, 8, 8, 8, 8, 8], "scores": [0.0, 5.47444424845661e-18, 5.858128454317652e-37, 1.1151950972298516e-27, 6.670581930050423e-26, 3.056623381558179e-35, 0.09673941135406494, 2.8934950961733617e-31, 0.9032610058784485, 4.2309499925566026e-19], "malicious score": 0.9032610058784485, "camera": {"2": {"prediction": 6, "scores": [0.0, 4.915002379462868e-16, 5.748129103257328e-38, 4.0352006180910394e-07, 1.9893034055361805e-18, 6.1572250260400936e-24, 0.9637131690979004, 1.115218409445738e-31, 0.03628677874803543, 7.142613268655768e-17], "malicious score": 0.03628677874803543}, "4": {"prediction": 6, "scores": [0.0, 3.915994449939956e-17, 9.28410679359907e-40, 9.99601325020194e-05, 4.771212346770529e-20, 5.548037224152248e-29, 0.9865773320198059, 3.58494552932104e-33, 0.013322249054908752, 5.952225605574223e-20], "malicious score": 0.013322249054908752}}}, "ResNeXt29_2x64d": {"clean acc": 92.80000152587891, "prediction": 6, "poisons predictions": [8, 8, 8, 8, 8, 8, 8], "scores": [8.095689457451703e-22, 8.55990219861269e-06, 4.648270327943949e-15, 3.167235149703629e-07, 3.0341858824725894e-38, 2.8857671816992656e-24, 0.7170791029930115, 4.967890421857712e-18, 0.2829115688800812, 3.99196343443447e-26], "malicious score": 0.2829115688800812, "camera": {"2": {"prediction": 6, "scores": [1.645845303764594e-20, 6.06370564870673e-10, 1.6509382294409292e-13, 0.05404319614171982, 1.333646397473896e-25, 1.7761617835943656e-16, 0.9458785057067871, 4.9195319698323956e-20, 7.914241723483428e-05, 2.936783703908427e-25], "malicious score": 7.914241723483428e-05}, "4": {"prediction": 6, "scores": [1.8854877263259105e-21, 3.979469642700906e-09, 6.71501759023376e-15, 0.0767798200249672, 3.0437335211337655e-26, 2.620112167849732e-18, 0.9229403734207153, 1.6696977918197064e-21, 0.00027900407440029085, 2.6730311032170937e-27], "malicious score": 0.00027900407440029085}}}, "GoogLeNet": {"clean acc": 91.85000190734863, "prediction": 8, "poisons predictions": [8, 8, 8, 6, 8, 8, 8], "scores": [1.640046876517226e-14, 3.9163539078401755e-09, 5.689548832066293e-10, 1.0303867384209298e-05, 7.289157055723194e-10, 5.086480996396858e-07, 0.437483012676239, 1.6437018075521337e-06, 0.5625048279762268, 2.145385258334187e-11], "malicious score": 0.5625048279762268, "camera": {"2": {"prediction": 6,