{"args": "Namespace(device='cuda', dset_path='datasets', end2end=False, eval_poisons_root='attack-results-eps0.03/100-overlap/linear-transfer-learning/mean/800', gpu='0', lr_decay_epoch=[30, 45], model_resume_path='model-chks', num_per_class=50, poison_label=8, retrain_bsize=64, retrain_epochs=60, retrain_lr=0.1, retrain_momentum=0.9, retrain_opt='adam', retrain_wd=0, subset_group=0, target_camera=True, target_index_end=45, target_index_start=44, target_index_step=1, target_label=6, target_net=['DPN92', 'SENet18', 'ResNet50', 'ResNeXt29_2x64d', 'GoogLeNet', 'MobileNetV2', 'ResNet18', 'DenseNet121'], target_print_size=[2, 4], test_chk_name='ckpt-%s-4800.t7', train_data_path='datasets/CIFAR10_TRAIN_Split.pth')", "poison_label": 8, "target_label": 6, "targets": {"44": {}, "44": {"800": {"time": 337.0, "coeffs_time": 0, "poisons_time": 4, "target_loss": 0.011271084658801556, "total_loss": 0.13800109922885895, "coeff_list": [[0.20000000298023224, 0.20000000298023224, 0.20000000298023224, 0.20000000298023224, 0.20000000298023224], [0.20000000298023224, 0.20000000298023224, 0.20000000298023224, 0.20000000298023224, 0.20000000298023224], [0.20000000298023224, 0.20000000298023224, 0.20000000298023224, 0.20000000298023224, 0.20000000298023224], [0.20000000298023224, 0.20000000298023224, 0.20000000298023224, 0.20000000298023224, 0.20000000298023224], [0.20000000298023224, 0.20000000298023224, 0.20000000298023224, 0.20000000298023224, 0.20000000298023224], [0.20000000298023224, 0.20000000298023224, 0.20000000298023224, 0.20000000298023224, 0.20000000298023224], [0.20000000298023224, 0.20000000298023224, 0.20000000298023224, 0.20000000298023224, 0.20000000298023224], [0.20000000298023224, 0.20000000298023224, 0.20000000298023224, 0.20000000298023224, 0.20000000298023224], [0.20000000298023224, 0.20000000298023224, 0.20000000298023224, 0.20000000298023224, 0.20000000298023224], [0.20000000298023224, 0.20000000298023224, 0.20000000298023224, 0.20000000298023224, 0.20000000298023224], [0.20000000298023224, 0.20000000298023224, 0.20000000298023224, 0.20000000298023224, 0.20000000298023224], [0.20000000298023224, 0.20000000298023224, 0.20000000298023224, 0.20000000298023224, 0.20000000298023224], [0.20000000298023224, 0.20000000298023224, 0.20000000298023224, 0.20000000298023224, 0.20000000298023224], [0.20000000298023224, 0.20000000298023224, 0.20000000298023224, 0.20000000298023224, 0.20000000298023224], [0.20000000298023224, 0.20000000298023224, 0.20000000298023224, 0.20000000298023224, 0.20000000298023224], [0.20000000298023224, 0.20000000298023224, 0.20000000298023224, 0.20000000298023224, 0.20000000298023224], [0.20000000298023224, 0.20000000298023224, 0.20000000298023224, 0.20000000298023224, 0.20000000298023224], [0.20000000298023224, 0.20000000298023224, 0.20000000298023224, 0.20000000298023224, 0.20000000298023224]], "coeff_list_in_victim": [[0.06946853548288345, 0.0, 0.2981582581996918, 0.6323732137680054, 0.0]], "victims": {"DPN92": {"clean acc": 91.7500015258789, "prediction": 6, "poisons predictions": [8, 8, 8, 8, 8], "scores": [1.3964522246889821e-11, 9.39982570942394e-17, 2.782477177902042e-31, 3.1176894833145896e-12, 1.1416197514831364e-19, 2.231886923268877e-14, 0.9968844652175903, 5.346002546240262e-31, 0.0031148032285273075, 0.0], "malicious score": 0.0031148032285273075, "camera": {}}, "SENet18": {"clean acc": 91.4400016784668, "prediction": 6, "poisons predictions": [8, 6, 8, 8, 6], "scores": [1.0979283615597524e-05, 3.734608586267898e-21, 2.2243905328789282e-10, 1.4981660009794062e-11, 3.6898826216713587e-09, 3.965658097043745e-12, 0.9599441289901733, 4.960883374888775e-18, 0.04004557058215141, 1.1128936930380697e-16], "malicious score": 0.04004557058215141, "camera": {}}, "ResNet50": {"clean acc": 93.53000183105469, "prediction": 6, "poisons predictions": [8, 8, 8, 6, 8], "scores": [1.0520413462033477e-36, 2.2720401066839006e-39, 2.4682924050280998e-37, 3.640389840217048e-39, 0.0, 1.5574053175571836e-20, 0.818224310874939, 2.2760704319948524e-19, 0.18177516758441925, 8.387344586975119e-23], "malicious score": 0.18177516758441925, "camera": {}}, "ResNeXt29_2x64d": {"clean acc": 93.01000175476074, "prediction": 6, "poisons predictions": [8, 8, 8, 8, 8], "scores": [3.8531370545800245e-24, 4.8311489357633075e-12, 1.0818974188753216e-11, 6.184882050952467e-10, 3.1022079927875375e-38, 1.641924359618703e-22, 0.9999542236328125, 4.864884250352337e-22, 4.4020835048286244e-05, 1.835430342226084e-26], "malicious score": 4.4020835048286244e-05, "camera": {}}, "GoogLeNet": {"clean acc": 91.72000122070312, "prediction": 6, "poisons predictions": [6, 6, 8, 6, 8], "scores": [3.7263737234782823e-11, 2.0228408175171353e-06, 8.579353561799508e-06, 0.0001309743820456788, 1.452532816248464e-10, 1.2742728358716704e-05, 0.7257677912712097, 1.6870202671270818e-05, 0.27406102418899536, 2.2913457155965267e-12], "malicious score": 0.27406102418899536, "camera": {}}, "MobileNetV2": {"clean acc": 87.30000228881836, "prediction": 6, "poisons predictions": [8, 8, 8, 8, 8], "scores": [1.912717163474187e-12, 5.559253057896285e-11, 1.0281027243763674e-05, 0.0004038850893266499, 2.7333667181112566e-17, 1.3128144018992316e-05, 0.7341065406799316, 7.57846391842348e-15, 0.2654663324356079, 3.8724059711060785e-19], "malicious score": 0.2654663324356079, "camera": {}}, "ResNet18": {"clean acc": 92.62000198364258, "prediction": 6, "poisons predictions": [8, 8, 8, 8, 8], "scores": [4.273040819532422e-19, 1.11022864075494e-05, 9.013916457863147e-13, 0.0022278919350355864, 7.51203538126794e-22, 1.7893375670041678e-09, 0.9845377206802368, 4.717992574447766e-16, 0.01322351023554802, 2.856061430924391e-20], "malicious score": 0.01322351023554802, "camera": {}}, "DenseNet121": {"clean acc": 92.84000167846679, "prediction": 6, "poisons predictions": [8, 8, 8, 8, 8], "scores": [6.544101438521466e-07, 3.7088985216371384e-09, 3.4591511877124503e-09, 3.0751401936868206e-05, 7.602501406189788e-10, 0.0001984642876777798, 0.6718543767929077, 5.266888502745111e-19, 0.32791581749916077, 1.2966355419918862e-12], "malicious score": 0.32791581749916077, "camera": {}}}}}}, "poison_idx_list": [213, 225, 227, 247, 249]}