{"args": "Namespace(device='cuda', dset_path='datasets', end2end=False, eval_poisons_root='attack-results-10poisons/100-overlap/linear-transfer-learning/mean/800', gpu='1', lr_decay_epoch=[30, 45], model_resume_path='model-chks', num_per_class=50, poison_label=8, retrain_bsize=64, retrain_epochs=60, retrain_lr=0.1, retrain_momentum=0.9, retrain_opt='adam', retrain_wd=0, subset_group=0, target_camera=True, target_index_end=48, target_index_start=47, target_index_step=1, target_label=6, target_net=['DPN92', 'SENet18', 'ResNet50', 'ResNeXt29_2x64d', 'GoogLeNet', 'MobileNetV2', 'ResNet18', 'DenseNet121'], target_print_size=[2, 4], test_chk_name='ckpt-%s-4800.t7', train_data_path='datasets/CIFAR10_TRAIN_Split.pth')", "poison_label": 8, "target_label": 6, "targets": {"47": {}, "47": {"800": {"time": 848.0, "coeffs_time": 0, "poisons_time": 4, "target_loss": 0.003448859788477421, "total_loss": 0.058100298047065735, "coeff_list": [[0.10000000149011612, 0.10000000149011612, 0.10000000149011612, 0.10000000149011612, 0.10000000149011612, 0.10000000149011612, 0.10000000149011612, 0.10000000149011612, 0.10000000149011612, 0.10000000149011612], [0.10000000149011612, 0.10000000149011612, 0.10000000149011612, 0.10000000149011612, 0.10000000149011612, 0.10000000149011612, 0.10000000149011612, 0.10000000149011612, 0.10000000149011612, 0.10000000149011612], [0.10000000149011612, 0.10000000149011612, 0.10000000149011612, 0.10000000149011612, 0.10000000149011612, 0.10000000149011612, 0.10000000149011612, 0.10000000149011612, 0.10000000149011612, 0.10000000149011612], [0.10000000149011612, 0.10000000149011612, 0.10000000149011612, 0.10000000149011612, 0.10000000149011612, 0.10000000149011612, 0.10000000149011612, 0.10000000149011612, 0.10000000149011612, 0.10000000149011612], [0.10000000149011612, 0.10000000149011612, 0.10000000149011612, 0.10000000149011612, 0.10000000149011612, 0.10000000149011612, 0.10000000149011612, 0.10000000149011612, 0.10000000149011612, 0.10000000149011612], [0.10000000149011612, 0.10000000149011612, 0.10000000149011612, 0.10000000149011612, 0.10000000149011612, 0.10000000149011612, 0.10000000149011612, 0.10000000149011612, 0.10000000149011612, 0.10000000149011612], [0.10000000149011612, 0.10000000149011612, 0.10000000149011612, 0.10000000149011612, 0.10000000149011612, 0.10000000149011612, 0.10000000149011612, 0.10000000149011612, 0.10000000149011612, 0.10000000149011612], [0.10000000149011612, 0.10000000149011612, 0.10000000149011612, 0.10000000149011612, 0.10000000149011612, 0.10000000149011612, 0.10000000149011612, 0.10000000149011612, 0.10000000149011612, 0.10000000149011612], [0.10000000149011612, 0.10000000149011612, 0.10000000149011612, 0.10000000149011612, 0.10000000149011612, 0.10000000149011612, 0.10000000149011612, 0.10000000149011612, 0.10000000149011612, 0.10000000149011612], [0.10000000149011612, 0.10000000149011612, 0.10000000149011612, 0.10000000149011612, 0.10000000149011612, 0.10000000149011612, 0.10000000149011612, 0.10000000149011612, 0.10000000149011612, 0.10000000149011612], [0.10000000149011612, 0.10000000149011612, 0.10000000149011612, 0.10000000149011612, 0.10000000149011612, 0.10000000149011612, 0.10000000149011612, 0.10000000149011612, 0.10000000149011612, 0.10000000149011612], [0.10000000149011612, 0.10000000149011612, 0.10000000149011612, 0.10000000149011612, 0.10000000149011612, 0.10000000149011612, 0.10000000149011612, 0.10000000149011612, 0.10000000149011612, 0.10000000149011612], [0.10000000149011612, 0.10000000149011612, 0.10000000149011612, 0.10000000149011612, 0.10000000149011612, 0.10000000149011612, 0.10000000149011612, 0.10000000149011612, 0.10000000149011612, 0.10000000149011612], [0.10000000149011612, 0.10000000149011612, 0.10000000149011612, 0.10000000149011612, 0.10000000149011612, 0.10000000149011612, 0.10000000149011612, 0.10000000149011612, 0.10000000149011612, 0.10000000149011612], [0.10000000149011612, 0.10000000149011612, 0.10000000149011612, 0.10000000149011612, 0.10000000149011612, 0.10000000149011612, 0.10000000149011612, 0.10000000149011612, 0.10000000149011612, 0.10000000149011612], [0.10000000149011612, 0.10000000149011612, 0.10000000149011612, 0.10000000149011612, 0.10000000149011612, 0.10000000149011612, 0.10000000149011612, 0.10000000149011612, 0.10000000149011612, 0.10000000149011612], [0.10000000149011612, 0.10000000149011612, 0.10000000149011612, 0.10000000149011612, 0.10000000149011612, 0.10000000149011612, 0.10000000149011612, 0.10000000149011612, 0.10000000149011612, 0.10000000149011612], [0.10000000149011612, 0.10000000149011612, 0.10000000149011612, 0.10000000149011612, 0.10000000149011612, 0.10000000149011612, 0.10000000149011612, 0.10000000149011612, 0.10000000149011612, 0.10000000149011612]], "coeff_list_in_victim": [[0.0, 0.22064928710460663, 0.0, 0.0, 0.4004354476928711, 0.3789152204990387, 0.0, 0.0, 0.0, 0.0]], "victims": {"DPN92": {"clean acc": 91.35000076293946, "prediction": 8, "poisons predictions": [8, 8, 8, 8, 8, 8, 8, 8, 6, 8], "scores": [4.948453145425575e-23, 2.1606698356545342e-26, 0.0, 7.327041788902836e-18, 5.710755352175014e-38, 9.473330031033715e-25, 0.0004736180417239666, 0.0, 0.999527096748352, 0.0], "malicious score": 0.999527096748352, "camera": {}}, "SENet18": {"clean acc": 91.51000137329102, "prediction": 6, "poisons predictions": [8, 6, 6, 6, 8, 8, 6, 8, 8, 8], "scores": [1.278747108202083e-10, 7.431518101634962e-14, 9.921341909814943e-17, 6.416525730884581e-12, 3.863438450935064e-06, 2.3192344854490454e-13, 0.9997254014015198, 4.1641583031163526e-14, 0.0002705201040953398, 1.2638863156112134e-16], "malicious score": 0.0002705201040953398, "camera": {}}, "ResNet50": {"clean acc": 93.43000144958496, "prediction": 8, "poisons predictions": [8, 8, 8, 8, 8, 8, 8, 8, 8, 8], "scores": [1.9846883519442326e-32, 1.0233001899470192e-23, 1.5283391177751883e-25, 2.789751123253442e-13, 2.4314022498034122e-33, 3.336412967452177e-20, 0.0019091430585831404, 4.359311903460763e-35, 0.9980906844139099, 1.5323857317670107e-39], "malicious score": 0.9980906844139099, "camera": {}}, "ResNeXt29_2x64d": {"clean acc": 92.95000076293945, "prediction": 8, "poisons predictions": [8, 8, 8, 8, 8, 8, 8, 8, 8, 8], "scores": [8.61948473659286e-24, 5.1114047892042436e-06, 1.165229166376019e-19, 1.938273353667766e-13, 0.0, 2.07047672312593e-31, 0.020883113145828247, 1.3592638953429092e-20, 0.9791126251220703, 2.6602335294858508e-20], "malicious score": 0.9791126251220703, "camera": {}}, "GoogLeNet": {"clean acc": 92.09000129699707, "prediction": 8, "poisons predictions": [8, 8, 8, 8, 8, 8, 6, 8, 8, 8], "scores": [6.900503194364111e-16, 1.702309759821219e-08, 1.8948257134339397e-13, 9.16189257793576e-09, 2.7747452772952652e-12, 1.4508770573851137e-10, 0.014645413495600224, 2.0997237726305684e-08, 0.9853549599647522, 1.3138799672806484e-13], "malicious score": 0.9853549599647522, "camera": {}}, "MobileNetV2": {"clean acc": 86.9000015258789, "prediction": 8, "poisons predictions": [8, 8, 8, 8, 8, 8, 8, 8, 8, 8], "scores": [4.8288390647188706e-11, 1.7449041564621683e-19, 6.3227240283680874e-12, 1.3556234989664517e-05, 4.531956081264344e-16, 1.5907516977452176e-15, 0.32108625769615173, 1.9197802093335644e-29, 0.6789000034332275, 1.8989738585136143e-26], "malicious score": 0.6789000034332275, "camera": {}}, "ResNet18": {"clean acc": 92.49000091552735, "prediction": 8, "poisons predictions": [8, 8, 8, 8, 8, 8, 8, 6, 8, 8], "scores": [4.819258870622633e-23, 4.820920480597124e-07, 1.893640680459413e-13, 0.00017626832413952798, 1.570156634360954e-23, 9.114040078195274e-11, 0.15320388972759247, 1.6623624042049379e-15, 0.8466194868087769, 1.6537048928329115e-21], "malicious score": 0.8466194868087769, "camera": {}}, "DenseNet121": {"clean acc": 92.67000122070313, "prediction": 8, "poisons predictions": [8, 8, 8, 8, 8, 8, 6, 8, 8, 8],