{"args": "Namespace(device='cuda', dset_path='datasets', end2end=False, eval_poisons_root='attack-results-eps0.01/100-overlap/linear-transfer-learning/mean/800', gpu='1', lr_decay_epoch=[30, 45], model_resume_path='model-chks', num_per_class=50, poison_label=8, retrain_bsize=64, retrain_epochs=60, retrain_lr=0.1, retrain_momentum=0.9, retrain_opt='adam', retrain_wd=0, subset_group=0, target_camera=True, target_index_end=4, target_index_start=3, target_index_step=1, target_label=6, target_net=['DPN92', 'SENet18', 'ResNet50', 'ResNeXt29_2x64d', 'GoogLeNet', 'MobileNetV2', 'ResNet18', 'DenseNet121'], target_print_size=[2, 4], test_chk_name='ckpt-%s-4800.t7', train_data_path='datasets/CIFAR10_TRAIN_Split.pth')", "poison_label": 8, "target_label": 6, "targets": {"3": {}, "3": {"800": {"time": 321.0, "coeffs_time": 0, "poisons_time": 4, "target_loss": 0.021574756130576134, "total_loss": 0.5117319226264954, "coeff_list": [[0.20000000298023224, 0.20000000298023224, 0.20000000298023224, 0.20000000298023224, 0.20000000298023224], [0.20000000298023224, 0.20000000298023224, 0.20000000298023224, 0.20000000298023224, 0.20000000298023224], [0.20000000298023224, 0.20000000298023224, 0.20000000298023224, 0.20000000298023224, 0.20000000298023224], [0.20000000298023224, 0.20000000298023224, 0.20000000298023224, 0.20000000298023224, 0.20000000298023224], [0.20000000298023224, 0.20000000298023224, 0.20000000298023224, 0.20000000298023224, 0.20000000298023224], [0.20000000298023224, 0.20000000298023224, 0.20000000298023224, 0.20000000298023224, 0.20000000298023224], [0.20000000298023224, 0.20000000298023224, 0.20000000298023224, 0.20000000298023224, 0.20000000298023224], [0.20000000298023224, 0.20000000298023224, 0.20000000298023224, 0.20000000298023224, 0.20000000298023224], [0.20000000298023224, 0.20000000298023224, 0.20000000298023224, 0.20000000298023224, 0.20000000298023224], [0.20000000298023224, 0.20000000298023224, 0.20000000298023224, 0.20000000298023224, 0.20000000298023224], [0.20000000298023224, 0.20000000298023224, 0.20000000298023224, 0.20000000298023224, 0.20000000298023224], [0.20000000298023224, 0.20000000298023224, 0.20000000298023224, 0.20000000298023224, 0.20000000298023224], [0.20000000298023224, 0.20000000298023224, 0.20000000298023224, 0.20000000298023224, 0.20000000298023224], [0.20000000298023224, 0.20000000298023224, 0.20000000298023224, 0.20000000298023224, 0.20000000298023224], [0.20000000298023224, 0.20000000298023224, 0.20000000298023224, 0.20000000298023224, 0.20000000298023224], [0.20000000298023224, 0.20000000298023224, 0.20000000298023224, 0.20000000298023224, 0.20000000298023224], [0.20000000298023224, 0.20000000298023224, 0.20000000298023224, 0.20000000298023224, 0.20000000298023224], [0.20000000298023224, 0.20000000298023224, 0.20000000298023224, 0.20000000298023224, 0.20000000298023224]], "coeff_list_in_victim": [[0.0, 0.0, 0.07248903065919876, 0.9275109767913818, 0.0]], "victims": {"DPN92": {"clean acc": 92.78000183105469, "prediction": 6, "poisons predictions": [8, 8, 8, 8, 8], "scores": [5.511482611014516e-21, 7.277818752191643e-18, 3.7673208564140545e-40, 1.6862814499650968e-15, 1.821623534621823e-29, 2.1927690468489863e-20, 1.0, 2.900267431613074e-41, 1.9475816792624556e-10, 0.0], "malicious score": 1.9475816792624556e-10, "camera": {"2": {"prediction": 3, "scores": [8.041505579821989e-25, 3.883502727330669e-33, 1.5775934875871528e-18, 0.9992754459381104, 5.160792326819319e-08, 0.0007095244945958257, 1.5068568245624192e-05, 0.0, 1.319393364026633e-15, 5.4208944668255e-32], "malicious score": 1.319393364026633e-15}, "4": {"prediction": 6, "scores": [2.9743085486801926e-15, 3.2107471879611094e-23, 6.750919376726711e-24, 3.453063754932373e-07, 4.8035048187250485e-18, 1.7942186403274718e-08, 1.0, 5.384171254416708e-39, 3.829086353546174e-12, 1.1691211510599152e-33], "malicious score": 3.829086353546174e-12}}}, "SENet18": {"clean acc": 91.55000190734863, "prediction": 6, "poisons predictions": [8, 8, 8, 8, 8], "scores": [3.481675091863152e-21, 1.0069756037041702e-13, 8.58430635827444e-17, 6.779512389844256e-13, 6.457693757511151e-08, 2.433162178683279e-13, 1.0, 1.2905256672384836e-17, 4.739401093800666e-10, 1.5979222551601988e-15], "malicious score": 4.739401093800666e-10, "camera": {"2": {"prediction": 3, "scores": [8.60044135653779e-15, 8.070099628701768e-14, 1.688344042349854e-08, 0.9936553835868835, 0.004756561014801264, 0.0004953066818416119, 0.0010901533532887697, 1.023433170113284e-15, 2.3862887701397995e-06, 4.237545425667122e-09], "malicious score": 2.3862887701397995e-06}, "4": {"prediction": 6, "scores": [1.623770388980983e-11, 1.2059814480380737e-08, 8.920540695012136e-11, 0.003637107089161873, 0.004762021359056234, 2.3830583813833073e-05, 0.9319255948066711, 5.042850859116044e-11, 0.05965128168463707, 5.7164655231645156e-08], "malicious score": 0.05965128168463707}}}, "ResNet50": {"clean acc": 93.36000137329101, "prediction": 6, "poisons predictions": [8, 8, 8, 8, 8], "scores": [3.5354059605682972e-40, 4.71888796437363e-18, 4.203895392974451e-45, 1.076228114062367e-32, 1.1165546163740142e-41, 2.501170800301111e-31, 1.0, 1.0002459252507864e-19, 1.9147434647709702e-19, 4.862949616313937e-24], "malicious score": 1.9147434647709702e-19, "camera": {"2": {"prediction": 3, "scores": [2.702247628992318e-29, 1.1884000998985816e-14, 1.132573055392973e-31, 1.0, 1.9900665712641458e-29, 9.104980566350046e-20, 8.695504871703008e-10, 2.1562674216280388e-16, 3.6311937900990188e-09, 3.424496242132591e-09], "malicious score": 3.6311937900990188e-09}, "4": {"prediction": 6, "scores": [9.48119181958552e-29, 2.6970022352565404e-13, 1.205251473021223e-36, 2.354867602999411e-13, 9.190870006868867e-33, 1.8742587899001815e-20, 0.9999885559082031, 9.90023977465171e-07, 2.436293698337977e-06, 8.031757715798449e-06], "malicious score": 2.436293698337977e-06}}}, "ResNeXt29_2x64d": {"clean acc": 92.87000160217285, "prediction": 6, "poisons predictions": [8, 8, 8, 8, 8], "scores": [2.0126825754216226e-34, 1.9975786358372716e-07, 1.1792124478360749e-18, 2.4676552034391674e-12, 4.90454462513686e-44, 1.0731710885417808e-37, 1.0, 9.739283638391532e-25, 1.9567796272212945e-09, 3.2465105670805273e-32], "malicious score": 1.9567796272212945e-09, "camera": {"2": {"prediction": 6, "scores": [1.0518853514162216e-35, 4.891627871973229e-21, 1.2072960686726475e-11, 0.0028150384314358234, 9.66148710514203e-13, 4.233755134919193e-06, 0.9971811175346375, 1.8940138548963968e-23, 3.307918298307811e-16, 3.1826782875832293e-10], "malicious score": 3.307918298307811e-16}, "4": {"prediction": 6, "scores": [1.7748834718206983e-29, 4.3695452428039756e-15, 1.7782926520215625e-10, 2.826116542564705e-05, 1.6314013796385741e-18, 4.2148538348732445e-13, 0.9999713897705078, 1.6402319876269146e-17, 1.0643834424950427e-10, 9.838883180401936e-12], "malicious score": 1.0643834424950427e-10}}}, "GoogLeNet": {"clean acc": 91.38000144958497, "prediction": 6, "poisons predictions": [8, 8, 8, 8, 8], "scores": [5.4572843866491975e-18, 7.479704355883854e-12, 2.623904418727012e-17, 8.257124844979202e-11, 2.243928343647044e-14, 8.036207983785904e-12, 1.0, 5.192584605398759e-16, 1.0042440408142284e-06, 3.3496408003684245e-18], "malicious score": 1.0042440408142284e-06, "camera": {"2": {"prediction": 3, "scores": [2.2431312856436778e-15, 1.0039050266641425e-06, 1.7761496451385028e-07, 0.9795319437980652, 5.812536940652535e-08, 0.008691009134054184, 0.011667492799460888, 1.0927265003084349e-16, 0.0001083590614143759, 2.0679671308698744e-08], "malicious score": 0.0001083590614143759}, "4": {"prediction": 6, "scores": [1.722651752147919e-12, 1.5561075997538865e-05, 6.8439458118518814e-06, 0.3005366325378418, 8.989862188002462e-09, 0.003095900174230337, 0.6927986741065979, 1.7856518401502403e-13, 0.003546291496604681, 9.285493485222673e-10], "malicious score": 0.003546291496604681}}}, "MobileNetV2": {"clean acc": 87.13000144958497, "prediction": 6, "poisons predictions": [8, 8, 8, 6, 8],