{"args": "Namespace(device='cuda', dset_path='datasets', end2end=False, eval_poisons_root='attack-results-10poisons/100-overlap/linear-transfer-learning/mean/800', gpu='1', lr_decay_epoch=[30, 45], model_resume_path='model-chks', num_per_class=50, poison_label=8, retrain_bsize=64, retrain_epochs=60, retrain_lr=0.1, retrain_momentum=0.9, retrain_opt='adam', retrain_wd=0, subset_group=0, target_camera=True, target_index_end=41, target_index_start=40, target_index_step=1, target_label=6, target_net=['DPN92', 'SENet18', 'ResNet50', 'ResNeXt29_2x64d', 'GoogLeNet', 'MobileNetV2', 'ResNet18', 'DenseNet121'], target_print_size=[2, 4], test_chk_name='ckpt-%s-4800.t7', train_data_path='datasets/CIFAR10_TRAIN_Split.pth')", "poison_label": 8, "target_label": 6, "targets": {"40": {}, "40": {"800": {"time": 411.0, "coeffs_time": 0, "poisons_time": 4, "target_loss": 0.0013293876545503736, "total_loss": 0.06510619819164276, "coeff_list": [[0.10000000149011612, 0.10000000149011612, 0.10000000149011612, 0.10000000149011612, 0.10000000149011612, 0.10000000149011612, 0.10000000149011612, 0.10000000149011612, 0.10000000149011612, 0.10000000149011612], [0.10000000149011612, 0.10000000149011612, 0.10000000149011612, 0.10000000149011612, 0.10000000149011612, 0.10000000149011612, 0.10000000149011612, 0.10000000149011612, 0.10000000149011612, 0.10000000149011612], [0.10000000149011612, 0.10000000149011612, 0.10000000149011612, 0.10000000149011612, 0.10000000149011612, 0.10000000149011612, 0.10000000149011612, 0.10000000149011612, 0.10000000149011612, 0.10000000149011612], [0.10000000149011612, 0.10000000149011612, 0.10000000149011612, 0.10000000149011612, 0.10000000149011612, 0.10000000149011612, 0.10000000149011612, 0.10000000149011612, 0.10000000149011612, 0.10000000149011612], [0.10000000149011612, 0.10000000149011612, 0.10000000149011612, 0.10000000149011612, 0.10000000149011612, 0.10000000149011612, 0.10000000149011612, 0.10000000149011612, 0.10000000149011612, 0.10000000149011612], [0.10000000149011612, 0.10000000149011612, 0.10000000149011612, 0.10000000149011612, 0.10000000149011612, 0.10000000149011612, 0.10000000149011612, 0.10000000149011612, 0.10000000149011612, 0.10000000149011612], [0.10000000149011612, 0.10000000149011612, 0.10000000149011612, 0.10000000149011612, 0.10000000149011612, 0.10000000149011612, 0.10000000149011612, 0.10000000149011612, 0.10000000149011612, 0.10000000149011612], [0.10000000149011612, 0.10000000149011612, 0.10000000149011612, 0.10000000149011612, 0.10000000149011612, 0.10000000149011612, 0.10000000149011612, 0.10000000149011612, 0.10000000149011612, 0.10000000149011612], [0.10000000149011612, 0.10000000149011612, 0.10000000149011612, 0.10000000149011612, 0.10000000149011612, 0.10000000149011612, 0.10000000149011612, 0.10000000149011612, 0.10000000149011612, 0.10000000149011612], [0.10000000149011612, 0.10000000149011612, 0.10000000149011612, 0.10000000149011612, 0.10000000149011612, 0.10000000149011612, 0.10000000149011612, 0.10000000149011612, 0.10000000149011612, 0.10000000149011612], [0.10000000149011612, 0.10000000149011612, 0.10000000149011612, 0.10000000149011612, 0.10000000149011612, 0.10000000149011612, 0.10000000149011612, 0.10000000149011612, 0.10000000149011612, 0.10000000149011612], [0.10000000149011612, 0.10000000149011612, 0.10000000149011612, 0.10000000149011612, 0.10000000149011612, 0.10000000149011612, 0.10000000149011612, 0.10000000149011612, 0.10000000149011612, 0.10000000149011612], [0.10000000149011612, 0.10000000149011612, 0.10000000149011612, 0.10000000149011612, 0.10000000149011612, 0.10000000149011612, 0.10000000149011612, 0.10000000149011612, 0.10000000149011612, 0.10000000149011612], [0.10000000149011612, 0.10000000149011612, 0.10000000149011612, 0.10000000149011612, 0.10000000149011612, 0.10000000149011612, 0.10000000149011612, 0.10000000149011612, 0.10000000149011612, 0.10000000149011612], [0.10000000149011612, 0.10000000149011612, 0.10000000149011612, 0.10000000149011612, 0.10000000149011612, 0.10000000149011612, 0.10000000149011612, 0.10000000149011612, 0.10000000149011612, 0.10000000149011612], [0.10000000149011612, 0.10000000149011612, 0.10000000149011612, 0.10000000149011612, 0.10000000149011612, 0.10000000149011612, 0.10000000149011612, 0.10000000149011612, 0.10000000149011612, 0.10000000149011612], [0.10000000149011612, 0.10000000149011612, 0.10000000149011612, 0.10000000149011612, 0.10000000149011612, 0.10000000149011612, 0.10000000149011612, 0.10000000149011612, 0.10000000149011612, 0.10000000149011612], [0.10000000149011612, 0.10000000149011612, 0.10000000149011612, 0.10000000149011612, 0.10000000149011612, 0.10000000149011612, 0.10000000149011612, 0.10000000149011612, 0.10000000149011612, 0.10000000149011612]], "coeff_list_in_victim": [[0.0, 0.22512592375278473, 0.11399240791797638, 0.0, 0.29554376006126404, 0.0, 0.0, 0.36533787846565247, 0.0, 0.0]], "victims": {"DPN92": {"clean acc": 91.85000190734863, "prediction": 6, "poisons predictions": [8, 6, 8, 6, 8, 8, 8, 8, 8, 8], "scores": [8.797816803962633e-07, 1.303064318773639e-12, 8.112143912209705e-35, 9.6400600176072e-13, 1.2094438674532333e-34, 1.0172356980447427e-17, 0.6258365511894226, 6.904336782886747e-34, 0.3741633892059326, 4.203895392974451e-45], "malicious score": 0.3741633892059326, "camera": {}}, "SENet18": {"clean acc": 90.46000175476074, "prediction": 6, "poisons predictions": [8, 6, 8, 6, 8, 8, 6, 8, 8, 6], "scores": [1.1586130943541662e-09, 4.909558304220023e-20, 2.778336567888582e-19, 6.638016959020776e-14, 1.8859569905771423e-08, 1.96444368171162e-15, 0.9703338146209717, 1.1539701679126962e-21, 0.029666341841220856, 4.08962938815884e-16], "malicious score": 0.029666341841220856, "camera": {}}, "ResNet50": {"clean acc": 91.63000106811523, "prediction": 8, "poisons predictions": [8, 8, 8, 6, 8, 8, 8, 8, 8, 8], "scores": [1.7236260500570473e-29, 2.96957644071748e-33, 1.4154757932519613e-37, 0.0, 1.5525707545540367e-35, 2.788808151760678e-40, 0.2359607219696045, 1.1638576179647192e-32, 0.7640390396118164, 1.412646745806449e-18], "malicious score": 0.7640390396118164, "camera": {}}, "ResNeXt29_2x64d": {"clean acc": 92.08000221252442, "prediction": 6, "poisons predictions": [8, 8, 8, 8, 8, 8, 8, 8, 8, 8], "scores": [1.1097526398415477e-23, 2.188436541824675e-16, 1.3295640062616705e-15, 1.8014532088272972e-09, 1.4911380910800704e-38, 1.0331113457952953e-20, 0.99993896484375, 7.070130522074764e-23, 6.04109482083004e-05, 1.5547918327377834e-22], "malicious score": 6.04109482083004e-05, "camera": {}}, "GoogLeNet": {"clean acc": 91.63000183105468, "prediction": 8, "poisons predictions": [8, 8, 6, 8, 8, 8, 8, 6, 8, 8], "scores": [2.2456609462319303e-19, 3.426261940830955e-08, 6.46207184365563e-18, 3.4697936257543915e-07, 1.5321239069110426e-11, 2.980676816477512e-10, 0.32010146975517273, 4.988633365380908e-16, 0.6798978447914124, 3.8667829355132355e-11], "malicious score": 0.6798978447914124, "camera": {}}, "MobileNetV2": {"clean acc": 87.06000099182128, "prediction": 8, "poisons predictions": [6, 8, 6, 6, 6, 8, 8, 8, 6, 8], "scores": [7.113784561418868e-11, 1.819779356438338e-18, 1.4387804099166845e-12, 1.9903603970305994e-05, 5.0953128740956573e-33, 1.876998778627126e-09, 0.1999770998954773, 2.8690931599969176e-17, 0.8000037670135498, 1.0519902730925264e-19], "malicious score": 0.8000037670135498, "camera": {}}, "ResNet18": {"clean acc": 92.29000129699708, "prediction": 6, "poisons predictions": [8, 8, 8, 8, 8, 8, 8, 8, 8, 8], "scores": [1.7530418930893925e-21, 5.6636708940360075e-14, 7.0477933385160174e-12, 7.0530190896533895e-06, 1.0376735280733488e-27, 2.130125367543964e-13, 0.8867285251617432, 3.009987658425528e-12, 0.11326432973146439, 1.1015576372137497e-23], "malicious score": 0.11326432973146439, "camera": {}}, "DenseNet121": {"clean acc": 92.90000114440917, "prediction": 6, "poisons predictions": [8, 8, 8, 8, 8, 8, 8, 8, 8, 8],