{"args": "Namespace(device='cuda', dset_path='datasets', end2end=False, eval_poisons_root='attack-results-eps0.30/100-overlap/linear-transfer-learning/mean/800', gpu='0', lr_decay_epoch=[30, 45], model_resume_path='model-chks', num_per_class=50, poison_label=8, retrain_bsize=64, retrain_epochs=60, retrain_lr=0.1, retrain_momentum=0.9, retrain_opt='adam', retrain_wd=0, subset_group=0, target_camera=True, target_index_end=25, target_index_start=24, target_index_step=1, target_label=6, target_net=['DPN92', 'SENet18', 'ResNet50', 'ResNeXt29_2x64d', 'GoogLeNet', 'MobileNetV2', 'ResNet18', 'DenseNet121'], target_print_size=[2, 4], test_chk_name='ckpt-%s-4800.t7', train_data_path='datasets/CIFAR10_TRAIN_Split.pth')", "poison_label": 8, "target_label": 6, "targets": {"24": {}, "24": {"800": {"time": 484.0, "coeffs_time": 0, "poisons_time": 7, "target_loss": 0.0036812620237469673, "total_loss": 0.06404281407594681, "coeff_list": [[0.20000000298023224, 0.20000000298023224, 0.20000000298023224, 0.20000000298023224, 0.20000000298023224], [0.20000000298023224, 0.20000000298023224, 0.20000000298023224, 0.20000000298023224, 0.20000000298023224], [0.20000000298023224, 0.20000000298023224, 0.20000000298023224, 0.20000000298023224, 0.20000000298023224], [0.20000000298023224, 0.20000000298023224, 0.20000000298023224, 0.20000000298023224, 0.20000000298023224], [0.20000000298023224, 0.20000000298023224, 0.20000000298023224, 0.20000000298023224, 0.20000000298023224], [0.20000000298023224, 0.20000000298023224, 0.20000000298023224, 0.20000000298023224, 0.20000000298023224], [0.20000000298023224, 0.20000000298023224, 0.20000000298023224, 0.20000000298023224, 0.20000000298023224], [0.20000000298023224, 0.20000000298023224, 0.20000000298023224, 0.20000000298023224, 0.20000000298023224], [0.20000000298023224, 0.20000000298023224, 0.20000000298023224, 0.20000000298023224, 0.20000000298023224], [0.20000000298023224, 0.20000000298023224, 0.20000000298023224, 0.20000000298023224, 0.20000000298023224], [0.20000000298023224, 0.20000000298023224, 0.20000000298023224, 0.20000000298023224, 0.20000000298023224], [0.20000000298023224, 0.20000000298023224, 0.20000000298023224, 0.20000000298023224, 0.20000000298023224], [0.20000000298023224, 0.20000000298023224, 0.20000000298023224, 0.20000000298023224, 0.20000000298023224], [0.20000000298023224, 0.20000000298023224, 0.20000000298023224, 0.20000000298023224, 0.20000000298023224], [0.20000000298023224, 0.20000000298023224, 0.20000000298023224, 0.20000000298023224, 0.20000000298023224], [0.20000000298023224, 0.20000000298023224, 0.20000000298023224, 0.20000000298023224, 0.20000000298023224], [0.20000000298023224, 0.20000000298023224, 0.20000000298023224, 0.20000000298023224, 0.20000000298023224], [0.20000000298023224, 0.20000000298023224, 0.20000000298023224, 0.20000000298023224, 0.20000000298023224]], "coeff_list_in_victim": [[0.25342029333114624, 0.051425158977508545, 0.0, 0.0801435112953186, 0.6150110960006714]], "victims": {"DPN92": {"clean acc": 92.46000137329102, "prediction": 8, "poisons predictions": [8, 8, 8, 8, 6], "scores": [7.147635856395631e-15, 3.0221245501798858e-24, 1.3540524018896738e-35, 5.6192091274595155e-18, 4.4540003451431855e-27, 2.7192499581346683e-20, 0.2628895044326782, 3.318881021288772e-36, 0.7371119260787964, 0.0], "malicious score": 0.7371119260787964, "camera": {"2": {"prediction": 6, "scores": [2.3729827917104776e-14, 4.631054070122118e-28, 1.6571600487339317e-35, 1.1521031128642673e-17, 2.680707306270562e-29, 2.8565625860533245e-20, 0.9999961853027344, 1.521095178569865e-36, 4.0651916606293526e-06, 0.0], "malicious score": 4.0651916606293526e-06}, "4": {"prediction": 6, "scores": [1.2681859448487268e-14, 8.916682493586177e-29, 9.447019776804644e-33, 1.6933907827798594e-16, 1.8760303032343778e-30, 4.641901851173014e-18, 1.0, 9.339870275443701e-35, 6.110710870643743e-08, 0.0], "malicious score": 6.110710870643743e-08}}}, "SENet18": {"clean acc": 91.5400016784668, "prediction": 8, "poisons predictions": [6, 8, 6, 8, 8], "scores": [1.6210712243044934e-12, 1.1354039588943113e-13, 2.8260943932267857e-13, 1.6235977839951232e-10, 5.166027222003322e-06, 3.32644881691907e-13, 0.009132357314229012, 2.2366118848068982e-15, 0.9908619523048401, 3.624462492288205e-12], "malicious score": 0.9908619523048401, "camera": {"2": {"prediction": 6, "scores": [6.408606423313756e-10, 4.956260646954954e-21, 1.7421408376167946e-15, 5.367598032712806e-10, 2.7052882600742123e-08, 2.7766921791363974e-13, 0.9999904632568359, 2.525307446881381e-19, 9.869286259345245e-06, 6.301513046043155e-15], "malicious score": 9.869286259345245e-06}, "4": {"prediction": 6, "scores": [4.1395722405468405e-09, 7.216800326740597e-19, 5.996128073226803e-13, 8.892655500858382e-09, 2.4898872652556747e-07, 5.688588055469124e-12, 0.9999351501464844, 3.879151825456844e-17, 6.45586260361597e-05, 1.3218884266277126e-13], "malicious score": 6.45586260361597e-05}}}, "ResNet50": {"clean acc": 93.92000122070313, "prediction": 6, "poisons predictions": [8, 8, 8, 8, 8], "scores": [5.736068622874022e-35, 1.7862183787806612e-23, 1.0038048559247337e-26, 2.6731418923371445e-28, 4.1998729846969955e-31, 2.1404803890847205e-26, 0.9999961853027344, 0.0, 3.5479386042425176e-06, 4.401873295208761e-20], "malicious score": 3.5479386042425176e-06, "camera": {"2": {"prediction": 6, "scores": [1.6979717342582328e-37, 1.205624200725389e-28, 1.399947041366037e-28, 1.0118895631638813e-27, 1.090032855232195e-31, 3.1541899608608727e-29, 1.0, 0.0, 2.0650758880691455e-10, 7.94636786996859e-24], "malicious score": 2.0650758880691455e-10}, "4": {"prediction": 6, "scores": [5.636826880936814e-36, 2.2542788131923002e-26, 1.2414784777577182e-26, 6.481654722934455e-24, 2.3377060856780235e-31, 2.22362244052394e-29, 1.0, 0.0, 3.085737177929704e-12, 3.989851382620257e-24], "malicious score": 3.085737177929704e-12}}}, "ResNeXt29_2x64d": {"clean acc": 93.1500015258789, "prediction": 6, "poisons predictions": [8, 8, 8, 8, 8], "scores": [4.218994274950133e-25, 6.65201496197963e-16, 3.9797720604012644e-17, 2.9890927510933807e-09, 1.7771965377580317e-26, 4.8826048178304385e-21, 0.9992773532867432, 2.4668734373943316e-20, 0.0007225890876725316, 2.642643137941063e-21], "malicious score": 0.0007225890876725316, "camera": {"2": {"prediction": 6, "scores": [3.069250785113427e-22, 5.255804234069286e-21, 2.5831732586301115e-11, 2.8056160772393923e-07, 3.3205570237893056e-11, 4.0049150107357434e-10, 1.0, 2.4607267745847237e-20, 1.565737955955271e-10, 7.626161878930587e-17], "malicious score": 1.565737955955271e-10}, "4": {"prediction": 6, "scores": [2.6282113931079786e-25, 1.4177942089692678e-22, 3.959441281786713e-14, 3.898266598412192e-09, 1.8694255994304283e-19, 4.9358590131776126e-12, 1.0, 1.9097500522337456e-23, 1.851524406612081e-14, 1.0570115049799676e-17], "malicious score": 1.851524406612081e-14}}}, "GoogLeNet": {"clean acc": 92.22000198364258, "prediction": 6, "poisons predictions": [6, 8, 8, 8, 6], "scores": [3.9914209090663455e-12, 9.205091799913134e-08, 2.229798012898243e-10, 6.752020999556407e-05, 7.592159818159416e-05, 7.801721949363127e-05, 0.5310339331626892, 6.388850337657459e-09, 0.4687444269657135, 1.6335487629248746e-08], "malicious score": 0.4687444269657135, "camera": {"2": {"prediction": 6, "scores": [6.668606639115282e-12, 1.258633375300633e-07, 5.457756913074263e-09, 0.0002446722937747836, 1.3073819900455419e-05, 0.0004219232650939375, 0.9811751246452332, 4.69606520336896e-10, 0.018145067617297173, 1.4946975213092628e-08], "malicious score": 0.018145067617297173}, "4": {"prediction": 6, "scores": [1.683853387670145e-13, 3.3325918025184365e-08, 1.8506543852936375e-08, 0.0001425343652954325, 1.1904137409146642e-06, 0.000116555362183135, 0.9922709465026855, 1.490057077724316e-09, 0.007468697614967823, 1.7882414993231066e-10], "malicious score": 0.007468697614967823}}}, "MobileNetV2": {"clean acc": 87.01000099182129, "prediction": 6, "poisons predictions": [8, 8, 8, 8, 8],