{"args": "Namespace(device='cuda', dset_path='datasets', end2end=False, eval_poisons_root='attack-results-10poisons-102flowers/100-overlap/linear-transfer-learning/mean/800', gpu='1', lr_decay_epoch=[30, 45], model_resume_path='model-chks', num_per_class=50, poison_label=8, retrain_bsize=64, retrain_epochs=60, retrain_lr=0.1, retrain_momentum=0.9, retrain_opt='adam', retrain_wd=0, subset_group=0, target_camera=True, target_dset='102flowers', target_index_end=11, target_index_start=1, target_index_step=1, target_label=-1, target_net=['DPN92', 'SENet18', 'ResNet50', 'ResNeXt29_2x64d', 'GoogLeNet', 'MobileNetV2', 'ResNet18', 'DenseNet121'], target_print_size=[2, 4], test_chk_name='ckpt-%s-4800.t7', train_data_path='datasets/CIFAR10_TRAIN_Split.pth')", "poison_label": 8, "target_label": -1, "targets": {"6": {}, "6": {"800": {"time": 381.0, "coeffs_time": 0, "poisons_time": 4, "target_loss": 0.02399534359574318, "total_loss": 0.08638784289360046, "coeff_list": [[0.10000000149011612, 0.10000000149011612, 0.10000000149011612, 0.10000000149011612, 0.10000000149011612, 0.10000000149011612, 0.10000000149011612, 0.10000000149011612, 0.10000000149011612, 0.10000000149011612], [0.10000000149011612, 0.10000000149011612, 0.10000000149011612, 0.10000000149011612, 0.10000000149011612, 0.10000000149011612, 0.10000000149011612, 0.10000000149011612, 0.10000000149011612, 0.10000000149011612], [0.10000000149011612, 0.10000000149011612, 0.10000000149011612, 0.10000000149011612, 0.10000000149011612, 0.10000000149011612, 0.10000000149011612, 0.10000000149011612, 0.10000000149011612, 0.10000000149011612], [0.10000000149011612, 0.10000000149011612, 0.10000000149011612, 0.10000000149011612, 0.10000000149011612, 0.10000000149011612, 0.10000000149011612, 0.10000000149011612, 0.10000000149011612, 0.10000000149011612], [0.10000000149011612, 0.10000000149011612, 0.10000000149011612, 0.10000000149011612, 0.10000000149011612, 0.10000000149011612, 0.10000000149011612, 0.10000000149011612, 0.10000000149011612, 0.10000000149011612], [0.10000000149011612, 0.10000000149011612, 0.10000000149011612, 0.10000000149011612, 0.10000000149011612, 0.10000000149011612, 0.10000000149011612, 0.10000000149011612, 0.10000000149011612, 0.10000000149011612], [0.10000000149011612, 0.10000000149011612, 0.10000000149011612, 0.10000000149011612, 0.10000000149011612, 0.10000000149011612, 0.10000000149011612, 0.10000000149011612, 0.10000000149011612, 0.10000000149011612], [0.10000000149011612, 0.10000000149011612, 0.10000000149011612, 0.10000000149011612, 0.10000000149011612, 0.10000000149011612, 0.10000000149011612, 0.10000000149011612, 0.10000000149011612, 0.10000000149011612], [0.10000000149011612, 0.10000000149011612, 0.10000000149011612, 0.10000000149011612, 0.10000000149011612, 0.10000000149011612, 0.10000000149011612, 0.10000000149011612, 0.10000000149011612, 0.10000000149011612], [0.10000000149011612, 0.10000000149011612, 0.10000000149011612, 0.10000000149011612, 0.10000000149011612, 0.10000000149011612, 0.10000000149011612, 0.10000000149011612, 0.10000000149011612, 0.10000000149011612], [0.10000000149011612, 0.10000000149011612, 0.10000000149011612, 0.10000000149011612, 0.10000000149011612, 0.10000000149011612, 0.10000000149011612, 0.10000000149011612, 0.10000000149011612, 0.10000000149011612], [0.10000000149011612, 0.10000000149011612, 0.10000000149011612, 0.10000000149011612, 0.10000000149011612, 0.10000000149011612, 0.10000000149011612, 0.10000000149011612, 0.10000000149011612, 0.10000000149011612], [0.10000000149011612, 0.10000000149011612, 0.10000000149011612, 0.10000000149011612, 0.10000000149011612, 0.10000000149011612, 0.10000000149011612, 0.10000000149011612, 0.10000000149011612, 0.10000000149011612], [0.10000000149011612, 0.10000000149011612, 0.10000000149011612, 0.10000000149011612, 0.10000000149011612, 0.10000000149011612, 0.10000000149011612, 0.10000000149011612, 0.10000000149011612, 0.10000000149011612], [0.10000000149011612, 0.10000000149011612, 0.10000000149011612, 0.10000000149011612, 0.10000000149011612, 0.10000000149011612, 0.10000000149011612, 0.10000000149011612, 0.10000000149011612, 0.10000000149011612], [0.10000000149011612, 0.10000000149011612, 0.10000000149011612, 0.10000000149011612, 0.10000000149011612, 0.10000000149011612, 0.10000000149011612, 0.10000000149011612, 0.10000000149011612, 0.10000000149011612], [0.10000000149011612, 0.10000000149011612, 0.10000000149011612, 0.10000000149011612, 0.10000000149011612, 0.10000000149011612, 0.10000000149011612, 0.10000000149011612, 0.10000000149011612, 0.10000000149011612], [0.10000000149011612, 0.10000000149011612, 0.10000000149011612, 0.10000000149011612, 0.10000000149011612, 0.10000000149011612, 0.10000000149011612, 0.10000000149011612, 0.10000000149011612, 0.10000000149011612]], "coeff_list_in_victim": [[0.0, 0.0, 0.0, 0.4428695738315582, 0.0, 0.4365828335285187, 0.0, 0.0, 0.0, 0.12054754793643951]], "victims": {"DPN92": {"clean acc": 92.18000144958496, "prediction": 8, "poisons predictions": [8, 8, 8, 8, 8, 8, 8, 8, 8, 8], "scores": [0.0011986474273726344, 9.617898810448962e-23, 1.5672240816518922e-31, 9.450998807885615e-15, 4.6814590699768165e-22, 5.753761356253051e-10, 5.9606122704281e-08, 1.024248452559906e-17, 0.9988014698028564, 2.469327115402641e-23], "malicious score": 0.9988014698028564, "camera": {"2": {"prediction": 6, "scores": [1.285743177770401e-19, 7.522653322666883e-05, 3.778397322300059e-30, 0.007537213619798422, 6.797339719989599e-21, 7.299424398254928e-10, 0.9922974109649658, 2.4567025148095043e-28, 9.032031812239438e-05, 3.6552870441912853e-41], "malicious score": 9.032031812239438e-05}, "4": {"prediction": 6, "scores": [5.372776926933789e-19, 0.0001243025326402858, 8.861651452837742e-28, 0.3406170904636383, 4.278863912550854e-19, 8.168756693294199e-08, 0.6588334441184998, 7.463747057585547e-26, 0.0004253180231899023, 6.671479693862558e-39], "malicious score": 0.0004253180231899023}}}, "SENet18": {"clean acc": 90.89000129699707, "prediction": 6, "poisons predictions": [8, 8, 8, 8, 8, 3, 2, 8, 8, 0], "scores": [4.269333150896948e-12, 2.0134566756924155e-13, 1.513522818186175e-08, 1.4629679299105192e-06, 0.0017769631231203675, 0.00027161979232914746, 0.9978593587875366, 8.141957668782087e-15, 2.4652024421811802e-06, 8.770432032179087e-05], "malicious score": 2.4652024421811802e-06, "camera": {"2": {"prediction": 6, "scores": [1.1926002609983079e-15, 0.03337563946843147, 0.0025561731308698654, 0.0003894827968906611, 0.002997197210788727, 8.035480059120914e-10, 0.9606804251670837, 5.15998266337192e-09, 4.325226257151371e-07, 6.64312835851888e-08], "malicious score": 4.325226257151371e-07}, "4": {"prediction": 6, "scores": [4.456098457486209e-16, 0.04663126543164253, 0.001527436776086688, 7.135181658668444e-05, 0.007568275555968285, 1.1646840158974214e-09, 0.9442012310028076, 1.3368585127793153e-09, 7.696068671236844e-09, 6.387452344824851e-08], "malicious score": 7.696068671236844e-09}}}, "ResNet50": {"clean acc": 91.2700023651123, "prediction": 8, "poisons predictions": [8, 8, 8, 8, 8, 8, 8, 8, 8, 8], "scores": [1.7421279941156335e-37, 1.96012140163281e-33, 8.316139140149431e-38, 2.2030051266285507e-36, 1.9621753698305204e-14, 2.0583479644708285e-17, 6.5186029317432226e-12, 3.29037607834714e-30, 1.0, 1.314804717912832e-39], "malicious score": 1.0, "camera": {"2": {"prediction": 6, "scores": [0.0, 2.8601805048162553e-29, 0.0, 4.349686485202805e-40, 3.647332711369814e-20, 1.9927800391883923e-20, 1.0, 9.801914602136376e-37, 2.1342179579164622e-08, 8.407790785948902e-45], "malicious score": 2.1342179579164622e-08}, "4": {"prediction": 6, "scores": [0.0, 1.2774903247484474e-27, 0.0, 2.811284979128448e-41, 2.5177113025596992e-17, 5.989383204924959e-17, 1.0, 5.717736464178852e-36, 1.2564020934746623e-08, 2.368194404708941e-42], "malicious score": 1.2564020934746623e-08}}}, "ResNeXt29_2x64d": {"clean acc": 92.03000144958496, "prediction": 8, "poisons predictions": [8, 8, 8, 8, 8, 8, 8, 8, 8, 8],