{"args": "Namespace(device='cuda', dset_path='datasets', end2end=False, eval_poisons_root='attack-results-eps0.20/100-overlap/linear-transfer-learning/mean/800', gpu='1', lr_decay_epoch=[30, 45], model_resume_path='model-chks', num_per_class=50, poison_label=8, retrain_bsize=64, retrain_epochs=60, retrain_lr=0.1, retrain_momentum=0.9, retrain_opt='adam', retrain_wd=0, subset_group=0, target_camera=True, target_index_end=36, target_index_start=35, target_index_step=1, target_label=6, target_net=['DPN92', 'SENet18', 'ResNet50', 'ResNeXt29_2x64d', 'GoogLeNet', 'MobileNetV2', 'ResNet18', 'DenseNet121'], target_print_size=[2, 4], test_chk_name='ckpt-%s-4800.t7', train_data_path='datasets/CIFAR10_TRAIN_Split.pth')", "poison_label": 8, "target_label": 6, "targets": {"35": {}, "35": {"800": {"time": 358.0, "coeffs_time": 0, "poisons_time": 5, "target_loss": 0.009751559235155582, "total_loss": 0.06565090268850327, "coeff_list": [[0.20000000298023224, 0.20000000298023224, 0.20000000298023224, 0.20000000298023224, 0.20000000298023224], [0.20000000298023224, 0.20000000298023224, 0.20000000298023224, 0.20000000298023224, 0.20000000298023224], [0.20000000298023224, 0.20000000298023224, 0.20000000298023224, 0.20000000298023224, 0.20000000298023224], [0.20000000298023224, 0.20000000298023224, 0.20000000298023224, 0.20000000298023224, 0.20000000298023224], [0.20000000298023224, 0.20000000298023224, 0.20000000298023224, 0.20000000298023224, 0.20000000298023224], [0.20000000298023224, 0.20000000298023224, 0.20000000298023224, 0.20000000298023224, 0.20000000298023224], [0.20000000298023224, 0.20000000298023224, 0.20000000298023224, 0.20000000298023224, 0.20000000298023224], [0.20000000298023224, 0.20000000298023224, 0.20000000298023224, 0.20000000298023224, 0.20000000298023224], [0.20000000298023224, 0.20000000298023224, 0.20000000298023224, 0.20000000298023224, 0.20000000298023224], [0.20000000298023224, 0.20000000298023224, 0.20000000298023224, 0.20000000298023224, 0.20000000298023224], [0.20000000298023224, 0.20000000298023224, 0.20000000298023224, 0.20000000298023224, 0.20000000298023224], [0.20000000298023224, 0.20000000298023224, 0.20000000298023224, 0.20000000298023224, 0.20000000298023224], [0.20000000298023224, 0.20000000298023224, 0.20000000298023224, 0.20000000298023224, 0.20000000298023224], [0.20000000298023224, 0.20000000298023224, 0.20000000298023224, 0.20000000298023224, 0.20000000298023224], [0.20000000298023224, 0.20000000298023224, 0.20000000298023224, 0.20000000298023224, 0.20000000298023224], [0.20000000298023224, 0.20000000298023224, 0.20000000298023224, 0.20000000298023224, 0.20000000298023224], [0.20000000298023224, 0.20000000298023224, 0.20000000298023224, 0.20000000298023224, 0.20000000298023224], [0.20000000298023224, 0.20000000298023224, 0.20000000298023224, 0.20000000298023224, 0.20000000298023224]], "coeff_list_in_victim": [[0.0, 0.4069632589817047, 0.0, 0.0, 0.5930367708206177]], "victims": {"DPN92": {"clean acc": 92.1200023651123, "prediction": 8, "poisons predictions": [6, 8, 6, 6, 8], "scores": [9.612129207815442e-14, 5.471240255012881e-14, 3.64377958120225e-39, 3.9419283508407885e-22, 2.200038588989963e-43, 7.532523550480595e-22, 0.43339020013809204, 3.6433760072445244e-44, 0.5666096210479736, 0.0], "malicious score": 0.5666096210479736, "camera": {"2": {"prediction": 6, "scores": [7.553435210638781e-09, 2.0686809470288336e-12, 1.0905663321844174e-29, 1.4301339518012213e-13, 3.9063194098119096e-28, 8.6052042228002e-14, 0.9998798370361328, 1.4508032494865587e-35, 0.00012097276339773089, 2.2420775429197073e-44], "malicious score": 0.00012097276339773089}, "4": {"prediction": 6, "scores": [9.940270828678877e-12, 3.2330910951922087e-12, 1.728470403336108e-31, 3.774781153615108e-15, 1.5191795116439538e-31, 1.139625486400132e-14, 0.9996986985206604, 2.3124390929948764e-37, 0.0003031172673217952, 0.0], "malicious score": 0.0003031172673217952}}}, "SENet18": {"clean acc": 91.2400016784668, "prediction": 6, "poisons predictions": [8, 6, 6, 8, 6], "scores": [1.7955410669401317e-07, 4.399343777185087e-14, 1.6575870971461141e-16, 9.41645303398353e-11, 1.8284562486314826e-07, 4.684436636323348e-17, 0.7263348698616028, 2.6841618793735398e-17, 0.2736649513244629, 3.336923880727399e-19], "malicious score": 0.2736649513244629, "camera": {"2": {"prediction": 8, "scores": [5.000106284569483e-07, 7.285548490318155e-16, 8.141975992487016e-18, 2.944147703409783e-10, 3.932188690214389e-07, 1.5594534332974771e-16, 0.09790317714214325, 5.890989554073893e-19, 0.9020954370498657, 2.213765120305827e-19], "malicious score": 0.9020954370498657}, "4": {"prediction": 8, "scores": [1.6594768226241285e-07, 2.0729435200572124e-15, 6.676231592582599e-19, 1.547098144039083e-10, 2.3138024118907197e-07, 1.1440933575567938e-16, 0.09301555156707764, 4.659232318981765e-19, 0.9069848656654358, 2.687919523081942e-19], "malicious score": 0.9069848656654358}}}, "ResNet50": {"clean acc": 92.75000114440918, "prediction": 8, "poisons predictions": [8, 8, 8, 8, 8], "scores": [6.2925292173528845e-30, 1.0386424217575544e-41, 1.7925883623618952e-14, 3.3258405652479835e-20, 2.4290185676651354e-34, 1.7373779241490487e-35, 0.07114332169294357, 2.4505487154573103e-40, 0.9288582801818848, 2.248378688289071e-26], "malicious score": 0.9288582801818848, "camera": {"2": {"prediction": 6, "scores": [7.893752248126604e-28, 1.3706800928793198e-40, 6.613679872854994e-13, 3.065876780745323e-17, 1.2298011365873389e-29, 1.0221682928771628e-24, 0.9991992115974426, 6.928117698514398e-40, 0.0008020835230126977, 2.0220286248738522e-23], "malicious score": 0.0008020835230126977}, "4": {"prediction": 6, "scores": [2.5415473855597656e-31, 2.802596928649634e-45, 1.1329106962382446e-15, 1.6477277924587517e-15, 7.288921628085781e-36, 1.3067332441393072e-34, 1.0, 2.803998227113959e-42, 5.595256702406459e-09, 1.6200811951213626e-28], "malicious score": 5.595256702406459e-09}}}, "ResNeXt29_2x64d": {"clean acc": 93.40000190734864, "prediction": 6, "poisons predictions": [8, 8, 8, 8, 8], "scores": [7.899973382410732e-24, 1.4923680702390688e-22, 5.142255877783978e-25, 7.350558692536396e-14, 0.0, 1.9400497071815164e-27, 0.9131225943565369, 1.0093988079756563e-20, 0.0868774875998497, 4.584973965975778e-24], "malicious score": 0.0868774875998497, "camera": {"2": {"prediction": 6, "scores": [9.323957892712707e-20, 6.37195340620336e-22, 8.063109912821026e-15, 0.0009089130908250809, 2.34688441709756e-22, 2.8865985157722207e-09, 0.999088704586029, 2.7886816091616577e-17, 2.793573457893217e-06, 2.4834895899212943e-14], "malicious score": 2.793573457893217e-06}, "4": {"prediction": 6, "scores": [2.3997648559092727e-21, 1.0934195272344363e-22, 1.968135940680349e-13, 0.00018228318367619067, 4.910484796740745e-24, 2.535183729612811e-10, 0.99981689453125, 2.0500594426794798e-15, 1.2517820096036303e-06, 2.5637319009267148e-14], "malicious score": 1.2517820096036303e-06}}}, "GoogLeNet": {"clean acc": 92.1500015258789, "prediction": 6, "poisons predictions": [8, 8, 6, 8, 8], "scores": [4.961537162563069e-14, 3.2829514662324755e-09, 3.4839516688256467e-11, 4.6863888201187365e-06, 2.8247850725193757e-09, 1.0009562600998834e-07, 0.8628311157226562, 7.841251203899446e-08, 0.1371643990278244, 3.1943059173233576e-14], "malicious score": 0.1371643990278244, "camera": {"2": {"prediction": 6, "scores": [3.2693586726750823e-10, 3.210151477972545e-09, 4.0719797311794537e-07, 0.00011357686889823526, 0.00011884548439411446, 0.00016569286526646465, 0.9993945956230164, 7.306936709028378e-07, 0.0002060873812297359, 3.710635271270135e-11], "malicious score": 0.0002060873812297359}, "4": {"prediction": 6, "scores": [9.657180437272483e-12, 1.1688483958494089e-08, 2.079458312209681e-07, 5.3340445447247475e-05, 3.419924041736522e-07, 4.5299591874936596e-05, 0.8400478959083557, 1.3342158126761205e-05, 0.15983955562114716, 3.0861611009791456e-12], "malicious score": 0.15983955562114716}}}, "MobileNetV2": {"clean acc": 86.77000198364257, "prediction": 6,