{"args": "Namespace(device='cuda', dset_path='datasets', end2end=False, eval_poisons_root='attack-results-3poisons/100-overlap/linear-transfer-learning/mean/800', gpu='0', lr_decay_epoch=[30, 45], model_resume_path='model-chks', num_per_class=50, poison_label=8, retrain_bsize=64, retrain_epochs=60, retrain_lr=0.1, retrain_momentum=0.9, retrain_opt='adam', retrain_wd=0, subset_group=0, target_camera=True, target_index_end=32, target_index_start=31, target_index_step=1, target_label=6, target_net=['DPN92', 'SENet18', 'ResNet50', 'ResNeXt29_2x64d', 'GoogLeNet', 'MobileNetV2', 'ResNet18', 'DenseNet121'], target_print_size=[2, 4], test_chk_name='ckpt-%s-4800.t7', train_data_path='datasets/CIFAR10_TRAIN_Split.pth')", "poison_label": 8, "target_label": 6, "targets": {"31": {}, "31": {"800": {"time": 361.0, "coeffs_time": 0, "poisons_time": 4, "target_loss": 0.013530011288821697, "total_loss": 0.08044411987066269, "coeff_list": [[0.3333333432674408, 0.3333333432674408, 0.3333333432674408], [0.3333333432674408, 0.3333333432674408, 0.3333333432674408], [0.3333333432674408, 0.3333333432674408, 0.3333333432674408], [0.3333333432674408, 0.3333333432674408, 0.3333333432674408], [0.3333333432674408, 0.3333333432674408, 0.3333333432674408], [0.3333333432674408, 0.3333333432674408, 0.3333333432674408], [0.3333333432674408, 0.3333333432674408, 0.3333333432674408], [0.3333333432674408, 0.3333333432674408, 0.3333333432674408], [0.3333333432674408, 0.3333333432674408, 0.3333333432674408], [0.3333333432674408, 0.3333333432674408, 0.3333333432674408], [0.3333333432674408, 0.3333333432674408, 0.3333333432674408], [0.3333333432674408, 0.3333333432674408, 0.3333333432674408], [0.3333333432674408, 0.3333333432674408, 0.3333333432674408], [0.3333333432674408, 0.3333333432674408, 0.3333333432674408], [0.3333333432674408, 0.3333333432674408, 0.3333333432674408], [0.3333333432674408, 0.3333333432674408, 0.3333333432674408], [0.3333333432674408, 0.3333333432674408, 0.3333333432674408], [0.3333333432674408, 0.3333333432674408, 0.3333333432674408]], "coeff_list_in_victim": [[0.5872465968132019, 0.4127534329891205, 0.0]], "victims": {"DPN92": {"clean acc": 92.74000205993653, "prediction": 8, "poisons predictions": [8, 6, 6], "scores": [2.669670212709009e-18, 5.130111002671356e-09, 6.483565401640785e-37, 1.7650730052901076e-14, 5.574450927351548e-21, 1.6612023925836731e-15, 0.3072182834148407, 4.044071137404963e-36, 0.6927815079689026, 0.0], "malicious score": 0.6927815079689026, "camera": {"2": {"prediction": 6, "scores": [3.3581157740844614e-30, 8.5568426384487e-17, 4.9826815045587527e-23, 1.692650243967364e-06, 6.03561502998673e-08, 9.903856698656455e-05, 0.9911256432533264, 1.2919022097027633e-36, 0.008774046786129475, 0.0], "malicious score": 0.008774046786129475}, "4": {"prediction": 6, "scores": [3.3547901294140077e-28, 4.775646930793814e-16, 2.941296738493012e-21, 3.3756175525923027e-06, 9.505293219191913e-10, 0.0014813555171713233, 0.6034387350082397, 2.3551580331701478e-33, 0.3950769603252411, 1.4433374182545616e-43], "malicious score": 0.3950769603252411}}}, "SENet18": {"clean acc": 91.30000076293945, "prediction": 6, "poisons predictions": [6, 6, 6], "scores": [3.358563986410922e-15, 1.3445630605508578e-17, 1.0694991203763493e-07, 1.9964881137202184e-10, 3.444914353778472e-10, 6.888623005352201e-10, 0.9999809265136719, 3.1568544161928476e-19, 1.9067538232775405e-05, 6.398787977301954e-17], "malicious score": 1.9067538232775405e-05, "camera": {"2": {"prediction": 6, "scores": [3.581398957779036e-14, 6.5825805300748184e-21, 3.474371396805509e-06, 1.8786295186146162e-08, 7.348512909288729e-10, 5.3790722631674726e-06, 0.9999885559082031, 6.132180040304841e-20, 3.0377502753253793e-06, 4.460152950094831e-13], "malicious score": 3.0377502753253793e-06}, "4": {"prediction": 6, "scores": [2.668357071758387e-14, 7.403592023157077e-21, 6.304606836593507e-10, 5.791845296698739e-07, 3.74521178514442e-08, 2.6776993763633072e-05, 0.9992068409919739, 9.590357871333945e-21, 0.0007659580442123115, 1.5152085857707276e-13], "malicious score": 0.0007659580442123115}}}, "ResNet50": {"clean acc": 93.77000198364257, "prediction": 6, "poisons predictions": [8, 8, 8], "scores": [1.196922429987275e-20, 1.1663304870512814e-14, 2.148050415963512e-41, 1.0572284577636846e-26, 2.6064947070155777e-18, 5.466253208795551e-37, 0.9996071457862854, 1.3846791489105717e-18, 0.00039223520434461534, 1.7415951631103056e-16], "malicious score": 0.00039223520434461534, "camera": {"2": {"prediction": 8, "scores": [1.3514223073940457e-10, 1.2991892284208717e-10, 1.2736401742248262e-41, 6.612969026129697e-18, 0.010095515288412571, 3.881160902408128e-19, 0.3719346225261688, 1.9707854903572297e-08, 0.5883969664573669, 0.02957289107143879], "malicious score": 0.5883969664573669}, "4": {"prediction": 6, "scores": [8.171374167587064e-12, 1.7864319236133436e-13, 8.407790785948902e-45, 1.848743115475244e-22, 7.380114084298839e-07, 2.486462949201078e-24, 0.9961844682693481, 4.660282229562718e-11, 0.0038089537993073463, 5.8598748182703275e-06], "malicious score": 0.0038089537993073463}}}, "ResNeXt29_2x64d": {"clean acc": 92.87000160217285, "prediction": 6, "poisons predictions": [8, 8, 8], "scores": [5.542938092511405e-22, 4.624848199356253e-17, 6.092982971495076e-07, 2.4637556439444097e-09, 6.984534466201735e-31, 2.3026588553525787e-15, 0.9341394305229187, 4.664069257613669e-19, 0.0658598467707634, 4.2470849970568936e-13], "malicious score": 0.0658598467707634, "camera": {"2": {"prediction": 6, "scores": [5.610737216327168e-22, 7.211061469425584e-23, 3.6671901626483816e-10, 8.598294698458631e-07, 8.370438030040356e-15, 4.993315538825982e-09, 0.748945415019989, 3.7999005791759582e-25, 0.2510533928871155, 2.2214566297584781e-10], "malicious score": 0.2510533928871155}, "4": {"prediction": 8, "scores": [2.049529395191575e-21, 1.4601501783431103e-24, 5.249584766886528e-09, 4.208071118227963e-07, 1.1912774056099806e-07, 2.867463990696706e-05, 0.4919429421424866, 2.94465052067813e-23, 0.5080279111862183, 7.072409857755702e-08], "malicious score": 0.5080279111862183}}}, "GoogLeNet": {"clean acc": 92.31000137329102, "prediction": 6, "poisons predictions": [8, 8, 8], "scores": [1.0076481871124088e-09, 2.0478822193581436e-08, 3.682670524085552e-08, 0.00013125546684022993, 3.3795100051747795e-09, 3.0350354791153222e-05, 0.9990496635437012, 2.3059030240801803e-07, 0.0007879001786932349, 3.3125988063709144e-11], "malicious score": 0.0007879001786932349, "camera": {"2": {"prediction": 3, "scores": [1.4179577512152264e-09, 1.0257154237081068e-08, 6.963403575355187e-05, 0.5025894641876221, 0.0007725628092885017, 0.4806564152240753, 0.015910474583506584, 6.638285841159552e-13, 5.634131525766861e-07, 1.1821708767456585e-06], "malicious score": 5.634131525766861e-07}, "4": {"prediction": 5, "scores": [1.5424377330930383e-09, 6.119915685331989e-11, 3.7457086818903917e-06, 0.008358879014849663, 0.0058135162107646465, 0.8432806730270386, 0.14253830909729004, 8.50094550308711e-10, 4.228355919622118e-06, 7.741325589449843e-07], "malicious score": 4.228355919622118e-06}}}, "MobileNetV2": {"clean acc": 87.47000236511231, "prediction": 6, "poisons predictions": [6, 8, 8], "scores": [6.347127570197812e-17, 2.16831301583033e-21, 8.100928816645592e-10, 3.366588498465717e-05, 2.8128758003398424e-13, 9.2269102081044e-11, 0.9436476230621338, 7.258519962711643e-26, 0.05631830543279648, 4.219027606368927e-32], "malicious score": 0.05631830543279648, "camera": {"2": {"prediction": 6, "scores": [1.7536687163186016e-12, 1.896808150291151e-27, 9.113385203818325e-06, 0.017704853788018227, 1.8600960771664177e-08, 1.7119739368354203e-06, 0.9822831749916077, 3.8230971208686817e-22, 1.1903626955245272e-06, 6.260026878582535e-19], "malicious score": 1.1903626955245272e-06}, "4": {"prediction": 6,