{"args": "Namespace(device='cuda', dset_path='datasets', end2end=False, eval_poisons_root='attack-results-eps0.30/100-overlap/linear-transfer-learning/mean/800', gpu='3', lr_decay_epoch=[30, 45], model_resume_path='model-chks', num_per_class=50, poison_label=8, retrain_bsize=64, retrain_epochs=60, retrain_lr=0.1, retrain_momentum=0.9, retrain_opt='adam', retrain_wd=0, subset_group=0, target_camera=True, target_index_end=44, target_index_start=43, target_index_step=1, target_label=6, target_net=['DPN92', 'SENet18', 'ResNet50', 'ResNeXt29_2x64d', 'GoogLeNet', 'MobileNetV2', 'ResNet18', 'DenseNet121'], target_print_size=[2, 4], test_chk_name='ckpt-%s-4800.t7', train_data_path='datasets/CIFAR10_TRAIN_Split.pth')", "poison_label": 8, "target_label": 6, "targets": {"43": {}, "43": {"800": {"time": 512.0, "coeffs_time": 0, "poisons_time": 6, "target_loss": 0.0024418283719569445, "total_loss": 0.055711012333631516, "coeff_list": [[0.20000000298023224, 0.20000000298023224, 0.20000000298023224, 0.20000000298023224, 0.20000000298023224], [0.20000000298023224, 0.20000000298023224, 0.20000000298023224, 0.20000000298023224, 0.20000000298023224], [0.20000000298023224, 0.20000000298023224, 0.20000000298023224, 0.20000000298023224, 0.20000000298023224], [0.20000000298023224, 0.20000000298023224, 0.20000000298023224, 0.20000000298023224, 0.20000000298023224], [0.20000000298023224, 0.20000000298023224, 0.20000000298023224, 0.20000000298023224, 0.20000000298023224], [0.20000000298023224, 0.20000000298023224, 0.20000000298023224, 0.20000000298023224, 0.20000000298023224], [0.20000000298023224, 0.20000000298023224, 0.20000000298023224, 0.20000000298023224, 0.20000000298023224], [0.20000000298023224, 0.20000000298023224, 0.20000000298023224, 0.20000000298023224, 0.20000000298023224], [0.20000000298023224, 0.20000000298023224, 0.20000000298023224, 0.20000000298023224, 0.20000000298023224], [0.20000000298023224, 0.20000000298023224, 0.20000000298023224, 0.20000000298023224, 0.20000000298023224], [0.20000000298023224, 0.20000000298023224, 0.20000000298023224, 0.20000000298023224, 0.20000000298023224], [0.20000000298023224, 0.20000000298023224, 0.20000000298023224, 0.20000000298023224, 0.20000000298023224], [0.20000000298023224, 0.20000000298023224, 0.20000000298023224, 0.20000000298023224, 0.20000000298023224], [0.20000000298023224, 0.20000000298023224, 0.20000000298023224, 0.20000000298023224, 0.20000000298023224], [0.20000000298023224, 0.20000000298023224, 0.20000000298023224, 0.20000000298023224, 0.20000000298023224], [0.20000000298023224, 0.20000000298023224, 0.20000000298023224, 0.20000000298023224, 0.20000000298023224], [0.20000000298023224, 0.20000000298023224, 0.20000000298023224, 0.20000000298023224, 0.20000000298023224], [0.20000000298023224, 0.20000000298023224, 0.20000000298023224, 0.20000000298023224, 0.20000000298023224]], "coeff_list_in_victim": [[0.4788779020309448, 0.015180099755525589, 0.19277368485927582, 0.0, 0.31316834688186646]], "victims": {"DPN92": {"clean acc": 92.78000144958496, "prediction": 8, "poisons predictions": [8, 8, 8, 8, 8], "scores": [8.368914285530882e-13, 4.969127255396825e-16, 8.71778385651479e-34, 1.167727164971965e-16, 9.108178767218069e-27, 2.0940145869233086e-21, 0.42151689529418945, 1.4529363127351866e-40, 0.578481912612915, 0.0], "malicious score": 0.578481912612915, "camera": {}}, "SENet18": {"clean acc": 91.55000152587891, "prediction": 6, "poisons predictions": [8, 8, 6, 6, 8], "scores": [1.4129933117654203e-12, 2.1734789193580094e-15, 5.4978530137760745e-14, 3.5279231792861854e-12, 5.263051860993073e-08, 2.095940168113635e-14, 0.9199332594871521, 9.482624503507028e-17, 0.08006720244884491, 3.241647036084676e-17], "malicious score": 0.08006720244884491, "camera": {}}, "ResNet50": {"clean acc": 92.64000129699707, "prediction": 6, "poisons predictions": [8, 8, 8, 8, 6], "scores": [3.5032461608120427e-44, 1.1346156271794531e-36, 0.0, 4.5338765184699735e-38, 1.3646077236807653e-23, 0.0, 0.8036267757415771, 7.574284959334477e-27, 0.1963730752468109, 4.429433068743752e-34], "malicious score": 0.1963730752468109, "camera": {}}, "ResNeXt29_2x64d": {"clean acc": 93.23000144958496, "prediction": 6, "poisons predictions": [8, 8, 8, 8, 8], "scores": [6.386149944862993e-34, 4.963818992289445e-25, 8.803187879996944e-22, 5.402421565658955e-12, 3.6311987235895417e-40, 3.7258438851007844e-28, 0.9180437326431274, 1.0538113582569592e-16, 0.08195671439170837, 1.1167793672021045e-26], "malicious score": 0.08195671439170837, "camera": {}}, "GoogLeNet": {"clean acc": 92.2500015258789, "prediction": 8, "poisons predictions": [8, 8, 8, 8, 6], "scores": [6.654686567422741e-14, 2.354140216098699e-09, 2.2217169510369006e-12, 3.68605270750777e-07, 1.9249879468219433e-13, 2.7789057166494047e-10, 0.3842675983905792, 7.618887707394606e-07, 0.615730881690979, 5.3927818350990475e-17], "malicious score": 0.615730881690979, "camera": {}}, "MobileNetV2": {"clean acc": 86.26000137329102, "prediction": 8, "poisons predictions": [6, 8, 8, 8, 8], "scores": [1.7457665621475166e-15, 9.949957065053357e-17, 3.680192461203483e-19, 1.7943763168659643e-06, 1.1905217645684765e-17, 2.4356874358313754e-21, 0.20247064530849457, 8.006912303494817e-26, 0.797528088092804, 5.586300863017276e-31], "malicious score": 0.797528088092804, "camera": {}}, "ResNet18": {"clean acc": 92.76000213623047, "prediction": 6, "poisons predictions": [6, 8, 8, 8, 6], "scores": [3.067477912898011e-18, 5.631592414623299e-10, 4.276227040669818e-16, 1.6572517779422924e-05, 8.57087551279913e-28, 4.825701505062341e-10, 0.9443272948265076, 4.389492868711814e-15, 0.055656548589468, 2.0458835158623908e-19], "malicious score": 0.055656548589468, "camera": {}}, "DenseNet121": {"clean acc": 93.21000137329102, "prediction": 8, "poisons predictions": [8, 8, 8, 8, 8], "scores": [2.2713845737598604e-06, 7.356379949641223e-10, 5.0856876043781085e-08, 1.5063309547258541e-05, 4.0573635118335005e-08, 5.230093847785611e-06, 0.1335313618183136, 3.0187100840176635e-19, 0.8664460778236389, 2.8058699461097625e-11], "malicious score": 0.8664460778236389, "camera": {}}}}}}, "poison_idx_list": [213, 225, 227, 247, 249]}