{"args": "Namespace(device='cuda', dset_path='datasets', end2end=False, eval_poisons_root='attack-results-eps0.30/100-overlap/linear-transfer-learning/mean/800', gpu='2', lr_decay_epoch=[30, 45], model_resume_path='model-chks', num_per_class=50, poison_label=8, retrain_bsize=64, retrain_epochs=60, retrain_lr=0.1, retrain_momentum=0.9, retrain_opt='adam', retrain_wd=0, subset_group=0, target_camera=True, target_index_end=19, target_index_start=18, target_index_step=1, target_label=6, target_net=['DPN92', 'SENet18', 'ResNet50', 'ResNeXt29_2x64d', 'GoogLeNet', 'MobileNetV2', 'ResNet18', 'DenseNet121'], target_print_size=[2, 4], test_chk_name='ckpt-%s-4800.t7', train_data_path='datasets/CIFAR10_TRAIN_Split.pth')", "poison_label": 8, "target_label": 6, "targets": {"18": {}, "18": {"800": {"time": 452.0, "coeffs_time": 0, "poisons_time": 6, "target_loss": 0.04265807569026947, "total_loss": 0.07442868500947952, "coeff_list": [[0.20000000298023224, 0.20000000298023224, 0.20000000298023224, 0.20000000298023224, 0.20000000298023224], [0.20000000298023224, 0.20000000298023224, 0.20000000298023224, 0.20000000298023224, 0.20000000298023224], [0.20000000298023224, 0.20000000298023224, 0.20000000298023224, 0.20000000298023224, 0.20000000298023224], [0.20000000298023224, 0.20000000298023224, 0.20000000298023224, 0.20000000298023224, 0.20000000298023224], [0.20000000298023224, 0.20000000298023224, 0.20000000298023224, 0.20000000298023224, 0.20000000298023224], [0.20000000298023224, 0.20000000298023224, 0.20000000298023224, 0.20000000298023224, 0.20000000298023224], [0.20000000298023224, 0.20000000298023224, 0.20000000298023224, 0.20000000298023224, 0.20000000298023224], [0.20000000298023224, 0.20000000298023224, 0.20000000298023224, 0.20000000298023224, 0.20000000298023224], [0.20000000298023224, 0.20000000298023224, 0.20000000298023224, 0.20000000298023224, 0.20000000298023224], [0.20000000298023224, 0.20000000298023224, 0.20000000298023224, 0.20000000298023224, 0.20000000298023224], [0.20000000298023224, 0.20000000298023224, 0.20000000298023224, 0.20000000298023224, 0.20000000298023224], [0.20000000298023224, 0.20000000298023224, 0.20000000298023224, 0.20000000298023224, 0.20000000298023224], [0.20000000298023224, 0.20000000298023224, 0.20000000298023224, 0.20000000298023224, 0.20000000298023224], [0.20000000298023224, 0.20000000298023224, 0.20000000298023224, 0.20000000298023224, 0.20000000298023224], [0.20000000298023224, 0.20000000298023224, 0.20000000298023224, 0.20000000298023224, 0.20000000298023224], [0.20000000298023224, 0.20000000298023224, 0.20000000298023224, 0.20000000298023224, 0.20000000298023224], [0.20000000298023224, 0.20000000298023224, 0.20000000298023224, 0.20000000298023224, 0.20000000298023224], [0.20000000298023224, 0.20000000298023224, 0.20000000298023224, 0.20000000298023224, 0.20000000298023224]], "coeff_list_in_victim": [[0.6323527693748474, 0.0, 0.08505358546972275, 0.282593697309494, 0.0]], "victims": {"DPN92": {"clean acc": 92.0400016784668, "prediction": 8, "poisons predictions": [8, 8, 8, 8, 8], "scores": [0.0009563041385263205, 8.003447510042103e-22, 1.941885529585503e-35, 2.8832672720242894e-18, 7.027832976196981e-38, 5.913518440057821e-22, 5.334674479939849e-09, 4.8249818130333024e-37, 0.9990429878234863, 0.0], "malicious score": 0.9990429878234863, "camera": {"2": {"prediction": 3, "scores": [1.0445999534119954e-12, 7.967402846006308e-24, 2.720426304608477e-17, 0.9792479872703552, 1.0165906910374074e-19, 0.020697051659226418, 5.4963053116807714e-05, 1.4119363702193533e-32, 4.5678589799535985e-08, 0.0], "malicious score": 4.5678589799535985e-08}, "4": {"prediction": 8, "scores": [0.0006254056934267282, 1.3403484098937776e-17, 6.886564009379464e-24, 1.1283930945182874e-07, 1.3593561117654762e-29, 2.798111187196639e-10, 2.1569776436081156e-06, 2.4858154977760937e-26, 0.999372661113739, 0.0], "malicious score": 0.999372661113739}}}, "SENet18": {"clean acc": 91.31000099182128, "prediction": 6, "poisons predictions": [8, 8, 6, 8, 8], "scores": [7.288618917300482e-07, 1.8149639777198523e-11, 1.825681966716175e-11, 1.4189587282942284e-09, 4.586879185808357e-06, 1.6030287991117276e-12, 0.9995842576026917, 3.879070729993078e-13, 0.0004113624745514244, 1.9956521077273923e-16], "malicious score": 0.0004113624745514244, "camera": {"2": {"prediction": 6, "scores": [9.172313575334101e-09, 3.945185819193075e-18, 6.069626745652812e-11, 1.002107273961883e-05, 0.0005376692861318588, 8.227508078562096e-05, 0.9993259906768799, 1.441453465734973e-19, 4.443130092113279e-05, 6.629954224512957e-11], "malicious score": 4.443130092113279e-05}, "4": {"prediction": 6, "scores": [9.08952870304347e-07, 7.455170649654091e-14, 2.860393588655086e-10, 9.622468155612296e-08, 7.438642933266237e-05, 3.961470440572157e-08, 0.9997596740722656, 3.162825789607886e-16, 0.0001659447734709829, 4.533078285570008e-13], "malicious score": 0.0001659447734709829}}}, "ResNet50": {"clean acc": 92.99000091552735, "prediction": 8, "poisons predictions": [8, 8, 8, 8, 8], "scores": [8.545821360986494e-31, 0.0, 5.6740889056781546e-27, 1.3644283206287142e-34, 3.951661669395984e-43, 4.0201420069992595e-34, 1.9196184572467523e-11, 1.8989264881601463e-30, 1.0, 4.142743411259778e-26], "malicious score": 1.0, "camera": {"2": {"prediction": 6, "scores": [1.4022249421725285e-19, 1.5446400868375313e-39, 1.7270823720834932e-28, 9.558205650437223e-16, 2.8856364674472705e-23, 6.321313264501249e-12, 0.6198314428329468, 7.225025317189955e-22, 0.38016870617866516, 6.4381704663182585e-21], "malicious score": 0.38016870617866516}, "4": {"prediction": 8, "scores": [2.282350909216704e-24, 4.694349855488137e-43, 4.459271798977926e-34, 4.467471524866861e-22, 1.991147381161314e-34, 9.558779217473968e-18, 7.741066951894027e-07, 1.1649461016577636e-24, 1.0, 3.2145774057822707e-19], "malicious score": 1.0}}}, "ResNeXt29_2x64d": {"clean acc": 93.07000198364258, "prediction": 3, "poisons predictions": [8, 8, 8, 8, 8], "scores": [4.190916115476284e-06, 2.596675585664343e-06, 0.009382875636219978, 0.9508056640625, 7.590710060272189e-28, 1.0800052089351541e-14, 0.015511125326156616, 1.3519006358819752e-08, 0.02429366111755371, 1.9881827329704875e-16], "malicious score": 0.02429366111755371, "camera": {"2": {"prediction": 6, "scores": [1.8906404039981524e-18, 7.509976012543206e-21, 1.5764937133511125e-09, 0.029217829927802086, 2.0427152525575993e-21, 9.661231160862371e-05, 0.9706855416297913, 1.9343202610865575e-22, 3.6898439989361967e-22, 8.000991328883478e-18], "malicious score": 3.6898439989361967e-22}, "4": {"prediction": 6, "scores": [4.969208231746583e-14, 2.597633261734001e-16, 1.4565967831003945e-05, 0.2890351116657257, 3.250171956892708e-21, 1.1932086181332124e-06, 0.7109493613243103, 9.872842560848527e-14, 6.579663419328417e-15, 3.2942553921708033e-16], "malicious score": 6.579663419328417e-15}}}, "GoogLeNet": {"clean acc": 91.72000083923339, "prediction": 8, "poisons predictions": [8, 8, 8, 8, 8], "scores": [1.134049831819084e-08, 0.00014190936053637415, 6.909243893460371e-06, 0.0011374976020306349, 1.350990097570559e-09, 3.493637632345781e-05, 0.05669821798801422, 1.2377263658436277e-07, 0.9419801831245422, 3.681655535991979e-10], "malicious score": 0.9419801831245422, "camera": {"2": {"prediction": 6, "scores": [1.1701459801116698e-09, 2.8585654376911407e-07, 1.2358186722849496e-06, 0.02692563459277153, 4.9535956350155175e-06, 8.754229202168062e-05, 0.9243611693382263, 9.758682750771186e-09, 0.04861889034509659, 4.047456627631618e-07], "malicious score": 0.04861889034509659}, "4": {"prediction": 8, "scores": [2.1744765987818937e-09, 1.3834534229317796e-06, 5.185719373912434e-07, 0.00693698413670063, 2.0344621987078426e-08, 1.0044959708466195e-06, 0.03991790488362312, 1.3282513577905775e-07, 0.9531421065330505, 2.114021668830901e-08], "malicious score": 0.9531421065330505}}}, "MobileNetV2": {"clean acc": 87.01000137329102, "prediction": 8, "poisons predictions": [8, 8, 6, 6, 8],