{"args": "Namespace(device='cuda', dset_path='datasets', end2end=False, eval_poisons_root='attack-results-7poisons/100-overlap/linear-transfer-learning/mean/800', gpu='2', lr_decay_epoch=[30, 45], model_resume_path='model-chks', num_per_class=50, poison_label=8, retrain_bsize=64, retrain_epochs=60, retrain_lr=0.1, retrain_momentum=0.9, retrain_opt='adam', retrain_wd=0, subset_group=0, target_camera=True, target_index_end=7, target_index_start=6, target_index_step=1, target_label=6, target_net=['DPN92', 'SENet18', 'ResNet50', 'ResNeXt29_2x64d', 'GoogLeNet', 'MobileNetV2', 'ResNet18', 'DenseNet121'], target_print_size=[2, 4], test_chk_name='ckpt-%s-4800.t7', train_data_path='datasets/CIFAR10_TRAIN_Split.pth')", "poison_label": 8, "target_label": 6, "targets": {"6": {}, "6": {"800": {"time": 363.0, "coeffs_time": 0, "poisons_time": 4, "target_loss": 0.004102044738829136, "total_loss": 0.061951279640197754, "coeff_list": [[0.1428571492433548, 0.1428571492433548, 0.1428571492433548, 0.1428571492433548, 0.1428571492433548, 0.1428571492433548, 0.1428571492433548], [0.1428571492433548, 0.1428571492433548, 0.1428571492433548, 0.1428571492433548, 0.1428571492433548, 0.1428571492433548, 0.1428571492433548], [0.1428571492433548, 0.1428571492433548, 0.1428571492433548, 0.1428571492433548, 0.1428571492433548, 0.1428571492433548, 0.1428571492433548], [0.1428571492433548, 0.1428571492433548, 0.1428571492433548, 0.1428571492433548, 0.1428571492433548, 0.1428571492433548, 0.1428571492433548], [0.1428571492433548, 0.1428571492433548, 0.1428571492433548, 0.1428571492433548, 0.1428571492433548, 0.1428571492433548, 0.1428571492433548], [0.1428571492433548, 0.1428571492433548, 0.1428571492433548, 0.1428571492433548, 0.1428571492433548, 0.1428571492433548, 0.1428571492433548], [0.1428571492433548, 0.1428571492433548, 0.1428571492433548, 0.1428571492433548, 0.1428571492433548, 0.1428571492433548, 0.1428571492433548], [0.1428571492433548, 0.1428571492433548, 0.1428571492433548, 0.1428571492433548, 0.1428571492433548, 0.1428571492433548, 0.1428571492433548], [0.1428571492433548, 0.1428571492433548, 0.1428571492433548, 0.1428571492433548, 0.1428571492433548, 0.1428571492433548, 0.1428571492433548], [0.1428571492433548, 0.1428571492433548, 0.1428571492433548, 0.1428571492433548, 0.1428571492433548, 0.1428571492433548, 0.1428571492433548], [0.1428571492433548, 0.1428571492433548, 0.1428571492433548, 0.1428571492433548, 0.1428571492433548, 0.1428571492433548, 0.1428571492433548], [0.1428571492433548, 0.1428571492433548, 0.1428571492433548, 0.1428571492433548, 0.1428571492433548, 0.1428571492433548, 0.1428571492433548], [0.1428571492433548, 0.1428571492433548, 0.1428571492433548, 0.1428571492433548, 0.1428571492433548, 0.1428571492433548, 0.1428571492433548], [0.1428571492433548, 0.1428571492433548, 0.1428571492433548, 0.1428571492433548, 0.1428571492433548, 0.1428571492433548, 0.1428571492433548], [0.1428571492433548, 0.1428571492433548, 0.1428571492433548, 0.1428571492433548, 0.1428571492433548, 0.1428571492433548, 0.1428571492433548], [0.1428571492433548, 0.1428571492433548, 0.1428571492433548, 0.1428571492433548, 0.1428571492433548, 0.1428571492433548, 0.1428571492433548], [0.1428571492433548, 0.1428571492433548, 0.1428571492433548, 0.1428571492433548, 0.1428571492433548, 0.1428571492433548, 0.1428571492433548], [0.1428571492433548, 0.1428571492433548, 0.1428571492433548, 0.1428571492433548, 0.1428571492433548, 0.1428571492433548, 0.1428571492433548]], "coeff_list_in_victim": [[0.0, 0.040564656257629395, 0.0, 0.38444074988365173, 0.5098247528076172, 0.0, 0.06516986340284348]], "victims": {"DPN92": {"clean acc": 92.21000137329102, "prediction": 8, "poisons predictions": [8, 8, 8, 8, 8, 8, 8], "scores": [2.724441162713292e-20, 3.701939021993894e-08, 6.27567375683667e-31, 1.8975862547954137e-12, 1.1944274580454407e-35, 6.741373232145814e-16, 6.732997007929953e-06, 2.327500697304948e-40, 0.9999923706054688, 0.0], "malicious score": 0.9999923706054688, "camera": {"2": {"prediction": 8, "scores": [1.2485067161258722e-27, 1.2467264241422527e-05, 1.3051736417690695e-27, 1.0768459041132772e-10, 4.7139212311729625e-26, 1.1464531648780647e-15, 2.7612794659842045e-14, 2.632451269111315e-40, 0.9999866485595703, 3.969510568455475e-38], "malicious score": 0.9999866485595703}, "4": {"prediction": 8, "scores": [8.807700569898617e-27, 4.117830394534394e-05, 2.035399432647657e-25, 1.76101622173519e-08, 3.1119730462713908e-24, 5.091129341022738e-13, 3.591545463810242e-13, 1.7289399819043027e-37, 0.9999589920043945, 2.912470064196757e-35], "malicious score": 0.9999589920043945}}}, "SENet18": {"clean acc": 91.22000122070312, "prediction": 8, "poisons predictions": [8, 8, 6, 6, 8, 8, 8], "scores": [1.6507649746749198e-17, 1.4253337008926503e-12, 6.74283555511991e-17, 5.091784402422826e-15, 2.9102555032523014e-08, 2.3727449554468004e-16, 0.008215701207518578, 3.3427810464784848e-21, 0.9917846322059631, 1.7802956103676187e-13], "malicious score": 0.9917846322059631, "camera": {"2": {"prediction": 8, "scores": [2.203104320204702e-15, 9.71846270125809e-10, 1.1779201225525782e-10, 3.857743985369311e-11, 2.7137314617675656e-09, 3.875694541368617e-15, 2.2921952336218965e-07, 3.0090817922638234e-15, 1.0, 2.2733215310211108e-10], "malicious score": 1.0}, "4": {"prediction": 8, "scores": [1.667905170263269e-18, 5.916846179676583e-11, 2.982143476387353e-14, 1.4686655144531373e-14, 1.5849854415050935e-11, 1.0671808634306945e-17, 4.091217919999224e-10, 2.497116614617691e-18, 1.0, 1.022863000896268e-12], "malicious score": 1.0}}}, "ResNet50": {"clean acc": 93.64000091552734, "prediction": 8, "poisons predictions": [8, 8, 8, 8, 8, 8, 8], "scores": [4.103615984087821e-31, 1.2400601412827279e-31, 2.52096477852263e-28, 8.130684431612574e-24, 3.005163967511342e-19, 1.1945088499444038e-40, 8.915905347350872e-09, 3.1604507213796557e-38, 1.0, 2.6660964452397537e-40], "malicious score": 1.0, "camera": {"2": {"prediction": 8, "scores": [8.512095167931459e-28, 5.579731434726802e-27, 5.4300949595466745e-28, 4.395147153605969e-19, 1.862000001883954e-14, 7.799111144118172e-35, 6.7848042739626635e-09, 1.7155711909806862e-36, 1.0, 7.79117563889516e-34], "malicious score": 1.0}, "4": {"prediction": 8, "scores": [8.0017439549332574e-28, 3.660679053963707e-24, 2.681948967750183e-26, 6.7487921344096924e-21, 5.678235659445363e-12, 2.5570206998182835e-30, 4.313914132580976e-07, 2.1427254548941473e-35, 1.0, 3.947519047650497e-33], "malicious score": 1.0}}}, "ResNeXt29_2x64d": {"clean acc": 92.5700008392334, "prediction": 8, "poisons predictions": [8, 8, 8, 8, 8, 8, 8], "scores": [5.196648034414193e-23, 8.550984429028325e-21, 5.271396388929341e-17, 5.8019921311824874e-08, 5.140959891131979e-33, 2.626457410189026e-25, 0.0016796598210930824, 2.1253478182512856e-25, 0.998319149017334, 4.490740902086964e-23], "malicious score": 0.998319149017334, "camera": {"2": {"prediction": 8, "scores": [1.354864199212922e-19, 3.3992541257080384e-16, 5.2952967801123256e-18, 7.163817095090508e-09, 3.490144050106115e-22, 5.533844458983425e-25, 1.897229873204509e-10, 8.891264673381413e-24, 1.0, 7.33038684006676e-13], "malicious score": 1.0}, "4": {"prediction": 8, "scores": [2.460390053914278e-19, 2.6864536039401333e-19, 1.995926202295168e-16, 7.657179779130274e-09, 1.6377240380481997e-18, 5.176136805219556e-21, 1.2924314773954393e-07, 2.2861262239596927e-22, 1.0, 5.90520243815007e-10], "malicious score": 1.0}}}, "GoogLeNet": {"clean acc": 91.93000068664551, "prediction": 8, "poisons predictions": [8, 8, 8, 6, 8, 8, 8], "scores": [4.565149184884872e-16, 1.8489387798581447e-09, 7.405059898601962e-10, 9.12395535124233e-07, 2.441970536892768e-07, 1.0551933549152182e-08, 0.26824039220809937, 1.9925339529436314e-06, 0.7317562103271484, 5.435894925376675e-14], "malicious score": 0.7317562103271484, "camera": {"2": {"prediction": 6,