{"args": "Namespace(device='cuda', dset_path='datasets', end2end=False, eval_poisons_root='attack-results-7poisons/100-overlap/linear-transfer-learning/mean/800', gpu='2', lr_decay_epoch=[30, 45], model_resume_path='model-chks', num_per_class=50, poison_label=8, retrain_bsize=64, retrain_epochs=60, retrain_lr=0.1, retrain_momentum=0.9, retrain_opt='adam', retrain_wd=0, subset_group=0, target_camera=True, target_index_end=5, target_index_start=4, target_index_step=1, target_label=6, target_net=['DPN92', 'SENet18', 'ResNet50', 'ResNeXt29_2x64d', 'GoogLeNet', 'MobileNetV2', 'ResNet18', 'DenseNet121'], target_print_size=[2, 4], test_chk_name='ckpt-%s-4800.t7', train_data_path='datasets/CIFAR10_TRAIN_Split.pth')", "poison_label": 8, "target_label": 6, "targets": {"4": {}, "4": {"800": {"time": 367.0, "coeffs_time": 0, "poisons_time": 4, "target_loss": 0.009910359978675842, "total_loss": 0.057389453053474426, "coeff_list": [[0.1428571492433548, 0.1428571492433548, 0.1428571492433548, 0.1428571492433548, 0.1428571492433548, 0.1428571492433548, 0.1428571492433548], [0.1428571492433548, 0.1428571492433548, 0.1428571492433548, 0.1428571492433548, 0.1428571492433548, 0.1428571492433548, 0.1428571492433548], [0.1428571492433548, 0.1428571492433548, 0.1428571492433548, 0.1428571492433548, 0.1428571492433548, 0.1428571492433548, 0.1428571492433548], [0.1428571492433548, 0.1428571492433548, 0.1428571492433548, 0.1428571492433548, 0.1428571492433548, 0.1428571492433548, 0.1428571492433548], [0.1428571492433548, 0.1428571492433548, 0.1428571492433548, 0.1428571492433548, 0.1428571492433548, 0.1428571492433548, 0.1428571492433548], [0.1428571492433548, 0.1428571492433548, 0.1428571492433548, 0.1428571492433548, 0.1428571492433548, 0.1428571492433548, 0.1428571492433548], [0.1428571492433548, 0.1428571492433548, 0.1428571492433548, 0.1428571492433548, 0.1428571492433548, 0.1428571492433548, 0.1428571492433548], [0.1428571492433548, 0.1428571492433548, 0.1428571492433548, 0.1428571492433548, 0.1428571492433548, 0.1428571492433548, 0.1428571492433548], [0.1428571492433548, 0.1428571492433548, 0.1428571492433548, 0.1428571492433548, 0.1428571492433548, 0.1428571492433548, 0.1428571492433548], [0.1428571492433548, 0.1428571492433548, 0.1428571492433548, 0.1428571492433548, 0.1428571492433548, 0.1428571492433548, 0.1428571492433548], [0.1428571492433548, 0.1428571492433548, 0.1428571492433548, 0.1428571492433548, 0.1428571492433548, 0.1428571492433548, 0.1428571492433548], [0.1428571492433548, 0.1428571492433548, 0.1428571492433548, 0.1428571492433548, 0.1428571492433548, 0.1428571492433548, 0.1428571492433548], [0.1428571492433548, 0.1428571492433548, 0.1428571492433548, 0.1428571492433548, 0.1428571492433548, 0.1428571492433548, 0.1428571492433548], [0.1428571492433548, 0.1428571492433548, 0.1428571492433548, 0.1428571492433548, 0.1428571492433548, 0.1428571492433548, 0.1428571492433548], [0.1428571492433548, 0.1428571492433548, 0.1428571492433548, 0.1428571492433548, 0.1428571492433548, 0.1428571492433548, 0.1428571492433548], [0.1428571492433548, 0.1428571492433548, 0.1428571492433548, 0.1428571492433548, 0.1428571492433548, 0.1428571492433548, 0.1428571492433548], [0.1428571492433548, 0.1428571492433548, 0.1428571492433548, 0.1428571492433548, 0.1428571492433548, 0.1428571492433548, 0.1428571492433548], [0.1428571492433548, 0.1428571492433548, 0.1428571492433548, 0.1428571492433548, 0.1428571492433548, 0.1428571492433548, 0.1428571492433548]], "coeff_list_in_victim": [[0.0, 0.2555374205112457, 0.0, 0.1995088756084442, 0.41228270530700684, 0.004285730421543121, 0.12838521599769592]], "victims": {"DPN92": {"clean acc": 92.1300006866455, "prediction": 8, "poisons predictions": [8, 8, 8, 8, 8, 8, 8], "scores": [3.996596335034164e-18, 2.1309757344128988e-12, 1.301239971987376e-29, 2.224616297381507e-13, 2.536593411131841e-27, 2.7299426350675844e-14, 0.005082306452095509, 2.6985399574882893e-36, 0.994916558265686, 0.0], "malicious score": 0.994916558265686, "camera": {"2": {"prediction": 6, "scores": [8.317112462041031e-18, 9.028663732687377e-24, 6.896646791494425e-20, 5.362077715176383e-08, 1.7513713579477543e-28, 3.239012187350454e-07, 1.0, 3.2306972293260905e-32, 3.471730022143049e-20, 2.382207389352189e-44], "malicious score": 3.471730022143049e-20}, "4": {"prediction": 6, "scores": [4.0206173498299744e-19, 6.435286494650244e-17, 2.0557883131150718e-26, 3.3321325698665305e-09, 6.1198893025093124e-27, 2.9657226674473236e-10, 1.0, 4.902967637476272e-36, 5.97179194983255e-10, 0.0], "malicious score": 5.97179194983255e-10}}}, "SENet18": {"clean acc": 91.60000152587891, "prediction": 6, "poisons predictions": [6, 8, 8, 6, 8, 8, 6], "scores": [2.856592402622482e-07, 3.3989578512860774e-11, 1.5753813997678584e-13, 2.3554427297511893e-09, 5.539350240724161e-05, 4.891869380277761e-14, 0.9842523336410522, 2.9770543669149774e-12, 0.0156925730407238, 7.074772811723395e-15], "malicious score": 0.0156925730407238, "camera": {"2": {"prediction": 6, "scores": [8.558233162148099e-07, 6.225699362099159e-15, 5.058514718214724e-11, 9.466940120717027e-09, 2.599403615022311e-06, 2.056877671657853e-12, 0.9996433854103088, 5.764888620727465e-14, 0.00035292061511427164, 3.4742163827213663e-15], "malicious score": 0.00035292061511427164}, "4": {"prediction": 6, "scores": [4.2739145555970026e-07, 1.2293736670077613e-15, 7.604298592721326e-14, 5.606161090909723e-10, 4.5918093860564113e-07, 1.0563787664714594e-13, 0.9991973042488098, 3.165543177181796e-15, 0.0008024706621654332, 1.8095370257683327e-15], "malicious score": 0.0008024706621654332}}}, "ResNet50": {"clean acc": 93.67000198364258, "prediction": 8, "poisons predictions": [8, 8, 8, 8, 8, 8, 8], "scores": [3.1273524280123903e-29, 0.0, 3.654740291161669e-36, 1.806599158070044e-37, 3.7259433112341634e-28, 2.153213499034278e-35, 3.371751881786622e-05, 5.374111789647297e-18, 0.9999656677246094, 3.981589374270429e-27], "malicious score": 0.9999656677246094, "camera": {"2": {"prediction": 6, "scores": [9.582912066547485e-33, 0.0, 1.6447331886874853e-29, 7.118596198770071e-43, 8.762574055718798e-31, 2.7647394575299417e-27, 1.0, 1.5360893370545796e-14, 3.071019933037315e-14, 1.950012344172306e-29], "malicious score": 3.071019933037315e-14}, "4": {"prediction": 6, "scores": [2.5363500698833676e-28, 0.0, 3.634200065051638e-32, 1.185248733380514e-37, 1.9090925711819084e-25, 9.215845617791353e-30, 1.0, 5.139134076051475e-19, 1.8365906271355925e-06, 1.0496084677904678e-28], "malicious score": 1.8365906271355925e-06}}}, "ResNeXt29_2x64d": {"clean acc": 93.01000175476074, "prediction": 8, "poisons predictions": [8, 8, 8, 8, 8, 8, 8], "scores": [4.502647905481497e-22, 4.76255870296427e-08, 2.0703109151873664e-16, 5.820965931491173e-09, 5.65051353119369e-38, 1.4947701280296396e-25, 2.1377329176175408e-05, 1.37331449508766e-21, 0.9999790191650391, 1.2021012986989125e-29], "malicious score": 0.9999790191650391, "camera": {"2": {"prediction": 6, "scores": [4.130816563742427e-17, 4.844074680274233e-20, 7.446570862157387e-07, 1.2691212013596354e-12, 3.283104188174309e-30, 1.8907284626834553e-09, 1.0, 1.0906833975473512e-13, 4.3828699003434224e-10, 1.2680575392861345e-18], "malicious score": 4.3828699003434224e-10}, "4": {"prediction": 6, "scores": [2.5937847537862736e-21, 6.405084101990255e-11, 4.064019696399697e-14, 6.682120101686451e-07, 6.705778603750574e-37, 1.2900862637272166e-19, 0.9999885559082031, 4.2933173427915695e-19, 1.128292024077382e-05, 1.3149637214553731e-27], "malicious score": 1.128292024077382e-05}}}, "GoogLeNet": {"clean acc": 92.28000144958496, "prediction": 8, "poisons predictions": [8, 8, 8, 8, 6, 8, 8], "scores": [5.789298818115185e-09, 3.2563008289798745e-07, 4.4454814829286704e-11, 1.4085033399169333e-05, 1.2559803863609886e-08, 1.511021197053708e-09, 0.006000428926199675, 1.7231228355285566e-07, 0.9939847588539124, 7.465761407525473e-13], "malicious score": 0.9939847588539124, "camera": {"2": {"prediction": 6,