{"args": "Namespace(device='cuda', dset_path='datasets', end2end=False, eval_poisons_root='attack-results-10poisons/100-overlap/linear-transfer-learning/mean/800', gpu='1', lr_decay_epoch=[30, 45], model_resume_path='model-chks', num_per_class=50, poison_label=8, retrain_bsize=64, retrain_epochs=60, retrain_lr=0.1, retrain_momentum=0.9, retrain_opt='adam', retrain_wd=0, subset_group=0, target_camera=True, target_index_end=50, target_index_start=49, target_index_step=1, target_label=6, target_net=['DPN92', 'SENet18', 'ResNet50', 'ResNeXt29_2x64d', 'GoogLeNet', 'MobileNetV2', 'ResNet18', 'DenseNet121'], target_print_size=[2, 4], test_chk_name='ckpt-%s-4800.t7', train_data_path='datasets/CIFAR10_TRAIN_Split.pth')", "poison_label": 8, "target_label": 6, "targets": {"49": {}, "49": {"800": {"time": 578.0, "coeffs_time": 0, "poisons_time": 8, "target_loss": 0.00853895302861929, "total_loss": 0.0720202848315239, "coeff_list": [[0.10000000149011612, 0.10000000149011612, 0.10000000149011612, 0.10000000149011612, 0.10000000149011612, 0.10000000149011612, 0.10000000149011612, 0.10000000149011612, 0.10000000149011612, 0.10000000149011612], [0.10000000149011612, 0.10000000149011612, 0.10000000149011612, 0.10000000149011612, 0.10000000149011612, 0.10000000149011612, 0.10000000149011612, 0.10000000149011612, 0.10000000149011612, 0.10000000149011612], [0.10000000149011612, 0.10000000149011612, 0.10000000149011612, 0.10000000149011612, 0.10000000149011612, 0.10000000149011612, 0.10000000149011612, 0.10000000149011612, 0.10000000149011612, 0.10000000149011612], [0.10000000149011612, 0.10000000149011612, 0.10000000149011612, 0.10000000149011612, 0.10000000149011612, 0.10000000149011612, 0.10000000149011612, 0.10000000149011612, 0.10000000149011612, 0.10000000149011612], [0.10000000149011612, 0.10000000149011612, 0.10000000149011612, 0.10000000149011612, 0.10000000149011612, 0.10000000149011612, 0.10000000149011612, 0.10000000149011612, 0.10000000149011612, 0.10000000149011612], [0.10000000149011612, 0.10000000149011612, 0.10000000149011612, 0.10000000149011612, 0.10000000149011612, 0.10000000149011612, 0.10000000149011612, 0.10000000149011612, 0.10000000149011612, 0.10000000149011612], [0.10000000149011612, 0.10000000149011612, 0.10000000149011612, 0.10000000149011612, 0.10000000149011612, 0.10000000149011612, 0.10000000149011612, 0.10000000149011612, 0.10000000149011612, 0.10000000149011612], [0.10000000149011612, 0.10000000149011612, 0.10000000149011612, 0.10000000149011612, 0.10000000149011612, 0.10000000149011612, 0.10000000149011612, 0.10000000149011612, 0.10000000149011612, 0.10000000149011612], [0.10000000149011612, 0.10000000149011612, 0.10000000149011612, 0.10000000149011612, 0.10000000149011612, 0.10000000149011612, 0.10000000149011612, 0.10000000149011612, 0.10000000149011612, 0.10000000149011612], [0.10000000149011612, 0.10000000149011612, 0.10000000149011612, 0.10000000149011612, 0.10000000149011612, 0.10000000149011612, 0.10000000149011612, 0.10000000149011612, 0.10000000149011612, 0.10000000149011612], [0.10000000149011612, 0.10000000149011612, 0.10000000149011612, 0.10000000149011612, 0.10000000149011612, 0.10000000149011612, 0.10000000149011612, 0.10000000149011612, 0.10000000149011612, 0.10000000149011612], [0.10000000149011612, 0.10000000149011612, 0.10000000149011612, 0.10000000149011612, 0.10000000149011612, 0.10000000149011612, 0.10000000149011612, 0.10000000149011612, 0.10000000149011612, 0.10000000149011612], [0.10000000149011612, 0.10000000149011612, 0.10000000149011612, 0.10000000149011612, 0.10000000149011612, 0.10000000149011612, 0.10000000149011612, 0.10000000149011612, 0.10000000149011612, 0.10000000149011612], [0.10000000149011612, 0.10000000149011612, 0.10000000149011612, 0.10000000149011612, 0.10000000149011612, 0.10000000149011612, 0.10000000149011612, 0.10000000149011612, 0.10000000149011612, 0.10000000149011612], [0.10000000149011612, 0.10000000149011612, 0.10000000149011612, 0.10000000149011612, 0.10000000149011612, 0.10000000149011612, 0.10000000149011612, 0.10000000149011612, 0.10000000149011612, 0.10000000149011612], [0.10000000149011612, 0.10000000149011612, 0.10000000149011612, 0.10000000149011612, 0.10000000149011612, 0.10000000149011612, 0.10000000149011612, 0.10000000149011612, 0.10000000149011612, 0.10000000149011612], [0.10000000149011612, 0.10000000149011612, 0.10000000149011612, 0.10000000149011612, 0.10000000149011612, 0.10000000149011612, 0.10000000149011612, 0.10000000149011612, 0.10000000149011612, 0.10000000149011612], [0.10000000149011612, 0.10000000149011612, 0.10000000149011612, 0.10000000149011612, 0.10000000149011612, 0.10000000149011612, 0.10000000149011612, 0.10000000149011612, 0.10000000149011612, 0.10000000149011612]], "coeff_list_in_victim": [[0.0030410420149564743, 0.0038747754879295826, 0.0, 0.0, 0.0, 0.0, 0.2354639172554016, 0.0, 0.7576202750205994, 0.0]], "victims": {"DPN92": {"clean acc": 92.10000114440918, "prediction": 8, "poisons predictions": [8, 8, 8, 8, 8, 8, 8, 8, 6, 8], "scores": [1.826417089680041e-22, 6.539109458695496e-28, 9.33327663031252e-36, 1.1223206392019236e-11, 5.75831687586463e-29, 1.8493142781017546e-11, 0.03417298570275307, 6.305843089461677e-44, 0.9658265709877014, 0.0], "malicious score": 0.9658265709877014, "camera": {}}, "SENet18": {"clean acc": 91.42000122070313, "prediction": 6, "poisons predictions": [6, 6, 8, 6, 8, 8, 6, 8, 8, 8], "scores": [2.032731316603531e-09, 7.063234952432371e-14, 4.562586419787351e-10, 7.647087727491453e-07, 0.001228276058100164, 2.2519648368302114e-09, 0.8571295142173767, 2.8522566596345643e-16, 0.14164118468761444, 9.48025159893881e-14], "malicious score": 0.14164118468761444, "camera": {}}, "ResNet50": {"clean acc": 93.10000076293946, "prediction": 8, "poisons predictions": [6, 8, 8, 8, 8, 8, 8, 8, 8, 8], "scores": [0.0, 1.4826858791328024e-40, 8.626491437276077e-39, 7.710425031506549e-35, 5.801982057914607e-34, 8.250377547927094e-32, 9.463656169828027e-05, 8.190485827892196e-39, 0.9999046325683594, 1.08011673087889e-36], "malicious score": 0.9999046325683594, "camera": {}}, "ResNeXt29_2x64d": {"clean acc": 92.58000106811524, "prediction": 6, "poisons predictions": [8, 8, 8, 8, 8, 8, 8, 8, 8, 8], "scores": [1.1130638834912129e-23, 1.4625781076159288e-20, 3.49986949144121e-11, 1.2880576605311944e-08, 5.117541692674898e-32, 8.18493628993236e-14, 0.9936042428016663, 1.3126472797002702e-21, 0.006395356263965368, 5.288072680950655e-17], "malicious score": 0.006395356263965368, "camera": {}}, "GoogLeNet": {"clean acc": 91.84000053405762, "prediction": 6, "poisons predictions": [8, 8, 8, 8, 6, 8, 8, 8, 8, 8], "scores": [2.5847195477685103e-12, 5.430669802741761e-11, 9.83459647052598e-10, 3.3308001547993626e-06, 1.5988486978812944e-08, 1.9891693625595508e-08, 0.7801083326339722, 2.406332633153596e-10, 0.21988840401172638, 1.3424900297334674e-13], "malicious score": 0.21988840401172638, "camera": {}}, "MobileNetV2": {"clean acc": 87.31000213623047, "prediction": 3, "poisons predictions": [8, 8, 8, 8, 8, 8, 8, 8, 8, 8], "scores": [1.5616086982556121e-12, 2.8904871289772638e-21, 1.9977801964804476e-13, 0.9494628310203552, 9.404959390828791e-16, 1.2245474585627635e-16, 0.011922328732907772, 1.9612133859096453e-18, 0.038615014404058456, 2.909986098958069e-25], "malicious score": 0.038615014404058456, "camera": {}}, "ResNet18": {"clean acc": 92.63000144958497, "prediction": 8, "poisons predictions": [8, 8, 8, 6, 8, 8, 8, 8, 8, 8], "scores": [1.0535101705150915e-23, 1.5829134877853868e-14, 2.6621947701865878e-11, 7.377936071861768e-06, 4.513584925506971e-22, 6.07689343290474e-10, 0.023448769003152847, 1.731803462240046e-16, 0.9765434861183167, 1.078724903971018e-21], "malicious score": 0.9765434861183167, "camera": {}}, "DenseNet121": {"clean acc": 92.83000144958496, "prediction": 6, "poisons predictions": [8, 8, 8, 8, 8, 8, 8, 8, 8, 8],