{"args": "Namespace(device='cuda', dset_path='datasets', end2end=False, eval_poisons_root='attack-results-eps0.01/100-overlap/linear-transfer-learning/mean/800', gpu='1', lr_decay_epoch=[30, 45], model_resume_path='model-chks', num_per_class=50, poison_label=8, retrain_bsize=64, retrain_epochs=60, retrain_lr=0.1, retrain_momentum=0.9, retrain_opt='adam', retrain_wd=0, subset_group=0, target_camera=True, target_index_end=27, target_index_start=26, target_index_step=1, target_label=6, target_net=['DPN92', 'SENet18', 'ResNet50', 'ResNeXt29_2x64d', 'GoogLeNet', 'MobileNetV2', 'ResNet18', 'DenseNet121'], target_print_size=[2, 4], test_chk_name='ckpt-%s-4800.t7', train_data_path='datasets/CIFAR10_TRAIN_Split.pth')", "poison_label": 8, "target_label": 6, "targets": {"26": {}, "26": {"800": {"time": 449.0, "coeffs_time": 0, "poisons_time": 6, "target_loss": 0.03079761192202568, "total_loss": 0.4716627895832062, "coeff_list": [[0.20000000298023224, 0.20000000298023224, 0.20000000298023224, 0.20000000298023224, 0.20000000298023224], [0.20000000298023224, 0.20000000298023224, 0.20000000298023224, 0.20000000298023224, 0.20000000298023224], [0.20000000298023224, 0.20000000298023224, 0.20000000298023224, 0.20000000298023224, 0.20000000298023224], [0.20000000298023224, 0.20000000298023224, 0.20000000298023224, 0.20000000298023224, 0.20000000298023224], [0.20000000298023224, 0.20000000298023224, 0.20000000298023224, 0.20000000298023224, 0.20000000298023224], [0.20000000298023224, 0.20000000298023224, 0.20000000298023224, 0.20000000298023224, 0.20000000298023224], [0.20000000298023224, 0.20000000298023224, 0.20000000298023224, 0.20000000298023224, 0.20000000298023224], [0.20000000298023224, 0.20000000298023224, 0.20000000298023224, 0.20000000298023224, 0.20000000298023224], [0.20000000298023224, 0.20000000298023224, 0.20000000298023224, 0.20000000298023224, 0.20000000298023224], [0.20000000298023224, 0.20000000298023224, 0.20000000298023224, 0.20000000298023224, 0.20000000298023224], [0.20000000298023224, 0.20000000298023224, 0.20000000298023224, 0.20000000298023224, 0.20000000298023224], [0.20000000298023224, 0.20000000298023224, 0.20000000298023224, 0.20000000298023224, 0.20000000298023224], [0.20000000298023224, 0.20000000298023224, 0.20000000298023224, 0.20000000298023224, 0.20000000298023224], [0.20000000298023224, 0.20000000298023224, 0.20000000298023224, 0.20000000298023224, 0.20000000298023224], [0.20000000298023224, 0.20000000298023224, 0.20000000298023224, 0.20000000298023224, 0.20000000298023224], [0.20000000298023224, 0.20000000298023224, 0.20000000298023224, 0.20000000298023224, 0.20000000298023224], [0.20000000298023224, 0.20000000298023224, 0.20000000298023224, 0.20000000298023224, 0.20000000298023224], [0.20000000298023224, 0.20000000298023224, 0.20000000298023224, 0.20000000298023224, 0.20000000298023224]], "coeff_list_in_victim": [[0.17109952867031097, 0.0, 0.0, 0.8289004564285278, 0.0]], "victims": {"DPN92": {"clean acc": 92.35000228881836, "prediction": 6, "poisons predictions": [8, 8, 8, 8, 8], "scores": [5.988143467981895e-19, 3.226480969103787e-27, 2.019032440358393e-36, 3.256729806014937e-18, 6.171991275962786e-32, 4.560529509376758e-19, 1.0, 1.2486760420828796e-39, 2.0011355073012993e-10, 0.0], "malicious score": 2.0011355073012993e-10, "camera": {"2": {"prediction": 6, "scores": [4.509599482073985e-19, 1.761330961069251e-24, 1.1774741184079424e-31, 5.203830344202099e-15, 1.3830309968113762e-27, 7.747058097398805e-16, 1.0, 2.7007644571432725e-36, 4.443635737150231e-10, 1.5414283107572988e-44], "malicious score": 4.443635737150231e-10}, "4": {"prediction": 6, "scores": [5.9411159754115706e-18, 3.067353101319827e-23, 1.2770150975850088e-31, 4.077418825889018e-15, 2.067740981017329e-28, 3.5964415429442674e-16, 1.0, 1.633343316365948e-34, 2.6964197541445856e-10, 7.42688186092153e-44], "malicious score": 2.6964197541445856e-10}}}, "SENet18": {"clean acc": 91.73000221252441, "prediction": 6, "poisons predictions": [8, 8, 8, 8, 8], "scores": [3.6540955363930944e-23, 4.5186937125235465e-18, 3.2351302348309922e-21, 3.4555480429160388e-18, 2.357771963779065e-12, 2.9589245195708395e-18, 1.0, 1.4077148897959091e-24, 1.5957395127497165e-10, 5.380723677937722e-23], "malicious score": 1.5957395127497165e-10, "camera": {"2": {"prediction": 6, "scores": [3.4762604515839105e-21, 1.89152160731329e-13, 1.625092398660377e-16, 2.9375828941531406e-15, 2.3426021122929797e-09, 4.976544617036813e-16, 1.0, 9.302352807529874e-21, 3.640387435943637e-10, 6.471933490918487e-20], "malicious score": 3.640387435943637e-10}, "4": {"prediction": 6, "scores": [9.046558575021815e-16, 5.15681453094885e-09, 2.1338044043283863e-14, 1.3198447890161447e-10, 4.937481935485266e-05, 7.689073336369923e-12, 0.9999504089355469, 5.071739791242527e-15, 6.597296078325599e-07, 3.1278147415243133e-16], "malicious score": 6.597296078325599e-07}}}, "ResNet50": {"clean acc": 93.41000175476074, "prediction": 6, "poisons predictions": [8, 8, 8, 8, 8], "scores": [2.4082226491488987e-34, 6.696129366378265e-33, 2.6398522111672634e-21, 1.1586710621088359e-38, 5.167487071579697e-39, 3.7167019771372643e-28, 1.0, 2.447310777466166e-21, 1.408497710825296e-11, 3.687558897663434e-25], "malicious score": 1.408497710825296e-11, "camera": {"2": {"prediction": 6, "scores": [1.3204128300582612e-34, 2.6822539725686495e-35, 5.896346561836424e-17, 1.566986918549363e-36, 4.166835436787227e-33, 8.86067596932091e-27, 1.0, 7.338930028666448e-18, 1.192033559534178e-12, 4.209453878725951e-21], "malicious score": 1.192033559534178e-12}, "4": {"prediction": 6, "scores": [1.26544458914043e-31, 8.365410139401617e-34, 1.6850966096905657e-17, 1.0699674736238045e-35, 9.3407562009957e-36, 3.6007747071063567e-26, 1.0, 6.894540819334105e-13, 1.9253543204200696e-10, 7.87127402327577e-17], "malicious score": 1.9253543204200696e-10}}}, "ResNeXt29_2x64d": {"clean acc": 92.97000122070312, "prediction": 6, "poisons predictions": [8, 8, 8, 8, 8], "scores": [1.2836603628373867e-19, 1.269836642656336e-14, 1.0213393681951424e-14, 3.0050131272219005e-09, 3.117173698070722e-26, 8.705454527685436e-19, 0.9999980926513672, 2.0269290598666503e-19, 2.7636408503894927e-06, 3.258271393360573e-25], "malicious score": 2.7636408503894927e-06, "camera": {"2": {"prediction": 6, "scores": [6.979710304053045e-17, 3.217443808123735e-14, 3.5333764802913947e-09, 3.866934328300431e-09, 7.80676066150899e-20, 2.3792971174003974e-13, 0.9999599456787109, 5.229190344624435e-12, 3.97977746615652e-05, 4.928134648202947e-20], "malicious score": 3.97977746615652e-05}, "4": {"prediction": 6, "scores": [3.19850791277881e-17, 3.932135311259487e-15, 1.0858834542659679e-07, 4.135222164691754e-10, 9.244968162275967e-22, 1.1031912145950673e-12, 0.9998359680175781, 3.905965828554514e-11, 0.00016406620852649212, 3.9659898251890896e-20], "malicious score": 0.00016406620852649212}}}, "GoogLeNet": {"clean acc": 91.80000152587891, "prediction": 8, "poisons predictions": [8, 8, 8, 8, 8], "scores": [4.918659328723152e-07, 4.459817830593238e-07, 4.276568859040708e-07, 0.0007136341882869601, 0.00017839237989392132, 0.0012756639625877142, 0.28384941816329956, 3.166286842315458e-05, 0.7139497399330139, 1.6571441108226281e-07], "malicious score": 0.7139497399330139, "camera": {"2": {"prediction": 4, "scores": [2.47149447574202e-08, 5.395859759005361e-09, 1.637676128041221e-08, 0.0002602017775643617, 0.7372204065322876, 0.0037099358160048723, 0.22845599055290222, 7.553974806784325e-11, 0.03026234358549118, 9.092364052776247e-05], "malicious score": 0.03026234358549118}, "4": {"prediction": 6, "scores": [4.869314396138691e-10, 1.0265369665418689e-09, 1.0068849920497058e-10, 1.677839463809505e-05, 0.2734123468399048, 8.6510757682845e-05, 0.7258338928222656, 2.979387569990166e-13, 0.0006284968694671988, 2.1981039026286453e-05], "malicious score": 0.0006284968694671988}}}, "MobileNetV2": {"clean acc": 87.54000129699708, "prediction": 8, "poisons predictions": [8, 8, 8, 6, 8],