{"args": "Namespace(device='cuda', dset_path='datasets', end2end=False, eval_poisons_root='attack-results-eps0.05/100-overlap/linear-transfer-learning/mean/800', gpu='0', lr_decay_epoch=[30, 45], model_resume_path='model-chks', num_per_class=50, poison_label=8, retrain_bsize=64, retrain_epochs=60, retrain_lr=0.1, retrain_momentum=0.9, retrain_opt='adam', retrain_wd=0, subset_group=0, target_camera=True, target_index_end=17, target_index_start=16, target_index_step=1, target_label=6, target_net=['DPN92', 'SENet18', 'ResNet50', 'ResNeXt29_2x64d', 'GoogLeNet', 'MobileNetV2', 'ResNet18', 'DenseNet121'], target_print_size=[2, 4], test_chk_name='ckpt-%s-4800.t7', train_data_path='datasets/CIFAR10_TRAIN_Split.pth')", "poison_label": 8, "target_label": 6, "targets": {"16": {}, "16": {"800": {"time": 383.0, "coeffs_time": 0, "poisons_time": 4, "target_loss": 0.027837514877319336, "total_loss": 0.08462361991405487, "coeff_list": [[0.20000000298023224, 0.20000000298023224, 0.20000000298023224, 0.20000000298023224, 0.20000000298023224], [0.20000000298023224, 0.20000000298023224, 0.20000000298023224, 0.20000000298023224, 0.20000000298023224], [0.20000000298023224, 0.20000000298023224, 0.20000000298023224, 0.20000000298023224, 0.20000000298023224], [0.20000000298023224, 0.20000000298023224, 0.20000000298023224, 0.20000000298023224, 0.20000000298023224], [0.20000000298023224, 0.20000000298023224, 0.20000000298023224, 0.20000000298023224, 0.20000000298023224], [0.20000000298023224, 0.20000000298023224, 0.20000000298023224, 0.20000000298023224, 0.20000000298023224], [0.20000000298023224, 0.20000000298023224, 0.20000000298023224, 0.20000000298023224, 0.20000000298023224], [0.20000000298023224, 0.20000000298023224, 0.20000000298023224, 0.20000000298023224, 0.20000000298023224], [0.20000000298023224, 0.20000000298023224, 0.20000000298023224, 0.20000000298023224, 0.20000000298023224], [0.20000000298023224, 0.20000000298023224, 0.20000000298023224, 0.20000000298023224, 0.20000000298023224], [0.20000000298023224, 0.20000000298023224, 0.20000000298023224, 0.20000000298023224, 0.20000000298023224], [0.20000000298023224, 0.20000000298023224, 0.20000000298023224, 0.20000000298023224, 0.20000000298023224], [0.20000000298023224, 0.20000000298023224, 0.20000000298023224, 0.20000000298023224, 0.20000000298023224], [0.20000000298023224, 0.20000000298023224, 0.20000000298023224, 0.20000000298023224, 0.20000000298023224], [0.20000000298023224, 0.20000000298023224, 0.20000000298023224, 0.20000000298023224, 0.20000000298023224], [0.20000000298023224, 0.20000000298023224, 0.20000000298023224, 0.20000000298023224, 0.20000000298023224], [0.20000000298023224, 0.20000000298023224, 0.20000000298023224, 0.20000000298023224, 0.20000000298023224], [0.20000000298023224, 0.20000000298023224, 0.20000000298023224, 0.20000000298023224, 0.20000000298023224]], "coeff_list_in_victim": [[0.2937474548816681, 0.0, 0.0, 0.7062525153160095, 0.0]], "victims": {"DPN92": {"clean acc": 91.54000205993653, "prediction": 8, "poisons predictions": [8, 8, 8, 8, 6], "scores": [1.375070237254021e-14, 2.5319034520875083e-13, 2.0537822201124373e-33, 1.1691692535995002e-12, 8.509941775799878e-23, 7.875132632132753e-21, 0.12260875850915909, 5.155264946373856e-40, 0.8773913383483887, 0.0], "malicious score": 0.8773913383483887, "camera": {"2": {"prediction": 6, "scores": [4.0504275281016966e-12, 5.50981200990754e-17, 1.2395345483711165e-32, 4.2355168309270164e-13, 4.6415939525770364e-21, 2.1579581524337152e-20, 0.9995614290237427, 6.354109413766881e-38, 0.0004396580916363746, 0.0], "malicious score": 0.0004396580916363746}, "4": {"prediction": 6, "scores": [7.761564286244693e-13, 1.1766922146252636e-17, 1.2253137997505325e-31, 1.950966731917303e-12, 4.582987317604731e-21, 1.317941958595852e-19, 0.9999923706054688, 4.2435955797672376e-39, 8.394251381105278e-06, 0.0], "malicious score": 8.394251381105278e-06}}}, "SENet18": {"clean acc": 91.60000152587891, "prediction": 6, "poisons predictions": [8, 8, 6, 8, 6], "scores": [1.150875015675911e-14, 3.6820723583924804e-20, 9.00922771545395e-16, 6.129921331816945e-13, 1.894917289746445e-08, 3.5919167988191533e-16, 0.9996395707130432, 3.5992494778439307e-19, 0.00035954552004113793, 1.1495361530478336e-15], "malicious score": 0.00035954552004113793, "camera": {"2": {"prediction": 6, "scores": [2.2311262538009247e-13, 1.7632564427434287e-21, 1.1791057291293464e-16, 1.3806411743033653e-11, 3.582099949994699e-08, 2.2458369206354448e-15, 0.9947419762611389, 1.683263820437453e-19, 0.005258720368146896, 8.905115719533372e-16], "malicious score": 0.005258720368146896}, "4": {"prediction": 6, "scores": [2.8210466189622363e-14, 2.6473060859165822e-20, 7.452027952278986e-18, 1.8818757316352297e-11, 9.114210541838474e-08, 3.887703350978315e-15, 0.9908884167671204, 5.71595400055461e-19, 0.009112339466810226, 8.811916684346981e-16], "malicious score": 0.009112339466810226}}}, "ResNet50": {"clean acc": 92.71000099182129, "prediction": 6, "poisons predictions": [8, 8, 8, 6, 8], "scores": [8.737682351583074e-29, 0.0, 1.7464740148040537e-36, 3.1781930910573015e-19, 1.667214802420583e-37, 2.4162201892495654e-33, 0.9993040561676025, 4.890985661196053e-39, 0.000695837545208633, 3.3559592194774108e-18], "malicious score": 0.000695837545208633, "camera": {"2": {"prediction": 6, "scores": [2.4150296760070908e-27, 0.0, 1.0645677885940893e-37, 2.2458905124100176e-13, 6.267035529790665e-39, 1.402861705359574e-34, 1.0, 3.1994446537464223e-41, 1.415919936853527e-09, 2.766876298065506e-23], "malicious score": 1.415919936853527e-09}, "4": {"prediction": 6, "scores": [3.0183855386154587e-28, 0.0, 7.726779350465542e-39, 3.1688930993145625e-13, 1.3523784623119748e-37, 4.910829616905172e-36, 1.0, 1.064986832886861e-43, 2.2307423963585649e-10, 3.0703384665295457e-23], "malicious score": 2.2307423963585649e-10}}}, "ResNeXt29_2x64d": {"clean acc": 92.57000160217285, "prediction": 6, "poisons predictions": [8, 8, 8, 8, 8], "scores": [9.558448862264161e-26, 1.6120580426104425e-07, 2.244422640311326e-16, 9.06668906619501e-11, 6.9364273984078445e-43, 3.5470853269350804e-27, 0.9983800649642944, 1.470262673061838e-22, 0.0016191349131986499, 4.0049566822856796e-27], "malicious score": 0.0016191349131986499, "camera": {"2": {"prediction": 6, "scores": [1.9716918772649198e-19, 1.9927658740925835e-06, 5.491455380701726e-12, 1.8342914700042456e-05, 1.7744944118237377e-25, 7.780164380142239e-17, 0.9999599456787109, 1.3084454598746486e-17, 2.0027768186992034e-05, 6.365764859297306e-20], "malicious score": 2.0027768186992034e-05}, "4": {"prediction": 6, "scores": [6.725229119179295e-20, 1.3899082205170998e-06, 3.848122341609805e-12, 1.678305125096813e-05, 5.669702577118653e-25, 1.6543149029917524e-16, 0.9999637603759766, 2.5506258944679805e-18, 1.8432909200782888e-05, 2.0867601967953472e-19], "malicious score": 1.8432909200782888e-05}}}, "GoogLeNet": {"clean acc": 91.87000198364258, "prediction": 6, "poisons predictions": [8, 6, 6, 8, 6], "scores": [6.882043085366593e-14, 1.4998830977219768e-07, 5.618848941679744e-09, 6.447891337302281e-06, 8.23807081579142e-12, 6.924259992047155e-07, 0.9372725486755371, 2.686208802060719e-07, 0.0627201497554779, 6.446269841704766e-13], "malicious score": 0.0627201497554779, "camera": {"2": {"prediction": 6, "scores": [8.608249529862277e-12, 2.830170160450507e-07, 7.611548369368393e-08, 8.35539904073812e-05, 3.5582289892310826e-10, 5.951302682660753e-06, 0.9772226214408875, 9.60263868421407e-10, 0.022687792778015137, 7.519140692024973e-12], "malicious score": 0.022687792778015137}, "4": {"prediction": 6, "scores": [3.4742764221107336e-11, 4.508635811362183e-06, 3.262057077790814e-07, 0.00033316295593976974, 1.8144985514112477e-09, 1.0028491487901192e-05, 0.87260901927948, 3.00414342291333e-08, 0.12704282999038696, 6.779247996302473e-11], "malicious score": 0.12704282999038696}}}, "MobileNetV2": {"clean acc": 87.16000175476074, "prediction": 6, "poisons predictions": [6, 8, 6, 6, 8],