{"args": "Namespace(device='cuda', dset_path='datasets', end2end=False, eval_poisons_root='attack-results-eps0.20/100-overlap/linear-transfer-learning/mean/800', gpu='1', lr_decay_epoch=[30, 45], model_resume_path='model-chks', num_per_class=50, poison_label=8, retrain_bsize=64, retrain_epochs=60, retrain_lr=0.1, retrain_momentum=0.9, retrain_opt='adam', retrain_wd=0, subset_group=0, target_camera=True, target_index_end=17, target_index_start=16, target_index_step=1, target_label=6, target_net=['DPN92', 'SENet18', 'ResNet50', 'ResNeXt29_2x64d', 'GoogLeNet', 'MobileNetV2', 'ResNet18', 'DenseNet121'], target_print_size=[2, 4], test_chk_name='ckpt-%s-4800.t7', train_data_path='datasets/CIFAR10_TRAIN_Split.pth')", "poison_label": 8, "target_label": 6, "targets": {"16": {}, "16": {"800": {"time": 367.0, "coeffs_time": 0, "poisons_time": 4, "target_loss": 0.020268483087420464, "total_loss": 0.06866026669740677, "coeff_list": [[0.20000000298023224, 0.20000000298023224, 0.20000000298023224, 0.20000000298023224, 0.20000000298023224], [0.20000000298023224, 0.20000000298023224, 0.20000000298023224, 0.20000000298023224, 0.20000000298023224], [0.20000000298023224, 0.20000000298023224, 0.20000000298023224, 0.20000000298023224, 0.20000000298023224], [0.20000000298023224, 0.20000000298023224, 0.20000000298023224, 0.20000000298023224, 0.20000000298023224], [0.20000000298023224, 0.20000000298023224, 0.20000000298023224, 0.20000000298023224, 0.20000000298023224], [0.20000000298023224, 0.20000000298023224, 0.20000000298023224, 0.20000000298023224, 0.20000000298023224], [0.20000000298023224, 0.20000000298023224, 0.20000000298023224, 0.20000000298023224, 0.20000000298023224], [0.20000000298023224, 0.20000000298023224, 0.20000000298023224, 0.20000000298023224, 0.20000000298023224], [0.20000000298023224, 0.20000000298023224, 0.20000000298023224, 0.20000000298023224, 0.20000000298023224], [0.20000000298023224, 0.20000000298023224, 0.20000000298023224, 0.20000000298023224, 0.20000000298023224], [0.20000000298023224, 0.20000000298023224, 0.20000000298023224, 0.20000000298023224, 0.20000000298023224], [0.20000000298023224, 0.20000000298023224, 0.20000000298023224, 0.20000000298023224, 0.20000000298023224], [0.20000000298023224, 0.20000000298023224, 0.20000000298023224, 0.20000000298023224, 0.20000000298023224], [0.20000000298023224, 0.20000000298023224, 0.20000000298023224, 0.20000000298023224, 0.20000000298023224], [0.20000000298023224, 0.20000000298023224, 0.20000000298023224, 0.20000000298023224, 0.20000000298023224], [0.20000000298023224, 0.20000000298023224, 0.20000000298023224, 0.20000000298023224, 0.20000000298023224], [0.20000000298023224, 0.20000000298023224, 0.20000000298023224, 0.20000000298023224, 0.20000000298023224], [0.20000000298023224, 0.20000000298023224, 0.20000000298023224, 0.20000000298023224, 0.20000000298023224]], "coeff_list_in_victim": [[0.33730173110961914, 0.0, 0.16578613221645355, 0.4969121515750885, 0.0]], "victims": {"DPN92": {"clean acc": 92.46000099182129, "prediction": 6, "poisons predictions": [8, 8, 8, 6, 6], "scores": [1.940053262116314e-16, 2.0817629081111787e-23, 1.600265133846352e-37, 7.60319304531857e-15, 4.617830515716299e-25, 6.84455362417331e-17, 0.8997515439987183, 7.075107799280616e-27, 0.10024935752153397, 0.0], "malicious score": 0.10024935752153397, "camera": {"2": {"prediction": 6, "scores": [5.868063196814988e-13, 7.925903240365347e-24, 1.6342142684272845e-36, 2.8639566727954287e-15, 4.430488652779269e-23, 5.898169006162001e-17, 0.9584932923316956, 4.438521544491044e-24, 0.04150750860571861, 0.0], "malicious score": 0.04150750860571861}, "4": {"prediction": 6, "scores": [3.646453459820419e-14, 1.995133950589107e-24, 8.850669618565256e-36, 7.669317519378924e-15, 1.504927303830039e-23, 9.993016117275928e-17, 0.999908447265625, 2.5696214610820496e-25, 9.029542707139626e-05, 0.0], "malicious score": 9.029542707139626e-05}}}, "SENet18": {"clean acc": 91.5700008392334, "prediction": 6, "poisons predictions": [8, 6, 6, 6, 6], "scores": [3.3402682220184943e-07, 2.4888777020240505e-13, 4.448710212603783e-16, 6.878427948747712e-12, 3.10098499767264e-07, 2.7696226134597173e-15, 0.998242974281311, 4.202397544533776e-12, 0.0017565791495144367, 5.0056317780763624e-18], "malicious score": 0.0017565791495144367, "camera": {"2": {"prediction": 6, "scores": [8.535883534932509e-05, 6.795575251605443e-14, 2.737436281288895e-17, 1.4468340414630632e-10, 5.8417651871423e-07, 2.945720043215881e-14, 0.9529262185096741, 1.4960978419673032e-12, 0.04698799178004265, 4.5110317866636516e-17], "malicious score": 0.04698799178004265}, "4": {"prediction": 6, "scores": [5.168988991499646e-06, 3.2565641264366285e-13, 1.2270058062560466e-18, 1.2983493447027428e-10, 1.0065913329526666e-06, 4.3233056295100686e-14, 0.9476029872894287, 1.5852113458697525e-12, 0.0523902028799057, 6.68153816300728e-17], "malicious score": 0.0523902028799057}}}, "ResNet50": {"clean acc": 92.70000114440919, "prediction": 6, "poisons predictions": [8, 8, 8, 8, 8], "scores": [1.3464337506523512e-36, 1.0670929539839148e-14, 4.978162151987178e-22, 3.7317033567043755e-21, 1.4806936945845064e-35, 5.750368378203319e-41, 0.9999160766601562, 1.1770456819411364e-34, 8.544940646970645e-05, 1.4610936620042857e-29], "malicious score": 8.544940646970645e-05, "camera": {"2": {"prediction": 6, "scores": [3.9544823823111806e-33, 7.0910077863443e-16, 1.086315457391864e-20, 4.220142606951947e-15, 1.431148117243315e-33, 3.941137917928905e-40, 0.9999637603759766, 4.901813279638862e-34, 3.722946348716505e-05, 7.747335831516995e-28], "malicious score": 3.722946348716505e-05}, "4": {"prediction": 6, "scores": [4.994261777733708e-34, 4.548042825119479e-17, 1.4689964314021007e-21, 2.8563194002265103e-15, 3.7280256731455716e-32, 1.2681751102139594e-42, 0.9999847412109375, 1.3309764375925745e-35, 1.4912485312379431e-05, 4.207865631582022e-28], "malicious score": 1.4912485312379431e-05}}}, "ResNeXt29_2x64d": {"clean acc": 92.93000183105468, "prediction": 6, "poisons predictions": [8, 8, 8, 8, 8], "scores": [1.9227411761597828e-29, 1.1149041522081574e-15, 6.768808054999666e-26, 2.885798822127583e-10, 1.6680776659629757e-40, 2.8053490065848613e-31, 0.9971012473106384, 9.023480605309796e-28, 0.0028992651496082544, 1.8073349624790246e-24], "malicious score": 0.0028992651496082544, "camera": {"2": {"prediction": 6, "scores": [1.0069172055534797e-22, 4.899657340007996e-14, 5.184619703960001e-19, 1.5696725313318893e-05, 7.577442375107624e-25, 9.811838711519286e-20, 0.999733030796051, 5.548901249866152e-23, 0.00025135462055914104, 1.392487589136465e-17], "malicious score": 0.00025135462055914104}, "4": {"prediction": 6, "scores": [1.993370097048078e-23, 1.7332360861214285e-14, 2.8852682736248434e-19, 1.1095406080130488e-05, 1.6134729866666399e-24, 1.8628122904330669e-19, 0.9998912811279297, 5.258784241335736e-24, 9.83621648629196e-05, 6.596595316776455e-17], "malicious score": 9.83621648629196e-05}}}, "GoogLeNet": {"clean acc": 91.9400016784668, "prediction": 6, "poisons predictions": [8, 6, 8, 8, 6], "scores": [2.8714298327308166e-14, 4.268226305725875e-08, 1.7101061677848861e-09, 2.5634171834099106e-06, 7.853928445100689e-12, 1.1586916315309281e-07, 0.9834173321723938, 2.6610084660205757e-06, 0.016577158123254776, 5.838901410981645e-13], "malicious score": 0.016577158123254776, "camera": {"2": {"prediction": 6, "scores": [2.112255899702764e-12, 8.747781521378784e-08, 2.1628750346280867e-08, 2.941424463642761e-05, 9.984663790207904e-11, 8.193079565899097e-07, 0.9916456341743469, 1.543274308346554e-08, 0.00832399632781744, 6.7407182266499e-12], "malicious score": 0.00832399632781744}, "4": {"prediction": 6, "scores": [1.9365091127876433e-11, 1.7231417359653278e-06, 1.2456852971354238e-07, 0.0001473483571317047, 6.311428601968316e-10, 1.3705735000257846e-06, 0.9621749520301819, 2.3357446821137273e-07, 0.03767428174614906, 7.51328096959547e-11], "malicious score": 0.03767428174614906}}},