{"args": "Namespace(device='cuda', dset_path='datasets', end2end=False, eval_poisons_root='attack-results-eps0.01/100-overlap/linear-transfer-learning/mean/800', gpu='1', lr_decay_epoch=[30, 45], model_resume_path='model-chks', num_per_class=50, poison_label=8, retrain_bsize=64, retrain_epochs=60, retrain_lr=0.1, retrain_momentum=0.9, retrain_opt='adam', retrain_wd=0, subset_group=0, target_camera=True, target_index_end=35, target_index_start=34, target_index_step=1, target_label=6, target_net=['DPN92', 'SENet18', 'ResNet50', 'ResNeXt29_2x64d', 'GoogLeNet', 'MobileNetV2', 'ResNet18', 'DenseNet121'], target_print_size=[2, 4], test_chk_name='ckpt-%s-4800.t7', train_data_path='datasets/CIFAR10_TRAIN_Split.pth')", "poison_label": 8, "target_label": 6, "targets": {"34": {}, "34": {"800": {"time": 428.0, "coeffs_time": 0, "poisons_time": 6, "target_loss": 0.023334160447120667, "total_loss": 0.5115667581558228, "coeff_list": [[0.20000000298023224, 0.20000000298023224, 0.20000000298023224, 0.20000000298023224, 0.20000000298023224], [0.20000000298023224, 0.20000000298023224, 0.20000000298023224, 0.20000000298023224, 0.20000000298023224], [0.20000000298023224, 0.20000000298023224, 0.20000000298023224, 0.20000000298023224, 0.20000000298023224], [0.20000000298023224, 0.20000000298023224, 0.20000000298023224, 0.20000000298023224, 0.20000000298023224], [0.20000000298023224, 0.20000000298023224, 0.20000000298023224, 0.20000000298023224, 0.20000000298023224], [0.20000000298023224, 0.20000000298023224, 0.20000000298023224, 0.20000000298023224, 0.20000000298023224], [0.20000000298023224, 0.20000000298023224, 0.20000000298023224, 0.20000000298023224, 0.20000000298023224], [0.20000000298023224, 0.20000000298023224, 0.20000000298023224, 0.20000000298023224, 0.20000000298023224], [0.20000000298023224, 0.20000000298023224, 0.20000000298023224, 0.20000000298023224, 0.20000000298023224], [0.20000000298023224, 0.20000000298023224, 0.20000000298023224, 0.20000000298023224, 0.20000000298023224], [0.20000000298023224, 0.20000000298023224, 0.20000000298023224, 0.20000000298023224, 0.20000000298023224], [0.20000000298023224, 0.20000000298023224, 0.20000000298023224, 0.20000000298023224, 0.20000000298023224], [0.20000000298023224, 0.20000000298023224, 0.20000000298023224, 0.20000000298023224, 0.20000000298023224], [0.20000000298023224, 0.20000000298023224, 0.20000000298023224, 0.20000000298023224, 0.20000000298023224], [0.20000000298023224, 0.20000000298023224, 0.20000000298023224, 0.20000000298023224, 0.20000000298023224], [0.20000000298023224, 0.20000000298023224, 0.20000000298023224, 0.20000000298023224, 0.20000000298023224], [0.20000000298023224, 0.20000000298023224, 0.20000000298023224, 0.20000000298023224, 0.20000000298023224], [0.20000000298023224, 0.20000000298023224, 0.20000000298023224, 0.20000000298023224, 0.20000000298023224]], "coeff_list_in_victim": [[0.16381852328777313, 0.0, 0.052207671105861664, 0.7839738130569458, 0.0]], "victims": {"DPN92": {"clean acc": 92.72000122070312, "prediction": 6, "poisons predictions": [8, 8, 8, 8, 8], "scores": [2.7242772101423214e-26, 3.05163070904832e-24, 3.027064203417198e-38, 5.837398164669494e-13, 1.1188938456880473e-27, 1.9362066820164016e-18, 1.0, 8.80265299640387e-29, 1.7324060763712623e-07, 0.0], "malicious score": 1.7324060763712623e-07, "camera": {"2": {"prediction": 6, "scores": [5.608879517766628e-28, 3.136255375206401e-35, 0.0, 1.1430577532792716e-19, 2.6572936012875734e-34, 3.190858553036422e-22, 1.0, 1.3436966896502811e-39, 2.1874299246937845e-13, 0.0], "malicious score": 2.1874299246937845e-13}, "4": {"prediction": 6, "scores": [1.3019946957843328e-29, 3.187867282779599e-36, 0.0, 5.132957007892008e-21, 1.806429693777871e-34, 2.3918753317784125e-23, 1.0, 4.204394255227751e-38, 1.3076746716716992e-13, 0.0], "malicious score": 1.3076746716716992e-13}}}, "SENet18": {"clean acc": 91.29000091552734, "prediction": 6, "poisons predictions": [8, 8, 8, 8, 8], "scores": [4.901992772204913e-22, 4.842026309658913e-19, 4.062142163168813e-15, 4.2710819147910584e-13, 5.746322515043367e-11, 2.6752520893556266e-14, 0.9999942779541016, 1.0293448115755187e-16, 5.203665750741493e-06, 1.3645571040541991e-21], "malicious score": 5.203665750741493e-06, "camera": {"2": {"prediction": 6, "scores": [3.594032998965679e-28, 9.848652489694122e-22, 1.176859806425687e-22, 3.64526419115176e-18, 2.5203602226075983e-12, 2.1145684528558526e-17, 1.0, 1.2246885062181094e-22, 3.0144102769469328e-09, 1.600953468277943e-24], "malicious score": 3.0144102769469328e-09}, "4": {"prediction": 6, "scores": [6.411666194562342e-24, 3.010061458349024e-20, 2.0331640371313453e-18, 5.0125305788668514e-14, 6.21259543809316e-10, 3.5045620919160747e-13, 0.9999980926513672, 3.509961599196911e-20, 2.4967603167169727e-06, 3.2975047825066406e-20], "malicious score": 2.4967603167169727e-06}}}, "ResNet50": {"clean acc": 92.89000244140625, "prediction": 6, "poisons predictions": [8, 8, 8, 8, 8], "scores": [0.0, 1.026031936375709e-24, 5.927860204811015e-37, 1.161146052365981e-28, 4.203895392974451e-45, 1.8842064777014093e-30, 1.0, 2.332615654451753e-12, 1.336149892949834e-07, 1.9818997255202825e-29], "malicious score": 1.336149892949834e-07, "camera": {"2": {"prediction": 6, "scores": [0.0, 6.83622423121937e-26, 3.5234320476957537e-34, 1.9574782144229097e-31, 1.1789684499750416e-40, 5.384755198278396e-28, 1.0, 5.699580477317005e-19, 3.668102713932919e-12, 4.23708228976493e-29], "malicious score": 3.668102713932919e-12}, "4": {"prediction": 6, "scores": [0.0, 1.5999355024443231e-22, 2.935584450169561e-33, 2.818256861786834e-28, 3.2987973874903147e-37, 4.6748979616025905e-27, 1.0, 3.576286266909409e-14, 4.398977182518138e-09, 5.301421877440092e-25], "malicious score": 4.398977182518138e-09}}}, "ResNeXt29_2x64d": {"clean acc": 93.15000076293946, "prediction": 3, "poisons predictions": [8, 8, 8, 8, 8], "scores": [5.946013298228191e-18, 1.4078244703341625e-06, 8.301516345454729e-07, 0.7509673237800598, 3.7131146918746e-29, 1.1003845136040325e-18, 0.24902676045894623, 3.6789465411857236e-06, 1.901072181620389e-11, 2.0704914721714745e-17], "malicious score": 1.901072181620389e-11, "camera": {"2": {"prediction": 6, "scores": [2.0864810497481946e-27, 6.214040377096677e-14, 2.1692793300055226e-15, 9.76443037536967e-10, 2.503985831095873e-39, 4.655136674835764e-23, 1.0, 1.1614735604076688e-21, 1.326961652538261e-12, 1.5470718001055754e-21], "malicious score": 1.326961652538261e-12}, "4": {"prediction": 6, "scores": [2.6242154181925815e-24, 8.237834893398688e-12, 1.1223467766057968e-14, 2.6725063051458164e-08, 1.2791059493868164e-32, 3.727014451090376e-18, 1.0, 6.8775017996144615e-18, 7.743888090772089e-07, 1.5597092637173275e-16], "malicious score": 7.743888090772089e-07}}}, "GoogLeNet": {"clean acc": 91.6200023651123, "prediction": 6, "poisons predictions": [8, 8, 8, 8, 8], "scores": [5.1136087363765095e-21, 3.3128057588815985e-12, 4.652005169969442e-11, 7.514847077949582e-10, 1.4569567556770924e-16, 1.4307752760345238e-09, 0.9999561309814453, 1.5451739443506085e-08, 4.351033931015991e-05, 4.82746270849257e-24], "malicious score": 4.351033931015991e-05, "camera": {"2": {"prediction": 6, "scores": [3.280806397008153e-19, 1.1819812706717614e-12, 1.858850963779024e-12, 3.9799230577841627e-10, 1.788033188578151e-14, 5.08084463390901e-10, 0.9999942779541016, 9.035932267177638e-13, 5.9359758779464755e-06, 1.7630056733279898e-23], "malicious score": 5.9359758779464755e-06}, "4": {"prediction": 6, "scores": [2.269222772390197e-18, 4.859432422969247e-14, 1.0844541931120943e-09, 2.2736621474450658e-08, 1.212027657057635e-12, 8.750021720516088e-07, 0.9999904632568359, 9.666901068690337e-14, 8.658557817398105e-06, 1.0106520641518566e-18], "malicious score": 8.658557817398105e-06}}}, "MobileNetV2": {"clean acc": 86.80000190734863, "prediction": 8, "poisons predictions": [8, 8, 8, 6, 8],