{"args": "Namespace(device='cuda', dset_path='datasets', end2end=False, eval_poisons_root='attack-results-10poisons/100-overlap/linear-transfer-learning/mean/800', gpu='1', lr_decay_epoch=[30, 45], model_resume_path='model-chks', num_per_class=50, poison_label=8, retrain_bsize=64, retrain_epochs=60, retrain_lr=0.1, retrain_momentum=0.9, retrain_opt='adam', retrain_wd=0, subset_group=0, target_camera=True, target_index_end=15, target_index_start=14, target_index_step=1, target_label=6, target_net=['DPN92', 'SENet18', 'ResNet50', 'ResNeXt29_2x64d', 'GoogLeNet', 'MobileNetV2', 'ResNet18', 'DenseNet121'], target_print_size=[2, 4], test_chk_name='ckpt-%s-4800.t7', train_data_path='datasets/CIFAR10_TRAIN_Split.pth')", "poison_label": 8, "target_label": 6, "targets": {"14": {}, "14": {"800": {"time": 391.0, "coeffs_time": 0, "poisons_time": 4, "target_loss": 0.01667262241244316, "total_loss": 0.08547981083393097, "coeff_list": [[0.10000000149011612, 0.10000000149011612, 0.10000000149011612, 0.10000000149011612, 0.10000000149011612, 0.10000000149011612, 0.10000000149011612, 0.10000000149011612, 0.10000000149011612, 0.10000000149011612], [0.10000000149011612, 0.10000000149011612, 0.10000000149011612, 0.10000000149011612, 0.10000000149011612, 0.10000000149011612, 0.10000000149011612, 0.10000000149011612, 0.10000000149011612, 0.10000000149011612], [0.10000000149011612, 0.10000000149011612, 0.10000000149011612, 0.10000000149011612, 0.10000000149011612, 0.10000000149011612, 0.10000000149011612, 0.10000000149011612, 0.10000000149011612, 0.10000000149011612], [0.10000000149011612, 0.10000000149011612, 0.10000000149011612, 0.10000000149011612, 0.10000000149011612, 0.10000000149011612, 0.10000000149011612, 0.10000000149011612, 0.10000000149011612, 0.10000000149011612], [0.10000000149011612, 0.10000000149011612, 0.10000000149011612, 0.10000000149011612, 0.10000000149011612, 0.10000000149011612, 0.10000000149011612, 0.10000000149011612, 0.10000000149011612, 0.10000000149011612], [0.10000000149011612, 0.10000000149011612, 0.10000000149011612, 0.10000000149011612, 0.10000000149011612, 0.10000000149011612, 0.10000000149011612, 0.10000000149011612, 0.10000000149011612, 0.10000000149011612], [0.10000000149011612, 0.10000000149011612, 0.10000000149011612, 0.10000000149011612, 0.10000000149011612, 0.10000000149011612, 0.10000000149011612, 0.10000000149011612, 0.10000000149011612, 0.10000000149011612], [0.10000000149011612, 0.10000000149011612, 0.10000000149011612, 0.10000000149011612, 0.10000000149011612, 0.10000000149011612, 0.10000000149011612, 0.10000000149011612, 0.10000000149011612, 0.10000000149011612], [0.10000000149011612, 0.10000000149011612, 0.10000000149011612, 0.10000000149011612, 0.10000000149011612, 0.10000000149011612, 0.10000000149011612, 0.10000000149011612, 0.10000000149011612, 0.10000000149011612], [0.10000000149011612, 0.10000000149011612, 0.10000000149011612, 0.10000000149011612, 0.10000000149011612, 0.10000000149011612, 0.10000000149011612, 0.10000000149011612, 0.10000000149011612, 0.10000000149011612], [0.10000000149011612, 0.10000000149011612, 0.10000000149011612, 0.10000000149011612, 0.10000000149011612, 0.10000000149011612, 0.10000000149011612, 0.10000000149011612, 0.10000000149011612, 0.10000000149011612], [0.10000000149011612, 0.10000000149011612, 0.10000000149011612, 0.10000000149011612, 0.10000000149011612, 0.10000000149011612, 0.10000000149011612, 0.10000000149011612, 0.10000000149011612, 0.10000000149011612], [0.10000000149011612, 0.10000000149011612, 0.10000000149011612, 0.10000000149011612, 0.10000000149011612, 0.10000000149011612, 0.10000000149011612, 0.10000000149011612, 0.10000000149011612, 0.10000000149011612], [0.10000000149011612, 0.10000000149011612, 0.10000000149011612, 0.10000000149011612, 0.10000000149011612, 0.10000000149011612, 0.10000000149011612, 0.10000000149011612, 0.10000000149011612, 0.10000000149011612], [0.10000000149011612, 0.10000000149011612, 0.10000000149011612, 0.10000000149011612, 0.10000000149011612, 0.10000000149011612, 0.10000000149011612, 0.10000000149011612, 0.10000000149011612, 0.10000000149011612], [0.10000000149011612, 0.10000000149011612, 0.10000000149011612, 0.10000000149011612, 0.10000000149011612, 0.10000000149011612, 0.10000000149011612, 0.10000000149011612, 0.10000000149011612, 0.10000000149011612], [0.10000000149011612, 0.10000000149011612, 0.10000000149011612, 0.10000000149011612, 0.10000000149011612, 0.10000000149011612, 0.10000000149011612, 0.10000000149011612, 0.10000000149011612, 0.10000000149011612], [0.10000000149011612, 0.10000000149011612, 0.10000000149011612, 0.10000000149011612, 0.10000000149011612, 0.10000000149011612, 0.10000000149011612, 0.10000000149011612, 0.10000000149011612, 0.10000000149011612]], "coeff_list_in_victim": [[0.0, 0.0, 0.0, 0.5209416747093201, 0.0, 0.0, 0.0, 0.0, 0.0, 0.47905832529067993]], "victims": {"DPN92": {"clean acc": 92.7300018310547, "prediction": 8, "poisons predictions": [8, 8, 8, 8, 8, 6, 8, 8, 8, 8], "scores": [1.0521641371525129e-24, 0.0, 6.03401703602735e-11, 2.2627966700383695e-06, 3.1543159539892872e-18, 0.006132431793957949, 0.00022340811847243458, 2.307096624205634e-32, 0.9936421513557434, 0.0], "malicious score": 0.9936421513557434, "camera": {"2": {"prediction": 5, "scores": [6.955423771781588e-30, 0.0, 1.2591122589000747e-09, 0.0023991691414266825, 3.9120338678080213e-19, 0.997378945350647, 9.515249257674441e-05, 1.8229961285185514e-33, 0.00012580136535689235, 2.0935399057012767e-42], "malicious score": 0.00012580136535689235}, "4": {"prediction": 8, "scores": [9.195335684692102e-23, 0.0, 9.264957507790217e-13, 7.817235746188089e-05, 2.068287987096725e-18, 0.07071554660797119, 0.27765926718711853, 5.1959332950414045e-31, 0.6515470147132874, 8.96831017167883e-44], "malicious score": 0.6515470147132874}}}, "SENet18": {"clean acc": 90.67000160217285, "prediction": 8, "poisons predictions": [8, 8, 5, 8, 8, 8, 6, 8, 8, 8], "scores": [9.73300662288068e-10, 6.404781141381833e-29, 6.766600202655652e-15, 4.826555474735095e-11, 4.1896628388826684e-09, 5.0025459330527156e-08, 0.00622187927365303, 4.2269545717371054e-24, 0.9937785863876343, 7.051675324394602e-13], "malicious score": 0.9937785863876343, "camera": {"2": {"prediction": 8, "scores": [6.177002243512705e-19, 3.2229864679470793e-44, 6.404817268993585e-14, 1.213722725839153e-13, 8.191035523463785e-12, 1.1662251608868246e-06, 5.358803900890052e-05, 4.647194946957579e-35, 0.9999446868896484, 4.9480531418435875e-17], "malicious score": 0.9999446868896484}, "4": {"prediction": 8, "scores": [6.251626859462059e-19, 1.1951674602226365e-41, 7.647848283484637e-14, 8.939232817514742e-13, 5.130868993563631e-11, 3.072457911912352e-05, 0.0001365719799650833, 1.3786022340646126e-33, 0.9998321533203125, 4.495112795036742e-15], "malicious score": 0.9998321533203125}}}, "ResNet50": {"clean acc": 93.0200008392334, "prediction": 8, "poisons predictions": [8, 8, 8, 8, 8, 8, 8, 8, 8, 8], "scores": [2.830002444071821e-26, 6.957598567311901e-23, 8.741140561923645e-31, 2.7349520924732758e-17, 1.4338691725150833e-26, 1.9046476191655983e-33, 1.0723701052484103e-05, 6.760712296004125e-24, 0.9999895095825195, 2.2085979112027975e-16], "malicious score": 0.9999895095825195, "camera": {"2": {"prediction": 8, "scores": [6.78564503377454e-24, 2.063779852758311e-18, 1.751557976306912e-21, 7.047003952598274e-11, 5.387725134015921e-24, 1.9139991674910206e-11, 1.24436917303683e-06, 1.2614968586076395e-24, 0.9999990463256836, 4.069640984314754e-19], "malicious score": 0.9999990463256836}, "4": {"prediction": 8, "scores": [4.729357020416842e-26, 1.8394873158109773e-20, 1.3638473209327002e-24, 6.108842273179482e-13, 2.072820043466667e-27, 1.4229933277034153e-18, 0.00011158081906614825, 6.518920709312322e-25, 0.9998884201049805, 6.424606481418236e-20], "malicious score": 0.9998884201049805}}}, "ResNeXt29_2x64d": {"clean acc": 92.70000114440919, "prediction": 8, "poisons predictions": [8, 8, 8, 8, 8, 8, 8, 6, 8, 8],