{"args": "Namespace(device='cuda', dset_path='datasets', end2end=False, eval_poisons_root='attack-results-eps0.20/100-overlap/linear-transfer-learning/mean/800', gpu='1', lr_decay_epoch=[30, 45], model_resume_path='model-chks', num_per_class=50, poison_label=8, retrain_bsize=64, retrain_epochs=60, retrain_lr=0.1, retrain_momentum=0.9, retrain_opt='adam', retrain_wd=0, subset_group=0, target_camera=True, target_index_end=46, target_index_start=45, target_index_step=1, target_label=6, target_net=['DPN92', 'SENet18', 'ResNet50', 'ResNeXt29_2x64d', 'GoogLeNet', 'MobileNetV2', 'ResNet18', 'DenseNet121'], target_print_size=[2, 4], test_chk_name='ckpt-%s-4800.t7', train_data_path='datasets/CIFAR10_TRAIN_Split.pth')", "poison_label": 8, "target_label": 6, "targets": {"45": {}, "45": {"800": {"time": 336.0, "coeffs_time": 0, "poisons_time": 4, "target_loss": 0.01643839105963707, "total_loss": 0.07320857048034668, "coeff_list": [[0.20000000298023224, 0.20000000298023224, 0.20000000298023224, 0.20000000298023224, 0.20000000298023224], [0.20000000298023224, 0.20000000298023224, 0.20000000298023224, 0.20000000298023224, 0.20000000298023224], [0.20000000298023224, 0.20000000298023224, 0.20000000298023224, 0.20000000298023224, 0.20000000298023224], [0.20000000298023224, 0.20000000298023224, 0.20000000298023224, 0.20000000298023224, 0.20000000298023224], [0.20000000298023224, 0.20000000298023224, 0.20000000298023224, 0.20000000298023224, 0.20000000298023224], [0.20000000298023224, 0.20000000298023224, 0.20000000298023224, 0.20000000298023224, 0.20000000298023224], [0.20000000298023224, 0.20000000298023224, 0.20000000298023224, 0.20000000298023224, 0.20000000298023224], [0.20000000298023224, 0.20000000298023224, 0.20000000298023224, 0.20000000298023224, 0.20000000298023224], [0.20000000298023224, 0.20000000298023224, 0.20000000298023224, 0.20000000298023224, 0.20000000298023224], [0.20000000298023224, 0.20000000298023224, 0.20000000298023224, 0.20000000298023224, 0.20000000298023224], [0.20000000298023224, 0.20000000298023224, 0.20000000298023224, 0.20000000298023224, 0.20000000298023224], [0.20000000298023224, 0.20000000298023224, 0.20000000298023224, 0.20000000298023224, 0.20000000298023224], [0.20000000298023224, 0.20000000298023224, 0.20000000298023224, 0.20000000298023224, 0.20000000298023224], [0.20000000298023224, 0.20000000298023224, 0.20000000298023224, 0.20000000298023224, 0.20000000298023224], [0.20000000298023224, 0.20000000298023224, 0.20000000298023224, 0.20000000298023224, 0.20000000298023224], [0.20000000298023224, 0.20000000298023224, 0.20000000298023224, 0.20000000298023224, 0.20000000298023224], [0.20000000298023224, 0.20000000298023224, 0.20000000298023224, 0.20000000298023224, 0.20000000298023224], [0.20000000298023224, 0.20000000298023224, 0.20000000298023224, 0.20000000298023224, 0.20000000298023224]], "coeff_list_in_victim": [[0.3787309527397156, 0.0, 0.5336373448371887, 0.08763168752193451, 0.0]], "victims": {"DPN92": {"clean acc": 92.20000190734864, "prediction": 6, "poisons predictions": [8, 8, 6, 6, 8], "scores": [1.644405279253367e-16, 3.6027605483467796e-37, 4.516973495873902e-39, 5.001323507117553e-16, 1.5880621283134387e-27, 4.596940133938203e-22, 0.9998512268066406, 0.0, 0.0001494632160756737, 0.0], "malicious score": 0.0001494632160756737, "camera": {}}, "SENet18": {"clean acc": 91.03000183105469, "prediction": 6, "poisons predictions": [8, 8, 8, 6, 8], "scores": [6.392518892700538e-13, 2.1692154739128e-09, 3.6355469365366303e-16, 1.9255737629397807e-11, 4.658656689571217e-05, 1.3133825005955612e-15, 0.9999446868896484, 3.543865664553928e-20, 8.463784070045222e-06, 2.4556949250586386e-17], "malicious score": 8.463784070045222e-06, "camera": {}}, "ResNet50": {"clean acc": 92.46000213623047, "prediction": 6, "poisons predictions": [8, 8, 8, 8, 8], "scores": [5.748251922641838e-26, 1.2529808564125649e-14, 1.0729940093548737e-24, 7.24267869896248e-24, 9.906869839244517e-37, 2.2604202414599764e-32, 0.9757010340690613, 4.8376703960428066e-26, 0.024298133328557014, 4.5272088904857303e-29], "malicious score": 0.024298133328557014, "camera": {}}, "ResNeXt29_2x64d": {"clean acc": 92.88000221252442, "prediction": 6, "poisons predictions": [8, 8, 8, 8, 8], "scores": [8.060372662910463e-30, 4.730052396867451e-22, 2.2878820541542268e-20, 7.916346744796243e-11, 0.0, 3.8390941471757327e-25, 0.9998359680175781, 1.1242307223642047e-24, 0.00016273758956231177, 1.2365009503350483e-27], "malicious score": 0.00016273758956231177, "camera": {}}, "GoogLeNet": {"clean acc": 91.79000091552734, "prediction": 6, "poisons predictions": [8, 8, 8, 8, 8], "scores": [6.584817868922344e-13, 1.4912732160254905e-10, 1.0855816299226717e-06, 0.0009338048985227942, 1.535098003574431e-12, 0.00018259880016557872, 0.8622528314590454, 6.603864477483512e-08, 0.13662970066070557, 5.513157988572541e-16], "malicious score": 0.13662970066070557, "camera": {}}, "MobileNetV2": {"clean acc": 86.96000099182129, "prediction": 6, "poisons predictions": [8, 8, 6, 8, 6], "scores": [4.9855752799797884e-14, 2.4037698964141926e-20, 2.3980668254104665e-14, 3.851563178614015e-06, 2.1918596716254094e-18, 2.2218712318149052e-18, 0.9999465942382812, 2.5348304509719353e-29, 5.030454485677183e-05, 6.1478152362977295e-31], "malicious score": 5.030454485677183e-05, "camera": {}}, "ResNet18": {"clean acc": 92.51000061035157, "prediction": 6, "poisons predictions": [8, 8, 8, 8, 8], "scores": [9.483636972576793e-17, 2.4255572550480053e-10, 3.2190046526762994e-13, 9.39097208174644e-06, 6.614065798959489e-22, 8.896285486059696e-09, 0.9995547533035278, 6.387502983815465e-15, 0.0004361790488474071, 6.998793257387067e-19], "malicious score": 0.0004361790488474071, "camera": {}}, "DenseNet121": {"clean acc": 93.05000190734863, "prediction": 6, "poisons predictions": [8, 8, 8, 8, 8], "scores": [3.275342497222056e-11, 1.694003270991118e-10, 1.4875971288130785e-10, 1.9880913896486163e-05, 3.9682387154016396e-08, 5.04766774156451e-07, 0.8511408567428589, 1.4037863869425965e-21, 0.1488385796546936, 3.0142561623786035e-12], "malicious score": 0.1488385796546936, "camera": {}}}}}}, "poison_idx_list": [213, 225, 227, 247, 249]}