{"args": "Namespace(device='cuda', dset_path='datasets', end2end=False, eval_poisons_root='attack-results-eps0.30/100-overlap/linear-transfer-learning/mean/800', gpu='0', lr_decay_epoch=[30, 45], model_resume_path='model-chks', num_per_class=50, poison_label=8, retrain_bsize=64, retrain_epochs=60, retrain_lr=0.1, retrain_momentum=0.9, retrain_opt='adam', retrain_wd=0, subset_group=0, target_camera=True, target_index_end=37, target_index_start=36, target_index_step=1, target_label=6, target_net=['DPN92', 'SENet18', 'ResNet50', 'ResNeXt29_2x64d', 'GoogLeNet', 'MobileNetV2', 'ResNet18', 'DenseNet121'], target_print_size=[2, 4], test_chk_name='ckpt-%s-4800.t7', train_data_path='datasets/CIFAR10_TRAIN_Split.pth')", "poison_label": 8, "target_label": 6, "targets": {"36": {}, "36": {"800": {"time": 454.0, "coeffs_time": 0, "poisons_time": 7, "target_loss": 0.00652912026271224, "total_loss": 0.0755714476108551, "coeff_list": [[0.20000000298023224, 0.20000000298023224, 0.20000000298023224, 0.20000000298023224, 0.20000000298023224], [0.20000000298023224, 0.20000000298023224, 0.20000000298023224, 0.20000000298023224, 0.20000000298023224], [0.20000000298023224, 0.20000000298023224, 0.20000000298023224, 0.20000000298023224, 0.20000000298023224], [0.20000000298023224, 0.20000000298023224, 0.20000000298023224, 0.20000000298023224, 0.20000000298023224], [0.20000000298023224, 0.20000000298023224, 0.20000000298023224, 0.20000000298023224, 0.20000000298023224], [0.20000000298023224, 0.20000000298023224, 0.20000000298023224, 0.20000000298023224, 0.20000000298023224], [0.20000000298023224, 0.20000000298023224, 0.20000000298023224, 0.20000000298023224, 0.20000000298023224], [0.20000000298023224, 0.20000000298023224, 0.20000000298023224, 0.20000000298023224, 0.20000000298023224], [0.20000000298023224, 0.20000000298023224, 0.20000000298023224, 0.20000000298023224, 0.20000000298023224], [0.20000000298023224, 0.20000000298023224, 0.20000000298023224, 0.20000000298023224, 0.20000000298023224], [0.20000000298023224, 0.20000000298023224, 0.20000000298023224, 0.20000000298023224, 0.20000000298023224], [0.20000000298023224, 0.20000000298023224, 0.20000000298023224, 0.20000000298023224, 0.20000000298023224], [0.20000000298023224, 0.20000000298023224, 0.20000000298023224, 0.20000000298023224, 0.20000000298023224], [0.20000000298023224, 0.20000000298023224, 0.20000000298023224, 0.20000000298023224, 0.20000000298023224], [0.20000000298023224, 0.20000000298023224, 0.20000000298023224, 0.20000000298023224, 0.20000000298023224], [0.20000000298023224, 0.20000000298023224, 0.20000000298023224, 0.20000000298023224, 0.20000000298023224], [0.20000000298023224, 0.20000000298023224, 0.20000000298023224, 0.20000000298023224, 0.20000000298023224], [0.20000000298023224, 0.20000000298023224, 0.20000000298023224, 0.20000000298023224, 0.20000000298023224]], "coeff_list_in_victim": [[0.0, 0.09720738977193832, 0.9027925729751587, 0.0, 0.0]], "victims": {"DPN92": {"clean acc": 92.22000198364258, "prediction": 8, "poisons predictions": [8, 8, 6, 8, 8], "scores": [2.941126244729742e-15, 3.8541014997506284e-12, 5.950749592383303e-35, 1.782408991452336e-13, 2.0841650708418203e-28, 6.029213586722371e-13, 0.0016898398753255606, 0.0, 0.9983115196228027, 0.0], "malicious score": 0.9983115196228027, "camera": {"2": {"prediction": 3, "scores": [2.5407525162797395e-31, 9.271172985587705e-22, 2.72715721533201e-11, 0.9130877256393433, 1.282502637423022e-08, 0.08691278845071793, 7.911757360368199e-11, 1.4583915676568031e-39, 2.346353777937793e-09, 5.133172321413841e-36], "malicious score": 2.346353777937793e-09}, "4": {"prediction": 3, "scores": [5.848410712572669e-31, 3.046386756180863e-23, 6.962270170107754e-12, 0.99993896484375, 5.293044296195148e-07, 5.881858669454232e-05, 3.4475579942933043e-13, 2.0234716193687215e-38, 9.247611704177316e-11, 4.151061140598094e-35], "malicious score": 9.247611704177316e-11}}}, "SENet18": {"clean acc": 90.88000106811523, "prediction": 8, "poisons predictions": [8, 8, 6, 8, 8], "scores": [2.663224052098026e-16, 1.0153337351925199e-14, 1.766653309365844e-17, 9.585241045328985e-09, 0.00032234584796242416, 5.063983087028046e-13, 0.03969711810350418, 1.1914661980328589e-18, 0.9599807262420654, 6.973954574555748e-19], "malicious score": 0.9599807262420654, "camera": {"2": {"prediction": 8, "scores": [2.1858456097454028e-20, 9.584304024951812e-25, 6.78439249224283e-12, 0.02611539512872696, 0.006671283394098282, 0.0006017517298460007, 1.2066747331118677e-05, 2.867794642581706e-22, 0.9665987491607666, 3.423059090953279e-13], "malicious score": 0.9665987491607666}, "4": {"prediction": 3, "scores": [2.267271312365207e-22, 3.798675634286772e-29, 5.6574146409249515e-12, 0.8785735964775085, 0.0010081750806421041, 0.00040169304702430964, 4.915233220437187e-10, 1.8901154620749756e-24, 0.1200161874294281, 5.6361991591610035e-15], "malicious score": 0.1200161874294281}}}, "ResNet50": {"clean acc": 93.64000205993652, "prediction": 8, "poisons predictions": [8, 8, 8, 8, 8], "scores": [0.0, 5.663336029538527e-29, 1.6302408878502729e-22, 7.318912257842665e-18, 2.4741069236643893e-31, 1.108796887523218e-22, 0.0009707969729788601, 2.1791645764950498e-31, 0.9990296363830566, 1.877739942195255e-43], "malicious score": 0.9990296363830566, "camera": {"2": {"prediction": 3, "scores": [0.0, 1.1208116220998254e-35, 1.0974213221185329e-32, 1.0, 6.2654023386270624e-34, 2.626701909668006e-37, 1.6275805607335278e-38, 1.0028620927642177e-36, 1.897931587507501e-18, 0.0], "malicious score": 1.897931587507501e-18}, "4": {"prediction": 3, "scores": [0.0, 6.461118730215967e-38, 1.2231935605899543e-31, 1.0, 3.873889358205492e-31, 8.407790785948902e-45, 0.0, 1.344153793209344e-38, 2.2687600694260236e-29, 0.0], "malicious score": 2.2687600694260236e-29}}}, "ResNeXt29_2x64d": {"clean acc": 93.13000183105468, "prediction": 6, "poisons predictions": [8, 8, 8, 8, 8], "scores": [2.511520349398168e-20, 2.0704782844164283e-22, 1.3064925530326121e-10, 0.03193572908639908, 5.440382915385631e-19, 2.6387188807141908e-14, 0.8081543445587158, 1.7913858342284168e-21, 0.15990953147411346, 1.4747146849492486e-14], "malicious score": 0.15990953147411346, "camera": {"2": {"prediction": 3, "scores": [1.8640136410258294e-19, 2.65122112604092e-32, 0.000412172608776018, 0.9422838687896729, 5.589147988871446e-08, 0.014444652013480663, 0.04247978702187538, 2.8210987036302766e-19, 0.00037961560883559287, 2.333490067840671e-10], "malicious score": 0.00037961560883559287}, "4": {"prediction": 3, "scores": [9.111195730054131e-21, 3.0476018067987287e-34, 1.2380422020896731e-08, 0.9999513626098633, 3.6253190046409145e-05, 2.3411359961755807e-06, 9.831128409132361e-06, 5.315483618898496e-22, 7.884247565925762e-08, 5.8940588581947884e-15], "malicious score": 7.884247565925762e-08}}}, "GoogLeNet": {"clean acc": 92.30000190734863, "prediction": 6, "poisons predictions": [8, 8, 8, 8, 8], "scores": [3.495541326553088e-14, 9.414751200864657e-10, 3.2279261485967936e-09, 0.00016167748253792524, 2.591298766674299e-07, 5.466003131004982e-05, 0.9889115691184998, 9.883295570833894e-11, 0.010872291401028633, 5.901788086015713e-11], "malicious score": 0.010872291401028633, "camera": {"2": {"prediction": 5, "scores": [1.8893969437497153e-14, 1.4652226914407818e-12, 0.0001482201914768666, 0.040527161210775375, 0.0012963429326191545, 0.7028565406799316, 0.005336115602403879, 5.4601878574089824e-11, 0.2498355507850647, 9.826933045076203e-09], "malicious score": 0.2498355507850647}, "4": {"prediction": 5, "scores": [4.001942261058029e-15, 6.953344963613745e-14, 0.0012344359420239925, 0.05257720127701759, 0.00027879312983714044, 0.9019788503646851, 9.499354928266257e-05, 3.363247180754314e-13, 0.04383605718612671, 3.6794460811506724e-09], "malicious score": 0.04383605718612671}}}, "MobileNetV2": {"clean acc": 86.87000122070313, "prediction": 6, "poisons predictions": [8, 8, 8, 8, 8],