{"args": "Namespace(device='cuda', dset_path='datasets', end2end=False, eval_poisons_root='attack-results-10poisons/100-overlap/linear-transfer-learning/convex/800', gpu='1', lr_decay_epoch=[30, 45], model_resume_path='model-chks', num_per_class=50, poison_label=8, retrain_bsize=64, retrain_epochs=60, retrain_lr=0.1, retrain_momentum=0.9, retrain_opt='adam', retrain_wd=0, subset_group=0, target_camera=True, target_index_end=8, target_index_start=7, target_index_step=1, target_label=6, target_net=['DPN92', 'SENet18', 'ResNet50', 'ResNeXt29_2x64d', 'GoogLeNet', 'MobileNetV2', 'ResNet18', 'DenseNet121'], target_print_size=[2, 4], test_chk_name='ckpt-%s-4800.t7', train_data_path='datasets/CIFAR10_TRAIN_Split.pth')", "poison_label": 8, "target_label": 6, "targets": {"7": {}, "7": {"800": {"time": 25911.0, "coeffs_time": 23852, "poisons_time": 25515, "target_loss": 0.013051897287368774, "total_loss": 0.0014053912600502372, "coeff_list": [[0.4133921265602112, 0.0, 0.07152711600065231, 0.03390461206436157, 0.270313560962677, 0.07657063752412796, 0.07008275389671326, 0.010977032594382763, 0.053232140839099884, 0.0], [0.024162104353308678, 0.10805416852235794, 0.077006496489048, 0.25554150342941284, 0.0, 0.05639250949025154, 0.0, 0.2585388720035553, 0.0, 0.22030435502529144], [0.05353420972824097, 0.18816640973091125, 0.35517460107803345, 0.06323564052581787, 0.03585270047187805, 0.09423507750034332, 0.2029624581336975, 0.0, 0.0, 0.006838829722255468], [0.02959921583533287, 0.49002185463905334, 0.09925791621208191, 0.006167356390506029, 0.10631284862756729, 0.08060263097286224, 0.03800986707210541, 0.08411017060279846, 0.021183408796787262, 0.04473470151424408], [0.027821240946650505, 0.18101198971271515, 0.14153771102428436, 0.0943596363067627, 0.20908185839653015, 0.09207624942064285, 0.04700018838047981, 0.1111331582069397, 0.07867670804262161, 0.017301328480243683], [0.0, 0.31752607226371765, 0.12561865150928497, 0.047431182116270065, 0.06991724669933319, 0.07123486697673798, 0.11537494510412216, 0.2010042816400528, 0.04385377839207649, 0.008039004169404507], [0.012774381786584854, 0.004321228712797165, 0.10234946012496948, 0.0600590743124485, 0.01714680716395378, 0.35940805077552795, 0.2931625545024872, 0.038086190819740295, 0.10477032512426376, 0.007921844720840454], [0.06852126866579056, 0.1582544595003128, 0.06512603163719177, 0.13990631699562073, 0.075465127825737, 0.1011817455291748, 0.1975041925907135, 0.0, 0.0692380741238594, 0.12480278313159943], [0.0, 0.23987480998039246, 0.27141261100769043, 0.08320719003677368, 0.10204853117465973, 0.252800315618515, 0.050656482577323914, 0.0, 0.0, 0.0], [0.025523032993078232, 0.14146465063095093, 0.3317977786064148, 0.15251487493515015, 0.0, 0.15198254585266113, 0.013468144461512566, 0.0, 0.180476576089859, 0.0027724457904696465], [0.0, 0.03799622878432274, 0.20553219318389893, 0.17225326597690582, 0.3080374598503113, 0.09140466898679733, 0.007589059881865978, 0.14132806658744812, 0.035859204828739166, 0.0], [0.017923494800925255, 0.0, 0.33931416273117065, 0.04390910640358925, 0.12299245595932007, 0.06942980736494064, 0.21269124746322632, 0.0, 0.19373974204063416, 0.0], [0.0356333926320076, 0.15300653874874115, 0.27895602583885193, 0.10593221336603165, 0.002368249697610736, 0.09288433194160461, 0.22909151017665863, 0.0709758773446083, 0.0, 0.031151818111538887], [0.1638040691614151, 0.04351013898849487, 0.07515807449817657, 0.06410225480794907, 0.09125719964504242, 0.05723698064684868, 0.26950663328170776, 0.07212122529745102, 0.16330336034297943, 0.0], [0.011325415223836899, 0.24433749914169312, 0.35672250390052795, 0.04412364959716797, 0.04675665125250816, 0.21801358461380005, 0.06849543005228043, 0.010225293226540089, 0.0, 0.0], [0.0, 0.052590880542993546, 0.2770301401615143, 0.033497005701065063, 0.2546062469482422, 0.10659606009721756, 0.20532935857772827, 0.0, 0.07035032659769058, 0.0], [0.0, 0.08137167990207672, 0.22806887328624725, 0.3056275546550751, 0.11862509697675705, 0.040924929082393646, 0.12379642575979233, 0.020307742059230804, 0.08127778023481369, 0.0], [0.10516894608736038, 0.2900919020175934, 0.13793779909610748, 0.0, 0.1235714927315712, 0.013658884912729263, 0.281198650598526, 0.04837232083082199, 0.0, 0.0]], "coeff_list_in_victim": [[0.00653521902859211, 0.0766647532582283, 0.0, 0.4368395209312439, 0.0, 0.26891541481018066, 0.19510406255722046, 0.0, 0.0, 0.015940997749567032]], "victims": {"DPN92": {"clean acc": 91.43000144958496, "prediction": 8, "poisons predictions": [8, 8, 8, 6, 8, 8, 8, 8, 8, 8], "scores": [9.162260885064783e-20, 7.290436535379787e-25, 1.0444550366095703e-30, 9.646577581179372e-08, 4.754679224362843e-27, 6.330301734192023e-12, 7.10377833001985e-07, 0.0, 1.0, 4.0637655465419695e-44], "malicious score": 1.0, "camera": {"2": {"prediction": 8, "scores": [1.579714571696225e-24, 1.839565853077068e-26, 6.596414213817675e-26, 6.370610776684771e-07, 3.396868190039696e-24, 3.328184949857871e-11, 4.960176692124507e-13, 7.006492321624085e-45, 1.0, 2.990721247485241e-40], "malicious score": 1.0}, "4": {"prediction": 8, "scores": [7.400070463257846e-19, 4.253679049281549e-23, 1.9478156576074284e-25, 2.6564663130557165e-05, 1.6519244337698276e-24, 4.462500328372698e-06, 1.1084716478038104e-10, 1.5049969048662736e-37, 0.999969482421875, 4.38994037074826e-32], "malicious score": 0.999969482421875}}}, "SENet18": {"clean acc": 91.09000167846679, "prediction": 8, "poisons predictions": [8, 8, 3, 3, 4, 8, 8, 8, 3, 8], "scores": [1.7406838470623853e-10, 3.138551647657241e-21, 3.5224221051066706e-07, 0.018988484516739845, 8.049509233387653e-06, 3.730027628989774e-06, 0.020360270515084267, 3.693870872427483e-15, 0.960639238357544, 3.615172883275619e-10], "malicious score": 0.960639238357544, "camera": {"2": {"prediction": 8, "scores": [2.167365731331472e-10, 6.014490333714445e-20, 3.2195981475524604e-05, 0.1452532559633255, 4.902584350929828e-06, 7.140135949157411e-07, 1.6566219755986822e-06, 7.630538318174548e-14, 0.854706883430481, 1.2074181064691825e-11], "malicious score": 0.854706883430481}, "4": {"prediction": 8, "scores": [4.039379507964069e-12, 2.712847586294361e-27, 3.2573101993449427e-09, 0.17838992178440094, 4.123009045287063e-09, 5.501250370798516e-07, 4.876493740063603e-12, 4.10200023817904e-18, 0.821610152721405, 3.479311158844159e-14], "malicious score": 0.821610152721405}}}, "ResNet50": {"clean acc": 90.59000244140626, "prediction": 8, "poisons predictions": [8, 8, 8, 8, 8, 8, 8, 8, 8, 8], "scores": [5.384169084569935e-32, 1.4752086760835076e-34, 0.0, 1.030471316873938e-33, 8.828180325246348e-44, 8.143467071403776e-33, 0.0005551791982725263, 1.487306949198425e-26, 0.9994432330131531, 4.540207024412407e-43], "malicious score": 0.9994432330131531, "camera": {"2": {"prediction": 8, "scores": [3.112537423393972e-35, 4.8708027594143825e-39, 0.0, 9.323543094502612e-25, 1.401298464324817e-45, 6.410472866220605e-30, 3.354934217862797e-26, 2.6357180568061404e-35, 1.0, 0.0], "malicious score": 1.0}, "4": {"prediction": 8, "scores": [3.7245536209916776e-34, 1.272154797852642e-40, 0.0, 1.6703986537132282e-21, 0.0, 1.789997846528204e-30, 4.9822453491805644e-30, 1.801023055168864e-39, 1.0, 9.388699710976274e-44], "malicious score": 1.0}}}, "ResNeXt29_2x64d": {"clean acc": 91.91000175476074, "prediction": 8, "poisons predictions": [8, 8, 8, 8, 6, 8, 8, 8, 8, 8], "scores": [2.010153270578836e-24, 2.660076802926681e-12, 5.392643305507502e-15, 0.00030858087120577693, 2.627452232815839e-23, 3.6159757108947276e-16, 0.0004764067125506699, 6.503412883104958e-20, 0.9992144703865051, 5.388458203396263e-19], "malicious score": 0.9992144703865051, "camera": {"2": {"prediction": 8, "scores": [6.47196277785291e-26, 2.33642127099278e-17, 2.3125642026333715e-13, 0.0008601834997534752, 2.8958281085567084e-14, 5.532318960582705e-12, 2.980695512633247e-07, 7.104968609850725e-19, 0.9991401433944702, 6.111888653644062e-19], "malicious score": 0.9991401433944702}, "4": {"prediction": 8,