{"args": "Namespace(device='cuda', dset_path='datasets', end2end=False, eval_poisons_root='attack-results-eps0.01/100-overlap/linear-transfer-learning/mean/800', gpu='1', lr_decay_epoch=[30, 45], model_resume_path='model-chks', num_per_class=50, poison_label=8, retrain_bsize=64, retrain_epochs=60, retrain_lr=0.1, retrain_momentum=0.9, retrain_opt='adam', retrain_wd=0, subset_group=0, target_camera=True, target_index_end=7, target_index_start=6, target_index_step=1, target_label=6, target_net=['DPN92', 'SENet18', 'ResNet50', 'ResNeXt29_2x64d', 'GoogLeNet', 'MobileNetV2', 'ResNet18', 'DenseNet121'], target_print_size=[2, 4], test_chk_name='ckpt-%s-4800.t7', train_data_path='datasets/CIFAR10_TRAIN_Split.pth')", "poison_label": 8, "target_label": 6, "targets": {"6": {}, "6": {"800": {"time": 357.0, "coeffs_time": 0, "poisons_time": 4, "target_loss": 0.031105129048228264, "total_loss": 0.4983578324317932, "coeff_list": [[0.20000000298023224, 0.20000000298023224, 0.20000000298023224, 0.20000000298023224, 0.20000000298023224], [0.20000000298023224, 0.20000000298023224, 0.20000000298023224, 0.20000000298023224, 0.20000000298023224], [0.20000000298023224, 0.20000000298023224, 0.20000000298023224, 0.20000000298023224, 0.20000000298023224], [0.20000000298023224, 0.20000000298023224, 0.20000000298023224, 0.20000000298023224, 0.20000000298023224], [0.20000000298023224, 0.20000000298023224, 0.20000000298023224, 0.20000000298023224, 0.20000000298023224], [0.20000000298023224, 0.20000000298023224, 0.20000000298023224, 0.20000000298023224, 0.20000000298023224], [0.20000000298023224, 0.20000000298023224, 0.20000000298023224, 0.20000000298023224, 0.20000000298023224], [0.20000000298023224, 0.20000000298023224, 0.20000000298023224, 0.20000000298023224, 0.20000000298023224], [0.20000000298023224, 0.20000000298023224, 0.20000000298023224, 0.20000000298023224, 0.20000000298023224], [0.20000000298023224, 0.20000000298023224, 0.20000000298023224, 0.20000000298023224, 0.20000000298023224], [0.20000000298023224, 0.20000000298023224, 0.20000000298023224, 0.20000000298023224, 0.20000000298023224], [0.20000000298023224, 0.20000000298023224, 0.20000000298023224, 0.20000000298023224, 0.20000000298023224], [0.20000000298023224, 0.20000000298023224, 0.20000000298023224, 0.20000000298023224, 0.20000000298023224], [0.20000000298023224, 0.20000000298023224, 0.20000000298023224, 0.20000000298023224, 0.20000000298023224], [0.20000000298023224, 0.20000000298023224, 0.20000000298023224, 0.20000000298023224, 0.20000000298023224], [0.20000000298023224, 0.20000000298023224, 0.20000000298023224, 0.20000000298023224, 0.20000000298023224], [0.20000000298023224, 0.20000000298023224, 0.20000000298023224, 0.20000000298023224, 0.20000000298023224], [0.20000000298023224, 0.20000000298023224, 0.20000000298023224, 0.20000000298023224, 0.20000000298023224]], "coeff_list_in_victim": [[0.008052379824221134, 0.006147741340100765, 0.027835067361593246, 0.9369513988494873, 0.021013382822275162]], "victims": {"DPN92": {"clean acc": 92.5000015258789, "prediction": 6, "poisons predictions": [8, 8, 8, 8, 8], "scores": [1.504663193198971e-23, 1.1879127139547557e-33, 2.7759592537777137e-37, 1.5098074293605837e-14, 4.0637655465419695e-44, 3.92592722245703e-24, 1.0, 0.0, 5.791885634293115e-12, 0.0], "malicious score": 5.791885634293115e-12, "camera": {"2": {"prediction": 8, "scores": [2.0133092190706995e-22, 6.499596995541674e-19, 4.7320252807989936e-27, 1.1766185707529075e-05, 3.002377208917712e-28, 2.0908191710271692e-16, 0.41832756996154785, 1.747180358913175e-36, 0.5816605687141418, 0.0], "malicious score": 0.5816605687141418}, "4": {"prediction": 8, "scores": [5.410775491894298e-23, 2.4757660490319315e-18, 5.561819438834825e-26, 1.1244377674302086e-05, 7.102222365114536e-29, 7.083248435151858e-16, 0.10498911142349243, 1.2418996797391694e-34, 0.895000159740448, 0.0], "malicious score": 0.895000159740448}}}, "SENet18": {"clean acc": 91.68000106811523, "prediction": 6, "poisons predictions": [8, 8, 8, 8, 8], "scores": [2.397329863175909e-22, 2.9980800064777213e-09, 7.304917486843901e-16, 9.07434760843886e-16, 1.5895646754415793e-07, 6.571278957820902e-17, 1.0, 6.738233122191665e-17, 3.5495728578638364e-10, 9.088888517165257e-18], "malicious score": 3.5495728578638364e-10, "camera": {"2": {"prediction": 6, "scores": [7.023248326937508e-16, 0.0002779470814857632, 1.8604598608362721e-06, 6.609749192421077e-08, 3.7664487990696216e-06, 4.066941575175953e-11, 0.9997158646583557, 4.066055936391422e-08, 8.970477693992507e-08, 6.659966328426137e-11], "malicious score": 8.970477693992507e-08}, "4": {"prediction": 6, "scores": [8.19182702471926e-17, 0.0027796179056167603, 1.7400840590653388e-07, 5.053187202008758e-09, 2.9530383471865207e-05, 3.062776768314457e-11, 0.9971905946731567, 3.5144158694322414e-09, 1.8971965687342163e-07, 5.126506164021549e-11], "malicious score": 1.8971965687342163e-07}}}, "ResNet50": {"clean acc": 93.2700008392334, "prediction": 6, "poisons predictions": [8, 8, 8, 8, 8], "scores": [1.2611686178923354e-43, 1.5316600989266523e-25, 0.0, 0.0, 0.0, 3.312473285640126e-33, 1.0, 3.6573889918877726e-43, 2.828527561012827e-16, 3.252966858440786e-26], "malicious score": 2.828527561012827e-16, "camera": {"2": {"prediction": 6, "scores": [5.206728473255264e-38, 1.7416979268597304e-20, 0.0, 9.682972388484486e-43, 3.2981395058872835e-39, 5.201104901313465e-25, 1.0, 2.1477981822399336e-40, 2.3174257651747965e-13, 5.474963717881293e-19], "malicious score": 2.3174257651747965e-13}, "4": {"prediction": 6, "scores": [3.7941831874557755e-38, 4.765300913447616e-20, 0.0, 1.401298464324817e-45, 1.3245627998990044e-37, 3.7794073533649005e-22, 1.0, 5.764241233000135e-41, 6.021249579664378e-13, 7.793022406456009e-18], "malicious score": 6.021249579664378e-13}}}, "ResNeXt29_2x64d": {"clean acc": 93.03000106811524, "prediction": 6, "poisons predictions": [8, 8, 8, 8, 8], "scores": [1.1838244915393896e-31, 3.609564591666725e-10, 2.727037396761797e-15, 1.1391200132493395e-05, 4.232095082136877e-27, 6.489713380815547e-26, 0.9999885559082031, 1.8412854319792572e-19, 1.6077760278676578e-07, 4.523494091327378e-23], "malicious score": 1.6077760278676578e-07, "camera": {"2": {"prediction": 8, "scores": [1.444646253652457e-19, 2.1695426767109893e-05, 3.0216446011976927e-10, 0.1985805481672287, 3.1635093850068685e-11, 1.8406334068614122e-18, 0.00508322287350893, 1.8309817637757186e-12, 0.7963143587112427, 8.062431078315058e-08], "malicious score": 0.7963143587112427}, "4": {"prediction": 8, "scores": [8.009219699948914e-22, 2.942368015901309e-10, 3.304145013149906e-10, 0.0029491502791643143, 1.4714787166525412e-09, 1.2677396537767304e-16, 0.0028860263992100954, 1.5780436853074509e-12, 0.9941605925559998, 4.369623638922349e-06], "malicious score": 0.9941605925559998}}}, "GoogLeNet": {"clean acc": 91.76000175476074, "prediction": 6, "poisons predictions": [8, 8, 8, 8, 8], "scores": [2.037645122663729e-17, 3.695462780228809e-08, 3.241066970360862e-09, 8.444031664112117e-06, 7.724805755060515e-07, 2.0937550289090723e-06, 0.9986791014671326, 5.827165296068415e-05, 0.0012514002155512571, 6.221061263789879e-14], "malicious score": 0.0012514002155512571, "camera": {"2": {"prediction": 8, "scores": [1.2852083763545408e-12, 0.00010772445966722444, 4.424802746427758e-09, 0.0016505334060639143, 0.0533868633210659, 0.00010747151827672496, 0.0018000710988417268, 0.00013423080963548273, 0.9428130984306335, 2.384540342958985e-09], "malicious score": 0.9428130984306335}, "4": {"prediction": 4, "scores": [1.0115089240378752e-13, 0.00010288643534295261, 3.913525858934008e-08, 0.008476696908473969, 0.4146207571029663, 0.007499155588448048, 0.3679658770561218, 0.0024632380809634924, 0.19887129962444305, 1.8180088545705075e-08], "malicious score": 0.19887129962444305}}}, "MobileNetV2": {"clean acc": 87.60000152587891, "prediction": 6, "poisons predictions": [8, 8, 8, 6, 6],