{"args": "Namespace(device='cuda', dset_path='datasets', end2end=False, eval_poisons_root='attack-results-10poisons/100-overlap/linear-transfer-learning/convex/800', gpu='2', lr_decay_epoch=[30, 45], model_resume_path='model-chks', num_per_class=50, poison_label=8, retrain_bsize=64, retrain_epochs=60, retrain_lr=0.1, retrain_momentum=0.9, retrain_opt='adam', retrain_wd=0, subset_group=0, target_camera=True, target_index_end=39, target_index_start=38, target_index_step=1, target_label=6, target_net=['DPN92', 'SENet18', 'ResNet50', 'ResNeXt29_2x64d', 'GoogLeNet', 'MobileNetV2', 'ResNet18', 'DenseNet121'], target_print_size=[2, 4], test_chk_name='ckpt-%s-4800.t7', train_data_path='datasets/CIFAR10_TRAIN_Split.pth')", "poison_label": 8, "target_label": 6, "targets": {"38": {}, "38": {"800": {"time": 34612.0, "coeffs_time": 32526, "poisons_time": 34219, "target_loss": 0.004231838975101709, "total_loss": 0.0012412222567945719, "coeff_list": [[0.0, 0.0, 0.24250757694244385, 0.314646452665329, 0.34407496452331543, 0.02864779159426689, 0.06453806161880493, 0.0, 0.0, 0.005585173144936562], [0.0, 0.022251484915614128, 0.19272689521312714, 0.0, 0.00888375286012888, 0.0006655273027718067, 0.10954456031322479, 0.1090773493051529, 0.514924168586731, 0.0419263020157814], [0.05793904885649681, 0.0, 0.2977428734302521, 0.07442443817853928, 0.0714932456612587, 0.0, 0.0, 0.12760376930236816, 0.3707965910434723, 0.0], [0.16988731920719147, 0.3939434289932251, 0.0, 0.0, 0.08116142451763153, 0.030815552920103073, 0.1591767966747284, 0.15693128108978271, 0.00808411743491888, 0.0], [0.3276621699333191, 0.03052281029522419, 0.028240345418453217, 0.1323954463005066, 0.025084208697080612, 0.0, 0.1890450119972229, 0.009644223377108574, 0.2526393532752991, 0.004766442812979221], [0.001830953173339367, 0.14272865653038025, 0.0, 0.0, 0.0, 0.006897165905684233, 0.45370399951934814, 0.2524527609348297, 0.0846932977437973, 0.05769312381744385], [0.0320264957845211, 0.3331294059753418, 0.080275759100914, 0.06566186994314194, 0.24847768247127533, 0.0, 0.19766882061958313, 0.025064649060368538, 0.017695285379886627, 0.0], [0.20062199234962463, 0.0, 0.10920644551515579, 0.09812469780445099, 0.0, 0.0754610151052475, 0.1305769830942154, 0.03325311467051506, 0.3173503279685974, 0.03540541231632233], [0.23772302269935608, 0.010669603943824768, 0.28577563166618347, 0.1481391042470932, 0.0160515159368515, 0.0024304846301674843, 0.0, 0.0, 0.29436543583869934, 0.004845144227147102], [0.09378944337368011, 0.06370573490858078, 0.11738624423742294, 0.0, 0.028609372675418854, 0.2500046491622925, 0.013720374554395676, 0.22533173859119415, 0.09045074135065079, 0.11700166016817093], [0.1501392424106598, 0.052022092044353485, 0.08118452876806259, 0.22282201051712036, 0.13604705035686493, 0.12583400309085846, 0.013958318158984184, 0.1841900795698166, 0.023428482934832573, 0.010374185629189014], [0.036037951707839966, 0.10296691954135895, 0.005080636125057936, 0.0, 0.32745856046676636, 0.0, 0.11366172879934311, 0.05434766411781311, 0.12773452699184418, 0.23271198570728302], [0.25572362542152405, 0.0, 0.23591572046279907, 0.23803147673606873, 0.0, 0.0, 0.1182417944073677, 0.12994061410427094, 0.0, 0.022146742790937424], [0.15670965611934662, 0.0, 0.0, 0.23739494383335114, 0.019479425624012947, 0.04431269317865372, 0.229827880859375, 0.09973257780075073, 0.18429391086101532, 0.028248965740203857], [0.21942490339279175, 0.00986440759152174, 0.2741508483886719, 0.0, 0.03197440877556801, 0.10685724020004272, 0.0, 0.2818428575992584, 0.06548123806715012, 0.010404071770608425], [0.19130268692970276, 0.07451197504997253, 0.23657497763633728, 0.060940489172935486, 0.042491983622312546, 0.0019462137715891004, 0.020346233621239662, 0.17360945045948029, 0.19827596843242645, 0.0], [0.0, 0.16912506520748138, 0.13231270015239716, 0.08728229254484177, 0.09949890524148941, 0.14833611249923706, 0.20181037485599518, 0.06950148195028305, 0.0921330600976944, 0.0], [0.0978846624493599, 0.05689222365617752, 0.0, 0.06014838442206383, 0.0, 0.2256097048521042, 0.12141785025596619, 0.21725919842720032, 0.15465377271175385, 0.06613417714834213]], "coeff_list_in_victim": [[0.5074679851531982, 0.0, 0.0, 0.14687341451644897, 0.0, 0.0, 0.0, 0.0, 0.34565865993499756, 0.0]], "victims": {"DPN92": {"clean acc": 91.66000137329101, "prediction": 6, "poisons predictions": [8, 8, 6, 6, 8, 8, 8, 6, 6, 8], "scores": [1.539021496910209e-07, 5.104194029552949e-29, 1.496695276451982e-37, 2.0351457335771733e-15, 3.5633989165290125e-28, 6.76780317472921e-18, 0.7226535677909851, 2.5083242511414226e-43, 0.2773459255695343, 0.0], "malicious score": 0.2773459255695343, "camera": {"2": {"prediction": 3, "scores": [7.557046971515488e-29, 9.288996163753623e-26, 7.253213141211745e-09, 0.9998264908790588, 6.754039986844873e-06, 0.00016729079652577639, 1.641633773363793e-10, 1.9245811459622405e-39, 9.63088289710899e-18, 7.712729062124633e-25], "malicious score": 9.63088289710899e-18}, "4": {"prediction": 3, "scores": [4.168492927902924e-31, 1.7121482692937923e-25, 6.144460940049612e-09, 0.9999427199363708, 3.9811438909964636e-05, 1.703395537333563e-05, 9.745224072155168e-11, 1.2583660209636857e-42, 7.325279894198098e-18, 3.2293762195891844e-26], "malicious score": 7.325279894198098e-18}}}, "SENet18": {"clean acc": 90.8600009918213, "prediction": 8, "poisons predictions": [8, 2, 8, 6, 6, 8, 6, 8, 6, 8], "scores": [5.399561268859543e-05, 3.734137294080647e-14, 1.8211426322523039e-06, 2.114918243023567e-05, 2.1992937035975046e-06, 8.896955394632755e-11, 0.14415767788887024, 1.5907977513052174e-07, 0.8557630777359009, 3.3741569651149494e-13], "malicious score": 0.8557630777359009, "camera": {"2": {"prediction": 3, "scores": [2.96025443741188e-12, 7.853870019110562e-19, 0.000618547317571938, 0.9990448951721191, 8.072984201135114e-05, 0.00025421762256883085, 3.403606569918338e-07, 1.8120683787681185e-19, 3.088827895680879e-07, 2.5924046243019916e-10], "malicious score": 3.088827895680879e-07}, "4": {"prediction": 2, "scores": [9.517711271889162e-12, 8.212648979242097e-21, 0.991338312625885, 0.008501575328409672, 7.700981541347574e-07, 0.000154198583913967, 4.604089554050006e-06, 5.638004035743952e-23, 1.2752482625444372e-08, 6.218680681513433e-09], "malicious score": 1.2752482625444372e-08}}}, "ResNet50": {"clean acc": 92.40000114440917, "prediction": 8, "poisons predictions": [8, 8, 8, 8, 6, 8, 8, 8, 8, 8], "scores": [0.0, 6.7462149206526395e-37, 0.0, 0.0, 3.853570776893247e-43, 5.7330249218947165e-36, 0.09140700101852417, 0.0, 0.9085915684700012, 1.8647186474620577e-33], "malicious score": 0.9085915684700012, "camera": {"2": {"prediction": 3, "scores": [3.059579652723698e-39, 1.853077089223138e-41, 6.311081645023833e-32, 1.0, 4.43141380912739e-25, 2.5881872561853397e-16, 5.86064948955569e-31, 1.401298464324817e-45, 1.9896303392243161e-25, 6.338206106639397e-30], "malicious score": 1.9896303392243161e-25}, "4": {"prediction": 3, "scores": [5.916945210812696e-38, 7.07398782397614e-38, 6.385209611830473e-31, 1.0, 2.9943975397547167e-18, 3.314699657318419e-17, 9.1779536079621e-23, 5.089185988613418e-36, 4.5853748096529774e-17, 3.2997381133625486e-24], "malicious score": 4.5853748096529774e-17}}}, "ResNeXt29_2x64d": {"clean acc": 92.51000175476074, "prediction": 6, "poisons predictions": [8, 8, 8, 8, 8, 8, 8, 8, 8, 8], "scores": [1.5360325626394467e-23, 4.66357195916256e-11, 1.102970362612532e-12, 5.312883786245948e-07, 1.6815581571897805e-44, 3.8904824524297764e-20, 0.9987647533416748, 5.545273697645397e-26, 0.001234531868249178, 5.034098827272334e-21], "malicious score": 0.001234531868249178, "camera": {"2": {"prediction": 3, "scores": [7.947069325085513e-23, 3.798261998791406e-18, 2.76359557460637e-08, 0.998437225818634, 9.052702080225572e-05, 0.00109921395778656, 0.0003728578449226916, 3.7016213504534934e-19, 4.886274718174377e-10, 1.8524162238853226e-12], "malicious score": 4.886274718174377e-10}, "4": {"prediction": 3,