{"args": "Namespace(device='cuda', dset_path='datasets', end2end=False, eval_poisons_root='attack-results-10poisons/100-overlap/linear-transfer-learning/mean/800', gpu='1', lr_decay_epoch=[30, 45], model_resume_path='model-chks', num_per_class=50, poison_label=8, retrain_bsize=64, retrain_epochs=60, retrain_lr=0.1, retrain_momentum=0.9, retrain_opt='adam', retrain_wd=0, subset_group=0, target_camera=True, target_index_end=43, target_index_start=42, target_index_step=1, target_label=6, target_net=['DPN92', 'SENet18', 'ResNet50', 'ResNeXt29_2x64d', 'GoogLeNet', 'MobileNetV2', 'ResNet18', 'DenseNet121'], target_print_size=[2, 4], test_chk_name='ckpt-%s-4800.t7', train_data_path='datasets/CIFAR10_TRAIN_Split.pth')", "poison_label": 8, "target_label": 6, "targets": {"42": {}, "42": {"800": {"time": 430.0, "coeffs_time": 0, "poisons_time": 4, "target_loss": 0.007039066404104233, "total_loss": 0.05720999464392662, "coeff_list": [[0.10000000149011612, 0.10000000149011612, 0.10000000149011612, 0.10000000149011612, 0.10000000149011612, 0.10000000149011612, 0.10000000149011612, 0.10000000149011612, 0.10000000149011612, 0.10000000149011612], [0.10000000149011612, 0.10000000149011612, 0.10000000149011612, 0.10000000149011612, 0.10000000149011612, 0.10000000149011612, 0.10000000149011612, 0.10000000149011612, 0.10000000149011612, 0.10000000149011612], [0.10000000149011612, 0.10000000149011612, 0.10000000149011612, 0.10000000149011612, 0.10000000149011612, 0.10000000149011612, 0.10000000149011612, 0.10000000149011612, 0.10000000149011612, 0.10000000149011612], [0.10000000149011612, 0.10000000149011612, 0.10000000149011612, 0.10000000149011612, 0.10000000149011612, 0.10000000149011612, 0.10000000149011612, 0.10000000149011612, 0.10000000149011612, 0.10000000149011612], [0.10000000149011612, 0.10000000149011612, 0.10000000149011612, 0.10000000149011612, 0.10000000149011612, 0.10000000149011612, 0.10000000149011612, 0.10000000149011612, 0.10000000149011612, 0.10000000149011612], [0.10000000149011612, 0.10000000149011612, 0.10000000149011612, 0.10000000149011612, 0.10000000149011612, 0.10000000149011612, 0.10000000149011612, 0.10000000149011612, 0.10000000149011612, 0.10000000149011612], [0.10000000149011612, 0.10000000149011612, 0.10000000149011612, 0.10000000149011612, 0.10000000149011612, 0.10000000149011612, 0.10000000149011612, 0.10000000149011612, 0.10000000149011612, 0.10000000149011612], [0.10000000149011612, 0.10000000149011612, 0.10000000149011612, 0.10000000149011612, 0.10000000149011612, 0.10000000149011612, 0.10000000149011612, 0.10000000149011612, 0.10000000149011612, 0.10000000149011612], [0.10000000149011612, 0.10000000149011612, 0.10000000149011612, 0.10000000149011612, 0.10000000149011612, 0.10000000149011612, 0.10000000149011612, 0.10000000149011612, 0.10000000149011612, 0.10000000149011612], [0.10000000149011612, 0.10000000149011612, 0.10000000149011612, 0.10000000149011612, 0.10000000149011612, 0.10000000149011612, 0.10000000149011612, 0.10000000149011612, 0.10000000149011612, 0.10000000149011612], [0.10000000149011612, 0.10000000149011612, 0.10000000149011612, 0.10000000149011612, 0.10000000149011612, 0.10000000149011612, 0.10000000149011612, 0.10000000149011612, 0.10000000149011612, 0.10000000149011612], [0.10000000149011612, 0.10000000149011612, 0.10000000149011612, 0.10000000149011612, 0.10000000149011612, 0.10000000149011612, 0.10000000149011612, 0.10000000149011612, 0.10000000149011612, 0.10000000149011612], [0.10000000149011612, 0.10000000149011612, 0.10000000149011612, 0.10000000149011612, 0.10000000149011612, 0.10000000149011612, 0.10000000149011612, 0.10000000149011612, 0.10000000149011612, 0.10000000149011612], [0.10000000149011612, 0.10000000149011612, 0.10000000149011612, 0.10000000149011612, 0.10000000149011612, 0.10000000149011612, 0.10000000149011612, 0.10000000149011612, 0.10000000149011612, 0.10000000149011612], [0.10000000149011612, 0.10000000149011612, 0.10000000149011612, 0.10000000149011612, 0.10000000149011612, 0.10000000149011612, 0.10000000149011612, 0.10000000149011612, 0.10000000149011612, 0.10000000149011612], [0.10000000149011612, 0.10000000149011612, 0.10000000149011612, 0.10000000149011612, 0.10000000149011612, 0.10000000149011612, 0.10000000149011612, 0.10000000149011612, 0.10000000149011612, 0.10000000149011612], [0.10000000149011612, 0.10000000149011612, 0.10000000149011612, 0.10000000149011612, 0.10000000149011612, 0.10000000149011612, 0.10000000149011612, 0.10000000149011612, 0.10000000149011612, 0.10000000149011612], [0.10000000149011612, 0.10000000149011612, 0.10000000149011612, 0.10000000149011612, 0.10000000149011612, 0.10000000149011612, 0.10000000149011612, 0.10000000149011612, 0.10000000149011612, 0.10000000149011612]], "coeff_list_in_victim": [[0.0, 0.0, 0.22736960649490356, 0.0, 0.0, 0.35321319103240967, 0.18343356251716614, 0.0864809900522232, 0.14950259029865265, 0.0]], "victims": {"DPN92": {"clean acc": 92.19000244140625, "prediction": 8, "poisons predictions": [8, 8, 6, 8, 6, 8, 8, 8, 8, 8], "scores": [2.3270829707655594e-12, 1.76257628056006e-22, 1.3075235710922003e-40, 4.1416468778837645e-14, 3.261762657534e-27, 6.521384746760683e-17, 0.20252008736133575, 1.7803503643619714e-20, 0.7974793910980225, 0.0], "malicious score": 0.7974793910980225, "camera": {}}, "SENet18": {"clean acc": 91.11000175476075, "prediction": 6, "poisons predictions": [8, 8, 8, 6, 6, 6, 6, 8, 6, 8], "scores": [4.131316089228676e-08, 4.493651672987653e-09, 3.6272823937186227e-13, 1.9024769259967655e-10, 7.407038538076449e-06, 1.2546370192767498e-12, 0.6505237817764282, 4.867776586884296e-16, 0.34946778416633606, 8.391872266533262e-12], "malicious score": 0.34946778416633606, "camera": {}}, "ResNet50": {"clean acc": 93.03000144958496, "prediction": 8, "poisons predictions": [8, 8, 8, 8, 8, 8, 8, 8, 8, 8], "scores": [2.6802287128924403e-35, 7.531531779759409e-26, 3.88132347100684e-34, 3.82845710490542e-35, 1.750698223419567e-40, 1.6815581571897805e-44, 0.27601444721221924, 7.02609062654681e-23, 0.723984956741333, 4.387752902099826e-22], "malicious score": 0.723984956741333, "camera": {}}, "ResNeXt29_2x64d": {"clean acc": 92.4500015258789, "prediction": 8, "poisons predictions": [8, 8, 8, 8, 8, 8, 8, 8, 8, 8], "scores": [2.703850799926317e-33, 2.608174142153002e-19, 2.0490294844969364e-13, 1.5723685464763548e-08, 4.428796790006263e-39, 8.737089403977673e-20, 0.27115538716316223, 2.1747747784178927e-28, 0.7288439273834229, 4.6433496111154376e-20], "malicious score": 0.7288439273834229, "camera": {}}, "GoogLeNet": {"clean acc": 91.93000144958496, "prediction": 6, "poisons predictions": [8, 8, 8, 8, 6, 8, 8, 8, 8, 8], "scores": [7.26975003864695e-24, 5.035666550412543e-09, 3.1126373007729454e-17, 3.056815671698132e-07, 6.839876581787863e-11, 1.3815040222908692e-09, 0.7937448024749756, 5.20283804510439e-15, 0.2062552273273468, 9.52351194324734e-14], "malicious score": 0.2062552273273468, "camera": {}}, "MobileNetV2": {"clean acc": 86.4200008392334, "prediction": 6, "poisons predictions": [6, 8, 8, 8, 8, 8, 8, 8, 8, 8], "scores": [8.926858547069622e-14, 1.1489963548324162e-16, 1.3701210305194778e-12, 0.0001655518135521561, 6.002808462071475e-25, 1.8339945447726214e-12, 0.9566047787666321, 7.350947960007511e-26, 0.04323059692978859, 2.1302919281027122e-13], "malicious score": 0.04323059692978859, "camera": {}}, "ResNet18": {"clean acc": 92.4400016784668, "prediction": 6, "poisons predictions": [8, 8, 8, 8, 8, 6, 6, 8, 8, 8], "scores": [2.956456021339989e-24, 1.1123989507311194e-09, 1.2156422569964409e-11, 6.837073306087404e-05, 4.490270411528575e-34, 1.1366955154912262e-09, 0.5629127025604248, 1.2746653058098848e-22, 0.43701890110969543, 6.801139149421599e-25], "malicious score": 0.43701890110969543, "camera": {}}, "DenseNet121": {"clean acc": 92.8700023651123, "prediction": 6, "poisons predictions": [8, 8, 8, 8, 8, 8, 8, 6, 8, 8],