{"args": "Namespace(device='cuda', dset_path='datasets', end2end=False, eval_poisons_root='attack-results-10poisons/100-overlap/linear-transfer-learning/mean/800', gpu='1', lr_decay_epoch=[30, 45], model_resume_path='model-chks', num_per_class=50, poison_label=8, retrain_bsize=64, retrain_epochs=60, retrain_lr=0.1, retrain_momentum=0.9, retrain_opt='adam', retrain_wd=0, subset_group=0, target_camera=True, target_index_end=30, target_index_start=29, target_index_step=1, target_label=6, target_net=['DPN92', 'SENet18', 'ResNet50', 'ResNeXt29_2x64d', 'GoogLeNet', 'MobileNetV2', 'ResNet18', 'DenseNet121'], target_print_size=[2, 4], test_chk_name='ckpt-%s-4800.t7', train_data_path='datasets/CIFAR10_TRAIN_Split.pth')", "poison_label": 8, "target_label": 6, "targets": {"29": {}, "29": {"800": {"time": 402.0, "coeffs_time": 0, "poisons_time": 4, "target_loss": 0.0047225188463926315, "total_loss": 0.06699904799461365, "coeff_list": [[0.10000000149011612, 0.10000000149011612, 0.10000000149011612, 0.10000000149011612, 0.10000000149011612, 0.10000000149011612, 0.10000000149011612, 0.10000000149011612, 0.10000000149011612, 0.10000000149011612], [0.10000000149011612, 0.10000000149011612, 0.10000000149011612, 0.10000000149011612, 0.10000000149011612, 0.10000000149011612, 0.10000000149011612, 0.10000000149011612, 0.10000000149011612, 0.10000000149011612], [0.10000000149011612, 0.10000000149011612, 0.10000000149011612, 0.10000000149011612, 0.10000000149011612, 0.10000000149011612, 0.10000000149011612, 0.10000000149011612, 0.10000000149011612, 0.10000000149011612], [0.10000000149011612, 0.10000000149011612, 0.10000000149011612, 0.10000000149011612, 0.10000000149011612, 0.10000000149011612, 0.10000000149011612, 0.10000000149011612, 0.10000000149011612, 0.10000000149011612], [0.10000000149011612, 0.10000000149011612, 0.10000000149011612, 0.10000000149011612, 0.10000000149011612, 0.10000000149011612, 0.10000000149011612, 0.10000000149011612, 0.10000000149011612, 0.10000000149011612], [0.10000000149011612, 0.10000000149011612, 0.10000000149011612, 0.10000000149011612, 0.10000000149011612, 0.10000000149011612, 0.10000000149011612, 0.10000000149011612, 0.10000000149011612, 0.10000000149011612], [0.10000000149011612, 0.10000000149011612, 0.10000000149011612, 0.10000000149011612, 0.10000000149011612, 0.10000000149011612, 0.10000000149011612, 0.10000000149011612, 0.10000000149011612, 0.10000000149011612], [0.10000000149011612, 0.10000000149011612, 0.10000000149011612, 0.10000000149011612, 0.10000000149011612, 0.10000000149011612, 0.10000000149011612, 0.10000000149011612, 0.10000000149011612, 0.10000000149011612], [0.10000000149011612, 0.10000000149011612, 0.10000000149011612, 0.10000000149011612, 0.10000000149011612, 0.10000000149011612, 0.10000000149011612, 0.10000000149011612, 0.10000000149011612, 0.10000000149011612], [0.10000000149011612, 0.10000000149011612, 0.10000000149011612, 0.10000000149011612, 0.10000000149011612, 0.10000000149011612, 0.10000000149011612, 0.10000000149011612, 0.10000000149011612, 0.10000000149011612], [0.10000000149011612, 0.10000000149011612, 0.10000000149011612, 0.10000000149011612, 0.10000000149011612, 0.10000000149011612, 0.10000000149011612, 0.10000000149011612, 0.10000000149011612, 0.10000000149011612], [0.10000000149011612, 0.10000000149011612, 0.10000000149011612, 0.10000000149011612, 0.10000000149011612, 0.10000000149011612, 0.10000000149011612, 0.10000000149011612, 0.10000000149011612, 0.10000000149011612], [0.10000000149011612, 0.10000000149011612, 0.10000000149011612, 0.10000000149011612, 0.10000000149011612, 0.10000000149011612, 0.10000000149011612, 0.10000000149011612, 0.10000000149011612, 0.10000000149011612], [0.10000000149011612, 0.10000000149011612, 0.10000000149011612, 0.10000000149011612, 0.10000000149011612, 0.10000000149011612, 0.10000000149011612, 0.10000000149011612, 0.10000000149011612, 0.10000000149011612], [0.10000000149011612, 0.10000000149011612, 0.10000000149011612, 0.10000000149011612, 0.10000000149011612, 0.10000000149011612, 0.10000000149011612, 0.10000000149011612, 0.10000000149011612, 0.10000000149011612], [0.10000000149011612, 0.10000000149011612, 0.10000000149011612, 0.10000000149011612, 0.10000000149011612, 0.10000000149011612, 0.10000000149011612, 0.10000000149011612, 0.10000000149011612, 0.10000000149011612], [0.10000000149011612, 0.10000000149011612, 0.10000000149011612, 0.10000000149011612, 0.10000000149011612, 0.10000000149011612, 0.10000000149011612, 0.10000000149011612, 0.10000000149011612, 0.10000000149011612], [0.10000000149011612, 0.10000000149011612, 0.10000000149011612, 0.10000000149011612, 0.10000000149011612, 0.10000000149011612, 0.10000000149011612, 0.10000000149011612, 0.10000000149011612, 0.10000000149011612]], "coeff_list_in_victim": [[0.0, 0.0, 0.13977357745170593, 0.6477075815200806, 0.0, 0.0, 0.03608187288045883, 0.0, 0.17643700540065765, 0.0]], "victims": {"DPN92": {"clean acc": 91.9400016784668, "prediction": 8, "poisons predictions": [8, 8, 8, 8, 8, 8, 8, 8, 8, 8], "scores": [2.9524136363782635e-14, 1.9662869312839638e-16, 2.3764902709839472e-35, 4.703952804823679e-18, 2.6788004642973172e-33, 9.81776642377584e-25, 4.7017186943776323e-07, 2.2006075161664787e-39, 1.0, 0.0], "malicious score": 1.0, "camera": {"2": {"prediction": 6, "scores": [2.8382108946053974e-13, 1.412042671314738e-19, 3.1853346084542707e-31, 3.0967527153702434e-11, 7.646613347759089e-24, 2.3515974544296167e-15, 1.0, 4.4322726222849575e-34, 4.9149262437708785e-09, 1.2611966438616219e-40], "malicious score": 4.9149262437708785e-09}, "4": {"prediction": 6, "scores": [6.591269888288169e-15, 7.03720271058437e-21, 1.5751809310663935e-27, 2.956236144768809e-09, 8.849260911153545e-19, 1.9738963068227644e-12, 1.0, 1.0125313445349705e-33, 1.467038296398826e-11, 3.92901955607175e-36], "malicious score": 1.467038296398826e-11}}}, "SENet18": {"clean acc": 91.85000228881836, "prediction": 6, "poisons predictions": [8, 8, 8, 8, 8, 8, 8, 8, 8, 8], "scores": [3.3773932273106766e-07, 1.107223187959284e-17, 1.0303192760768853e-12, 5.998427123933558e-13, 9.90277953860641e-07, 7.635626148627173e-16, 0.5548423528671265, 9.936128119282864e-14, 0.44515538215637207, 1.4806071331742942e-15], "malicious score": 0.44515538215637207, "camera": {"2": {"prediction": 6, "scores": [0.0019463483477011323, 8.842786568499093e-18, 6.162590240627736e-14, 7.305403393331744e-09, 7.444288257829612e-06, 3.5093512839624863e-13, 0.9979745149612427, 3.4074514585792637e-13, 7.234312943182886e-05, 2.933178195772476e-14], "malicious score": 7.234312943182886e-05}, "4": {"prediction": 0, "scores": [0.7855702638626099, 3.259723631145708e-19, 7.273519009309837e-10, 6.735800707247108e-05, 1.7512265912955627e-05, 2.541371002529047e-10, 0.2143441140651703, 6.156296718067e-13, 1.9964957465035127e-10, 1.2572714679255637e-13], "malicious score": 1.9964957465035127e-10}}}, "ResNet50": {"clean acc": 93.3600009918213, "prediction": 6, "poisons predictions": [8, 8, 8, 8, 8, 8, 8, 8, 8, 8], "scores": [1.2693030153478945e-38, 2.0870420847222025e-39, 3.374358931958839e-38, 0.0, 4.834055948547542e-33, 2.1819618388001727e-41, 0.5917925834655762, 2.0509819108203463e-38, 0.4082070291042328, 1.1180820030219117e-29], "malicious score": 0.4082070291042328, "camera": {"2": {"prediction": 6, "scores": [5.6192068419425165e-43, 0.0, 1.0243491774214413e-42, 8.646011524884121e-43, 7.831436727572105e-40, 1.3959735301603828e-41, 1.0, 1.8216880036222622e-44, 4.821908497487648e-11, 3.03747097404006e-33], "malicious score": 4.821908497487648e-11}, "4": {"prediction": 6, "scores": [2.635842411394981e-42, 0.0, 3.545285114741787e-43, 1.2387337084063077e-35, 1.730931507281801e-39, 2.1019476964872256e-44, 1.0, 0.0, 1.4457643524208585e-13, 5.841417353559254e-36], "malicious score": 1.4457643524208585e-13}}}, "ResNeXt29_2x64d": {"clean acc": 93.09000244140626, "prediction": 6, "poisons predictions": [8, 8, 8, 8, 8, 8, 8, 8, 8, 8],