{"args": "Namespace(device='cuda', dset_path='datasets', end2end=False, eval_poisons_root='attack-results-7poisons/100-overlap/linear-transfer-learning/mean/800', gpu='2', lr_decay_epoch=[30, 45], model_resume_path='model-chks', num_per_class=50, poison_label=8, retrain_bsize=64, retrain_epochs=60, retrain_lr=0.1, retrain_momentum=0.9, retrain_opt='adam', retrain_wd=0, subset_group=0, target_camera=True, target_index_end=49, target_index_start=48, target_index_step=1, target_label=6, target_net=['DPN92', 'SENet18', 'ResNet50', 'ResNeXt29_2x64d', 'GoogLeNet', 'MobileNetV2', 'ResNet18', 'DenseNet121'], target_print_size=[2, 4], test_chk_name='ckpt-%s-4800.t7', train_data_path='datasets/CIFAR10_TRAIN_Split.pth')", "poison_label": 8, "target_label": 6, "targets": {"48": {}, "48": {"800": {"time": 367.0, "coeffs_time": 0, "poisons_time": 4, "target_loss": 0.018058912828564644, "total_loss": 0.09380985051393509, "coeff_list": [[0.1428571492433548, 0.1428571492433548, 0.1428571492433548, 0.1428571492433548, 0.1428571492433548, 0.1428571492433548, 0.1428571492433548], [0.1428571492433548, 0.1428571492433548, 0.1428571492433548, 0.1428571492433548, 0.1428571492433548, 0.1428571492433548, 0.1428571492433548], [0.1428571492433548, 0.1428571492433548, 0.1428571492433548, 0.1428571492433548, 0.1428571492433548, 0.1428571492433548, 0.1428571492433548], [0.1428571492433548, 0.1428571492433548, 0.1428571492433548, 0.1428571492433548, 0.1428571492433548, 0.1428571492433548, 0.1428571492433548], [0.1428571492433548, 0.1428571492433548, 0.1428571492433548, 0.1428571492433548, 0.1428571492433548, 0.1428571492433548, 0.1428571492433548], [0.1428571492433548, 0.1428571492433548, 0.1428571492433548, 0.1428571492433548, 0.1428571492433548, 0.1428571492433548, 0.1428571492433548], [0.1428571492433548, 0.1428571492433548, 0.1428571492433548, 0.1428571492433548, 0.1428571492433548, 0.1428571492433548, 0.1428571492433548], [0.1428571492433548, 0.1428571492433548, 0.1428571492433548, 0.1428571492433548, 0.1428571492433548, 0.1428571492433548, 0.1428571492433548], [0.1428571492433548, 0.1428571492433548, 0.1428571492433548, 0.1428571492433548, 0.1428571492433548, 0.1428571492433548, 0.1428571492433548], [0.1428571492433548, 0.1428571492433548, 0.1428571492433548, 0.1428571492433548, 0.1428571492433548, 0.1428571492433548, 0.1428571492433548], [0.1428571492433548, 0.1428571492433548, 0.1428571492433548, 0.1428571492433548, 0.1428571492433548, 0.1428571492433548, 0.1428571492433548], [0.1428571492433548, 0.1428571492433548, 0.1428571492433548, 0.1428571492433548, 0.1428571492433548, 0.1428571492433548, 0.1428571492433548], [0.1428571492433548, 0.1428571492433548, 0.1428571492433548, 0.1428571492433548, 0.1428571492433548, 0.1428571492433548, 0.1428571492433548], [0.1428571492433548, 0.1428571492433548, 0.1428571492433548, 0.1428571492433548, 0.1428571492433548, 0.1428571492433548, 0.1428571492433548], [0.1428571492433548, 0.1428571492433548, 0.1428571492433548, 0.1428571492433548, 0.1428571492433548, 0.1428571492433548, 0.1428571492433548], [0.1428571492433548, 0.1428571492433548, 0.1428571492433548, 0.1428571492433548, 0.1428571492433548, 0.1428571492433548, 0.1428571492433548], [0.1428571492433548, 0.1428571492433548, 0.1428571492433548, 0.1428571492433548, 0.1428571492433548, 0.1428571492433548, 0.1428571492433548], [0.1428571492433548, 0.1428571492433548, 0.1428571492433548, 0.1428571492433548, 0.1428571492433548, 0.1428571492433548, 0.1428571492433548]], "coeff_list_in_victim": [[0.08095888793468475, 0.0, 0.038699887692928314, 0.0, 0.0, 0.7416623830795288, 0.13867884874343872]], "victims": {"DPN92": {"clean acc": 92.14000129699707, "prediction": 6, "poisons predictions": [8, 8, 8, 8, 8, 8, 8], "scores": [0.00011613196693360806, 3.899571947593448e-22, 3.470534922084107e-37, 6.577189314016518e-12, 2.1361556425031207e-20, 1.5652102947072422e-09, 0.9908978343009949, 8.382382336336916e-24, 0.008986392989754677, 5.74532370373175e-44], "malicious score": 0.008986392989754677, "camera": {}}, "SENet18": {"clean acc": 91.1900016784668, "prediction": 8, "poisons predictions": [8, 8, 3, 8, 8, 8, 6], "scores": [3.37071170974923e-08, 2.295293268601492e-14, 3.023740112462203e-12, 9.872453077264254e-09, 2.887665384587734e-10, 6.078923190128109e-17, 6.939263130334439e-06, 4.375574509349315e-19, 0.9999923706054688, 2.3956318609033486e-20], "malicious score": 0.9999923706054688, "camera": {}}, "ResNet50": {"clean acc": 92.43000183105468, "prediction": 8, "poisons predictions": [8, 8, 8, 8, 8, 8, 8], "scores": [4.718802549703578e-16, 1.0057366406961519e-26, 4.396700048680903e-40, 1.0089500713855379e-13, 6.693277783698755e-23, 1.687826924436088e-29, 0.003882608376443386, 7.233605599483863e-21, 0.9961175322532654, 1.1244342723636461e-13], "malicious score": 0.9961175322532654, "camera": {}}, "ResNeXt29_2x64d": {"clean acc": 93.08000183105469, "prediction": 8, "poisons predictions": [8, 8, 8, 8, 8, 8, 8], "scores": [2.2857564452305468e-10, 6.728636609476188e-14, 1.2268522864289366e-09, 0.006618003826588392, 4.4685986550156205e-36, 1.0414808141630694e-19, 0.03852979838848114, 1.4717134386021761e-18, 0.9548521041870117, 1.8736611984365214e-17], "malicious score": 0.9548521041870117, "camera": {}}, "GoogLeNet": {"clean acc": 92.7300018310547, "prediction": 8, "poisons predictions": [8, 8, 3, 8, 8, 8, 8], "scores": [1.5319325807894302e-09, 3.118720212635928e-11, 0.04347821697592735, 0.31474047899246216, 1.616956751604448e-06, 0.0032175525557249784, 0.31595370173454285, 0.00041759570012800395, 0.3221907913684845, 1.2543661664921046e-09], "malicious score": 0.3221907913684845, "camera": {}}, "MobileNetV2": {"clean acc": 86.79000129699708, "prediction": 6, "poisons predictions": [8, 8, 2, 8, 3, 6, 8], "scores": [5.373268052721869e-08, 1.4813709200799555e-21, 9.378890893085856e-13, 6.876422048662789e-06, 4.507033329870816e-28, 1.0308720890805922e-11, 0.9999866485595703, 2.5142510147718733e-21, 7.338127943512518e-06, 3.2136864280829514e-09], "malicious score": 7.338127943512518e-06, "camera": {}}, "ResNet18": {"clean acc": 92.47000198364258, "prediction": 8, "poisons predictions": [8, 8, 8, 8, 8, 8, 8], "scores": [4.818011018888318e-22, 1.430499196430901e-06, 2.460460881667818e-15, 0.0004384580533951521, 1.5453207257956667e-20, 6.446344347210697e-09, 0.325678288936615, 4.849665963680815e-17, 0.6738818287849426, 7.339706699562847e-20], "malicious score": 0.6738818287849426, "camera": {}}, "DenseNet121": {"clean acc": 93.25000190734863, "prediction": 6, "poisons predictions": [8, 8, 8, 8, 8, 8, 8], "scores": [8.262739356723614e-06, 3.5425347779942276e-16, 1.0664172123142635e-07, 0.0012492580572143197, 3.7611483372224086e-11, 0.000282339722616598, 0.5950103402137756, 4.1487424940587375e-16, 0.4034498333930969, 1.7994415636365946e-12], "malicious score": 0.4034498333930969, "camera": {}}}}}}, "poison_idx_list": [213, 225, 227, 247, 249, 253, 261]}