{"args": "Namespace(device='cuda', dset_path='datasets', end2end=False, eval_poisons_root='attack-results-10poisons/100-overlap/linear-transfer-learning/mean/800', gpu='1', lr_decay_epoch=[30, 45], model_resume_path='model-chks', num_per_class=50, poison_label=8, retrain_bsize=64, retrain_epochs=60, retrain_lr=0.1, retrain_momentum=0.9, retrain_opt='adam', retrain_wd=0, subset_group=0, target_camera=True, target_index_end=31, target_index_start=30, target_index_step=1, target_label=6, target_net=['DPN92', 'SENet18', 'ResNet50', 'ResNeXt29_2x64d', 'GoogLeNet', 'MobileNetV2', 'ResNet18', 'DenseNet121'], target_print_size=[2, 4], test_chk_name='ckpt-%s-4800.t7', train_data_path='datasets/CIFAR10_TRAIN_Split.pth')", "poison_label": 8, "target_label": 6, "targets": {"30": {}, "30": {"800": {"time": 425.0, "coeffs_time": 0, "poisons_time": 4, "target_loss": 0.0014118078397586942, "total_loss": 0.05605567246675491, "coeff_list": [[0.10000000149011612, 0.10000000149011612, 0.10000000149011612, 0.10000000149011612, 0.10000000149011612, 0.10000000149011612, 0.10000000149011612, 0.10000000149011612, 0.10000000149011612, 0.10000000149011612], [0.10000000149011612, 0.10000000149011612, 0.10000000149011612, 0.10000000149011612, 0.10000000149011612, 0.10000000149011612, 0.10000000149011612, 0.10000000149011612, 0.10000000149011612, 0.10000000149011612], [0.10000000149011612, 0.10000000149011612, 0.10000000149011612, 0.10000000149011612, 0.10000000149011612, 0.10000000149011612, 0.10000000149011612, 0.10000000149011612, 0.10000000149011612, 0.10000000149011612], [0.10000000149011612, 0.10000000149011612, 0.10000000149011612, 0.10000000149011612, 0.10000000149011612, 0.10000000149011612, 0.10000000149011612, 0.10000000149011612, 0.10000000149011612, 0.10000000149011612], [0.10000000149011612, 0.10000000149011612, 0.10000000149011612, 0.10000000149011612, 0.10000000149011612, 0.10000000149011612, 0.10000000149011612, 0.10000000149011612, 0.10000000149011612, 0.10000000149011612], [0.10000000149011612, 0.10000000149011612, 0.10000000149011612, 0.10000000149011612, 0.10000000149011612, 0.10000000149011612, 0.10000000149011612, 0.10000000149011612, 0.10000000149011612, 0.10000000149011612], [0.10000000149011612, 0.10000000149011612, 0.10000000149011612, 0.10000000149011612, 0.10000000149011612, 0.10000000149011612, 0.10000000149011612, 0.10000000149011612, 0.10000000149011612, 0.10000000149011612], [0.10000000149011612, 0.10000000149011612, 0.10000000149011612, 0.10000000149011612, 0.10000000149011612, 0.10000000149011612, 0.10000000149011612, 0.10000000149011612, 0.10000000149011612, 0.10000000149011612], [0.10000000149011612, 0.10000000149011612, 0.10000000149011612, 0.10000000149011612, 0.10000000149011612, 0.10000000149011612, 0.10000000149011612, 0.10000000149011612, 0.10000000149011612, 0.10000000149011612], [0.10000000149011612, 0.10000000149011612, 0.10000000149011612, 0.10000000149011612, 0.10000000149011612, 0.10000000149011612, 0.10000000149011612, 0.10000000149011612, 0.10000000149011612, 0.10000000149011612], [0.10000000149011612, 0.10000000149011612, 0.10000000149011612, 0.10000000149011612, 0.10000000149011612, 0.10000000149011612, 0.10000000149011612, 0.10000000149011612, 0.10000000149011612, 0.10000000149011612], [0.10000000149011612, 0.10000000149011612, 0.10000000149011612, 0.10000000149011612, 0.10000000149011612, 0.10000000149011612, 0.10000000149011612, 0.10000000149011612, 0.10000000149011612, 0.10000000149011612], [0.10000000149011612, 0.10000000149011612, 0.10000000149011612, 0.10000000149011612, 0.10000000149011612, 0.10000000149011612, 0.10000000149011612, 0.10000000149011612, 0.10000000149011612, 0.10000000149011612], [0.10000000149011612, 0.10000000149011612, 0.10000000149011612, 0.10000000149011612, 0.10000000149011612, 0.10000000149011612, 0.10000000149011612, 0.10000000149011612, 0.10000000149011612, 0.10000000149011612], [0.10000000149011612, 0.10000000149011612, 0.10000000149011612, 0.10000000149011612, 0.10000000149011612, 0.10000000149011612, 0.10000000149011612, 0.10000000149011612, 0.10000000149011612, 0.10000000149011612], [0.10000000149011612, 0.10000000149011612, 0.10000000149011612, 0.10000000149011612, 0.10000000149011612, 0.10000000149011612, 0.10000000149011612, 0.10000000149011612, 0.10000000149011612, 0.10000000149011612], [0.10000000149011612, 0.10000000149011612, 0.10000000149011612, 0.10000000149011612, 0.10000000149011612, 0.10000000149011612, 0.10000000149011612, 0.10000000149011612, 0.10000000149011612, 0.10000000149011612], [0.10000000149011612, 0.10000000149011612, 0.10000000149011612, 0.10000000149011612, 0.10000000149011612, 0.10000000149011612, 0.10000000149011612, 0.10000000149011612, 0.10000000149011612, 0.10000000149011612]], "coeff_list_in_victim": [[0.0, 0.0, 0.0, 0.0, 0.10450997948646545, 0.0, 0.13778655230998993, 0.0, 0.757703423500061, 0.0]], "victims": {"DPN92": {"clean acc": 91.97000198364258, "prediction": 8, "poisons predictions": [8, 8, 8, 8, 6, 8, 8, 8, 8, 8], "scores": [4.617304316667514e-09, 1.5413154668116676e-15, 2.2799526898029448e-36, 7.217738212661473e-11, 7.659871575220958e-23, 1.6294609173191013e-18, 0.09633644670248032, 0.0, 0.9036625623703003, 0.0], "malicious score": 0.9036625623703003, "camera": {"2": {"prediction": 3, "scores": [4.5066506543277665e-15, 1.621013487178594e-22, 1.6157938256481939e-18, 0.9863214492797852, 6.431201057810476e-13, 0.013377969153225422, 0.0003003562451340258, 8.910576674948647e-41, 7.58071231655999e-13, 1.2590543667504898e-32], "malicious score": 7.58071231655999e-13}, "4": {"prediction": 6, "scores": [1.5543622094191072e-14, 9.684506827136512e-29, 3.744085804572245e-18, 0.25915414094924927, 7.128846971559636e-15, 0.2791796326637268, 0.4616662859916687, 0.0, 6.110878540384682e-14, 1.6568765066395439e-34], "malicious score": 6.110878540384682e-14}}}, "SENet18": {"clean acc": 90.80000152587891, "prediction": 8, "poisons predictions": [8, 8, 8, 8, 6, 8, 6, 8, 6, 8], "scores": [6.399133826995307e-12, 1.2215671413883309e-22, 3.980632663769246e-12, 3.606708542935877e-10, 2.201017146319373e-11, 1.6151363016123077e-12, 0.042408838868141174, 8.580462754990757e-20, 0.9575905799865723, 4.2227150063080886e-17], "malicious score": 0.9575905799865723, "camera": {"2": {"prediction": 8, "scores": [5.870024615953803e-16, 7.960642202507603e-28, 1.4376611880140278e-12, 2.5468422037988603e-08, 2.591800038476144e-11, 5.238539602103742e-10, 4.930602131025807e-07, 1.7876480511207159e-25, 1.0, 1.3908910974670132e-15], "malicious score": 1.0}, "4": {"prediction": 8, "scores": [5.358232486146178e-16, 2.270501441114959e-28, 7.59103283703988e-12, 7.070876222314837e-07, 1.0634850777790916e-09, 2.7181320660929487e-07, 3.2513157748326194e-06, 4.1552151172820474e-26, 0.9999961853027344, 1.7880136390577284e-13], "malicious score": 0.9999961853027344}}}, "ResNet50": {"clean acc": 93.97000160217286, "prediction": 8, "poisons predictions": [8, 8, 8, 8, 8, 8, 8, 8, 8, 8], "scores": [7.006492321624085e-45, 2.5840364071688924e-40, 0.0, 0.0, 5.590693781309821e-38, 7.006492321624085e-45, 0.07595155388116837, 0.0, 0.9240483045578003, 3.039416369120528e-42], "malicious score": 0.9240483045578003, "camera": {"2": {"prediction": 8, "scores": [8.805619419970718e-41, 3.3971038183961505e-30, 2.543149544784577e-37, 4.5998916308302995e-35, 8.558638598739555e-32, 3.3129198213166107e-23, 0.0007337862625718117, 5.6460066750727286e-39, 0.9992659687995911, 1.68802568642488e-30], "malicious score": 0.9992659687995911}, "4": {"prediction": 8, "scores": [9.589662681500474e-36, 2.1260452205953075e-25, 4.0590093236330154e-32, 3.9490633786270184e-29, 1.3807492513097635e-26, 1.5026911667575214e-14, 0.0007376501453109086, 7.929375019972482e-33, 0.9992621541023254, 3.3423151550886225e-25], "malicious score": 0.9992621541023254}}}, "ResNeXt29_2x64d": {"clean acc": 92.84000129699707, "prediction": 8, "poisons predictions": [8, 8, 8, 8, 8, 8, 8, 8, 8, 8],