{"args": "Namespace(device='cuda', dset_path='datasets', end2end=False, eval_poisons_root='attack-results-3poisons/100-overlap/linear-transfer-learning/mean/800', gpu='0', lr_decay_epoch=[30, 45], model_resume_path='model-chks', num_per_class=50, poison_label=8, retrain_bsize=64, retrain_epochs=60, retrain_lr=0.1, retrain_momentum=0.9, retrain_opt='adam', retrain_wd=0, subset_group=0, target_camera=True, target_index_end=35, target_index_start=34, target_index_step=1, target_label=6, target_net=['DPN92', 'SENet18', 'ResNet50', 'ResNeXt29_2x64d', 'GoogLeNet', 'MobileNetV2', 'ResNet18', 'DenseNet121'], target_print_size=[2, 4], test_chk_name='ckpt-%s-4800.t7', train_data_path='datasets/CIFAR10_TRAIN_Split.pth')", "poison_label": 8, "target_label": 6, "targets": {"34": {}, "34": {"800": {"time": 336.0, "coeffs_time": 0, "poisons_time": 4, "target_loss": 0.020678360015153885, "total_loss": 0.11002451926469803, "coeff_list": [[0.3333333432674408, 0.3333333432674408, 0.3333333432674408], [0.3333333432674408, 0.3333333432674408, 0.3333333432674408], [0.3333333432674408, 0.3333333432674408, 0.3333333432674408], [0.3333333432674408, 0.3333333432674408, 0.3333333432674408], [0.3333333432674408, 0.3333333432674408, 0.3333333432674408], [0.3333333432674408, 0.3333333432674408, 0.3333333432674408], [0.3333333432674408, 0.3333333432674408, 0.3333333432674408], [0.3333333432674408, 0.3333333432674408, 0.3333333432674408], [0.3333333432674408, 0.3333333432674408, 0.3333333432674408], [0.3333333432674408, 0.3333333432674408, 0.3333333432674408], [0.3333333432674408, 0.3333333432674408, 0.3333333432674408], [0.3333333432674408, 0.3333333432674408, 0.3333333432674408], [0.3333333432674408, 0.3333333432674408, 0.3333333432674408], [0.3333333432674408, 0.3333333432674408, 0.3333333432674408], [0.3333333432674408, 0.3333333432674408, 0.3333333432674408], [0.3333333432674408, 0.3333333432674408, 0.3333333432674408], [0.3333333432674408, 0.3333333432674408, 0.3333333432674408], [0.3333333432674408, 0.3333333432674408, 0.3333333432674408]], "coeff_list_in_victim": [[0.13581246137619019, 0.37366384267807007, 0.49052372574806213]], "victims": {"DPN92": {"clean acc": 92.58000144958496, "prediction": 8, "poisons predictions": [8, 8, 8], "scores": [1.8268175167035494e-11, 2.770899939144177e-16, 3.426245684607636e-36, 2.5801163980386337e-14, 6.30629538467559e-31, 1.2508836451868106e-15, 0.13090801239013672, 4.2549964475132693e-29, 0.8690934777259827, 0.0], "malicious score": 0.8690934777259827, "camera": {"2": {"prediction": 6, "scores": [2.969791604868255e-18, 1.020652827657962e-31, 0.0, 7.48942334606294e-24, 7.687383245439514e-41, 1.2574809649543856e-23, 1.0, 1.4055023597177915e-42, 8.978354423317715e-15, 0.0], "malicious score": 8.978354423317715e-15}, "4": {"prediction": 6, "scores": [2.8765437412103052e-18, 4.0131632924643634e-30, 0.0, 7.462615485920814e-24, 1.083196706430762e-39, 3.8373119526186574e-23, 1.0, 1.2932914233691317e-38, 3.8108639507927755e-12, 0.0], "malicious score": 3.8108639507927755e-12}}}, "SENet18": {"clean acc": 91.2000015258789, "prediction": 8, "poisons predictions": [8, 8, 6], "scores": [6.797770346622656e-09, 1.38813053982161e-21, 5.6556931989255876e-14, 4.57473156578736e-11, 7.13380599037805e-09, 1.2331095346207466e-12, 0.32957321405410767, 1.3448663711378687e-16, 0.670427680015564, 3.3058082929140864e-18], "malicious score": 0.670427680015564, "camera": {"2": {"prediction": 6, "scores": [2.52191083500216e-14, 5.354205645292175e-24, 3.5795695747574584e-21, 7.198911842890617e-16, 3.2407809769097184e-10, 1.5765972478010062e-15, 0.9999656677246094, 3.2802381344286456e-22, 3.62963619409129e-05, 4.449496603389368e-21], "malicious score": 3.62963619409129e-05}, "4": {"prediction": 6, "scores": [1.4157746155984974e-12, 2.257665384676767e-22, 2.7302925840827646e-17, 2.5497971789523177e-12, 4.110581031113725e-08, 7.413051075766397e-12, 0.9974340796470642, 1.946558899081291e-19, 0.0025666526053100824, 2.7649645212024148e-17], "malicious score": 0.0025666526053100824}}}, "ResNet50": {"clean acc": 93.39000091552734, "prediction": 8, "poisons predictions": [8, 8, 8], "scores": [3.108228688455091e-36, 7.723016359621383e-37, 7.985182401858986e-29, 5.759150099156339e-22, 0.0, 1.1167273503796156e-20, 0.0020438330247998238, 1.5634658021337027e-34, 0.9979555010795593, 2.4287979565865207e-25], "malicious score": 0.9979555010795593, "camera": {"2": {"prediction": 6, "scores": [1.742346484572191e-38, 2.1697422359315674e-38, 1.9624382335249049e-28, 2.9420313545613767e-25, 0.0, 2.2651977567659537e-21, 1.0, 1.4060628791035214e-41, 2.2058904391997203e-07, 3.1106199526037104e-24], "malicious score": 2.2058904391997203e-07}, "4": {"prediction": 6, "scores": [8.915974844333943e-35, 2.5293277250536245e-34, 4.239091215252858e-27, 1.4528675959041181e-22, 3.279038406520072e-43, 6.245307328829125e-20, 0.9993536472320557, 1.1853714198636626e-36, 0.0006467932253144681, 3.2822175315902516e-21], "malicious score": 0.0006467932253144681}}}, "ResNeXt29_2x64d": {"clean acc": 93.26000137329102, "prediction": 8, "poisons predictions": [8, 8, 8], "scores": [8.469336749928821e-14, 2.624145922378653e-16, 8.026857358345296e-06, 0.009815527126193047, 2.5196488868881276e-27, 2.7743598569754738e-15, 6.582031346624717e-05, 4.111537776907426e-08, 0.9901105165481567, 5.659715024682895e-19], "malicious score": 0.9901105165481567, "camera": {"2": {"prediction": 6, "scores": [5.560013763956165e-27, 1.4310502581889617e-25, 1.160808255751657e-15, 1.4567430378295554e-12, 1.8350143520179912e-40, 5.22895898823114e-24, 1.0, 4.0146373210028934e-28, 3.2979619035700125e-10, 1.5866726995892043e-23], "malicious score": 3.2979619035700125e-10}, "4": {"prediction": 6, "scores": [3.161935504371909e-22, 4.265670681673995e-23, 6.109468399934093e-14, 7.350808156614264e-11, 7.871055990163304e-34, 4.595071020793324e-19, 0.9999961853027344, 9.919651485776951e-22, 4.79615528092836e-06, 5.487048826630693e-19], "malicious score": 4.79615528092836e-06}}}, "GoogLeNet": {"clean acc": 91.98000106811523, "prediction": 6, "poisons predictions": [8, 8, 8], "scores": [5.750625131173163e-17, 2.4745898039024716e-11, 1.9203555412516948e-10, 3.9527963124896814e-09, 7.595191972098805e-15, 1.1155010248842245e-09, 0.9985876679420471, 4.7598685341654345e-05, 0.0013654209906235337, 2.0713625330611623e-15], "malicious score": 0.0013654209906235337, "camera": {"2": {"prediction": 6, "scores": [6.157407989162549e-18, 1.3668765555183149e-12, 9.730690645609608e-13, 1.486233691672112e-09, 1.6111939527777702e-13, 2.465653514693855e-10, 0.9999980926513672, 2.8161992737807395e-09, 2.3905049602035433e-06, 4.532474888944537e-16], "malicious score": 2.3905049602035433e-06}, "4": {"prediction": 6, "scores": [5.02806645484474e-16, 3.3841683795554633e-12, 2.7995754603438172e-09, 8.940812108448881e-07, 8.384740818323522e-11, 2.8402625957824057e-06, 0.9998779296875, 3.0041533705116308e-09, 0.00011820108920801431, 4.302432108499454e-12], "malicious score": 0.00011820108920801431}}}, "MobileNetV2": {"clean acc": 86.7400016784668, "prediction": 8, "poisons predictions": [6, 8, 6], "scores": [5.320631046856761e-09, 3.1611664397246386e-09, 0.0008290926925837994, 0.00022251484915614128, 7.687188678241917e-29, 8.288822783697469e-08, 2.801391929097008e-05, 3.0700626502816464e-12, 0.9989210367202759, 1.816499159614977e-25], "malicious score": 0.9989210367202759, "camera": {"2": {"prediction": 6, "scores": [8.072540032266762e-12, 8.169135640719582e-18, 3.1445750892089563e-07, 0.0008157127304002643, 1.8783715320067694e-23, 8.355024192496785e-07, 0.9991248846054077, 4.870809091890409e-14, 5.866195715498179e-05, 1.556675864307342e-26], "malicious score": 5.866195715498179e-05}, "4": {"prediction": 6, "scores": [8.094303005634629e-10, 3.3511575133794713e-13, 0.0005328027764335275, 0.050077974796295166, 9.825072261834317e-25, 0.00013911150745116174, 0.9490301012992859, 2.5756897615046353e-15, 0.00022062136849854141, 1.449127213815279e-20],