{"args": "Namespace(device='cuda', dset_path='datasets', end2end=False, eval_poisons_root='attack-results-eps0.03/100-overlap/linear-transfer-learning/mean/800', gpu='2', lr_decay_epoch=[30, 45], model_resume_path='model-chks', num_per_class=50, poison_label=8, retrain_bsize=64, retrain_epochs=60, retrain_lr=0.1, retrain_momentum=0.9, retrain_opt='adam', retrain_wd=0, subset_group=0, target_camera=True, target_index_end=32, target_index_start=31, target_index_step=1, target_label=6, target_net=['DPN92', 'SENet18', 'ResNet50', 'ResNeXt29_2x64d', 'GoogLeNet', 'MobileNetV2', 'ResNet18', 'DenseNet121'], target_print_size=[2, 4], test_chk_name='ckpt-%s-4800.t7', train_data_path='datasets/CIFAR10_TRAIN_Split.pth')", "poison_label": 8, "target_label": 6, "targets": {"31": {}, "31": {"800": {"time": 372.0, "coeffs_time": 0, "poisons_time": 4, "target_loss": 0.007856417447328568, "total_loss": 0.13356609642505646, "coeff_list": [[0.20000000298023224, 0.20000000298023224, 0.20000000298023224, 0.20000000298023224, 0.20000000298023224], [0.20000000298023224, 0.20000000298023224, 0.20000000298023224, 0.20000000298023224, 0.20000000298023224], [0.20000000298023224, 0.20000000298023224, 0.20000000298023224, 0.20000000298023224, 0.20000000298023224], [0.20000000298023224, 0.20000000298023224, 0.20000000298023224, 0.20000000298023224, 0.20000000298023224], [0.20000000298023224, 0.20000000298023224, 0.20000000298023224, 0.20000000298023224, 0.20000000298023224], [0.20000000298023224, 0.20000000298023224, 0.20000000298023224, 0.20000000298023224, 0.20000000298023224], [0.20000000298023224, 0.20000000298023224, 0.20000000298023224, 0.20000000298023224, 0.20000000298023224], [0.20000000298023224, 0.20000000298023224, 0.20000000298023224, 0.20000000298023224, 0.20000000298023224], [0.20000000298023224, 0.20000000298023224, 0.20000000298023224, 0.20000000298023224, 0.20000000298023224], [0.20000000298023224, 0.20000000298023224, 0.20000000298023224, 0.20000000298023224, 0.20000000298023224], [0.20000000298023224, 0.20000000298023224, 0.20000000298023224, 0.20000000298023224, 0.20000000298023224], [0.20000000298023224, 0.20000000298023224, 0.20000000298023224, 0.20000000298023224, 0.20000000298023224], [0.20000000298023224, 0.20000000298023224, 0.20000000298023224, 0.20000000298023224, 0.20000000298023224], [0.20000000298023224, 0.20000000298023224, 0.20000000298023224, 0.20000000298023224, 0.20000000298023224], [0.20000000298023224, 0.20000000298023224, 0.20000000298023224, 0.20000000298023224, 0.20000000298023224], [0.20000000298023224, 0.20000000298023224, 0.20000000298023224, 0.20000000298023224, 0.20000000298023224], [0.20000000298023224, 0.20000000298023224, 0.20000000298023224, 0.20000000298023224, 0.20000000298023224], [0.20000000298023224, 0.20000000298023224, 0.20000000298023224, 0.20000000298023224, 0.20000000298023224]], "coeff_list_in_victim": [[0.05603727325797081, 0.4394190311431885, 0.007539432495832443, 0.25278228521347046, 0.24422197043895721]], "victims": {"DPN92": {"clean acc": 92.02000160217285, "prediction": 8, "poisons predictions": [8, 8, 8, 8, 8], "scores": [1.3456583696587066e-21, 2.2766122745871537e-16, 2.9455845271183213e-37, 5.3472821864791394e-18, 6.268404873211408e-22, 5.21220359244923e-19, 0.3108794093132019, 5.457637129005865e-41, 0.6891191005706787, 0.0], "malicious score": 0.6891191005706787, "camera": {"2": {"prediction": 8, "scores": [2.816058935615203e-32, 4.900170385878914e-18, 2.370451319834498e-20, 3.692737777782895e-07, 3.878274412727478e-08, 3.437034320086241e-05, 0.029373222962021828, 1.4461400151832112e-41, 0.9705929756164551, 8.127531093083939e-44], "malicious score": 0.9705929756164551}, "4": {"prediction": 8, "scores": [5.916170497508446e-33, 1.9905778323661832e-19, 1.683404150335903e-20, 2.561172607329354e-09, 2.3679122898578875e-12, 9.628338375478052e-07, 9.918583236867562e-05, 4.566831695234579e-42, 0.9999008178710938, 1.961817850054744e-43], "malicious score": 0.9999008178710938}}}, "SENet18": {"clean acc": 91.44000129699707, "prediction": 6, "poisons predictions": [6, 6, 6, 8, 6], "scores": [1.7285777437247088e-14, 7.969182098427752e-20, 2.3094274936852344e-08, 3.6598321595526784e-10, 1.5275174973794492e-06, 2.512760888251364e-09, 0.9770641922950745, 1.823267370286321e-18, 0.022933993488550186, 2.4002978424308985e-12], "malicious score": 0.022933993488550186, "camera": {"2": {"prediction": 6, "scores": [7.779163293077703e-15, 8.048195613336329e-25, 8.501380079906085e-07, 1.0785324633388882e-08, 1.5520289764481277e-07, 1.6556719856453128e-05, 0.999662458896637, 2.678286907913534e-20, 0.0003201128856744617, 3.5680716159447456e-09], "malicious score": 0.0003201128856744617}, "4": {"prediction": 6, "scores": [2.2298392211188896e-15, 2.830443713140679e-27, 5.382807047316085e-12, 2.5127958380721793e-08, 2.1041719264758285e-06, 8.942641215980984e-06, 0.999641478061676, 4.135376103680451e-23, 0.00034808588679879904, 2.738478714625625e-11], "malicious score": 0.00034808588679879904}}}, "ResNet50": {"clean acc": 93.09000129699707, "prediction": 6, "poisons predictions": [6, 8, 8, 6, 8], "scores": [7.377620717512189e-30, 9.514911861061082e-39, 2.6661788370679583e-26, 1.0476280407678646e-36, 2.0361988450050514e-33, 0.0, 0.994817852973938, 2.206545885353899e-21, 0.0051819137297570705, 1.4293426208481911e-25], "malicious score": 0.0051819137297570705, "camera": {"2": {"prediction": 8, "scores": [3.3929035723452816e-25, 4.559928898999315e-38, 5.263780242883295e-32, 2.1780054777513537e-27, 7.53816930049934e-19, 6.0233242792644675e-37, 9.281231905333698e-05, 6.519998418523824e-15, 0.9999065399169922, 2.706637121079157e-18], "malicious score": 0.9999065399169922}, "4": {"prediction": 8, "scores": [3.2146671561282884e-24, 3.224738091027485e-39, 3.832263927748524e-31, 3.2730502320115e-30, 2.5186750981896465e-22, 1.331667943632517e-40, 0.02640995755791664, 4.53460200043333e-16, 0.9735910892486572, 6.349954852852003e-19], "malicious score": 0.9735910892486572}}}, "ResNeXt29_2x64d": {"clean acc": 92.66000175476074, "prediction": 6, "poisons predictions": [8, 8, 8, 8, 8], "scores": [1.449719584993792e-19, 3.0128086673349805e-19, 1.293822965431346e-10, 7.047981122332292e-12, 7.54921782555031e-27, 7.089392007469941e-14, 0.9999685287475586, 1.2751620231229098e-21, 3.1616913474863395e-05, 4.268699617686247e-15], "malicious score": 3.1616913474863395e-05, "camera": {"2": {"prediction": 6, "scores": [6.885872247028039e-19, 1.855786759834654e-23, 1.0053569088341874e-11, 1.018261954754962e-07, 2.1063649414086727e-13, 1.7500727267361071e-07, 0.9999876022338867, 1.764355361335231e-26, 1.2315578715060838e-05, 7.518824972352345e-12], "malicious score": 1.2315578715060838e-05}, "4": {"prediction": 6, "scores": [8.642256894910619e-19, 7.784704731116998e-25, 8.682689289774004e-11, 6.23374205588334e-08, 4.453816302429914e-07, 6.557296001119539e-05, 0.9999294281005859, 3.8102230213360015e-24, 4.344517947174609e-06, 1.450769088195969e-10], "malicious score": 4.344517947174609e-06}}}, "GoogLeNet": {"clean acc": 92.13000144958497, "prediction": 6, "poisons predictions": [6, 8, 8, 6, 8], "scores": [2.9034853948201045e-12, 8.788336458565027e-08, 1.0605464240143192e-06, 0.0001483364321757108, 2.9778257637502747e-09, 6.224300159374252e-05, 0.9853455424308777, 8.430420734839572e-07, 0.01444177981466055, 5.12881681569155e-10], "malicious score": 0.01444177981466055, "camera": {"2": {"prediction": 3, "scores": [7.079677399879358e-10, 2.6026516497523744e-09, 0.0002929871843662113, 0.5431930422782898, 0.0008155867108143866, 0.4478379786014557, 0.007860044948756695, 1.3581750470375437e-13, 1.3769746232128455e-08, 5.095010919831111e-07], "malicious score": 1.3769746232128455e-08}, "4": {"prediction": 5, "scores": [4.404121234369285e-10, 1.8026105608193177e-10, 9.339238022221252e-05, 0.013132108375430107, 0.003438083454966545, 0.9587268829345703, 0.02459569089114666, 4.4478754013255184e-10, 1.104484726965893e-05, 2.9775405891996343e-06],