{"args": "Namespace(device='cuda', dset_path='datasets', end2end=False, eval_poisons_root='attack-results-eps0.05/100-overlap/linear-transfer-learning/mean/800', gpu='2', lr_decay_epoch=[30, 45], model_resume_path='model-chks', num_per_class=50, poison_label=8, retrain_bsize=64, retrain_epochs=60, retrain_lr=0.1, retrain_momentum=0.9, retrain_opt='adam', retrain_wd=0, subset_group=0, target_camera=True, target_index_end=43, target_index_start=42, target_index_step=1, target_label=6, target_net=['DPN92', 'SENet18', 'ResNet50', 'ResNeXt29_2x64d', 'GoogLeNet', 'MobileNetV2', 'ResNet18', 'DenseNet121'], target_print_size=[2, 4], test_chk_name='ckpt-%s-4800.t7', train_data_path='datasets/CIFAR10_TRAIN_Split.pth')", "poison_label": 8, "target_label": 6, "targets": {"42": {}, "42": {"800": {"time": 492.0, "coeffs_time": 0, "poisons_time": 6, "target_loss": 0.007577863987535238, "total_loss": 0.0899512767791748, "coeff_list": [[0.20000000298023224, 0.20000000298023224, 0.20000000298023224, 0.20000000298023224, 0.20000000298023224], [0.20000000298023224, 0.20000000298023224, 0.20000000298023224, 0.20000000298023224, 0.20000000298023224], [0.20000000298023224, 0.20000000298023224, 0.20000000298023224, 0.20000000298023224, 0.20000000298023224], [0.20000000298023224, 0.20000000298023224, 0.20000000298023224, 0.20000000298023224, 0.20000000298023224], [0.20000000298023224, 0.20000000298023224, 0.20000000298023224, 0.20000000298023224, 0.20000000298023224], [0.20000000298023224, 0.20000000298023224, 0.20000000298023224, 0.20000000298023224, 0.20000000298023224], [0.20000000298023224, 0.20000000298023224, 0.20000000298023224, 0.20000000298023224, 0.20000000298023224], [0.20000000298023224, 0.20000000298023224, 0.20000000298023224, 0.20000000298023224, 0.20000000298023224], [0.20000000298023224, 0.20000000298023224, 0.20000000298023224, 0.20000000298023224, 0.20000000298023224], [0.20000000298023224, 0.20000000298023224, 0.20000000298023224, 0.20000000298023224, 0.20000000298023224], [0.20000000298023224, 0.20000000298023224, 0.20000000298023224, 0.20000000298023224, 0.20000000298023224], [0.20000000298023224, 0.20000000298023224, 0.20000000298023224, 0.20000000298023224, 0.20000000298023224], [0.20000000298023224, 0.20000000298023224, 0.20000000298023224, 0.20000000298023224, 0.20000000298023224], [0.20000000298023224, 0.20000000298023224, 0.20000000298023224, 0.20000000298023224, 0.20000000298023224], [0.20000000298023224, 0.20000000298023224, 0.20000000298023224, 0.20000000298023224, 0.20000000298023224], [0.20000000298023224, 0.20000000298023224, 0.20000000298023224, 0.20000000298023224, 0.20000000298023224], [0.20000000298023224, 0.20000000298023224, 0.20000000298023224, 0.20000000298023224, 0.20000000298023224], [0.20000000298023224, 0.20000000298023224, 0.20000000298023224, 0.20000000298023224, 0.20000000298023224]], "coeff_list_in_victim": [[0.13725748658180237, 0.10654143244028091, 0.011556694284081459, 0.0, 0.7446443438529968]], "victims": {"DPN92": {"clean acc": 92.62000122070313, "prediction": 6, "poisons predictions": [8, 8, 6, 8, 6], "scores": [1.0685335925815278e-24, 1.577263359804683e-17, 6.954099005185629e-37, 4.536196010560944e-15, 4.094099986802096e-28, 1.78390763519921e-18, 0.9728374481201172, 1.2692204788683458e-39, 0.027163200080394745, 0.0], "malicious score": 0.027163200080394745, "camera": {}}, "SENet18": {"clean acc": 91.58000144958496, "prediction": 6, "poisons predictions": [8, 8, 8, 8, 6], "scores": [6.986971445854806e-09, 3.8848649991374273e-11, 2.4088684606043964e-13, 2.0700240133120218e-11, 9.104502964873973e-07, 3.304201327152846e-14, 0.9864662885665894, 2.693605321429926e-12, 0.013531921431422234, 8.659071283080837e-15], "malicious score": 0.013531921431422234, "camera": {}}, "ResNet50": {"clean acc": 92.59000205993652, "prediction": 8, "poisons predictions": [8, 8, 8, 8, 6], "scores": [4.096585164922447e-20, 1.2155492060321868e-34, 2.0509501162666806e-31, 6.775754345048686e-27, 2.235835038520833e-38, 3.0968696061578457e-43, 0.0012732221512123942, 2.6054083252710464e-35, 0.9987267255783081, 5.348196278204265e-12], "malicious score": 0.9987267255783081, "camera": {}}, "ResNeXt29_2x64d": {"clean acc": 92.9500015258789, "prediction": 6, "poisons predictions": [8, 8, 8, 8, 8], "scores": [1.0067349503611117e-18, 8.463674205927418e-09, 4.463825092031063e-15, 7.934645829266174e-09, 1.119596891392002e-37, 2.860913685322324e-20, 0.940725564956665, 2.5630102422663198e-20, 0.059274062514305115, 5.559561474377202e-22], "malicious score": 0.059274062514305115, "camera": {}}, "GoogLeNet": {"clean acc": 92.05000152587891, "prediction": 6, "poisons predictions": [8, 8, 8, 8, 6], "scores": [1.8947601867324955e-21, 1.5215036110208508e-18, 4.621513065359954e-14, 5.478305865835864e-06, 1.3733798820414478e-10, 5.210165454627713e-08, 0.9963094592094421, 2.0671074502139827e-23, 0.0036847000010311604, 1.3077489056391965e-14], "malicious score": 0.0036847000010311604, "camera": {}}, "MobileNetV2": {"clean acc": 86.55000228881836, "prediction": 6, "poisons predictions": [8, 8, 6, 8, 8], "scores": [6.873401587476069e-13, 1.001579485154829e-17, 9.614480401870431e-17, 5.9042715292889625e-05, 3.607696000125443e-23, 4.736208647493356e-11, 0.7158833146095276, 2.8820460015498217e-26, 0.28405678272247314, 4.903140998253745e-19], "malicious score": 0.28405678272247314, "camera": {}}, "ResNet18": {"clean acc": 92.77000198364257, "prediction": 6, "poisons predictions": [8, 8, 8, 6, 8], "scores": [1.2222075641671737e-19, 4.2205554508104384e-14, 2.2040625262262836e-15, 0.00011778721091104671, 4.444625608180681e-22, 3.6961778082655883e-10, 0.655857264995575, 2.9316720864889633e-15, 0.34402450919151306, 1.1636953966135546e-21], "malicious score": 0.34402450919151306, "camera": {}}, "DenseNet121": {"clean acc": 93.09000244140626, "prediction": 6, "poisons predictions": [8, 8, 8, 8, 8], "scores": [4.218560661684023e-06, 1.28226901319195e-10, 1.3882713867374719e-09, 1.0709842172218487e-05, 1.845976171921393e-08, 2.3150452761910856e-05, 0.6777876615524292, 4.553098976539877e-15, 0.32217440009117126, 2.159450396277407e-11], "malicious score": 0.32217440009117126, "camera": {}}}}}}, "poison_idx_list": [213, 225, 227, 247, 249]}