{"args": "Namespace(device='cuda', dset_path='datasets', end2end=False, eval_poisons_root='attack-results-eps0.05/100-overlap/linear-transfer-learning/mean/800', gpu='1', lr_decay_epoch=[30, 45], model_resume_path='model-chks', num_per_class=50, poison_label=8, retrain_bsize=64, retrain_epochs=60, retrain_lr=0.1, retrain_momentum=0.9, retrain_opt='adam', retrain_wd=0, subset_group=0, target_camera=True, target_index_end=22, target_index_start=21, target_index_step=1, target_label=6, target_net=['DPN92', 'SENet18', 'ResNet50', 'ResNeXt29_2x64d', 'GoogLeNet', 'MobileNetV2', 'ResNet18', 'DenseNet121'], target_print_size=[2, 4], test_chk_name='ckpt-%s-4800.t7', train_data_path='datasets/CIFAR10_TRAIN_Split.pth')", "poison_label": 8, "target_label": 6, "targets": {"21": {}, "21": {"800": {"time": 337.0, "coeffs_time": 0, "poisons_time": 4, "target_loss": 0.022333059459924698, "total_loss": 0.08477712422609329, "coeff_list": [[0.20000000298023224, 0.20000000298023224, 0.20000000298023224, 0.20000000298023224, 0.20000000298023224], [0.20000000298023224, 0.20000000298023224, 0.20000000298023224, 0.20000000298023224, 0.20000000298023224], [0.20000000298023224, 0.20000000298023224, 0.20000000298023224, 0.20000000298023224, 0.20000000298023224], [0.20000000298023224, 0.20000000298023224, 0.20000000298023224, 0.20000000298023224, 0.20000000298023224], [0.20000000298023224, 0.20000000298023224, 0.20000000298023224, 0.20000000298023224, 0.20000000298023224], [0.20000000298023224, 0.20000000298023224, 0.20000000298023224, 0.20000000298023224, 0.20000000298023224], [0.20000000298023224, 0.20000000298023224, 0.20000000298023224, 0.20000000298023224, 0.20000000298023224], [0.20000000298023224, 0.20000000298023224, 0.20000000298023224, 0.20000000298023224, 0.20000000298023224], [0.20000000298023224, 0.20000000298023224, 0.20000000298023224, 0.20000000298023224, 0.20000000298023224], [0.20000000298023224, 0.20000000298023224, 0.20000000298023224, 0.20000000298023224, 0.20000000298023224], [0.20000000298023224, 0.20000000298023224, 0.20000000298023224, 0.20000000298023224, 0.20000000298023224], [0.20000000298023224, 0.20000000298023224, 0.20000000298023224, 0.20000000298023224, 0.20000000298023224], [0.20000000298023224, 0.20000000298023224, 0.20000000298023224, 0.20000000298023224, 0.20000000298023224], [0.20000000298023224, 0.20000000298023224, 0.20000000298023224, 0.20000000298023224, 0.20000000298023224], [0.20000000298023224, 0.20000000298023224, 0.20000000298023224, 0.20000000298023224, 0.20000000298023224], [0.20000000298023224, 0.20000000298023224, 0.20000000298023224, 0.20000000298023224, 0.20000000298023224], [0.20000000298023224, 0.20000000298023224, 0.20000000298023224, 0.20000000298023224, 0.20000000298023224], [0.20000000298023224, 0.20000000298023224, 0.20000000298023224, 0.20000000298023224, 0.20000000298023224]], "coeff_list_in_victim": [[0.0, 0.21709665656089783, 0.0, 0.0, 0.7829033732414246]], "victims": {"DPN92": {"clean acc": 92.30000114440918, "prediction": 6, "poisons predictions": [8, 8, 8, 8, 6], "scores": [9.707477044429424e-10, 1.6031159012037596e-14, 1.967383807555042e-37, 1.3693795311011878e-15, 2.8045608092110284e-36, 1.9788980098683007e-24, 0.9998283386230469, 4.195024388968135e-37, 0.0001725085312500596, 0.0], "malicious score": 0.0001725085312500596, "camera": {"2": {"prediction": 6, "scores": [7.958035272426223e-12, 2.103805165490423e-15, 1.6701462307391447e-33, 7.81767012236756e-12, 4.3571926850517246e-31, 1.4232531658133336e-19, 1.0, 4.148375947817902e-40, 4.635093375782162e-07, 0.0], "malicious score": 4.635093375782162e-07}, "4": {"prediction": 6, "scores": [3.1680397194477905e-10, 8.844718564624996e-16, 7.069463490860732e-36, 5.383861759189479e-13, 8.341255567202142e-34, 8.54948011545828e-22, 0.9999980926513672, 1.9219929476986326e-40, 1.8733928754954832e-06, 0.0], "malicious score": 1.8733928754954832e-06}}}, "SENet18": {"clean acc": 90.82000198364258, "prediction": 6, "poisons predictions": [8, 8, 6, 8, 8], "scores": [5.7562670185973275e-09, 1.4425988865696127e-06, 1.7209849403855212e-14, 5.407213343744388e-09, 0.000755643704906106, 8.627620780342696e-14, 0.996317982673645, 1.5382130014174322e-09, 0.002924566389992833, 4.1236698022774235e-24], "malicious score": 0.002924566389992833, "camera": {"2": {"prediction": 6, "scores": [5.959051918580371e-07, 5.754645115985113e-08, 1.670303435494236e-13, 2.754235595148202e-07, 0.0007778569124639034, 1.1750002880395183e-11, 0.8600896000862122, 3.283112393059895e-10, 0.13913148641586304, 1.3546968223663668e-22], "malicious score": 0.13913148641586304}, "4": {"prediction": 8, "scores": [9.79383330559358e-05, 2.0600885441979244e-09, 8.857017631249894e-14, 4.944028475506457e-08, 0.00014837774506304413, 1.7583861883913032e-14, 0.0022502669598907232, 5.700139249498193e-10, 0.9975025653839111, 4.177085546322201e-25], "malicious score": 0.9975025653839111}}}, "ResNet50": {"clean acc": 93.17000198364258, "prediction": 8, "poisons predictions": [8, 8, 8, 8, 6], "scores": [1.80246481102562e-34, 4.175740638627157e-28, 7.370807501573109e-39, 8.795619902790707e-18, 3.0305760751911133e-31, 2.5100751743951583e-19, 0.3768455982208252, 1.2421211457766923e-21, 0.6231541037559509, 1.4211536142786928e-34], "malicious score": 0.6231541037559509, "camera": {"2": {"prediction": 6, "scores": [5.412404811524992e-31, 1.4524718993297548e-25, 3.2051334322545217e-36, 0.0020091617479920387, 2.1203874797533693e-29, 3.900642202764098e-15, 0.9941805005073547, 2.6551184525089357e-24, 0.003810165449976921, 2.3281428391617675e-28], "malicious score": 0.003810165449976921}, "4": {"prediction": 3, "scores": [3.5296741063696123e-34, 2.5594740366501446e-27, 8.129138102162827e-38, 0.7779234051704407, 1.6719255985785035e-32, 2.828889969518702e-19, 0.2201920598745346, 6.065969966302676e-26, 0.0018850367050617933, 3.114752990554627e-31], "malicious score": 0.0018850367050617933}}}, "ResNeXt29_2x64d": {"clean acc": 92.83000144958496, "prediction": 8, "poisons predictions": [8, 8, 8, 8, 8], "scores": [4.77155216176855e-15, 2.6250987494869094e-11, 1.3495649740693626e-14, 1.8227810927307075e-10, 0.0, 5.125254569421784e-26, 0.05342116579413414, 1.3509206802660608e-20, 0.9465787410736084, 2.0576048317496904e-22], "malicious score": 0.9465787410736084, "camera": {"2": {"prediction": 6, "scores": [1.9843279919066516e-14, 2.395689757683783e-10, 7.449321541563858e-12, 0.021699288859963417, 4.56788641170215e-30, 1.7897987493473638e-16, 0.9783005714416504, 1.969457261764805e-21, 8.31777754228824e-07, 3.2941245218581397e-19], "malicious score": 8.31777754228824e-07}, "4": {"prediction": 6, "scores": [8.99669607475756e-15, 1.985605235788057e-09, 3.8684975904069996e-13, 0.04233456775546074, 1.23566452121715e-30, 3.103695602428339e-18, 0.9576508402824402, 1.1442339077809391e-22, 1.4741870472789742e-05, 1.569350645707759e-20], "malicious score": 1.4741870472789742e-05}}}, "GoogLeNet": {"clean acc": 92.26000099182129, "prediction": 6, "poisons predictions": [8, 8, 8, 8, 6], "scores": [1.0961814138690795e-12, 2.759392536688665e-08, 8.253842942451683e-09, 4.7553814511047676e-05, 1.5166957467727116e-08, 3.6452584026847035e-06, 0.6936164498329163, 1.7105403458117507e-05, 0.30631545186042786, 7.450565719935298e-10], "malicious score": 0.30631545186042786, "camera": {"2": {"prediction": 6, "scores": [1.0158660371240025e-11, 4.64591138893411e-08, 8.600743058195803e-06, 0.0022908810060471296, 4.064352197019616e-07, 0.0010844420175999403, 0.9965289235115051, 7.361426668239801e-08, 8.6450636445079e-05, 3.8574903271637595e-09], "malicious score": 8.6450636445079e-05}, "4": {"prediction": 6, "scores": [7.830978161933733e-13, 1.4271619441785788e-08, 1.691197212494444e-05, 0.0010741265723481774, 3.064089105464518e-05, 0.00021765277779195458, 0.9986371994018555, 2.752480440904037e-06, 2.062093699350953e-05, 2.5660853997244715e-10], "malicious score": 2.062093699350953e-05}}}, "MobileNetV2": {"clean acc": 86.80000152587891, "prediction": 6,