{"args": "Namespace(device='cuda', dset_path='datasets', end2end=False, eval_poisons_root='attack-results-eps0.01/100-overlap/linear-transfer-learning/mean/800', gpu='1', lr_decay_epoch=[30, 45], model_resume_path='model-chks', num_per_class=50, poison_label=8, retrain_bsize=64, retrain_epochs=60, retrain_lr=0.1, retrain_momentum=0.9, retrain_opt='adam', retrain_wd=0, subset_group=0, target_camera=True, target_index_end=18, target_index_start=17, target_index_step=1, target_label=6, target_net=['DPN92', 'SENet18', 'ResNet50', 'ResNeXt29_2x64d', 'GoogLeNet', 'MobileNetV2', 'ResNet18', 'DenseNet121'], target_print_size=[2, 4], test_chk_name='ckpt-%s-4800.t7', train_data_path='datasets/CIFAR10_TRAIN_Split.pth')", "poison_label": 8, "target_label": 6, "targets": {"17": {}, "17": {"800": {"time": 335.0, "coeffs_time": 0, "poisons_time": 4, "target_loss": 0.023024514317512512, "total_loss": 0.52703458070755, "coeff_list": [[0.20000000298023224, 0.20000000298023224, 0.20000000298023224, 0.20000000298023224, 0.20000000298023224], [0.20000000298023224, 0.20000000298023224, 0.20000000298023224, 0.20000000298023224, 0.20000000298023224], [0.20000000298023224, 0.20000000298023224, 0.20000000298023224, 0.20000000298023224, 0.20000000298023224], [0.20000000298023224, 0.20000000298023224, 0.20000000298023224, 0.20000000298023224, 0.20000000298023224], [0.20000000298023224, 0.20000000298023224, 0.20000000298023224, 0.20000000298023224, 0.20000000298023224], [0.20000000298023224, 0.20000000298023224, 0.20000000298023224, 0.20000000298023224, 0.20000000298023224], [0.20000000298023224, 0.20000000298023224, 0.20000000298023224, 0.20000000298023224, 0.20000000298023224], [0.20000000298023224, 0.20000000298023224, 0.20000000298023224, 0.20000000298023224, 0.20000000298023224], [0.20000000298023224, 0.20000000298023224, 0.20000000298023224, 0.20000000298023224, 0.20000000298023224], [0.20000000298023224, 0.20000000298023224, 0.20000000298023224, 0.20000000298023224, 0.20000000298023224], [0.20000000298023224, 0.20000000298023224, 0.20000000298023224, 0.20000000298023224, 0.20000000298023224], [0.20000000298023224, 0.20000000298023224, 0.20000000298023224, 0.20000000298023224, 0.20000000298023224], [0.20000000298023224, 0.20000000298023224, 0.20000000298023224, 0.20000000298023224, 0.20000000298023224], [0.20000000298023224, 0.20000000298023224, 0.20000000298023224, 0.20000000298023224, 0.20000000298023224], [0.20000000298023224, 0.20000000298023224, 0.20000000298023224, 0.20000000298023224, 0.20000000298023224], [0.20000000298023224, 0.20000000298023224, 0.20000000298023224, 0.20000000298023224, 0.20000000298023224], [0.20000000298023224, 0.20000000298023224, 0.20000000298023224, 0.20000000298023224, 0.20000000298023224], [0.20000000298023224, 0.20000000298023224, 0.20000000298023224, 0.20000000298023224, 0.20000000298023224]], "coeff_list_in_victim": [[0.0, 0.0, 0.06979051232337952, 0.9302095174789429, 0.0]], "victims": {"DPN92": {"clean acc": 92.76000213623047, "prediction": 6, "poisons predictions": [8, 8, 8, 8, 8], "scores": [1.918493242508735e-20, 4.2933642596978584e-35, 6.598390712508366e-37, 1.6006460548314224e-19, 2.4368807881622134e-33, 1.1783068676266755e-21, 1.0, 1.192715187910068e-40, 5.3453352448539285e-14, 0.0], "malicious score": 5.3453352448539285e-14, "camera": {"2": {"prediction": 6, "scores": [2.87584295379535e-17, 1.0586191416838712e-29, 8.69100984679328e-29, 1.1953309002332713e-11, 2.372457704773078e-29, 1.6654971937333872e-16, 1.0, 1.4352470339022087e-35, 5.686708157322251e-13, 0.0], "malicious score": 5.686708157322251e-13}, "4": {"prediction": 6, "scores": [8.822873022432491e-18, 1.9227538762007491e-31, 8.92074654783769e-33, 8.467911193478592e-15, 1.5315217791496215e-30, 1.8887219136637005e-19, 1.0, 1.0226676192642515e-41, 4.0766899540379056e-14, 0.0], "malicious score": 4.0766899540379056e-14}}}, "SENet18": {"clean acc": 91.73000144958496, "prediction": 6, "poisons predictions": [8, 8, 8, 8, 8], "scores": [1.0550780907287861e-24, 1.8284576326979551e-13, 7.328763681670139e-21, 1.0144195748841957e-15, 1.8757120856527365e-11, 3.484951294483063e-17, 1.0, 2.6388555958540434e-21, 8.183196308075846e-12, 4.73854517492322e-20], "malicious score": 8.183196308075846e-12, "camera": {"2": {"prediction": 6, "scores": [8.100281953711281e-17, 3.4352376629062653e-13, 4.4060632286751624e-17, 8.590356515014719e-08, 1.106015702134755e-06, 7.977061719510736e-12, 0.9991611242294312, 6.565490678766501e-17, 0.0008376226760447025, 4.0827085995841803e-16], "malicious score": 0.0008376226760447025}, "4": {"prediction": 6, "scores": [3.5828229633483347e-20, 1.9831211393634036e-14, 9.47823870918121e-19, 2.3707347196477713e-10, 6.158281884438566e-09, 2.446629867019351e-13, 0.9999980926513672, 2.089906972791258e-19, 1.1108422768302262e-06, 2.238572752844902e-17], "malicious score": 1.1108422768302262e-06}}}, "ResNet50": {"clean acc": 94.46000175476074, "prediction": 6, "poisons predictions": [8, 8, 8, 8, 8], "scores": [1.8054259349437727e-39, 2.0137818003928857e-33, 0.0, 3.742213357314119e-34, 1.5442757988164953e-30, 0.0, 1.0, 1.5476813466428076e-34, 3.0076098475248424e-17, 7.578460039920801e-31], "malicious score": 3.0076098475248424e-17, "camera": {"2": {"prediction": 6, "scores": [3.158845137132078e-32, 2.3627372974833035e-31, 1.555441295400547e-43, 6.082556312135049e-20, 1.0322953531236445e-21, 0.0, 1.0, 9.696045193803957e-28, 8.284993135987406e-09, 2.29721223141117e-21], "malicious score": 8.284993135987406e-09}, "4": {"prediction": 6, "scores": [1.3857504278393437e-35, 3.4736713826685994e-31, 4.0637655465419695e-44, 6.292965937588607e-21, 1.657486218695998e-23, 0.0, 1.0, 3.4604489332049004e-29, 1.1305532510164085e-08, 1.347399038577731e-22], "malicious score": 1.1305532510164085e-08}}}, "ResNeXt29_2x64d": {"clean acc": 93.37000312805176, "prediction": 6, "poisons predictions": [8, 8, 8, 8, 8], "scores": [6.552058809788448e-31, 1.8506958188169165e-09, 4.224929991778292e-21, 8.501602200006175e-12, 1.757160437965182e-35, 5.826816185455408e-29, 1.0, 1.4278123324353302e-31, 1.9798143680027636e-10, 6.52206979351253e-28], "malicious score": 1.9798143680027636e-10, "camera": {"2": {"prediction": 3, "scores": [3.872834295567016e-19, 5.9756868722615764e-05, 9.801800044089825e-15, 0.505973219871521, 2.9207795896861424e-21, 2.5169488837267606e-20, 0.4928426444530487, 5.396377940773576e-19, 0.0011243718909099698, 9.848162392457789e-15], "malicious score": 0.0011243718909099698}, "4": {"prediction": 6, "scores": [2.806911265106789e-24, 5.993890539457425e-08, 1.1422792512117916e-16, 0.0012877072440460324, 2.1842408700800457e-24, 3.2956278640564212e-22, 0.9987114667892456, 2.725672791365319e-24, 8.134066433740372e-07, 1.0283822669916245e-18], "malicious score": 8.134066433740372e-07}}}, "GoogLeNet": {"clean acc": 91.69000244140625, "prediction": 6, "poisons predictions": [8, 8, 8, 8, 8], "scores": [9.31771817363515e-16, 3.546464857895337e-11, 1.866306137410234e-10, 2.9634410481094164e-08, 1.36513348368561e-12, 2.1668171701350047e-09, 1.0, 1.758450940414491e-09, 3.5063712289229443e-07, 1.4529370590826818e-18], "malicious score": 3.5063712289229443e-07, "camera": {"2": {"prediction": 6, "scores": [1.1255618383878663e-15, 3.623648603401364e-11, 1.4761881494962381e-08, 1.9793333194684237e-06, 8.061580374606192e-13, 8.194775205083715e-07, 0.9999961853027344, 1.1011547576544878e-11, 8.127665296342457e-08, 3.12479586316074e-17], "malicious score": 8.127665296342457e-08}, "4": {"prediction": 6, "scores": [9.158191164722828e-16, 1.3653614350239707e-10, 2.7079596898182956e-10, 7.412405693685287e-07, 3.987091472951176e-12, 6.175800137953047e-08, 0.9999980926513672, 3.0890702322483587e-12, 1.5614288031429169e-06, 3.42249247461596e-16], "malicious score": 1.5614288031429169e-06}}}, "MobileNetV2": {"clean acc": 87.63000144958497, "prediction": 6, "poisons predictions": [8, 8, 8, 6, 8],