{"args": "Namespace(device='cuda', dset_path='datasets', end2end=False, eval_poisons_root='attack-results-7poisons/100-overlap/linear-transfer-learning/mean/800', gpu='2', lr_decay_epoch=[30, 45], model_resume_path='model-chks', num_per_class=50, poison_label=8, retrain_bsize=64, retrain_epochs=60, retrain_lr=0.1, retrain_momentum=0.9, retrain_opt='adam', retrain_wd=0, subset_group=0, target_camera=True, target_index_end=30, target_index_start=29, target_index_step=1, target_label=6, target_net=['DPN92', 'SENet18', 'ResNet50', 'ResNeXt29_2x64d', 'GoogLeNet', 'MobileNetV2', 'ResNet18', 'DenseNet121'], target_print_size=[2, 4], test_chk_name='ckpt-%s-4800.t7', train_data_path='datasets/CIFAR10_TRAIN_Split.pth')", "poison_label": 8, "target_label": 6, "targets": {"29": {}, "29": {"800": {"time": 364.0, "coeffs_time": 0, "poisons_time": 4, "target_loss": 0.01199070643633604, "total_loss": 0.0808623805642128, "coeff_list": [[0.1428571492433548, 0.1428571492433548, 0.1428571492433548, 0.1428571492433548, 0.1428571492433548, 0.1428571492433548, 0.1428571492433548], [0.1428571492433548, 0.1428571492433548, 0.1428571492433548, 0.1428571492433548, 0.1428571492433548, 0.1428571492433548, 0.1428571492433548], [0.1428571492433548, 0.1428571492433548, 0.1428571492433548, 0.1428571492433548, 0.1428571492433548, 0.1428571492433548, 0.1428571492433548], [0.1428571492433548, 0.1428571492433548, 0.1428571492433548, 0.1428571492433548, 0.1428571492433548, 0.1428571492433548, 0.1428571492433548], [0.1428571492433548, 0.1428571492433548, 0.1428571492433548, 0.1428571492433548, 0.1428571492433548, 0.1428571492433548, 0.1428571492433548], [0.1428571492433548, 0.1428571492433548, 0.1428571492433548, 0.1428571492433548, 0.1428571492433548, 0.1428571492433548, 0.1428571492433548], [0.1428571492433548, 0.1428571492433548, 0.1428571492433548, 0.1428571492433548, 0.1428571492433548, 0.1428571492433548, 0.1428571492433548], [0.1428571492433548, 0.1428571492433548, 0.1428571492433548, 0.1428571492433548, 0.1428571492433548, 0.1428571492433548, 0.1428571492433548], [0.1428571492433548, 0.1428571492433548, 0.1428571492433548, 0.1428571492433548, 0.1428571492433548, 0.1428571492433548, 0.1428571492433548], [0.1428571492433548, 0.1428571492433548, 0.1428571492433548, 0.1428571492433548, 0.1428571492433548, 0.1428571492433548, 0.1428571492433548], [0.1428571492433548, 0.1428571492433548, 0.1428571492433548, 0.1428571492433548, 0.1428571492433548, 0.1428571492433548, 0.1428571492433548], [0.1428571492433548, 0.1428571492433548, 0.1428571492433548, 0.1428571492433548, 0.1428571492433548, 0.1428571492433548, 0.1428571492433548], [0.1428571492433548, 0.1428571492433548, 0.1428571492433548, 0.1428571492433548, 0.1428571492433548, 0.1428571492433548, 0.1428571492433548], [0.1428571492433548, 0.1428571492433548, 0.1428571492433548, 0.1428571492433548, 0.1428571492433548, 0.1428571492433548, 0.1428571492433548], [0.1428571492433548, 0.1428571492433548, 0.1428571492433548, 0.1428571492433548, 0.1428571492433548, 0.1428571492433548, 0.1428571492433548], [0.1428571492433548, 0.1428571492433548, 0.1428571492433548, 0.1428571492433548, 0.1428571492433548, 0.1428571492433548, 0.1428571492433548], [0.1428571492433548, 0.1428571492433548, 0.1428571492433548, 0.1428571492433548, 0.1428571492433548, 0.1428571492433548, 0.1428571492433548], [0.1428571492433548, 0.1428571492433548, 0.1428571492433548, 0.1428571492433548, 0.1428571492433548, 0.1428571492433548, 0.1428571492433548]], "coeff_list_in_victim": [[0.565372884273529, 0.0, 0.23168998956680298, 0.20293721556663513, 0.0, 0.0, 0.0]], "victims": {"DPN92": {"clean acc": 92.18000144958496, "prediction": 8, "poisons predictions": [8, 8, 8, 8, 8, 8, 8], "scores": [5.338394656884127e-11, 7.388697401307376e-13, 4.150842233115114e-40, 1.5860844138569484e-17, 1.1910617531180132e-33, 6.81594675886589e-24, 3.5778665363750406e-08, 1.7945351766018446e-25, 1.0, 0.0], "malicious score": 1.0, "camera": {"2": {"prediction": 6, "scores": [2.2293768258329835e-14, 2.128932837103627e-19, 1.161269153539602e-37, 6.464843444646887e-15, 1.794676253859166e-28, 5.960183729301837e-18, 1.0, 8.166680943578714e-24, 5.300688707410295e-12, 0.0], "malicious score": 5.300688707410295e-12}, "4": {"prediction": 6, "scores": [1.244167570578868e-17, 6.820724018971245e-19, 5.92522437540367e-34, 1.5502373690301496e-11, 1.8453549263328836e-21, 3.3153135185065574e-13, 1.0, 3.9469367971736005e-23, 9.335544490229886e-12, 0.0], "malicious score": 9.335544490229886e-12}}}, "SENet18": {"clean acc": 91.6300006866455, "prediction": 6, "poisons predictions": [8, 8, 8, 8, 8, 8, 8], "scores": [4.227771199794006e-08, 4.831273596918079e-25, 1.724379747852954e-17, 3.0369177830698822e-16, 1.4263136449699232e-07, 1.1105564776736889e-17, 0.7684981822967529, 9.229578523524967e-20, 0.23150233924388885, 1.0377970299285499e-18], "malicious score": 0.23150233924388885, "camera": {"2": {"prediction": 6, "scores": [0.015874281525611877, 3.7782731870873464e-27, 3.08689643272703e-16, 4.7518173423855004e-11, 8.557832984479319e-07, 2.999428030709024e-14, 0.9785823822021484, 5.555114934298268e-20, 0.00554241007193923, 2.14951670138732e-16], "malicious score": 0.00554241007193923}, "4": {"prediction": 0, "scores": [0.9581423401832581, 6.05322076085881e-30, 4.3183671916136035e-11, 2.0266718365746783e-06, 1.2147089591962867e-06, 2.2388400161554856e-11, 0.04185432568192482, 6.334253413862098e-19, 2.715376534734304e-10, 1.005634890309103e-15], "malicious score": 2.715376534734304e-10}}}, "ResNet50": {"clean acc": 93.91000137329101, "prediction": 6, "poisons predictions": [8, 8, 8, 8, 8, 8, 8], "scores": [1.0677894298155106e-42, 8.357470158094998e-40, 1.9843703807223351e-32, 7.911290785548488e-37, 0.0, 8.89128682269616e-34, 0.9975805878639221, 3.5128296396643136e-34, 0.0024201960768550634, 9.237496681484911e-29], "malicious score": 0.0024201960768550634, "camera": {"2": {"prediction": 6, "scores": [6.992479336980837e-43, 0.0, 7.480216401512504e-35, 1.5478887571108804e-33, 0.0, 2.9268084297515127e-32, 1.0, 1.7880386235984304e-38, 7.56620252562179e-11, 3.5448175317302254e-32], "malicious score": 7.56620252562179e-11}, "4": {"prediction": 6, "scores": [3.0828566215145976e-44, 0.0, 8.750417789305878e-38, 1.494026793219409e-28, 0.0, 1.9120482127570122e-36, 1.0, 1.2891945871788317e-43, 2.7231806439947112e-15, 3.298750537037978e-35], "malicious score": 2.7231806439947112e-15}}}, "ResNeXt29_2x64d": {"clean acc": 92.67000236511231, "prediction": 8, "poisons predictions": [8, 8, 8, 8, 8, 8, 8], "scores": [1.302310253868672e-25, 2.2502916066985787e-19, 1.2989252685599584e-12, 6.9406556058027036e-09, 1.7175715277229283e-41, 1.014817391139474e-24, 0.00017919138190336525, 6.473585773339452e-13, 0.9998207092285156, 4.00161650346453e-25], "malicious score": 0.9998207092285156, "camera": {"2": {"prediction": 6, "scores": [1.1312909880228875e-23, 4.613501542891285e-24, 2.3671782443295333e-14, 0.00020566231978591532, 3.7962784750258294e-25, 8.32161894201822e-18, 0.9997940063476562, 4.073153141496866e-18, 2.0942100831256028e-10, 9.060237259330124e-23], "malicious score": 2.0942100831256028e-10}, "4": {"prediction": 6, "scores": [1.0082547981043725e-22, 6.697996079102018e-25, 6.484945654067599e-16, 0.0001371781836496666, 5.898680265819105e-19, 5.959754918872289e-17, 0.9998626708984375, 8.469800076950969e-19, 1.1633468494087751e-10, 2.785079736770024e-23], "malicious score": 1.1633468494087751e-10}}}, "GoogLeNet": {"clean acc": 92.27000122070312, "prediction": 8, "poisons predictions": [8, 8, 6, 8, 8, 8, 8], "scores": [5.561053353919654e-12, 4.991259174857987e-07, 3.304981817109365e-07, 1.4127786926110275e-05, 9.363810074547452e-12, 9.287876423513808e-08, 0.024718038737773895, 2.436486738588428e-06, 0.9752647280693054, 3.7081462575007385e-14], "malicious score": 0.9752647280693054, "camera": {"2": {"prediction": 6,