{"args": "Namespace(device='cuda', dset_path='datasets', end2end=False, eval_poisons_root='attack-results-10poisons/100-overlap/linear-transfer-learning/convex/800', gpu='2', lr_decay_epoch=[30, 45], model_resume_path='model-chks', num_per_class=50, poison_label=8, retrain_bsize=64, retrain_epochs=60, retrain_lr=0.1, retrain_momentum=0.9, retrain_opt='adam', retrain_wd=0, subset_group=0, target_camera=True, target_index_end=3, target_index_start=2, target_index_step=1, target_label=6, target_net=['DPN92', 'SENet18', 'ResNet50', 'ResNeXt29_2x64d', 'GoogLeNet', 'MobileNetV2', 'ResNet18', 'DenseNet121'], target_print_size=[2, 4], test_chk_name='ckpt-%s-4800.t7', train_data_path='datasets/CIFAR10_TRAIN_Split.pth')", "poison_label": 8, "target_label": 6, "targets": {"2": {}, "2": {"800": {"time": 39383.0, "coeffs_time": 37308, "poisons_time": 38956, "target_loss": 0.006122459191828966, "total_loss": 0.0011050441535189748, "coeff_list": [[0.0, 0.008861672133207321, 0.4190511703491211, 0.03486611321568489, 0.0, 0.0, 0.1993406116962433, 0.3190326690673828, 0.0, 0.01884782686829567], [0.11037921905517578, 0.0, 0.0, 0.0, 0.28732264041900635, 0.0, 0.37154507637023926, 0.1270027458667755, 0.0032384712249040604, 0.1005118265748024], [0.0, 0.22895242273807526, 0.1698894500732422, 0.05160431191325188, 0.04820149391889572, 0.0, 0.25642916560173035, 0.2449231892824173, 0.0, 0.0], [0.004274661652743816, 0.34404057264328003, 0.0, 0.03218663111329079, 0.15421995520591736, 0.15708789229393005, 0.052078742533922195, 0.25237417221069336, 0.0, 0.0037371646612882614], [0.14434775710105896, 0.25234881043434143, 0.00011876667849719524, 0.03488120064139366, 0.008825917728245258, 0.21337923407554626, 0.1916552037000656, 0.053879428654909134, 0.09381341189146042, 0.006750296335667372], [0.06801266968250275, 0.24535953998565674, 0.12816010415554047, 0.06844841688871384, 0.13445323705673218, 0.06041378900408745, 0.12608613073825836, 0.09320229291915894, 0.07586372643709183, 0.0], [0.0, 0.38794025778770447, 0.2105594128370285, 0.0671340599656105, 0.0, 0.02494044229388237, 0.08203183114528656, 0.15940339863300323, 0.06799062341451645, 0.0], [0.2714889645576477, 0.2400273084640503, 0.0634092390537262, 0.06262096017599106, 0.003034168854355812, 0.11832861602306366, 0.12302232533693314, 0.016089074313640594, 0.06025835871696472, 0.04172093793749809], [0.16227437555789948, 0.03812228515744209, 0.3087323009967804, 0.0, 0.06948886811733246, 0.0, 0.20391573011875153, 0.20057618618011475, 0.0, 0.016890181228518486], [0.07765248417854309, 0.37060779333114624, 0.06646110117435455, 0.0, 0.058346036821603775, 0.035682402551174164, 0.12641185522079468, 0.06229788810014725, 0.0, 0.20254045724868774], [0.08150522410869598, 0.0, 0.1298186182975769, 0.0, 0.3007317781448364, 0.08946956694126129, 0.07644278556108475, 0.16389364004135132, 0.03907083719968796, 0.11906760931015015], [0.1900627464056015, 0.032912734895944595, 0.018403388559818268, 0.04213516041636467, 0.18626725673675537, 0.1621699035167694, 0.0258428156375885, 0.12420578300952911, 0.09483706951141357, 0.12316316366195679], [0.24527442455291748, 0.2375037968158722, 0.2843325138092041, 0.17900823056697845, 0.0, 0.0, 0.0, 0.053881000727415085, 0.0, 0.0], [0.023306829854846, 0.09303461015224457, 0.04054170846939087, 0.34120750427246094, 0.03252897039055824, 0.0, 0.22376205027103424, 0.20451822876930237, 0.04110003262758255, 0.0], [0.04276266694068909, 0.37008145451545715, 0.18619570136070251, 0.17231155931949615, 0.058219846338033676, 0.0, 0.0890795886516571, 0.0813492015004158, 0.0, 0.0], [0.10167308151721954, 0.21922896802425385, 0.15854160487651825, 0.0, 0.09887772053480148, 0.0, 0.1092829778790474, 0.27056145668029785, 0.0, 0.04183412343263626], [0.017358800396323204, 0.0, 0.1708681285381317, 0.0828608050942421, 0.1907191127538681, 0.28375044465065, 0.12204594910144806, 0.05504424870014191, 0.07245972007513046, 0.00489283911883831], [0.0, 0.1576393097639084, 0.15308988094329834, 0.09816990047693253, 0.0, 0.010590839199721813, 0.29211705923080444, 0.16137537360191345, 0.12405726313591003, 0.0029603801667690277]], "coeff_list_in_victim": [[0.0, 0.0, 0.22874575853347778, 0.03447907418012619, 0.012693846598267555, 0.0007739218417555094, 0.34727752208709717, 0.36042433977127075, 0.0, 0.015605553984642029]], "victims": {"DPN92": {"clean acc": 91.5000015258789, "prediction": 6, "poisons predictions": [8, 8, 6, 8, 8, 8, 8, 8, 8, 8], "scores": [2.9498459230836716e-11, 6.392620173524957e-23, 1.971335469224438e-37, 1.1854207462099094e-14, 9.980656232090586e-28, 9.277423492845283e-17, 0.9942336082458496, 2.7647758830975073e-39, 0.005768153816461563, 0.0], "malicious score": 0.005768153816461563, "camera": {"2": {"prediction": 6, "scores": [2.5161328506654314e-20, 3.713762577340999e-31, 3.0009565343282238e-21, 3.326426634142621e-11, 1.350922451298236e-25, 0.22712083160877228, 0.7728786468505859, 3.45699664265388e-34, 1.6818786902843306e-25, 1.6802853746102158e-36], "malicious score": 1.6818786902843306e-25}, "4": {"prediction": 6, "scores": [2.66815869664214e-14, 1.2140829339905733e-22, 1.3264005867999245e-26, 7.089376308222484e-11, 1.1140021546518827e-24, 1.5239380672937841e-06, 1.0, 2.991921118958673e-32, 9.342856078630585e-14, 1.2326582737607907e-34], "malicious score": 9.342856078630585e-14}}}, "SENet18": {"clean acc": 91.04000091552734, "prediction": 6, "poisons predictions": [8, 8, 6, 6, 6, 8, 6, 6, 3, 8], "scores": [3.449520491471958e-08, 9.860146477080889e-09, 4.971647982188188e-09, 1.776398676156532e-05, 7.135892246878939e-06, 8.728933548196594e-11, 0.9037176966667175, 1.9709826826197485e-10, 0.09625820070505142, 3.389318686819465e-11], "malicious score": 0.09625820070505142, "camera": {"2": {"prediction": 6, "scores": [1.7934413335751742e-05, 1.4902321513608602e-18, 1.6505701694313757e-07, 0.0002604783803690225, 1.0473947440914344e-05, 1.0124424079549499e-05, 0.8551332354545593, 2.80726100595803e-19, 0.14456820487976074, 1.2758876177798584e-09], "malicious score": 0.14456820487976074}, "4": {"prediction": 6, "scores": [5.756273094448261e-05, 2.167624862901298e-15, 6.055084668332711e-06, 0.00013871393457520753, 3.095451393164694e-05, 4.839517373511626e-07, 0.688960075378418, 5.4973467421835006e-15, 0.3108064830303192, 5.431884941842213e-10], "malicious score": 0.3108064830303192}}}, "ResNet50": {"clean acc": 91.09000129699707, "prediction": 8, "poisons predictions": [8, 8, 6, 8, 8, 8, 8, 8, 8, 8], "scores": [1.191860181265961e-28, 4.5163214524327466e-23, 3.2474826101599518e-21, 0.0, 0.0, 1.6507153311605714e-31, 0.3300490975379944, 4.8849845524351134e-23, 0.6699509024620056, 1.3451759149508479e-21], "malicious score": 0.6699509024620056, "camera": {"2": {"prediction": 5, "scores": [2.6663360320718723e-30, 1.1573458804309797e-23, 2.468584323974285e-22, 2.5643761897144152e-43, 0.0, 1.0, 1.4328280586745762e-14, 9.411990968056897e-24, 4.843116120115952e-19, 4.306453022470232e-28], "malicious score": 4.843116120115952e-19}, "4": {"prediction": 5, "scores": [2.3504699042658057e-28, 1.159117662024106e-23, 1.1110601065896418e-18, 0.0, 0.0, 1.0, 5.706755597592594e-13, 3.750722004268349e-24, 4.166982819182267e-16, 9.850168700568518e-27], "malicious score": 4.166982819182267e-16}}}, "ResNeXt29_2x64d": {"clean acc": 92.38000106811523, "prediction": 8, "poisons predictions": [8, 8, 8, 8, 8, 8, 8, 8, 8, 8], "scores": [7.95977930479429e-16, 4.303609402980975e-14, 6.1255648990676814e-12, 6.382198534993222e-06, 3.2986565850206194e-42, 5.881177124057483e-19, 0.08330508321523666, 9.069246493134726e-19, 0.916689395904541, 1.9191119606822276e-16], "malicious score": 0.916689395904541, "camera": {"2": {"prediction": 6, "scores": [8.850553298142598e-17, 7.666423412137616e-22, 0.0003635378088802099, 0.0029812913853675127, 5.058616308662241e-24, 0.0004823443596251309, 0.7600306272506714, 1.2723616743418807e-16, 0.2361418455839157, 1.0266421046623009e-10], "malicious score": 0.2361418455839157}, "4": {"prediction": 8,