{"args": "Namespace(device='cuda', dset_path='datasets', end2end=False, eval_poisons_root='attack-results-eps0.05/100-overlap/linear-transfer-learning/mean/800', gpu='3', lr_decay_epoch=[30, 45], model_resume_path='model-chks', num_per_class=50, poison_label=8, retrain_bsize=64, retrain_epochs=60, retrain_lr=0.1, retrain_momentum=0.9, retrain_opt='adam', retrain_wd=0, subset_group=0, target_camera=True, target_index_end=8, target_index_start=7, target_index_step=1, target_label=6, target_net=['DPN92', 'SENet18', 'ResNet50', 'ResNeXt29_2x64d', 'GoogLeNet', 'MobileNetV2', 'ResNet18', 'DenseNet121'], target_print_size=[2, 4], test_chk_name='ckpt-%s-4800.t7', train_data_path='datasets/CIFAR10_TRAIN_Split.pth')", "poison_label": 8, "target_label": 6, "targets": {"7": {}, "7": {"800": {"time": 436.0, "coeffs_time": 0, "poisons_time": 6, "target_loss": 0.010497028939425945, "total_loss": 0.11343036592006683, "coeff_list": [[0.20000000298023224, 0.20000000298023224, 0.20000000298023224, 0.20000000298023224, 0.20000000298023224], [0.20000000298023224, 0.20000000298023224, 0.20000000298023224, 0.20000000298023224, 0.20000000298023224], [0.20000000298023224, 0.20000000298023224, 0.20000000298023224, 0.20000000298023224, 0.20000000298023224], [0.20000000298023224, 0.20000000298023224, 0.20000000298023224, 0.20000000298023224, 0.20000000298023224], [0.20000000298023224, 0.20000000298023224, 0.20000000298023224, 0.20000000298023224, 0.20000000298023224], [0.20000000298023224, 0.20000000298023224, 0.20000000298023224, 0.20000000298023224, 0.20000000298023224], [0.20000000298023224, 0.20000000298023224, 0.20000000298023224, 0.20000000298023224, 0.20000000298023224], [0.20000000298023224, 0.20000000298023224, 0.20000000298023224, 0.20000000298023224, 0.20000000298023224], [0.20000000298023224, 0.20000000298023224, 0.20000000298023224, 0.20000000298023224, 0.20000000298023224], [0.20000000298023224, 0.20000000298023224, 0.20000000298023224, 0.20000000298023224, 0.20000000298023224], [0.20000000298023224, 0.20000000298023224, 0.20000000298023224, 0.20000000298023224, 0.20000000298023224], [0.20000000298023224, 0.20000000298023224, 0.20000000298023224, 0.20000000298023224, 0.20000000298023224], [0.20000000298023224, 0.20000000298023224, 0.20000000298023224, 0.20000000298023224, 0.20000000298023224], [0.20000000298023224, 0.20000000298023224, 0.20000000298023224, 0.20000000298023224, 0.20000000298023224], [0.20000000298023224, 0.20000000298023224, 0.20000000298023224, 0.20000000298023224, 0.20000000298023224], [0.20000000298023224, 0.20000000298023224, 0.20000000298023224, 0.20000000298023224, 0.20000000298023224], [0.20000000298023224, 0.20000000298023224, 0.20000000298023224, 0.20000000298023224, 0.20000000298023224], [0.20000000298023224, 0.20000000298023224, 0.20000000298023224, 0.20000000298023224, 0.20000000298023224]], "coeff_list_in_victim": [[0.0, 0.1553611159324646, 0.0, 0.45494288206100464, 0.3896959722042084]], "victims": {"DPN92": {"clean acc": 92.4800018310547, "prediction": 8, "poisons predictions": [8, 8, 8, 8, 8], "scores": [1.2104352893269055e-13, 4.221385797503315e-21, 7.817148982705405e-23, 2.6335546863265336e-05, 6.681018254142896e-20, 3.9864567202840817e-10, 0.0027085738256573677, 3.2061848993598247e-40, 0.9972648024559021, 1.5910320343168544e-36], "malicious score": 0.9972648024559021, "camera": {"2": {"prediction": 8, "scores": [2.9622820043181616e-16, 5.314041581163752e-23, 2.876556314355616e-17, 0.019727077335119247, 1.888076408797034e-16, 1.5609009551553754e-07, 3.874353922128648e-07, 1.620904657588829e-34, 0.9802720546722412, 1.4370516886454346e-32], "malicious score": 0.9802720546722412}, "4": {"prediction": 8, "scores": [6.3422934472887136e-15, 5.154226616406488e-21, 1.2891325503303371e-18, 0.11661547422409058, 4.224146690512295e-18, 0.0053130569867789745, 6.661917240080584e-09, 4.26671309811752e-30, 0.8780710697174072, 4.561522548747996e-26], "malicious score": 0.8780710697174072}}}, "SENet18": {"clean acc": 90.89000091552734, "prediction": 8, "poisons predictions": [8, 8, 3, 8, 6], "scores": [2.432301755561639e-07, 6.519406226378215e-21, 3.3704932320688386e-06, 0.004652418661862612, 5.374759894039016e-06, 7.845768834613409e-08, 0.00047061333316378295, 2.7530847186810507e-15, 0.9948681592941284, 6.628673738379165e-12], "malicious score": 0.9948681592941284, "camera": {"2": {"prediction": 8, "scores": [7.080967634465196e-08, 1.7602742062191693e-19, 0.0004678208497352898, 0.1544407606124878, 1.545011400594376e-05, 1.1906197983080347e-07, 8.936203954590383e-08, 1.8697165397960763e-13, 0.8450755476951599, 1.3305630468946061e-12], "malicious score": 0.8450755476951599}, "4": {"prediction": 8, "scores": [6.832069909812333e-10, 4.308276396645081e-28, 4.089417693364794e-09, 0.21573863923549652, 8.088863268085333e-08, 2.4512780782970367e-07, 6.3695945897281406e-15, 1.0640711606358627e-17, 0.7842610478401184, 2.5504060397873313e-15], "malicious score": 0.7842610478401184}}}, "ResNet50": {"clean acc": 92.39000091552734, "prediction": 8, "poisons predictions": [8, 8, 8, 8, 8], "scores": [2.133925327443118e-40, 1.5845580623166042e-35, 9.921306632595315e-39, 8.932822209597089e-36, 1.503755007221074e-25, 3.784135036687488e-39, 0.004442041274160147, 5.655556821973843e-24, 0.9955581426620483, 3.915452117077831e-40], "malicious score": 0.9955581426620483, "camera": {"2": {"prediction": 8, "scores": [7.371838857242852e-40, 3.081754983336084e-31, 1.2828839882303592e-31, 5.214130083171169e-20, 5.423263204551447e-28, 2.093450258363553e-26, 1.2511162185965585e-17, 1.1032644758328538e-24, 1.0, 7.624375745578362e-35], "malicious score": 1.0}, "4": {"prediction": 8, "scores": [2.985117454926406e-38, 1.5868703538360552e-33, 9.650917674902668e-35, 2.2894746353273328e-17, 4.123342660085581e-30, 3.55079466800797e-27, 2.648687200870249e-22, 7.3400406483604685e-28, 1.0, 8.902729158175462e-33], "malicious score": 1.0}}}, "ResNeXt29_2x64d": {"clean acc": 92.20000114440919, "prediction": 8, "poisons predictions": [8, 8, 8, 8, 8], "scores": [3.777935023371396e-23, 3.1984200010715114e-11, 4.704361900031984e-12, 0.0015596244484186172, 1.0596548123261691e-19, 2.2505366829432853e-15, 0.0001504425163147971, 7.211162884070895e-18, 0.9982905983924866, 8.713242639947776e-16], "malicious score": 0.9982905983924866, "camera": {"2": {"prediction": 8, "scores": [7.397402405924547e-23, 8.958181210781172e-20, 4.062290087647469e-11, 0.49305233359336853, 3.0805607088672804e-13, 5.206365338850105e-10, 1.2835371654418282e-09, 6.669009354577307e-17, 0.50694739818573, 8.63126176205438e-17], "malicious score": 0.50694739818573}, "4": {"prediction": 8, "scores": [3.060622287640992e-22, 1.775149886313199e-19, 3.454868335861505e-11, 0.2967928946018219, 6.159385610056411e-13, 1.9828652053632823e-09, 1.2550165073843544e-10, 1.4457297045381511e-15, 0.7032075524330139, 4.22434643146917e-15], "malicious score": 0.7032075524330139}}}, "GoogLeNet": {"clean acc": 91.97000160217286, "prediction": 8, "poisons predictions": [8, 8, 8, 8, 8], "scores": [1.916964250845219e-20, 8.106926241424617e-10, 0.0003880372387357056, 0.21178491413593292, 2.4136645460082207e-10, 0.004381333012133837, 0.0013206300791352987, 5.816928102392316e-12, 0.7821252346038818, 1.0117660832406616e-12], "malicious score": 0.7821252346038818, "camera": {"2": {"prediction": 3, "scores": [1.4976783536868801e-21, 1.3842774149175341e-11, 0.003143680514767766, 0.9825323820114136, 5.360937249676567e-10, 0.006939210928976536, 1.4283527605130075e-07, 2.0807472346002663e-15, 0.007384698372334242, 2.713618609331836e-12], "malicious score": 0.007384698372334242}, "4": {"prediction": 3, "scores": [6.638762067784955e-22, 2.1146797854476596e-11, 0.0037159535568207502, 0.9707253575325012, 1.9404736151251711e-10, 0.022669538855552673, 1.0466329314340328e-07, 2.4134050250742894e-15, 0.0028894124552607536, 1.3059536958792695e-11], "malicious score": 0.0028894124552607536}}}, "MobileNetV2": {"clean acc": 87.69000091552735, "prediction": 6,