{"args": "Namespace(device='cuda', dset_path='datasets', end2end=False, eval_poisons_root='attack-results-10poisons/100-overlap/linear-transfer-learning/mean/800', gpu='1', lr_decay_epoch=[30, 45], model_resume_path='model-chks', num_per_class=50, poison_label=8, retrain_bsize=64, retrain_epochs=60, retrain_lr=0.1, retrain_momentum=0.9, retrain_opt='adam', retrain_wd=0, subset_group=0, target_camera=True, target_index_end=40, target_index_start=39, target_index_step=1, target_label=6, target_net=['DPN92', 'SENet18', 'ResNet50', 'ResNeXt29_2x64d', 'GoogLeNet', 'MobileNetV2', 'ResNet18', 'DenseNet121'], target_print_size=[2, 4], test_chk_name='ckpt-%s-4800.t7', train_data_path='datasets/CIFAR10_TRAIN_Split.pth')", "poison_label": 8, "target_label": 6, "targets": {"39": {}, "39": {"800": {"time": 429.0, "coeffs_time": 0, "poisons_time": 4, "target_loss": 0.0051878709346055984, "total_loss": 0.06188594177365303, "coeff_list": [[0.10000000149011612, 0.10000000149011612, 0.10000000149011612, 0.10000000149011612, 0.10000000149011612, 0.10000000149011612, 0.10000000149011612, 0.10000000149011612, 0.10000000149011612, 0.10000000149011612], [0.10000000149011612, 0.10000000149011612, 0.10000000149011612, 0.10000000149011612, 0.10000000149011612, 0.10000000149011612, 0.10000000149011612, 0.10000000149011612, 0.10000000149011612, 0.10000000149011612], [0.10000000149011612, 0.10000000149011612, 0.10000000149011612, 0.10000000149011612, 0.10000000149011612, 0.10000000149011612, 0.10000000149011612, 0.10000000149011612, 0.10000000149011612, 0.10000000149011612], [0.10000000149011612, 0.10000000149011612, 0.10000000149011612, 0.10000000149011612, 0.10000000149011612, 0.10000000149011612, 0.10000000149011612, 0.10000000149011612, 0.10000000149011612, 0.10000000149011612], [0.10000000149011612, 0.10000000149011612, 0.10000000149011612, 0.10000000149011612, 0.10000000149011612, 0.10000000149011612, 0.10000000149011612, 0.10000000149011612, 0.10000000149011612, 0.10000000149011612], [0.10000000149011612, 0.10000000149011612, 0.10000000149011612, 0.10000000149011612, 0.10000000149011612, 0.10000000149011612, 0.10000000149011612, 0.10000000149011612, 0.10000000149011612, 0.10000000149011612], [0.10000000149011612, 0.10000000149011612, 0.10000000149011612, 0.10000000149011612, 0.10000000149011612, 0.10000000149011612, 0.10000000149011612, 0.10000000149011612, 0.10000000149011612, 0.10000000149011612], [0.10000000149011612, 0.10000000149011612, 0.10000000149011612, 0.10000000149011612, 0.10000000149011612, 0.10000000149011612, 0.10000000149011612, 0.10000000149011612, 0.10000000149011612, 0.10000000149011612], [0.10000000149011612, 0.10000000149011612, 0.10000000149011612, 0.10000000149011612, 0.10000000149011612, 0.10000000149011612, 0.10000000149011612, 0.10000000149011612, 0.10000000149011612, 0.10000000149011612], [0.10000000149011612, 0.10000000149011612, 0.10000000149011612, 0.10000000149011612, 0.10000000149011612, 0.10000000149011612, 0.10000000149011612, 0.10000000149011612, 0.10000000149011612, 0.10000000149011612], [0.10000000149011612, 0.10000000149011612, 0.10000000149011612, 0.10000000149011612, 0.10000000149011612, 0.10000000149011612, 0.10000000149011612, 0.10000000149011612, 0.10000000149011612, 0.10000000149011612], [0.10000000149011612, 0.10000000149011612, 0.10000000149011612, 0.10000000149011612, 0.10000000149011612, 0.10000000149011612, 0.10000000149011612, 0.10000000149011612, 0.10000000149011612, 0.10000000149011612], [0.10000000149011612, 0.10000000149011612, 0.10000000149011612, 0.10000000149011612, 0.10000000149011612, 0.10000000149011612, 0.10000000149011612, 0.10000000149011612, 0.10000000149011612, 0.10000000149011612], [0.10000000149011612, 0.10000000149011612, 0.10000000149011612, 0.10000000149011612, 0.10000000149011612, 0.10000000149011612, 0.10000000149011612, 0.10000000149011612, 0.10000000149011612, 0.10000000149011612], [0.10000000149011612, 0.10000000149011612, 0.10000000149011612, 0.10000000149011612, 0.10000000149011612, 0.10000000149011612, 0.10000000149011612, 0.10000000149011612, 0.10000000149011612, 0.10000000149011612], [0.10000000149011612, 0.10000000149011612, 0.10000000149011612, 0.10000000149011612, 0.10000000149011612, 0.10000000149011612, 0.10000000149011612, 0.10000000149011612, 0.10000000149011612, 0.10000000149011612], [0.10000000149011612, 0.10000000149011612, 0.10000000149011612, 0.10000000149011612, 0.10000000149011612, 0.10000000149011612, 0.10000000149011612, 0.10000000149011612, 0.10000000149011612, 0.10000000149011612], [0.10000000149011612, 0.10000000149011612, 0.10000000149011612, 0.10000000149011612, 0.10000000149011612, 0.10000000149011612, 0.10000000149011612, 0.10000000149011612, 0.10000000149011612, 0.10000000149011612]], "coeff_list_in_victim": [[0.0, 0.05113851651549339, 0.0, 0.2235988974571228, 0.1801731139421463, 0.3638743460178375, 0.07883433252573013, 0.10238074511289597, 0.0, 0.0]], "victims": {"DPN92": {"clean acc": 92.40000076293946, "prediction": 8, "poisons predictions": [8, 8, 8, 6, 8, 8, 8, 6, 8, 8], "scores": [4.164646596434621e-16, 2.6824641407971115e-16, 4.659740530187506e-22, 2.843172641764369e-10, 4.604753570801566e-28, 3.962142246238809e-12, 0.022295881062746048, 6.626475632291283e-34, 0.9777036309242249, 3.7414668997472616e-43], "malicious score": 0.9777036309242249, "camera": {"2": {"prediction": 6, "scores": [1.5976525347235025e-17, 7.295402615148823e-21, 8.495970455945013e-21, 7.205599672488461e-09, 2.910761771095031e-26, 4.4118440456486496e-08, 0.9945389628410339, 2.3777416731120626e-35, 0.005460850428789854, 7.817980058419194e-39], "malicious score": 0.005460850428789854}, "4": {"prediction": 5, "scores": [2.350837001507726e-21, 2.0426742191687534e-23, 1.1616439754558172e-10, 0.02603909559547901, 1.3230455583369567e-14, 0.8449305295944214, 0.1290304809808731, 4.338834829895074e-37, 1.1806620958676461e-10, 4.297410299898848e-28], "malicious score": 1.1806620958676461e-10}}}, "SENet18": {"clean acc": 90.96000213623047, "prediction": 8, "poisons predictions": [8, 6, 8, 8, 6, 8, 6, 6, 6, 8], "scores": [7.860163009354437e-08, 5.904848965237219e-19, 1.905032208371349e-11, 5.012899606526844e-08, 5.676998870995931e-09, 1.057464948939213e-10, 0.004302406683564186, 2.3108929883642908e-17, 0.9956967830657959, 2.8685065526232525e-14], "malicious score": 0.9956967830657959, "camera": {"2": {"prediction": 8, "scores": [6.914753769571291e-10, 6.34971090795903e-27, 2.417300300899816e-13, 1.9200672163321997e-09, 5.116183587894341e-10, 3.828617423096148e-09, 0.43265843391418457, 1.9118848676154547e-24, 0.5673417448997498, 5.404057735157453e-13], "malicious score": 0.5673417448997498}, "4": {"prediction": 8, "scores": [2.0086739027647127e-07, 1.164271448090096e-23, 2.534331713377469e-07, 0.00020140765991527587, 1.567397944768345e-08, 7.5320355108488e-07, 3.659597132354975e-05, 1.0869430354451989e-17, 0.999760627746582, 2.0099057834732648e-11], "malicious score": 0.999760627746582}}}, "ResNet50": {"clean acc": 93.0800006866455, "prediction": 6, "poisons predictions": [8, 8, 8, 8, 6, 8, 8, 8, 8, 8], "scores": [3.701433324908784e-29, 1.2042428284131728e-32, 1.9640385130979693e-23, 2.408260866930672e-14, 5.321579862018335e-26, 5.550252963027248e-24, 0.9999961853027344, 3.242396782252136e-20, 3.3792186968639726e-06, 3.7579560165414066e-23], "malicious score": 3.3792186968639726e-06, "camera": {"2": {"prediction": 6, "scores": [3.600118991130795e-24, 1.3306714616370496e-28, 1.159357545159053e-21, 0.00027280981885269284, 1.3928142278969606e-21, 9.796237794360852e-21, 0.9862293004989624, 6.566028435991305e-21, 0.013497766107320786, 2.08031218659559e-21], "malicious score": 0.013497766107320786}, "4": {"prediction": 3, "scores": [5.932471927711023e-23, 2.905536492044315e-26, 9.896449433101944e-21, 0.9999923706054688, 1.1696641630848818e-20, 9.996742400499356e-19, 6.8350618676049635e-06, 5.7677712759995736e-21, 4.8007450459408574e-08, 1.8037473414112152e-23], "malicious score": 4.8007450459408574e-08}}},