{"args": "Namespace(device='cuda', dset_path='datasets', end2end=False, eval_poisons_root='attack-results-10poisons/100-overlap/linear-transfer-learning/convex/800', gpu='2', lr_decay_epoch=[30, 45], model_resume_path='model-chks', num_per_class=50, poison_label=8, retrain_bsize=64, retrain_epochs=60, retrain_lr=0.1, retrain_momentum=0.9, retrain_opt='adam', retrain_wd=0, subset_group=0, target_camera=True, target_index_end=35, target_index_start=34, target_index_step=1, target_label=6, target_net=['DPN92', 'SENet18', 'ResNet50', 'ResNeXt29_2x64d', 'GoogLeNet', 'MobileNetV2', 'ResNet18', 'DenseNet121'], target_print_size=[2, 4], test_chk_name='ckpt-%s-4800.t7', train_data_path='datasets/CIFAR10_TRAIN_Split.pth')", "poison_label": 8, "target_label": 6, "targets": {"34": {}, "34": {"800": {"time": 27918.0, "coeffs_time": 25888, "poisons_time": 27515, "target_loss": 0.002771995961666107, "total_loss": 0.0012210648274049163, "coeff_list": [[0.01066063903272152, 0.08051855117082596, 0.0554785430431366, 0.15607888996601105, 0.0034462078474462032, 0.002983908634632826, 0.053769584745168686, 0.6327884793281555, 0.0, 0.004275153856724501], [0.006851708982139826, 0.06518708914518356, 0.1462213099002838, 0.0, 0.0, 0.014807350933551788, 0.07214850932359695, 0.45301005244255066, 0.011614461429417133, 0.23015949130058289], [0.01621336117386818, 0.2541733384132385, 0.06448513269424438, 0.2747768759727478, 0.0, 0.0, 0.0, 0.37255188822746277, 0.010986708104610443, 0.006812598090618849], [0.09218412637710571, 0.35628336668014526, 0.1177440956234932, 0.0, 0.020773768424987793, 0.16682524979114532, 0.07692719995975494, 0.027549227699637413, 0.08655630052089691, 0.05515662208199501], [0.0034761896822601557, 0.11860475689172745, 0.025605443865060806, 0.23400261998176575, 0.014966296963393688, 0.14962153136730194, 0.09430749714374542, 0.3297659754753113, 0.0, 0.029649725183844566], [0.04291091859340668, 0.21800479292869568, 0.0, 0.11243904381990433, 0.0, 0.07040178775787354, 0.24380424618721008, 0.2902225852012634, 0.02221670188009739, 0.0], [0.0, 0.24377626180648804, 0.16947591304779053, 0.0768917128443718, 0.004855589009821415, 0.008754364214837551, 0.3260125517845154, 0.13941919803619385, 0.002332389587536454, 0.028481973335146904], [0.15726037323474884, 0.242963507771492, 0.0, 0.28556233644485474, 0.033917516469955444, 0.07208574563264847, 0.021063975989818573, 0.10833980143070221, 0.04845621436834335, 0.030350401997566223], [0.0, 0.2865045964717865, 0.0, 0.20154446363449097, 0.006498971488326788, 0.02959234081208706, 0.03740775212645531, 0.27546679973602295, 0.008357188664376736, 0.15462788939476013], [0.09723592549562454, 0.28624027967453003, 0.008895207196474075, 0.06260337680578232, 0.014588720165193081, 0.08816807717084885, 0.21258491277694702, 0.037593185901641846, 0.16415050625801086, 0.027939733117818832], [0.11057394742965698, 0.07490123063325882, 0.3004785180091858, 0.031222481280565262, 0.19994805753231049, 0.0, 0.09333726763725281, 0.16238634288311005, 0.027152109891176224, 0.0], [0.23203639686107635, 0.2459140419960022, 0.20049290359020233, 0.0, 0.1012151911854744, 0.07570739090442657, 0.022530244663357735, 0.026078972965478897, 0.05582202225923538, 0.0402027890086174], [0.0, 0.20876312255859375, 0.014841949567198753, 0.12777264416217804, 0.003535330528393388, 0.049301814287900925, 0.41944074630737305, 0.12480731308460236, 0.0058096665889024734, 0.04572739079594612], [0.04701222479343414, 0.030398281291127205, 0.01092585176229477, 0.25119152665138245, 0.062030695378780365, 0.08367182314395905, 0.047083381563425064, 0.31419211626052856, 0.04512981325387955, 0.10836433619260788], [0.0, 0.3994973301887512, 0.03714550659060478, 0.15687720477581024, 0.03207620233297348, 0.0, 0.0924401730298996, 0.25864550471305847, 0.023318059742450714, 0.0], [0.02033328078687191, 0.46672579646110535, 0.06671439856290817, 0.09583469480276108, 0.0035816002637147903, 0.020068183541297913, 0.11595319956541061, 0.027265233919024467, 0.010924043133854866, 0.17259959876537323], [0.0882568359375, 0.1297815591096878, 0.17948205769062042, 0.3203902542591095, 0.00023340515326708555, 0.0018725288100540638, 0.03920162096619606, 0.0, 0.19274036586284637, 0.0480414442718029], [0.0409032478928566, 0.049344707280397415, 0.20052601397037506, 0.0631401464343071, 0.17346511781215668, 0.0625721886754036, 0.3616170287132263, 0.006605369504541159, 0.00955688115209341, 0.03226936608552933]], "coeff_list_in_victim": [[0.0, 0.0, 0.0, 0.24263687431812286, 0.010892980732023716, 0.0, 0.028033314272761345, 0.7184368968009949, 0.0, 0.0]], "victims": {"DPN92": {"clean acc": 91.40000228881836, "prediction": 8, "poisons predictions": [8, 8, 8, 6, 8, 8, 8, 8, 8, 8], "scores": [3.015069012235472e-07, 8.683152203083457e-30, 3.827927014996103e-41, 3.731398745543402e-09, 2.0486899470520966e-39, 2.2295720765226207e-18, 0.00011360459757270291, 0.0, 0.999885618686676, 0.0], "malicious score": 0.999885618686676, "camera": {"2": {"prediction": 6, "scores": [5.225548882492603e-09, 4.853018880603636e-40, 0.0, 3.5585730292131326e-15, 0.0, 2.2172680701558886e-23, 1.0, 0.0, 1.083849815453064e-10, 0.0], "malicious score": 1.083849815453064e-10}, "4": {"prediction": 6, "scores": [1.0534131344996922e-09, 1.0729664989659894e-37, 0.0, 1.8053629744592056e-14, 4.203895392974451e-45, 1.7484262616220572e-22, 1.0, 0.0, 2.1220284196488137e-08, 0.0], "malicious score": 2.1220284196488137e-08}}}, "SENet18": {"clean acc": 91.18000144958496, "prediction": 6, "poisons predictions": [8, 8, 8, 8, 8, 8, 8, 6, 3, 8], "scores": [4.051988345549207e-12, 1.9447419350459446e-25, 2.283369348633768e-13, 4.0845668514144506e-10, 6.792970455886047e-14, 3.3812886892456727e-17, 0.5408380031585693, 1.196741025401533e-18, 0.45916175842285156, 5.262946340891442e-21], "malicious score": 0.45916175842285156, "camera": {"2": {"prediction": 6, "scores": [7.471016544984631e-17, 2.609025322215046e-30, 1.9422355879109943e-18, 2.038053428278508e-13, 3.388621712873893e-14, 1.0874816334215475e-18, 0.9998188018798828, 1.8407187671270726e-24, 0.0001810275571187958, 2.1581030289477695e-23], "malicious score": 0.0001810275571187958}, "4": {"prediction": 6, "scores": [1.3745563423649219e-14, 2.2391678127742424e-27, 1.4935132259608422e-14, 7.607071084159145e-10, 2.2648549702353193e-11, 2.8440676192158926e-14, 0.9729432463645935, 2.065013182282802e-21, 0.027055906131863594, 2.3524990771613965e-19], "malicious score": 0.027055906131863594}}}, "ResNet50": {"clean acc": 92.42000160217285, "prediction": 8, "poisons predictions": [8, 8, 8, 6, 8, 8, 8, 8, 8, 8], "scores": [2.406029463245711e-42, 0.0, 1.0579803405652369e-42, 4.2010927960458016e-40, 0.0, 3.393164357350078e-39, 9.883245184028056e-06, 1.1069003095523702e-28, 0.9999886155128479, 0.0], "malicious score": 0.9999886155128479, "camera": {"2": {"prediction": 6, "scores": [1.1124067729196128e-40, 0.0, 1.0585086300862873e-39, 5.8092089007203184e-39, 0.0, 5.150449860642682e-37, 0.999969482421875, 5.843549338135408e-31, 3.068323348998092e-05, 0.0], "malicious score": 3.068323348998092e-05}, "4": {"prediction": 6, "scores": [2.196567628745769e-37, 0.0, 2.593466921626044e-37, 1.4910096906623037e-35, 0.0, 1.1113016145143401e-33, 0.8834500908851624, 4.4917450283420776e-26, 0.11654976010322571, 1.0818024144587588e-42], "malicious score": 0.11654976010322571}}}, "ResNeXt29_2x64d": {"clean acc": 91.91000061035156, "prediction": 8, "poisons predictions": [2, 8, 8, 8, 4, 8, 8, 8, 8, 8], "scores": [8.00028905254342e-18, 4.134624229362033e-13, 1.7278989350444363e-10, 0.0005884605925530195, 1.76763975782962e-22, 1.07088262591884e-19, 6.085561835789122e-05, 9.947998777818864e-14, 0.99934983253479, 1.5278833707421367e-19], "malicious score": 0.99934983253479, "camera": {"2": {"prediction": 6, "scores": [3.0048424473947763e-27, 3.55611298083651e-17, 9.505141724628732e-19, 4.8966426469121416e-09, 2.9396513365584216e-26, 8.111071278748904e-25, 1.0, 5.275766852818178e-30, 1.364142718784933e-07, 6.809144916151148e-22],