{"args": "Namespace(device='cuda', dset_path='datasets', end2end=False, eval_poisons_root='attack-results-7poisons/100-overlap/linear-transfer-learning/mean/800', gpu='2', lr_decay_epoch=[30, 45], model_resume_path='model-chks', num_per_class=50, poison_label=8, retrain_bsize=64, retrain_epochs=60, retrain_lr=0.1, retrain_momentum=0.9, retrain_opt='adam', retrain_wd=0, subset_group=0, target_camera=True, target_index_end=50, target_index_start=49, target_index_step=1, target_label=6, target_net=['DPN92', 'SENet18', 'ResNet50', 'ResNeXt29_2x64d', 'GoogLeNet', 'MobileNetV2', 'ResNet18', 'DenseNet121'], target_print_size=[2, 4], test_chk_name='ckpt-%s-4800.t7', train_data_path='datasets/CIFAR10_TRAIN_Split.pth')", "poison_label": 8, "target_label": 6, "targets": {"49": {}, "49": {"800": {"time": 358.0, "coeffs_time": 0, "poisons_time": 4, "target_loss": 0.03387279435992241, "total_loss": 0.08592952787876129, "coeff_list": [[0.1428571492433548, 0.1428571492433548, 0.1428571492433548, 0.1428571492433548, 0.1428571492433548, 0.1428571492433548, 0.1428571492433548], [0.1428571492433548, 0.1428571492433548, 0.1428571492433548, 0.1428571492433548, 0.1428571492433548, 0.1428571492433548, 0.1428571492433548], [0.1428571492433548, 0.1428571492433548, 0.1428571492433548, 0.1428571492433548, 0.1428571492433548, 0.1428571492433548, 0.1428571492433548], [0.1428571492433548, 0.1428571492433548, 0.1428571492433548, 0.1428571492433548, 0.1428571492433548, 0.1428571492433548, 0.1428571492433548], [0.1428571492433548, 0.1428571492433548, 0.1428571492433548, 0.1428571492433548, 0.1428571492433548, 0.1428571492433548, 0.1428571492433548], [0.1428571492433548, 0.1428571492433548, 0.1428571492433548, 0.1428571492433548, 0.1428571492433548, 0.1428571492433548, 0.1428571492433548], [0.1428571492433548, 0.1428571492433548, 0.1428571492433548, 0.1428571492433548, 0.1428571492433548, 0.1428571492433548, 0.1428571492433548], [0.1428571492433548, 0.1428571492433548, 0.1428571492433548, 0.1428571492433548, 0.1428571492433548, 0.1428571492433548, 0.1428571492433548], [0.1428571492433548, 0.1428571492433548, 0.1428571492433548, 0.1428571492433548, 0.1428571492433548, 0.1428571492433548, 0.1428571492433548], [0.1428571492433548, 0.1428571492433548, 0.1428571492433548, 0.1428571492433548, 0.1428571492433548, 0.1428571492433548, 0.1428571492433548], [0.1428571492433548, 0.1428571492433548, 0.1428571492433548, 0.1428571492433548, 0.1428571492433548, 0.1428571492433548, 0.1428571492433548], [0.1428571492433548, 0.1428571492433548, 0.1428571492433548, 0.1428571492433548, 0.1428571492433548, 0.1428571492433548, 0.1428571492433548], [0.1428571492433548, 0.1428571492433548, 0.1428571492433548, 0.1428571492433548, 0.1428571492433548, 0.1428571492433548, 0.1428571492433548], [0.1428571492433548, 0.1428571492433548, 0.1428571492433548, 0.1428571492433548, 0.1428571492433548, 0.1428571492433548, 0.1428571492433548], [0.1428571492433548, 0.1428571492433548, 0.1428571492433548, 0.1428571492433548, 0.1428571492433548, 0.1428571492433548, 0.1428571492433548], [0.1428571492433548, 0.1428571492433548, 0.1428571492433548, 0.1428571492433548, 0.1428571492433548, 0.1428571492433548, 0.1428571492433548], [0.1428571492433548, 0.1428571492433548, 0.1428571492433548, 0.1428571492433548, 0.1428571492433548, 0.1428571492433548, 0.1428571492433548], [0.1428571492433548, 0.1428571492433548, 0.1428571492433548, 0.1428571492433548, 0.1428571492433548, 0.1428571492433548, 0.1428571492433548]], "coeff_list_in_victim": [[0.0, 0.07567816972732544, 0.0, 0.0, 0.2175360918045044, 0.0, 0.7067857384681702]], "victims": {"DPN92": {"clean acc": 92.48000221252441, "prediction": 6, "poisons predictions": [8, 8, 8, 8, 8, 8, 6], "scores": [6.8639773965992195e-18, 2.779995385718539e-38, 1.3732724950383207e-43, 9.572102946472604e-17, 2.201761179632545e-29, 5.306279257105192e-17, 0.9999771118164062, 4.522690793608347e-41, 2.2767510017729364e-05, 0.0], "malicious score": 2.2767510017729364e-05, "camera": {}}, "SENet18": {"clean acc": 91.84000129699707, "prediction": 6, "poisons predictions": [6, 8, 8, 8, 8, 6, 8], "scores": [9.004247658594977e-08, 2.1462218424841743e-17, 1.702647445256389e-08, 6.523560841742437e-06, 0.0005237950826995075, 3.259520986453879e-10, 0.9946831464767456, 3.142192723463305e-14, 0.0047865621745586395, 1.6598421042571948e-13], "malicious score": 0.0047865621745586395, "camera": {}}, "ResNet50": {"clean acc": 93.59000167846679, "prediction": 8, "poisons predictions": [8, 8, 8, 8, 8, 8, 8], "scores": [1.211701356140352e-35, 2.6764800668604006e-43, 1.7656360650492695e-43, 7.857623726419053e-32, 0.0, 3.532045508887767e-26, 4.045878449687734e-05, 1.2826840131313973e-30, 0.9999580383300781, 3.379684298844239e-35], "malicious score": 0.9999580383300781, "camera": {}}, "ResNeXt29_2x64d": {"clean acc": 92.72000083923339, "prediction": 6, "poisons predictions": [8, 8, 8, 8, 8, 8, 8], "scores": [4.521502094100741e-19, 1.404395184926411e-16, 6.7531984448976345e-09, 3.662161418560572e-08, 4.857389041213624e-31, 3.9292451670808193e-13, 0.9451066255569458, 1.3563749929029619e-18, 0.05489320680499077, 1.6671553930765355e-17], "malicious score": 0.05489320680499077, "camera": {}}, "GoogLeNet": {"clean acc": 92.16000175476074, "prediction": 6, "poisons predictions": [8, 8, 8, 8, 8, 8, 8], "scores": [1.912585975011316e-12, 1.031699281561771e-09, 3.0465943101631865e-09, 7.506503607146442e-06, 3.6804900793718787e-10, 3.457774155890547e-08, 0.5729454159736633, 3.1050909399255033e-08, 0.42704665660858154, 2.0558647015680998e-13], "malicious score": 0.42704665660858154, "camera": {}}, "MobileNetV2": {"clean acc": 87.21000289916992, "prediction": 8, "poisons predictions": [8, 8, 8, 6, 6, 8, 8], "scores": [7.204993979909036e-13, 7.730245162378128e-20, 6.706192675828837e-13, 0.37470829486846924, 4.3431370848491914e-16, 5.127456347963494e-14, 0.00013845622015651315, 4.191299526102399e-21, 0.6251541376113892, 4.934859415420716e-24], "malicious score": 0.6251541376113892, "camera": {}}, "ResNet18": {"clean acc": 92.70000114440919, "prediction": 8, "poisons predictions": [6, 8, 8, 8, 8, 8, 8], "scores": [1.1620192047673019e-20, 2.6526678047311958e-17, 9.0465981738121e-15, 3.7905269891780335e-06, 2.3934487180093195e-20, 1.6471350672286889e-10, 0.22202171385288239, 1.4835599112042464e-13, 0.777974545955658, 1.0976987240916475e-30], "malicious score": 0.777974545955658, "camera": {}}, "DenseNet121": {"clean acc": 93.11000137329101, "prediction": 6, "poisons predictions": [8, 8, 8, 8, 8, 8, 8], "scores": [2.123088336247747e-07, 1.0835469891126714e-12, 3.7196734949986043e-13, 5.35261847289803e-07, 2.400739884667047e-10, 1.5395572594556484e-09, 0.9981334805488586, 1.0877549132164197e-19, 0.0018657005857676268, 1.0444650352936513e-11], "malicious score": 0.0018657005857676268, "camera": {}}}}}}, "poison_idx_list": [213, 225, 227, 247, 249, 253, 261]}