{"args": "Namespace(device='cuda', dset_path='datasets', end2end=False, eval_poisons_root='attack-results-eps0.30/100-overlap/linear-transfer-learning/mean/800', gpu='2', lr_decay_epoch=[30, 45], model_resume_path='model-chks', num_per_class=50, poison_label=8, retrain_bsize=64, retrain_epochs=60, retrain_lr=0.1, retrain_momentum=0.9, retrain_opt='adam', retrain_wd=0, subset_group=0, target_camera=True, target_index_end=43, target_index_start=42, target_index_step=1, target_label=6, target_net=['DPN92', 'SENet18', 'ResNet50', 'ResNeXt29_2x64d', 'GoogLeNet', 'MobileNetV2', 'ResNet18', 'DenseNet121'], target_print_size=[2, 4], test_chk_name='ckpt-%s-4800.t7', train_data_path='datasets/CIFAR10_TRAIN_Split.pth')", "poison_label": 8, "target_label": 6, "targets": {"42": {}, "42": {"800": {"time": 506.0, "coeffs_time": 0, "poisons_time": 7, "target_loss": 0.011315248906612396, "total_loss": 0.07141166180372238, "coeff_list": [[0.20000000298023224, 0.20000000298023224, 0.20000000298023224, 0.20000000298023224, 0.20000000298023224], [0.20000000298023224, 0.20000000298023224, 0.20000000298023224, 0.20000000298023224, 0.20000000298023224], [0.20000000298023224, 0.20000000298023224, 0.20000000298023224, 0.20000000298023224, 0.20000000298023224], [0.20000000298023224, 0.20000000298023224, 0.20000000298023224, 0.20000000298023224, 0.20000000298023224], [0.20000000298023224, 0.20000000298023224, 0.20000000298023224, 0.20000000298023224, 0.20000000298023224], [0.20000000298023224, 0.20000000298023224, 0.20000000298023224, 0.20000000298023224, 0.20000000298023224], [0.20000000298023224, 0.20000000298023224, 0.20000000298023224, 0.20000000298023224, 0.20000000298023224], [0.20000000298023224, 0.20000000298023224, 0.20000000298023224, 0.20000000298023224, 0.20000000298023224], [0.20000000298023224, 0.20000000298023224, 0.20000000298023224, 0.20000000298023224, 0.20000000298023224], [0.20000000298023224, 0.20000000298023224, 0.20000000298023224, 0.20000000298023224, 0.20000000298023224], [0.20000000298023224, 0.20000000298023224, 0.20000000298023224, 0.20000000298023224, 0.20000000298023224], [0.20000000298023224, 0.20000000298023224, 0.20000000298023224, 0.20000000298023224, 0.20000000298023224], [0.20000000298023224, 0.20000000298023224, 0.20000000298023224, 0.20000000298023224, 0.20000000298023224], [0.20000000298023224, 0.20000000298023224, 0.20000000298023224, 0.20000000298023224, 0.20000000298023224], [0.20000000298023224, 0.20000000298023224, 0.20000000298023224, 0.20000000298023224, 0.20000000298023224], [0.20000000298023224, 0.20000000298023224, 0.20000000298023224, 0.20000000298023224, 0.20000000298023224], [0.20000000298023224, 0.20000000298023224, 0.20000000298023224, 0.20000000298023224, 0.20000000298023224], [0.20000000298023224, 0.20000000298023224, 0.20000000298023224, 0.20000000298023224, 0.20000000298023224]], "coeff_list_in_victim": [[0.0, 0.4984593689441681, 0.015864234417676926, 0.0, 0.4856764078140259]], "victims": {"DPN92": {"clean acc": 92.78000144958496, "prediction": 6, "poisons predictions": [8, 8, 6, 6, 6], "scores": [2.894536277331383e-10, 3.9125641914967025e-15, 2.4152724279163974e-39, 4.3778752866797943e-13, 1.4700439377100384e-22, 5.450840186456266e-16, 0.9174835681915283, 2.1608567593147117e-36, 0.08251715451478958, 0.0], "malicious score": 0.08251715451478958, "camera": {}}, "SENet18": {"clean acc": 91.37000160217285, "prediction": 8, "poisons predictions": [6, 8, 8, 6, 6], "scores": [2.8020152864627335e-10, 2.2031843363579107e-11, 1.4719881563651782e-11, 3.869379816556773e-11, 2.692080443011946e-06, 1.9977040312778305e-13, 0.4794054925441742, 2.222368610752673e-13, 0.5205922722816467, 1.0098491460370715e-13], "malicious score": 0.5205922722816467, "camera": {}}, "ResNet50": {"clean acc": 92.47000160217286, "prediction": 8, "poisons predictions": [8, 8, 8, 8, 8], "scores": [2.8441238575920583e-20, 2.626495419707289e-34, 1.174607322434936e-16, 2.8899395409826894e-26, 4.2182026223292776e-19, 1.6565588275049328e-21, 0.0014943365240469575, 2.597239081026928e-22, 0.9985057711601257, 1.459473322975293e-28], "malicious score": 0.9985057711601257, "camera": {}}, "ResNeXt29_2x64d": {"clean acc": 92.33000106811524, "prediction": 8, "poisons predictions": [8, 8, 8, 8, 8], "scores": [4.977333288931529e-27, 8.569543308537998e-26, 1.8263053135086525e-15, 4.379587803526874e-09, 9.30322050465246e-42, 1.1283527114983235e-21, 0.36074337363243103, 8.872310897300942e-27, 0.63925701379776, 2.2373672993878337e-26], "malicious score": 0.63925701379776, "camera": {}}, "GoogLeNet": {"clean acc": 91.98000106811523, "prediction": 6, "poisons predictions": [8, 8, 8, 8, 8], "scores": [4.0110337303787054e-16, 2.136952975684281e-10, 1.40784627879198e-13, 3.793832320297952e-06, 9.260153532864024e-09, 9.028875069816422e-08, 0.9371563196182251, 9.19136620113059e-13, 0.06283995509147644, 1.981067338576196e-15], "malicious score": 0.06283995509147644, "camera": {}}, "MobileNetV2": {"clean acc": 86.56000099182128, "prediction": 6, "poisons predictions": [8, 8, 6, 6, 6], "scores": [1.1602799276921871e-10, 2.4966528410635958e-12, 6.383895148620589e-12, 6.231373845366761e-05, 3.5415815474640307e-20, 1.9532400696853358e-10, 0.8220537304878235, 6.983390532380283e-23, 0.17788469791412354, 1.10372043739238e-14], "malicious score": 0.17788469791412354, "camera": {}}, "ResNet18": {"clean acc": 92.66000099182129, "prediction": 6, "poisons predictions": [8, 8, 8, 8, 6], "scores": [1.68220081580214e-16, 6.380646055959005e-08, 1.1314618512947572e-11, 9.48690649238415e-05, 5.428392459847438e-22, 1.4618771471130998e-10, 0.9237945079803467, 9.331814157130178e-14, 0.0761108547449112, 2.538671523068423e-22], "malicious score": 0.0761108547449112, "camera": {}}, "DenseNet121": {"clean acc": 93.21000099182129, "prediction": 6, "poisons predictions": [8, 8, 8, 8, 8], "scores": [8.911154623092443e-07, 1.656786687009859e-13, 2.9277151369910825e-08, 2.2610118321608752e-05, 2.207614073768127e-07, 3.113151979050599e-05, 0.9294031858444214, 1.4747392065530716e-15, 0.07054153084754944, 9.945785528486795e-09], "malicious score": 0.07054153084754944, "camera": {}}}}}}, "poison_idx_list": [213, 225, 227, 247, 249]}