{"args": "Namespace(device='cuda', dset_path='datasets', end2end=False, eval_poisons_root='attack-results-eps0.20/100-overlap/linear-transfer-learning/mean/800', gpu='1', lr_decay_epoch=[30, 45], model_resume_path='model-chks', num_per_class=50, poison_label=8, retrain_bsize=64, retrain_epochs=60, retrain_lr=0.1, retrain_momentum=0.9, retrain_opt='adam', retrain_wd=0, subset_group=0, target_camera=True, target_index_end=12, target_index_start=11, target_index_step=1, target_label=6, target_net=['DPN92', 'SENet18', 'ResNet50', 'ResNeXt29_2x64d', 'GoogLeNet', 'MobileNetV2', 'ResNet18', 'DenseNet121'], target_print_size=[2, 4], test_chk_name='ckpt-%s-4800.t7', train_data_path='datasets/CIFAR10_TRAIN_Split.pth')", "poison_label": 8, "target_label": 6, "targets": {"11": {}, "11": {"800": {"time": 359.0, "coeffs_time": 0, "poisons_time": 4, "target_loss": 0.02118230052292347, "total_loss": 0.09162956476211548, "coeff_list": [[0.20000000298023224, 0.20000000298023224, 0.20000000298023224, 0.20000000298023224, 0.20000000298023224], [0.20000000298023224, 0.20000000298023224, 0.20000000298023224, 0.20000000298023224, 0.20000000298023224], [0.20000000298023224, 0.20000000298023224, 0.20000000298023224, 0.20000000298023224, 0.20000000298023224], [0.20000000298023224, 0.20000000298023224, 0.20000000298023224, 0.20000000298023224, 0.20000000298023224], [0.20000000298023224, 0.20000000298023224, 0.20000000298023224, 0.20000000298023224, 0.20000000298023224], [0.20000000298023224, 0.20000000298023224, 0.20000000298023224, 0.20000000298023224, 0.20000000298023224], [0.20000000298023224, 0.20000000298023224, 0.20000000298023224, 0.20000000298023224, 0.20000000298023224], [0.20000000298023224, 0.20000000298023224, 0.20000000298023224, 0.20000000298023224, 0.20000000298023224], [0.20000000298023224, 0.20000000298023224, 0.20000000298023224, 0.20000000298023224, 0.20000000298023224], [0.20000000298023224, 0.20000000298023224, 0.20000000298023224, 0.20000000298023224, 0.20000000298023224], [0.20000000298023224, 0.20000000298023224, 0.20000000298023224, 0.20000000298023224, 0.20000000298023224], [0.20000000298023224, 0.20000000298023224, 0.20000000298023224, 0.20000000298023224, 0.20000000298023224], [0.20000000298023224, 0.20000000298023224, 0.20000000298023224, 0.20000000298023224, 0.20000000298023224], [0.20000000298023224, 0.20000000298023224, 0.20000000298023224, 0.20000000298023224, 0.20000000298023224], [0.20000000298023224, 0.20000000298023224, 0.20000000298023224, 0.20000000298023224, 0.20000000298023224], [0.20000000298023224, 0.20000000298023224, 0.20000000298023224, 0.20000000298023224, 0.20000000298023224], [0.20000000298023224, 0.20000000298023224, 0.20000000298023224, 0.20000000298023224, 0.20000000298023224], [0.20000000298023224, 0.20000000298023224, 0.20000000298023224, 0.20000000298023224, 0.20000000298023224]], "coeff_list_in_victim": [[0.38251128792762756, 0.3248828053474426, 0.0, 0.03832348436117172, 0.25428250432014465]], "victims": {"DPN92": {"clean acc": 92.29000205993653, "prediction": 8, "poisons predictions": [8, 8, 8, 8, 8], "scores": [2.860697789763833e-11, 1.4619459385550979e-15, 1.2366764440596875e-33, 4.355109027018988e-19, 7.82874756075431e-33, 1.7866426723516998e-21, 6.281148046127782e-08, 1.770926250022271e-30, 1.0, 0.0], "malicious score": 1.0, "camera": {"2": {"prediction": 8, "scores": [1.575552049937201e-10, 1.8725492890222378e-14, 1.862159559526119e-33, 3.4135478066929547e-16, 4.10412120215585e-29, 1.150416119363996e-18, 7.591442567900231e-07, 2.749916200675225e-29, 1.0, 7.006492321624085e-44], "malicious score": 1.0}, "4": {"prediction": 8, "scores": [7.977476318421495e-11, 8.134972188066081e-15, 1.2737013202353232e-32, 3.6245519194856774e-16, 3.0263839331976628e-30, 6.773921105937229e-19, 1.120310386681922e-07, 6.352687625281075e-28, 1.0, 4.203895392974451e-45], "malicious score": 1.0}}}, "SENet18": {"clean acc": 91.0700023651123, "prediction": 8, "poisons predictions": [8, 8, 8, 6, 8], "scores": [2.5237028239644133e-05, 4.131027795230627e-14, 4.6272728894012835e-14, 1.8224280591561115e-12, 1.635172108827021e-09, 9.72778058768635e-16, 6.855028186691925e-05, 6.744873104480575e-08, 0.9999065399169922, 1.1881245079115926e-20], "malicious score": 0.9999065399169922, "camera": {"2": {"prediction": 8, "scores": [0.00011922384874196723, 2.8722783843816755e-18, 2.8779844913140256e-16, 9.044881814010419e-13, 6.434486832240793e-10, 1.6918394344923376e-18, 1.5552930676676624e-07, 2.1603001332248795e-10, 0.9998798370361328, 4.427409353957262e-25], "malicious score": 0.9998798370361328}, "4": {"prediction": 8, "scores": [4.538624853012152e-05, 4.6128211520684095e-14, 2.821676303255225e-14, 3.822382341200914e-11, 1.0189861399112488e-08, 3.474559325185886e-16, 3.708937583724037e-07, 1.4571024564702384e-07, 0.9999542236328125, 1.3685607309203768e-21], "malicious score": 0.9999542236328125}}}, "ResNet50": {"clean acc": 93.74000205993653, "prediction": 6, "poisons predictions": [8, 8, 8, 8, 8], "scores": [1.1852236818633203e-26, 2.101454477099196e-08, 2.2470017057233447e-38, 3.479569574699732e-18, 5.324934164434305e-44, 1.4470764188690116e-37, 0.6554174423217773, 2.145569089007871e-30, 0.34458255767822266, 1.411709730723755e-25], "malicious score": 0.34458255767822266, "camera": {"2": {"prediction": 8, "scores": [5.581184494943804e-25, 6.20560478004073e-11, 1.1898059801942526e-37, 6.278379729220693e-16, 4.638438046761577e-41, 2.8692296795631735e-36, 0.17365168035030365, 1.620351442213012e-30, 0.8263484835624695, 1.6044941718434143e-23], "malicious score": 0.8263484835624695}, "4": {"prediction": 8, "scores": [3.2896365601445763e-22, 5.107615663746401e-09, 7.2920437479692275e-34, 1.291631461074888e-13, 1.7552664564132659e-41, 3.1211559694689554e-36, 0.0007067910046316683, 1.5545209990704656e-27, 0.999293327331543, 3.8740862625046836e-21], "malicious score": 0.999293327331543}}}, "ResNeXt29_2x64d": {"clean acc": 92.89000129699707, "prediction": 8, "poisons predictions": [8, 8, 8, 8, 8], "scores": [1.1254516016819925e-20, 7.434131532590982e-09, 1.9547730287461413e-20, 2.634553859792721e-11, 0.0, 5.836738335787648e-29, 0.0011639236472547054, 6.58954186021922e-28, 0.9988352656364441, 7.00753030716877e-26], "malicious score": 0.9988352656364441, "camera": {"2": {"prediction": 8, "scores": [2.412293726317821e-13, 5.102082645258577e-10, 1.9750892002630416e-13, 4.078014814723474e-09, 4.2465978224906965e-36, 8.693896843511767e-21, 0.0006312212790362537, 2.8251048427344475e-19, 0.9993688464164734, 9.040951617059613e-20], "malicious score": 0.9993688464164734}, "4": {"prediction": 8, "scores": [8.734045557374105e-15, 4.0496667130796027e-10, 3.176576840110967e-14, 2.1011758999378571e-10, 2.2436750231690376e-40, 6.384845791531823e-23, 1.9890358089469373e-05, 2.2200220630931944e-20, 0.9999809265136719, 5.641884888085373e-20], "malicious score": 0.9999809265136719}}}, "GoogLeNet": {"clean acc": 91.7500015258789, "prediction": 8, "poisons predictions": [8, 8, 8, 8, 8], "scores": [3.4306985030596593e-10, 2.202284399288601e-08, 1.0756573409764769e-10, 1.139006371886353e-06, 1.2951556493945304e-11, 1.63920518048144e-07, 0.3354509770870209, 6.756643753877151e-15, 0.6645478010177612, 2.3204708994421525e-15], "malicious score": 0.6645478010177612, "camera": {"2": {"prediction": 6, "scores": [3.0895523916996126e-09, 4.585909874066374e-09, 5.7629488736665735e-08, 2.2687314412905835e-05, 1.3913244167884642e-10, 7.939305760373827e-06, 0.9308481812477112, 1.5621938760494204e-14, 0.06912124902009964, 1.5028352640025083e-13], "malicious score": 0.06912124902009964}, "4": {"prediction": 6, "scores": [1.4306962281551705e-09, 1.2851669062285964e-08, 3.156197792009152e-08, 1.8391328922007233e-05, 1.5841339351396755e-10, 3.702461754073738e-06, 0.9755353927612305, 1.728399697399196e-14, 0.024442672729492188, 1.5380807792762102e-13], "malicious score": 0.024442672729492188}}}, "MobileNetV2": {"clean acc": 86.73000068664551, "prediction": 8, "poisons predictions": [8, 8, 8, 6, 8],