{"args": "Namespace(device='cuda', dset_path='datasets', end2end=False, eval_poisons_root='attack-results-eps0.05/100-overlap/linear-transfer-learning/mean/800', gpu='3', lr_decay_epoch=[30, 45], model_resume_path='model-chks', num_per_class=50, poison_label=8, retrain_bsize=64, retrain_epochs=60, retrain_lr=0.1, retrain_momentum=0.9, retrain_opt='adam', retrain_wd=0, subset_group=0, target_camera=True, target_index_end=48, target_index_start=47, target_index_step=1, target_label=6, target_net=['DPN92', 'SENet18', 'ResNet50', 'ResNeXt29_2x64d', 'GoogLeNet', 'MobileNetV2', 'ResNet18', 'DenseNet121'], target_print_size=[2, 4], test_chk_name='ckpt-%s-4800.t7', train_data_path='datasets/CIFAR10_TRAIN_Split.pth')", "poison_label": 8, "target_label": 6, "targets": {"47": {}, "47": {"800": {"time": 477.0, "coeffs_time": 0, "poisons_time": 7, "target_loss": 0.009497050195932388, "total_loss": 0.07035604864358902, "coeff_list": [[0.20000000298023224, 0.20000000298023224, 0.20000000298023224, 0.20000000298023224, 0.20000000298023224], [0.20000000298023224, 0.20000000298023224, 0.20000000298023224, 0.20000000298023224, 0.20000000298023224], [0.20000000298023224, 0.20000000298023224, 0.20000000298023224, 0.20000000298023224, 0.20000000298023224], [0.20000000298023224, 0.20000000298023224, 0.20000000298023224, 0.20000000298023224, 0.20000000298023224], [0.20000000298023224, 0.20000000298023224, 0.20000000298023224, 0.20000000298023224, 0.20000000298023224], [0.20000000298023224, 0.20000000298023224, 0.20000000298023224, 0.20000000298023224, 0.20000000298023224], [0.20000000298023224, 0.20000000298023224, 0.20000000298023224, 0.20000000298023224, 0.20000000298023224], [0.20000000298023224, 0.20000000298023224, 0.20000000298023224, 0.20000000298023224, 0.20000000298023224], [0.20000000298023224, 0.20000000298023224, 0.20000000298023224, 0.20000000298023224, 0.20000000298023224], [0.20000000298023224, 0.20000000298023224, 0.20000000298023224, 0.20000000298023224, 0.20000000298023224], [0.20000000298023224, 0.20000000298023224, 0.20000000298023224, 0.20000000298023224, 0.20000000298023224], [0.20000000298023224, 0.20000000298023224, 0.20000000298023224, 0.20000000298023224, 0.20000000298023224], [0.20000000298023224, 0.20000000298023224, 0.20000000298023224, 0.20000000298023224, 0.20000000298023224], [0.20000000298023224, 0.20000000298023224, 0.20000000298023224, 0.20000000298023224, 0.20000000298023224], [0.20000000298023224, 0.20000000298023224, 0.20000000298023224, 0.20000000298023224, 0.20000000298023224], [0.20000000298023224, 0.20000000298023224, 0.20000000298023224, 0.20000000298023224, 0.20000000298023224], [0.20000000298023224, 0.20000000298023224, 0.20000000298023224, 0.20000000298023224, 0.20000000298023224], [0.20000000298023224, 0.20000000298023224, 0.20000000298023224, 0.20000000298023224, 0.20000000298023224]], "coeff_list_in_victim": [[0.0, 0.11728521436452866, 0.3610072135925293, 0.0, 0.5217075943946838]], "victims": {"DPN92": {"clean acc": 92.14000091552734, "prediction": 6, "poisons predictions": [8, 8, 8, 8, 8], "scores": [3.9595157838416375e-22, 7.617050142844209e-35, 2.573624759578959e-41, 5.5526638381665425e-14, 1.0693483129689888e-33, 1.6763671374568069e-21, 0.8009824752807617, 0.0, 0.19901935756206512, 0.0], "malicious score": 0.19901935756206512, "camera": {}}, "SENet18": {"clean acc": 91.71000099182129, "prediction": 6, "poisons predictions": [6, 8, 8, 8, 6], "scores": [3.2900800139845643e-12, 9.618295358855525e-17, 3.849325047076435e-20, 5.075223637754584e-15, 8.733668233062986e-10, 2.4509406217699288e-17, 0.9999904632568359, 3.916586139986933e-20, 9.075656635104679e-06, 1.180906552428944e-23], "malicious score": 9.075656635104679e-06, "camera": {}}, "ResNet50": {"clean acc": 92.99000129699706, "prediction": 8, "poisons predictions": [8, 8, 8, 8, 8], "scores": [0.0, 4.973284480525235e-37, 0.0, 1.48547963649684e-28, 4.601576525198873e-35, 1.3531081034004292e-34, 0.011566299945116043, 7.841981107262703e-20, 0.9884325861930847, 0.0], "malicious score": 0.9884325861930847, "camera": {}}, "ResNeXt29_2x64d": {"clean acc": 93.2500015258789, "prediction": 8, "poisons predictions": [8, 8, 8, 8, 8], "scores": [4.9682163987979866e-24, 2.4787874231545095e-20, 1.4554173394699067e-17, 1.111595516155306e-12, 0.0, 1.0784895477268942e-30, 0.009493985213339329, 5.068823045437872e-21, 0.9905067086219788, 1.0942785020969134e-23], "malicious score": 0.9905067086219788, "camera": {}}, "GoogLeNet": {"clean acc": 92.00000114440918, "prediction": 8, "poisons predictions": [8, 8, 6, 8, 6], "scores": [3.005882421767102e-14, 5.778956619906239e-07, 1.0804854233548156e-10, 3.278400981798768e-06, 8.308643356658152e-11, 7.620885256187648e-09, 0.24783220887184143, 1.4041665963304695e-06, 0.7521628141403198, 3.644119240305693e-13], "malicious score": 0.7521628141403198, "camera": {}}, "MobileNetV2": {"clean acc": 86.56000137329102, "prediction": 6, "poisons predictions": [8, 8, 8, 8, 8], "scores": [1.667907717152375e-15, 3.510489425193053e-13, 2.4466521270452048e-14, 4.8914648687059525e-06, 6.0257356355596266e-15, 1.2800249667041476e-15, 0.9745832085609436, 9.493325467124651e-27, 0.025411194190382957, 1.7884938579225325e-25], "malicious score": 0.025411194190382957, "camera": {}}, "ResNet18": {"clean acc": 92.47000198364258, "prediction": 8, "poisons predictions": [6, 8, 8, 8, 6], "scores": [1.6121140948713062e-23, 3.621096311690053e-07, 1.9563465973072847e-13, 0.00034068041713908315, 9.021399112611197e-24, 1.9657658747312956e-12, 0.39593392610549927, 1.6245440322831817e-12, 0.6037254333496094, 1.2587537317192783e-29], "malicious score": 0.6037254333496094, "camera": {}}, "DenseNet121": {"clean acc": 93.11000137329101, "prediction": 8, "poisons predictions": [8, 8, 8, 8, 8], "scores": [1.1367324503908094e-07, 5.7006443836271625e-12, 1.7165702193011612e-09, 9.044336366059724e-06, 2.59536341218336e-06, 3.2052204801402695e-07, 0.10770993679761887, 6.691541658618545e-23, 0.8922780752182007, 2.057227670753856e-15], "malicious score": 0.8922780752182007, "camera": {}}}}}}, "poison_idx_list": [213, 225, 227, 247, 249]}