{"args": "Namespace(device='cuda', dset_path='datasets', end2end=False, eval_poisons_root='attack-results-eps0.20/100-overlap/linear-transfer-learning/mean/800', gpu='1', lr_decay_epoch=[30, 45], model_resume_path='model-chks', num_per_class=50, poison_label=8, retrain_bsize=64, retrain_epochs=60, retrain_lr=0.1, retrain_momentum=0.9, retrain_opt='adam', retrain_wd=0, subset_group=0, target_camera=True, target_index_end=27, target_index_start=26, target_index_step=1, target_label=6, target_net=['DPN92', 'SENet18', 'ResNet50', 'ResNeXt29_2x64d', 'GoogLeNet', 'MobileNetV2', 'ResNet18', 'DenseNet121'], target_print_size=[2, 4], test_chk_name='ckpt-%s-4800.t7', train_data_path='datasets/CIFAR10_TRAIN_Split.pth')", "poison_label": 8, "target_label": 6, "targets": {"26": {}, "26": {"800": {"time": 361.0, "coeffs_time": 0, "poisons_time": 4, "target_loss": 0.008203557692468166, "total_loss": 0.08560951799154282, "coeff_list": [[0.20000000298023224, 0.20000000298023224, 0.20000000298023224, 0.20000000298023224, 0.20000000298023224], [0.20000000298023224, 0.20000000298023224, 0.20000000298023224, 0.20000000298023224, 0.20000000298023224], [0.20000000298023224, 0.20000000298023224, 0.20000000298023224, 0.20000000298023224, 0.20000000298023224], [0.20000000298023224, 0.20000000298023224, 0.20000000298023224, 0.20000000298023224, 0.20000000298023224], [0.20000000298023224, 0.20000000298023224, 0.20000000298023224, 0.20000000298023224, 0.20000000298023224], [0.20000000298023224, 0.20000000298023224, 0.20000000298023224, 0.20000000298023224, 0.20000000298023224], [0.20000000298023224, 0.20000000298023224, 0.20000000298023224, 0.20000000298023224, 0.20000000298023224], [0.20000000298023224, 0.20000000298023224, 0.20000000298023224, 0.20000000298023224, 0.20000000298023224], [0.20000000298023224, 0.20000000298023224, 0.20000000298023224, 0.20000000298023224, 0.20000000298023224], [0.20000000298023224, 0.20000000298023224, 0.20000000298023224, 0.20000000298023224, 0.20000000298023224], [0.20000000298023224, 0.20000000298023224, 0.20000000298023224, 0.20000000298023224, 0.20000000298023224], [0.20000000298023224, 0.20000000298023224, 0.20000000298023224, 0.20000000298023224, 0.20000000298023224], [0.20000000298023224, 0.20000000298023224, 0.20000000298023224, 0.20000000298023224, 0.20000000298023224], [0.20000000298023224, 0.20000000298023224, 0.20000000298023224, 0.20000000298023224, 0.20000000298023224], [0.20000000298023224, 0.20000000298023224, 0.20000000298023224, 0.20000000298023224, 0.20000000298023224], [0.20000000298023224, 0.20000000298023224, 0.20000000298023224, 0.20000000298023224, 0.20000000298023224], [0.20000000298023224, 0.20000000298023224, 0.20000000298023224, 0.20000000298023224, 0.20000000298023224], [0.20000000298023224, 0.20000000298023224, 0.20000000298023224, 0.20000000298023224, 0.20000000298023224]], "coeff_list_in_victim": [[0.0, 0.0, 0.6595261693000793, 0.316720575094223, 0.023753296583890915]], "victims": {"DPN92": {"clean acc": 92.58000221252442, "prediction": 6, "poisons predictions": [8, 8, 8, 8, 8], "scores": [1.4746808036313584e-14, 9.724290745242128e-24, 0.0, 1.9620045583161582e-20, 1.1027906817042336e-36, 4.304314389957003e-22, 0.9998626708984375, 1.401298464324817e-45, 0.0001381586625939235, 0.0], "malicious score": 0.0001381586625939235, "camera": {"2": {"prediction": 6, "scores": [1.178040717547072e-15, 2.169207647205723e-20, 8.016828514402278e-42, 3.3879785289933075e-16, 7.879389414917749e-31, 6.848441703924555e-18, 0.9985438585281372, 4.1879205904811483e-41, 0.0014566663885489106, 0.0], "malicious score": 0.0014566663885489106}, "4": {"prediction": 6, "scores": [3.165405830789399e-14, 1.5016901796577623e-19, 9.867943785775362e-42, 1.6490475491999127e-16, 5.123714213511065e-32, 2.2240676031363866e-18, 0.9989781975746155, 4.8121570173839246e-40, 0.0010221479460597038, 0.0], "malicious score": 0.0010221479460597038}}}, "SENet18": {"clean acc": 91.44000091552735, "prediction": 6, "poisons predictions": [8, 8, 6, 6, 8], "scores": [1.1170936398130493e-09, 6.927008972866066e-16, 3.9265211607550633e-19, 7.099943242784004e-15, 2.1957486939783166e-09, 3.510439111435986e-15, 0.9886286854743958, 3.8899020527519255e-21, 0.0113707035779953, 1.4287131798572301e-21], "malicious score": 0.0113707035779953, "camera": {"2": {"prediction": 8, "scores": [1.747344269276141e-09, 4.3927955717393274e-10, 6.726147687863976e-14, 1.534759125343399e-11, 1.4498011751129525e-06, 1.3340113519041963e-12, 0.2677127718925476, 1.5197069416431611e-16, 0.732285737991333, 2.238674165188001e-18], "malicious score": 0.732285737991333}, "4": {"prediction": 8, "scores": [3.382907380000688e-06, 8.393649864046893e-08, 1.5369605273814896e-13, 4.99723151747844e-09, 0.00032624666346237063, 3.8268704871669e-10, 0.38622692227363586, 2.475169158175361e-12, 0.6134432554244995, 1.3451755646333961e-14], "malicious score": 0.6134432554244995}}}, "ResNet50": {"clean acc": 93.17000160217285, "prediction": 6, "poisons predictions": [8, 8, 8, 8, 8], "scores": [2.078394775931252e-34, 3.657127985862152e-12, 6.7124413240569e-27, 4.0473142809826966e-20, 1.3933087219595987e-28, 1.7821683059815826e-16, 0.9999990463256836, 0.0, 1.1994483202215633e-06, 8.376085648591442e-24], "malicious score": 1.1994483202215633e-06, "camera": {"2": {"prediction": 6, "scores": [4.014760906101882e-35, 3.622786342834597e-14, 2.776822775668822e-18, 6.4872896854002276e-18, 1.5350323438096116e-21, 3.789700497858206e-11, 0.9999597072601318, 0.0, 4.038523184135556e-05, 2.293459371133154e-18], "malicious score": 4.038523184135556e-05}, "4": {"prediction": 6, "scores": [1.6026716310184526e-30, 5.59498380649703e-15, 4.447882025997434e-22, 2.0860132268528177e-18, 1.592298678071537e-24, 1.2389946707491717e-11, 1.0, 1.2761651391754912e-35, 9.494698360867915e-09, 1.870613606979525e-15], "malicious score": 9.494698360867915e-09}}}, "ResNeXt29_2x64d": {"clean acc": 92.77000045776367, "prediction": 6, "poisons predictions": [8, 8, 8, 8, 8], "scores": [4.734590540736878e-19, 3.942410498536039e-14, 1.874096711151907e-10, 1.192176455333538e-07, 1.3341681120140704e-21, 1.3393772998546403e-17, 0.7581532001495361, 2.445886630945291e-18, 0.24184635281562805, 1.6493406265287706e-19], "malicious score": 0.24184635281562805, "camera": {"2": {"prediction": 6, "scores": [3.5992805591554474e-17, 2.7810355353910217e-15, 2.140922788385069e-06, 2.379261303531166e-07, 3.9658145456172896e-17, 4.258327360433939e-13, 0.8233844041824341, 1.3586609268201322e-11, 0.17661353945732117, 1.874721081498998e-15], "malicious score": 0.17661353945732117}, "4": {"prediction": 6, "scores": [1.3330255453669681e-18, 3.508641416354337e-17, 1.776178578438703e-05, 8.669211126743903e-09, 1.136436043228814e-19, 7.015922131453634e-13, 0.6461813449859619, 3.8817539460556105e-11, 0.3538007140159607, 7.832698951717727e-16], "malicious score": 0.3538007140159607}}}, "GoogLeNet": {"clean acc": 92.27000198364257, "prediction": 8, "poisons predictions": [6, 8, 8, 8, 8], "scores": [5.693899538528058e-07, 8.249743359556305e-07, 4.844030243589259e-08, 0.00024873088113963604, 4.625577639671974e-05, 0.00014282336633186787, 0.454822838306427, 0.0010441277408972383, 0.5436937808990479, 2.1649675829849002e-08], "malicious score": 0.5436937808990479, "camera": {"2": {"prediction": 6, "scores": [4.4992481207373203e-07, 1.722980513818584e-08, 1.1556496204434552e-08, 0.0012030289508402348, 0.013705696910619736, 0.024276668205857277, 0.9551740288734436, 9.289754387964422e-08, 0.005614918190985918, 2.5004741473821923e-05], "malicious score": 0.005614918190985918}, "4": {"prediction": 6, "scores": [1.7275768593449925e-09, 1.1130903143641291e-10, 2.4494153233467486e-11, 5.240556492935866e-05, 1.3599347994386335e-06, 0.000798878027126193, 0.9991406202316284, 8.768503145795137e-10, 3.7558243093371857e-06, 2.935664042524877e-06], "malicious score": 3.7558243093371857e-06}}}, "MobileNetV2": {"clean acc": 87.46000137329102, "prediction": 1, "poisons predictions": [8, 8, 8, 8, 8],