{"args": "Namespace(device='cuda', dset_path='datasets', end2end=False, eval_poisons_root='attack-results-eps0.30/100-overlap/linear-transfer-learning/mean/800', gpu='1', lr_decay_epoch=[30, 45], model_resume_path='model-chks', num_per_class=50, poison_label=8, retrain_bsize=64, retrain_epochs=60, retrain_lr=0.1, retrain_momentum=0.9, retrain_opt='adam', retrain_wd=0, subset_group=0, target_camera=True, target_index_end=50, target_index_start=49, target_index_step=1, target_label=6, target_net=['DPN92', 'SENet18', 'ResNet50', 'ResNeXt29_2x64d', 'GoogLeNet', 'MobileNetV2', 'ResNet18', 'DenseNet121'], target_print_size=[2, 4], test_chk_name='ckpt-%s-4800.t7', train_data_path='datasets/CIFAR10_TRAIN_Split.pth')", "poison_label": 8, "target_label": 6, "targets": {"49": {}, "49": {"800": {"time": 417.0, "coeffs_time": 0, "poisons_time": 6, "target_loss": 0.06520266830921173, "total_loss": 0.09035714715719223, "coeff_list": [[0.20000000298023224, 0.20000000298023224, 0.20000000298023224, 0.20000000298023224, 0.20000000298023224], [0.20000000298023224, 0.20000000298023224, 0.20000000298023224, 0.20000000298023224, 0.20000000298023224], [0.20000000298023224, 0.20000000298023224, 0.20000000298023224, 0.20000000298023224, 0.20000000298023224], [0.20000000298023224, 0.20000000298023224, 0.20000000298023224, 0.20000000298023224, 0.20000000298023224], [0.20000000298023224, 0.20000000298023224, 0.20000000298023224, 0.20000000298023224, 0.20000000298023224], [0.20000000298023224, 0.20000000298023224, 0.20000000298023224, 0.20000000298023224, 0.20000000298023224], [0.20000000298023224, 0.20000000298023224, 0.20000000298023224, 0.20000000298023224, 0.20000000298023224], [0.20000000298023224, 0.20000000298023224, 0.20000000298023224, 0.20000000298023224, 0.20000000298023224], [0.20000000298023224, 0.20000000298023224, 0.20000000298023224, 0.20000000298023224, 0.20000000298023224], [0.20000000298023224, 0.20000000298023224, 0.20000000298023224, 0.20000000298023224, 0.20000000298023224], [0.20000000298023224, 0.20000000298023224, 0.20000000298023224, 0.20000000298023224, 0.20000000298023224], [0.20000000298023224, 0.20000000298023224, 0.20000000298023224, 0.20000000298023224, 0.20000000298023224], [0.20000000298023224, 0.20000000298023224, 0.20000000298023224, 0.20000000298023224, 0.20000000298023224], [0.20000000298023224, 0.20000000298023224, 0.20000000298023224, 0.20000000298023224, 0.20000000298023224], [0.20000000298023224, 0.20000000298023224, 0.20000000298023224, 0.20000000298023224, 0.20000000298023224], [0.20000000298023224, 0.20000000298023224, 0.20000000298023224, 0.20000000298023224, 0.20000000298023224], [0.20000000298023224, 0.20000000298023224, 0.20000000298023224, 0.20000000298023224, 0.20000000298023224], [0.20000000298023224, 0.20000000298023224, 0.20000000298023224, 0.20000000298023224, 0.20000000298023224]], "coeff_list_in_victim": [[0.0, 0.4663648009300232, 0.0, 0.28869593143463135, 0.24493925273418427]], "victims": {"DPN92": {"clean acc": 92.26000213623047, "prediction": 6, "poisons predictions": [8, 6, 8, 8, 8], "scores": [2.4367023156168788e-12, 8.094939693400672e-39, 4.056421074110804e-26, 1.3765084905248415e-10, 7.936516148153728e-33, 3.2475329933903674e-13, 0.9999923706054688, 0.0, 6.677294550172519e-06, 0.0], "malicious score": 6.677294550172519e-06, "camera": {}}, "SENet18": {"clean acc": 91.61000175476075, "prediction": 6, "poisons predictions": [8, 6, 8, 6, 6], "scores": [2.604747306733657e-09, 6.256831803965607e-14, 6.798250407058504e-09, 1.0466743560755276e-06, 0.000501763541251421, 5.276263315145968e-10, 0.9863496422767639, 5.259229687084319e-15, 0.013147070072591305, 5.830087389420424e-13], "malicious score": 0.013147070072591305, "camera": {}}, "ResNet50": {"clean acc": 93.61000137329101, "prediction": 8, "poisons predictions": [8, 8, 8, 8, 8], "scores": [1.8529553802736346e-25, 1.0562924507810659e-35, 9.778095587224686e-28, 1.0293519314510415e-25, 2.0874598577570074e-35, 1.833732417735209e-23, 0.10479844361543655, 7.476855707159024e-26, 0.8952016234397888, 2.586394878005784e-28], "malicious score": 0.8952016234397888, "camera": {}}, "ResNeXt29_2x64d": {"clean acc": 92.8900016784668, "prediction": 6, "poisons predictions": [8, 8, 8, 8, 8], "scores": [1.499315199438877e-26, 5.942008969822381e-15, 2.3205907681567162e-11, 2.5433175530886754e-12, 1.1421615628126304e-31, 1.2880088875067298e-15, 0.9629093408584595, 2.6255411383868507e-21, 0.03709116950631142, 3.8031481546697566e-18], "malicious score": 0.03709116950631142, "camera": {}}, "GoogLeNet": {"clean acc": 92.27000160217285, "prediction": 6, "poisons predictions": [8, 8, 8, 6, 8], "scores": [1.327537458759541e-14, 8.555176012059462e-10, 6.996933255010163e-09, 1.7338772522634827e-05, 3.897004674513482e-08, 6.34117895970121e-08, 0.9960159063339233, 8.375479296773847e-07, 0.003965443465858698, 4.191066845784727e-14], "malicious score": 0.003965443465858698, "camera": {}}, "MobileNetV2": {"clean acc": 87.46000175476074, "prediction": 3, "poisons predictions": [8, 8, 5, 6, 8], "scores": [7.123238110473551e-10, 9.368390364605087e-18, 6.913582662089468e-13, 0.69542396068573, 2.2372580319793103e-17, 4.2235610625204756e-13, 0.0003705280541907996, 5.626081350606051e-15, 0.3042048513889313, 1.3068272684142962e-20], "malicious score": 0.3042048513889313, "camera": {}}, "ResNet18": {"clean acc": 92.96000213623047, "prediction": 8, "poisons predictions": [6, 8, 8, 8, 8], "scores": [1.112725944945747e-20, 7.02806562830167e-18, 1.7192461511513976e-14, 3.162054781569168e-06, 2.1348939658867786e-19, 2.8957566899912024e-10, 0.050367746502161026, 9.461339489647003e-10, 0.9496294260025024, 1.0965199096263134e-20], "malicious score": 0.9496294260025024, "camera": {}}, "DenseNet121": {"clean acc": 93.53000221252441, "prediction": 6, "poisons predictions": [8, 8, 8, 8, 8], "scores": [3.197308728886128e-08, 5.512267378660063e-11, 8.774428666286083e-13, 1.7763784853741527e-05, 1.1301306557243151e-08, 1.0818599776030169e-06, 0.9992030262947083, 6.592117953556828e-17, 0.0007777745486237109, 4.2511114073384704e-10], "malicious score": 0.0007777745486237109, "camera": {}}}}}}, "poison_idx_list": [213, 225, 227, 247, 249]}