{"args": "Namespace(device='cuda', dset_path='datasets', end2end=False, eval_poisons_root='attack-results-eps0.01/100-overlap/linear-transfer-learning/mean/800', gpu='1', lr_decay_epoch=[30, 45], model_resume_path='model-chks', num_per_class=50, poison_label=8, retrain_bsize=64, retrain_epochs=60, retrain_lr=0.1, retrain_momentum=0.9, retrain_opt='adam', retrain_wd=0, subset_group=0, target_camera=True, target_index_end=45, target_index_start=44, target_index_step=1, target_label=6, target_net=['DPN92', 'SENet18', 'ResNet50', 'ResNeXt29_2x64d', 'GoogLeNet', 'MobileNetV2', 'ResNet18', 'DenseNet121'], target_print_size=[2, 4], test_chk_name='ckpt-%s-4800.t7', train_data_path='datasets/CIFAR10_TRAIN_Split.pth')", "poison_label": 8, "target_label": 6, "targets": {"44": {}, "44": {"800": {"time": 451.0, "coeffs_time": 0, "poisons_time": 6, "target_loss": 0.027109261602163315, "total_loss": 0.5727559328079224, "coeff_list": [[0.20000000298023224, 0.20000000298023224, 0.20000000298023224, 0.20000000298023224, 0.20000000298023224], [0.20000000298023224, 0.20000000298023224, 0.20000000298023224, 0.20000000298023224, 0.20000000298023224], [0.20000000298023224, 0.20000000298023224, 0.20000000298023224, 0.20000000298023224, 0.20000000298023224], [0.20000000298023224, 0.20000000298023224, 0.20000000298023224, 0.20000000298023224, 0.20000000298023224], [0.20000000298023224, 0.20000000298023224, 0.20000000298023224, 0.20000000298023224, 0.20000000298023224], [0.20000000298023224, 0.20000000298023224, 0.20000000298023224, 0.20000000298023224, 0.20000000298023224], [0.20000000298023224, 0.20000000298023224, 0.20000000298023224, 0.20000000298023224, 0.20000000298023224], [0.20000000298023224, 0.20000000298023224, 0.20000000298023224, 0.20000000298023224, 0.20000000298023224], [0.20000000298023224, 0.20000000298023224, 0.20000000298023224, 0.20000000298023224, 0.20000000298023224], [0.20000000298023224, 0.20000000298023224, 0.20000000298023224, 0.20000000298023224, 0.20000000298023224], [0.20000000298023224, 0.20000000298023224, 0.20000000298023224, 0.20000000298023224, 0.20000000298023224], [0.20000000298023224, 0.20000000298023224, 0.20000000298023224, 0.20000000298023224, 0.20000000298023224], [0.20000000298023224, 0.20000000298023224, 0.20000000298023224, 0.20000000298023224, 0.20000000298023224], [0.20000000298023224, 0.20000000298023224, 0.20000000298023224, 0.20000000298023224, 0.20000000298023224], [0.20000000298023224, 0.20000000298023224, 0.20000000298023224, 0.20000000298023224, 0.20000000298023224], [0.20000000298023224, 0.20000000298023224, 0.20000000298023224, 0.20000000298023224, 0.20000000298023224], [0.20000000298023224, 0.20000000298023224, 0.20000000298023224, 0.20000000298023224, 0.20000000298023224], [0.20000000298023224, 0.20000000298023224, 0.20000000298023224, 0.20000000298023224, 0.20000000298023224]], "coeff_list_in_victim": [[0.0, 0.0, 0.0, 0.961373507976532, 0.038626477122306824]], "victims": {"DPN92": {"clean acc": 92.54000129699708, "prediction": 6, "poisons predictions": [8, 8, 8, 8, 8], "scores": [2.700232881981618e-18, 3.447418990069659e-21, 1.1091877450637755e-34, 1.1456498727122066e-13, 3.8240151547503856e-30, 1.631688535388222e-17, 1.0, 0.0, 7.008943772590648e-12, 0.0], "malicious score": 7.008943772590648e-12, "camera": {}}, "SENet18": {"clean acc": 91.62000160217285, "prediction": 6, "poisons predictions": [8, 8, 8, 8, 8], "scores": [1.107721088649495e-18, 1.0463423069607611e-13, 4.693913660536175e-11, 1.8995779341862695e-12, 3.418892946527308e-11, 4.643799992980202e-13, 1.0, 2.769763551697809e-20, 2.3040103158677994e-09, 3.455405613511621e-24], "malicious score": 2.3040103158677994e-09, "camera": {}}, "ResNet50": {"clean acc": 93.30000114440918, "prediction": 6, "poisons predictions": [8, 8, 8, 8, 8], "scores": [2.809697160188553e-31, 2.802596928649634e-45, 0.0, 2.9043138883209845e-36, 9.682972388484486e-43, 7.808525497680394e-40, 1.0, 4.3920454899481814e-27, 1.0998962699827752e-13, 0.0], "malicious score": 1.0998962699827752e-13, "camera": {}}, "ResNeXt29_2x64d": {"clean acc": 92.81000099182128, "prediction": 6, "poisons predictions": [8, 8, 8, 8, 8], "scores": [2.2125478016759165e-28, 6.422145043171389e-16, 7.082820441262072e-11, 1.560821784318822e-13, 2.7373426630614204e-39, 2.296598914145466e-21, 1.0, 1.0070982522866716e-21, 2.5631122116225036e-13, 7.061043475535343e-24], "malicious score": 2.5631122116225036e-13, "camera": {}}, "GoogLeNet": {"clean acc": 91.78000221252441, "prediction": 6, "poisons predictions": [8, 8, 8, 8, 8], "scores": [1.048719894562386e-13, 3.292928818510177e-09, 6.106481009737763e-08, 2.7358035481483967e-07, 1.875388272410891e-13, 9.844835346939362e-08, 0.9999856948852539, 5.01179080458769e-08, 1.3883324754715431e-05, 2.790779273020643e-16], "malicious score": 1.3883324754715431e-05, "camera": {}}, "MobileNetV2": {"clean acc": 87.75000190734863, "prediction": 6, "poisons predictions": [8, 8, 8, 6, 8], "scores": [2.0181764245896794e-11, 2.6605135872159735e-08, 8.303887000238319e-08, 3.7519330362556502e-06, 5.1414763648804836e-23, 4.89922115320951e-07, 0.9999256134033203, 1.3515979835064375e-17, 6.980705074965954e-05, 2.4526790245452702e-18], "malicious score": 6.980705074965954e-05, "camera": {}}, "ResNet18": {"clean acc": 92.81000175476075, "prediction": 6, "poisons predictions": [8, 8, 8, 8, 8], "scores": [7.179922030093569e-19, 8.506728477186698e-08, 8.541328621214806e-15, 2.234763996966649e-05, 7.96959540600628e-23, 2.4733355283561992e-14, 0.9999551773071289, 3.4096930834337513e-10, 2.229123310826253e-05, 1.0786925518386617e-20], "malicious score": 2.229123310826253e-05, "camera": {}}, "DenseNet121": {"clean acc": 93.31000175476075, "prediction": 6, "poisons predictions": [8, 8, 8, 8, 8], "scores": [4.3097625468391243e-10, 3.3826406953263444e-11, 4.892402039047283e-10, 4.21217237089877e-06, 1.0824455776159425e-09, 6.638439663220197e-05, 0.9995633363723755, 9.255850167520564e-19, 0.00036623486084863544, 3.280092343571628e-12], "malicious score": 0.00036623486084863544, "camera": {}}}}}}, "poison_idx_list": [213, 225, 227, 247, 249]}