{"args": "Namespace(device='cuda', dset_path='datasets', end2end=False, eval_poisons_root='attack-results-eps0.30/100-overlap/linear-transfer-learning/mean/800', gpu='3', lr_decay_epoch=[30, 45], model_resume_path='model-chks', num_per_class=50, poison_label=8, retrain_bsize=64, retrain_epochs=60, retrain_lr=0.1, retrain_momentum=0.9, retrain_opt='adam', retrain_wd=0, subset_group=0, target_camera=True, target_index_end=24, target_index_start=23, target_index_step=1, target_label=6, target_net=['DPN92', 'SENet18', 'ResNet50', 'ResNeXt29_2x64d', 'GoogLeNet', 'MobileNetV2', 'ResNet18', 'DenseNet121'], target_print_size=[2, 4], test_chk_name='ckpt-%s-4800.t7', train_data_path='datasets/CIFAR10_TRAIN_Split.pth')", "poison_label": 8, "target_label": 6, "targets": {"23": {}, "23": {"800": {"time": 459.0, "coeffs_time": 0, "poisons_time": 6, "target_loss": 0.009959883987903595, "total_loss": 0.05975968390703201, "coeff_list": [[0.20000000298023224, 0.20000000298023224, 0.20000000298023224, 0.20000000298023224, 0.20000000298023224], [0.20000000298023224, 0.20000000298023224, 0.20000000298023224, 0.20000000298023224, 0.20000000298023224], [0.20000000298023224, 0.20000000298023224, 0.20000000298023224, 0.20000000298023224, 0.20000000298023224], [0.20000000298023224, 0.20000000298023224, 0.20000000298023224, 0.20000000298023224, 0.20000000298023224], [0.20000000298023224, 0.20000000298023224, 0.20000000298023224, 0.20000000298023224, 0.20000000298023224], [0.20000000298023224, 0.20000000298023224, 0.20000000298023224, 0.20000000298023224, 0.20000000298023224], [0.20000000298023224, 0.20000000298023224, 0.20000000298023224, 0.20000000298023224, 0.20000000298023224], [0.20000000298023224, 0.20000000298023224, 0.20000000298023224, 0.20000000298023224, 0.20000000298023224], [0.20000000298023224, 0.20000000298023224, 0.20000000298023224, 0.20000000298023224, 0.20000000298023224], [0.20000000298023224, 0.20000000298023224, 0.20000000298023224, 0.20000000298023224, 0.20000000298023224], [0.20000000298023224, 0.20000000298023224, 0.20000000298023224, 0.20000000298023224, 0.20000000298023224], [0.20000000298023224, 0.20000000298023224, 0.20000000298023224, 0.20000000298023224, 0.20000000298023224], [0.20000000298023224, 0.20000000298023224, 0.20000000298023224, 0.20000000298023224, 0.20000000298023224], [0.20000000298023224, 0.20000000298023224, 0.20000000298023224, 0.20000000298023224, 0.20000000298023224], [0.20000000298023224, 0.20000000298023224, 0.20000000298023224, 0.20000000298023224, 0.20000000298023224], [0.20000000298023224, 0.20000000298023224, 0.20000000298023224, 0.20000000298023224, 0.20000000298023224], [0.20000000298023224, 0.20000000298023224, 0.20000000298023224, 0.20000000298023224, 0.20000000298023224], [0.20000000298023224, 0.20000000298023224, 0.20000000298023224, 0.20000000298023224, 0.20000000298023224]], "coeff_list_in_victim": [[0.04474030062556267, 0.1934969276189804, 0.10004577040672302, 0.2638002336025238, 0.3979167938232422]], "victims": {"DPN92": {"clean acc": 92.6900016784668, "prediction": 8, "poisons predictions": [8, 8, 8, 6, 8], "scores": [8.778618457161436e-12, 4.635831771793164e-07, 4.7881233474222896e-39, 3.323943496748999e-13, 7.1030821310866825e-31, 2.5049119405838687e-25, 0.4501442313194275, 1.2669657896392471e-39, 0.5498560667037964, 0.0], "malicious score": 0.5498560667037964, "camera": {"2": {"prediction": 5, "scores": [1.5037011004419307e-28, 2.8255495831301546e-32, 1.1899296841956475e-20, 0.23214171826839447, 6.280803999593055e-22, 0.7462632060050964, 0.021594850346446037, 9.253289998291024e-38, 4.475884783397755e-28, 2.0687109596247804e-36], "malicious score": 4.475884783397755e-28}, "4": {"prediction": 6, "scores": [8.167403385550553e-15, 2.5868535101656592e-17, 1.6922499972102526e-36, 2.4757287886423285e-10, 1.5824453522891786e-33, 3.541786016171696e-19, 1.0, 1.275487960011048e-36, 3.04257424810217e-10, 0.0], "malicious score": 3.04257424810217e-10}}}, "SENet18": {"clean acc": 91.28000183105469, "prediction": 6, "poisons predictions": [8, 6, 8, 6, 6], "scores": [6.492044679617948e-10, 1.8774802892917997e-11, 6.378532805642368e-18, 1.3832922437714834e-12, 2.2130664092401275e-06, 3.601907658311136e-15, 0.9872568845748901, 2.7285718312737435e-19, 0.012740512378513813, 1.802080793257e-18], "malicious score": 0.012740512378513813, "camera": {"2": {"prediction": 3, "scores": [7.602375990245491e-05, 2.105682878715808e-16, 1.3684333666219572e-09, 0.9958876371383667, 0.002435168484225869, 0.0006240475922822952, 0.0009771969635039568, 9.157653489052862e-19, 4.671624864727164e-09, 1.0993483900989531e-10], "malicious score": 4.671624864727164e-09}, "4": {"prediction": 6, "scores": [2.3789847546140663e-05, 5.888850605068052e-13, 2.211830436686657e-13, 2.663838039040911e-09, 7.109644684533123e-06, 1.4436852754928786e-11, 0.9995861649513245, 1.1342278845836036e-18, 0.0003836430551018566, 1.0691133393213531e-15], "malicious score": 0.0003836430551018566}}}, "ResNet50": {"clean acc": 92.86000175476075, "prediction": 8, "poisons predictions": [8, 8, 8, 8, 8], "scores": [2.5822497516268783e-39, 7.755382463121142e-27, 2.12725778344014e-29, 9.668652732825259e-14, 4.3019862854771884e-43, 4.7857964744743075e-27, 0.045261140912771225, 1.8150556741185903e-13, 0.9547382593154907, 2.0068126418604514e-24], "malicious score": 0.9547382593154907, "camera": {"2": {"prediction": 3, "scores": [6.8640363197408245e-40, 3.110158902847654e-23, 8.319318608294911e-29, 0.9655576944351196, 2.8166099132928823e-43, 0.034442123025655746, 2.796933573634419e-09, 3.672033788149065e-10, 1.7317747930123417e-11, 5.269420709395289e-19], "malicious score": 1.7317747930123417e-11}, "4": {"prediction": 6, "scores": [3.095468307693521e-42, 1.4838809679413036e-30, 4.3363573342101475e-35, 1.0040305996706432e-19, 0.0, 3.7178108260048047e-19, 1.0, 9.689828556506616e-14, 7.890997425798185e-13, 2.3467900106617656e-26], "malicious score": 7.890997425798185e-13}}}, "ResNeXt29_2x64d": {"clean acc": 92.9800018310547, "prediction": 8, "poisons predictions": [8, 8, 8, 8, 8], "scores": [4.466210862031446e-22, 1.3465970976771257e-15, 8.951483217861655e-13, 1.125638249277472e-09, 2.7686741160590555e-36, 7.181594931096115e-26, 0.11300549656152725, 4.3542904574858584e-21, 0.8869941234588623, 5.963631731518862e-21], "malicious score": 0.8869941234588623, "camera": {"2": {"prediction": 6, "scores": [5.365904452516603e-23, 3.709984816915065e-22, 1.4036751316837126e-08, 0.01511536817997694, 5.636468483479274e-26, 2.2290986834150317e-08, 0.9848852157592773, 1.72427591609744e-23, 5.456844326563319e-19, 1.1052940373346878e-18], "malicious score": 5.456844326563319e-19}, "4": {"prediction": 6, "scores": [4.840619322195754e-28, 2.35933805136962e-19, 1.109292135416124e-14, 9.096056156551735e-13, 0.0, 6.394394085042528e-25, 1.0, 2.4615134577179282e-29, 2.874153415266534e-10, 2.646535945627275e-22], "malicious score": 2.874153415266534e-10}}}, "GoogLeNet": {"clean acc": 91.94000244140625, "prediction": 6, "poisons predictions": [8, 8, 8, 8, 8], "scores": [7.513999496590846e-18, 4.458784008676275e-09, 1.940189409957091e-13, 2.3788075509401096e-07, 2.4428356473066293e-12, 2.285156064374405e-09, 0.6343911290168762, 7.859244810504151e-09, 0.36560848355293274, 2.109848957327319e-15], "malicious score": 0.36560848355293274, "camera": {"2": {"prediction": 6, "scores": [3.635002590813077e-14, 3.9508591953563155e-09, 0.0017982994904741645, 0.20830035209655762, 2.8129285012390426e-10, 0.05548933893442154, 0.7344118356704712, 3.709307028199049e-10, 5.5919323703045466e-15, 2.2542917185730538e-11], "malicious score": 5.5919323703045466e-15}, "4": {"prediction": 6, "scores": [4.03520126781232e-18, 1.2569311147458961e-09, 9.600467990034112e-12, 4.094791847819579e-07, 2.0663886454806019e-13, 1.0042161768808455e-08, 1.0, 1.530994220289017e-10, 2.363846718367313e-08, 1.6943561896402837e-13], "malicious score": 2.363846718367313e-08}}}, "MobileNetV2": {"clean acc": 87.14000205993652, "prediction": 6,