{"args": "Namespace(device='cuda', dset_path='datasets', end2end=False, eval_poisons_root='attack-results-eps0.30/100-overlap/linear-transfer-learning/mean/800', gpu='1', lr_decay_epoch=[30, 45], model_resume_path='model-chks', num_per_class=50, poison_label=8, retrain_bsize=64, retrain_epochs=60, retrain_lr=0.1, retrain_momentum=0.9, retrain_opt='adam', retrain_wd=0, subset_group=0, target_camera=True, target_index_end=26, target_index_start=25, target_index_step=1, target_label=6, target_net=['DPN92', 'SENet18', 'ResNet50', 'ResNeXt29_2x64d', 'GoogLeNet', 'MobileNetV2', 'ResNet18', 'DenseNet121'], target_print_size=[2, 4], test_chk_name='ckpt-%s-4800.t7', train_data_path='datasets/CIFAR10_TRAIN_Split.pth')", "poison_label": 8, "target_label": 6, "targets": {"25": {}, "25": {"800": {"time": 469.0, "coeffs_time": 0, "poisons_time": 6, "target_loss": 0.011015722528100014, "total_loss": 0.0762864500284195, "coeff_list": [[0.20000000298023224, 0.20000000298023224, 0.20000000298023224, 0.20000000298023224, 0.20000000298023224], [0.20000000298023224, 0.20000000298023224, 0.20000000298023224, 0.20000000298023224, 0.20000000298023224], [0.20000000298023224, 0.20000000298023224, 0.20000000298023224, 0.20000000298023224, 0.20000000298023224], [0.20000000298023224, 0.20000000298023224, 0.20000000298023224, 0.20000000298023224, 0.20000000298023224], [0.20000000298023224, 0.20000000298023224, 0.20000000298023224, 0.20000000298023224, 0.20000000298023224], [0.20000000298023224, 0.20000000298023224, 0.20000000298023224, 0.20000000298023224, 0.20000000298023224], [0.20000000298023224, 0.20000000298023224, 0.20000000298023224, 0.20000000298023224, 0.20000000298023224], [0.20000000298023224, 0.20000000298023224, 0.20000000298023224, 0.20000000298023224, 0.20000000298023224], [0.20000000298023224, 0.20000000298023224, 0.20000000298023224, 0.20000000298023224, 0.20000000298023224], [0.20000000298023224, 0.20000000298023224, 0.20000000298023224, 0.20000000298023224, 0.20000000298023224], [0.20000000298023224, 0.20000000298023224, 0.20000000298023224, 0.20000000298023224, 0.20000000298023224], [0.20000000298023224, 0.20000000298023224, 0.20000000298023224, 0.20000000298023224, 0.20000000298023224], [0.20000000298023224, 0.20000000298023224, 0.20000000298023224, 0.20000000298023224, 0.20000000298023224], [0.20000000298023224, 0.20000000298023224, 0.20000000298023224, 0.20000000298023224, 0.20000000298023224], [0.20000000298023224, 0.20000000298023224, 0.20000000298023224, 0.20000000298023224, 0.20000000298023224], [0.20000000298023224, 0.20000000298023224, 0.20000000298023224, 0.20000000298023224, 0.20000000298023224], [0.20000000298023224, 0.20000000298023224, 0.20000000298023224, 0.20000000298023224, 0.20000000298023224], [0.20000000298023224, 0.20000000298023224, 0.20000000298023224, 0.20000000298023224, 0.20000000298023224]], "coeff_list_in_victim": [[0.24295805394649506, 0.0, 0.0, 0.25540584325790405, 0.5016361474990845]], "victims": {"DPN92": {"clean acc": 92.34000129699707, "prediction": 6, "poisons predictions": [8, 8, 8, 8, 8], "scores": [2.7616563549881512e-12, 5.869606579810228e-21, 1.1132645917875339e-36, 1.035910334348893e-18, 3.3079889583627314e-34, 2.658126286875372e-18, 0.9657676219940186, 2.223889476987869e-33, 0.03423306718468666, 0.0], "malicious score": 0.03423306718468666, "camera": {"2": {"prediction": 6, "scores": [7.215125079205024e-18, 6.114443139756981e-30, 4.334116790549602e-31, 1.497571337195131e-19, 3.1108519550535474e-35, 2.66055244241975e-13, 0.9999980926513672, 9.701708443996547e-35, 1.5840828382351901e-06, 0.0], "malicious score": 1.5840828382351901e-06}, "4": {"prediction": 6, "scores": [3.4074878355457814e-22, 4.052582207250849e-35, 3.9028548159163525e-25, 5.244379346634379e-17, 1.3339607468345987e-34, 3.5328966987435706e-06, 0.9999961853027344, 9.161037865831543e-35, 8.908438986487965e-10, 0.0], "malicious score": 8.908438986487965e-10}}}, "SENet18": {"clean acc": 91.76000137329102, "prediction": 6, "poisons predictions": [6, 8, 8, 6, 6], "scores": [3.7533313994786086e-14, 3.225166661791445e-18, 1.7586352838404318e-13, 9.173074105861545e-11, 6.229540758795338e-06, 1.0919885059124806e-13, 0.997858464717865, 2.383526047974177e-13, 0.0021356770303100348, 2.308451192555065e-18], "malicious score": 0.0021356770303100348, "camera": {"2": {"prediction": 6, "scores": [4.0566337723875467e-13, 9.34219603614737e-18, 6.037913767055481e-13, 5.2469865258197856e-11, 1.0350190677854698e-06, 1.6053288256004383e-13, 0.9545143246650696, 2.716755585687597e-13, 0.0454852432012558, 1.6665576723659047e-17], "malicious score": 0.0454852432012558}, "4": {"prediction": 6, "scores": [7.367700742035022e-13, 2.3617399932291923e-21, 6.831134507882808e-13, 1.8796060541337312e-10, 3.2966319452043535e-08, 2.8022423791129736e-12, 0.9964795112609863, 8.21918843884684e-16, 0.003521072445437312, 2.043670306245565e-17], "malicious score": 0.003521072445437312}}}, "ResNet50": {"clean acc": 93.40000190734864, "prediction": 8, "poisons predictions": [8, 8, 8, 8, 8], "scores": [1.2593028506442193e-34, 1.5513666795641257e-08, 1.0466235827104955e-32, 1.4259787493271436e-30, 9.48329206568104e-36, 1.7027177640010852e-41, 0.0006683892570436001, 2.2151454758850733e-16, 0.9993317127227783, 2.500544373527928e-21], "malicious score": 0.9993317127227783, "camera": {"2": {"prediction": 8, "scores": [3.8338937662779733e-35, 2.97532198878514e-09, 3.4598154828091293e-29, 2.2434768884318144e-27, 6.696385036399569e-33, 7.633471294748323e-31, 3.232471954106586e-06, 1.704855803854865e-17, 0.9999971389770508, 3.9730937556872715e-19], "malicious score": 0.9999971389770508}, "4": {"prediction": 8, "scores": [3.6760785775615474e-28, 6.126331754785497e-06, 1.2135847232691913e-19, 1.435485396906482e-16, 3.81255782158535e-27, 0.0056606680154800415, 9.362775443833016e-08, 4.011403195562386e-15, 0.9943331480026245, 1.6640964162206728e-09], "malicious score": 0.9943331480026245}}}, "ResNeXt29_2x64d": {"clean acc": 92.8900016784668, "prediction": 8, "poisons predictions": [8, 8, 8, 8, 8], "scores": [1.563508755601237e-25, 5.3482642980204236e-17, 3.3381385809812725e-16, 5.989290174923667e-10, 0.0, 2.2519656172546956e-27, 0.36420777440071106, 2.4781350490698436e-20, 0.6357926726341248, 8.509119282906434e-33], "malicious score": 0.6357926726341248, "camera": {"2": {"prediction": 6, "scores": [2.0358606697581784e-22, 1.3678536541862683e-17, 1.39492223327764e-10, 1.7862515910849197e-09, 6.440497222014963e-38, 1.4746855760912616e-19, 0.9949297904968262, 8.545271559584275e-15, 0.005070939194411039, 5.075817519308198e-25], "malicious score": 0.005070939194411039}, "4": {"prediction": 6, "scores": [1.735099545887486e-20, 5.1129376650262125e-24, 0.0021080959122627974, 1.2372713964481363e-10, 6.39469528700432e-30, 1.1389288374630269e-05, 0.9978641271591187, 2.068569382625285e-13, 1.5766894648550078e-05, 7.727743070272125e-19], "malicious score": 1.5766894648550078e-05}}}, "GoogLeNet": {"clean acc": 92.12000198364258, "prediction": 6, "poisons predictions": [8, 8, 8, 8, 8], "scores": [3.0890057554463336e-23, 1.4115912605472403e-10, 3.2400433247828375e-15, 2.1080532874862e-09, 7.296486819689113e-14, 9.672849327069244e-12, 0.9913912415504456, 5.742855080370646e-09, 0.00860939733684063, 1.1984959511096102e-17], "malicious score": 0.00860939733684063, "camera": {"2": {"prediction": 8, "scores": [1.7098487267783112e-20, 1.0708834513595278e-10, 8.602497603149573e-10, 8.146208188009041e-07, 1.8747445273709779e-13, 6.4020615475612885e-09, 0.006043486762791872, 1.4650049173781099e-08, 0.9939558506011963, 1.376056056549683e-15], "malicious score": 0.9939558506011963}, "4": {"prediction": 8, "scores": [8.36735259486354e-20, 4.333495368102902e-13, 1.006733873509802e-05, 2.5082481442950666e-05, 2.785532221549758e-11, 0.0010650304611772299, 3.785355875152163e-05, 3.3299978330347813e-09, 0.9988619685173035, 1.355004129732773e-11], "malicious score": 0.9988619685173035}}}, "MobileNetV2": {"clean acc": 87.50000114440918,