{"args": "Namespace(device='cuda', dset_path='datasets', end2end=False, eval_poisons_root='attack-results-10poisons/100-overlap/linear-transfer-learning/convex/800', gpu='1', lr_decay_epoch=[30, 45], model_resume_path='model-chks', num_per_class=50, poison_label=8, retrain_bsize=64, retrain_epochs=60, retrain_lr=0.1, retrain_momentum=0.9, retrain_opt='adam', retrain_wd=0, subset_group=0, target_camera=True, target_index_end=34, target_index_start=33, target_index_step=1, target_label=6, target_net=['DPN92', 'SENet18', 'ResNet50', 'ResNeXt29_2x64d', 'GoogLeNet', 'MobileNetV2', 'ResNet18', 'DenseNet121'], target_print_size=[2, 4], test_chk_name='ckpt-%s-4800.t7', train_data_path='datasets/CIFAR10_TRAIN_Split.pth')", "poison_label": 8, "target_label": 6, "targets": {"33": {}, "33": {"800": {"time": 43149.0, "coeffs_time": 40920, "poisons_time": 42744, "target_loss": 0.017621323466300964, "total_loss": 0.0010982073144987226, "coeff_list": [[0.3253679871559143, 0.0, 0.07395700365304947, 0.043069880455732346, 0.007198144216090441, 0.022672776132822037, 0.11066380888223648, 0.0, 0.2557266354560852, 0.1613437980413437], [0.0420825332403183, 0.05028584226965904, 0.0, 0.3090958297252655, 0.0, 0.0, 0.0, 0.23980307579040527, 0.1781424731016159, 0.18059025704860687], [0.06725357472896576, 0.02512866072356701, 0.49344271421432495, 0.06982281804084778, 0.02951235882937908, 0.0, 0.06395041942596436, 0.0, 0.25088945031166077, 0.0], [0.0, 0.34875816106796265, 0.0, 0.00132461276371032, 0.08897633105516434, 0.0, 0.05660373345017433, 0.4799882173538208, 0.024348903447389603, 0.0], [0.3152109980583191, 0.13755421340465546, 0.13925345242023468, 0.0, 0.07334695011377335, 0.21213608980178833, 0.0, 0.034141961485147476, 0.0713077262043953, 0.017048580572009087], [0.23591554164886475, 0.0, 0.0, 0.01982654444873333, 0.2794041037559509, 0.08475884050130844, 0.08601819723844528, 0.10201679915189743, 0.17119160294532776, 0.020868295803666115], [0.580533504486084, 0.0, 0.018053267151117325, 0.07968843728303909, 0.048005495220422745, 0.03043842874467373, 0.0, 0.026254357770085335, 0.21702660620212555, 0.0], [0.1991029977798462, 0.0, 0.0010545968543738127, 0.15916752815246582, 0.20815542340278625, 0.07745842635631561, 0.08120594918727875, 0.23617449402809143, 0.037680573761463165, 0.0], [0.11220293492078781, 0.0375954695045948, 0.1846632957458496, 0.0, 0.043620407581329346, 0.029569732025265694, 0.1513616293668747, 0.0, 0.4177356958389282, 0.023250773549079895], [0.0739898532629013, 0.08734800666570663, 0.0, 0.0, 0.05391446128487587, 0.2972344160079956, 0.0, 0.0, 0.3878287076950073, 0.09968454390764236], [0.09749481081962585, 0.05249926820397377, 0.0774075835943222, 0.09767384827136993, 0.19424384832382202, 0.12428639084100723, 0.0529353953897953, 0.13939306139945984, 0.16406583786010742, 0.0], [0.0, 0.3496338725090027, 0.23088803887367249, 0.0, 0.021550018340349197, 0.0, 0.0, 0.0880875214934349, 0.21971677243709564, 0.090123750269413], [0.10108479112386703, 0.012302950955927372, 0.289182186126709, 0.0, 0.008471718057990074, 0.07370901852846146, 0.14708656072616577, 0.07189320772886276, 0.26239317655563354, 0.033876288682222366], [0.09163158386945724, 0.295015424489975, 0.05056995525956154, 0.06376470625400543, 0.02739078551530838, 0.09702334553003311, 0.05107394605875015, 0.09073005616664886, 0.21813011169433594, 0.014670114032924175], [0.0426323339343071, 0.024720361456274986, 0.4047747254371643, 0.09827890992164612, 0.0, 0.01820097491145134, 0.046621907502412796, 0.0, 0.364770770072937, 0.0], [0.028836600482463837, 0.0, 0.04948350042104721, 0.0, 0.12567609548568726, 0.11927521973848343, 0.023655714467167854, 0.037548135966062546, 0.4520025849342346, 0.16352218389511108], [0.0, 0.1507771760225296, 0.051007386296987534, 0.25175729393959045, 0.0, 0.35201412439346313, 0.034140460193157196, 0.0, 0.07017546147108078, 0.09012803435325623], [0.12111841142177582, 0.07571488618850708, 0.24470005929470062, 0.0, 0.06748010963201523, 0.06351976096630096, 0.23661673069000244, 0.16671578586101532, 0.024134209379553795, 0.0]], "coeff_list_in_victim": [[0.0, 0.0, 0.0, 0.3550359010696411, 0.0, 0.14982327818870544, 0.43778055906295776, 0.0, 0.0, 0.05736025422811508]], "victims": {"DPN92": {"clean acc": 91.48000144958496, "prediction": 8, "poisons predictions": [8, 8, 8, 8, 8, 8, 8, 6, 6, 8], "scores": [3.399143307804387e-20, 3.5207119270202862e-15, 3.700881484688592e-37, 7.910190058682307e-18, 1.1710112046713424e-37, 2.756311557278424e-22, 0.05705111101269722, 1.522433710073376e-39, 0.9429494738578796, 0.0], "malicious score": 0.9429494738578796, "camera": {"2": {"prediction": 6, "scores": [1.0783525993477132e-17, 4.5434301351516385e-17, 6.803291104819071e-33, 1.9364662596967758e-13, 1.04027187539296e-30, 3.5745419031397015e-17, 0.9999828934669495, 2.900409985773112e-33, 1.6460651750094257e-05, 0.0], "malicious score": 1.6460651750094257e-05}, "4": {"prediction": 6, "scores": [2.2968891139843916e-20, 1.7576554040986147e-21, 5.911437267217667e-24, 7.029077096376568e-05, 7.551667854120439e-19, 1.8609637209010543e-06, 0.9999274611473083, 6.925024124295876e-32, 2.595073244834878e-12, 4.794760177209025e-38], "malicious score": 2.595073244834878e-12}}}, "SENet18": {"clean acc": 91.12000198364258, "prediction": 6, "poisons predictions": [8, 8, 8, 6, 8, 8, 6, 6, 8, 8], "scores": [2.8280464636765146e-09, 6.167362519760908e-22, 7.464379909493995e-17, 1.5975781461619043e-11, 1.933379826368764e-05, 1.0426428058603332e-13, 0.9901402592658997, 4.4061034389173553e-14, 0.00984059926122427, 6.4417570697555e-21], "malicious score": 0.00984059926122427, "camera": {"2": {"prediction": 8, "scores": [0.00011892405746039003, 1.8916614816822338e-29, 1.53229252775038e-16, 2.817448184477822e-11, 6.534438767857864e-08, 4.983443382754844e-15, 0.02277345210313797, 9.523924956512421e-15, 0.9771071076393127, 8.312479424024923e-26], "malicious score": 0.9771071076393127}, "4": {"prediction": 3, "scores": [0.006979446858167648, 3.716913868183939e-21, 0.00019198413065169007, 0.9235311150550842, 8.7775148926994e-08, 1.6639399580409275e-10, 6.646774602069028e-13, 3.441854005359346e-06, 0.06929351389408112, 1.920927456690659e-17], "malicious score": 0.06929351389408112}}}, "ResNet50": {"clean acc": 92.26000137329102, "prediction": 8, "poisons predictions": [8, 8, 8, 6, 8, 8, 8, 8, 8, 8], "scores": [4.4286126593880504e-38, 2.2750124609890996e-33, 0.0, 3.1987078315253836e-29, 1.2297192764574935e-39, 4.596628072366196e-28, 0.027244817465543747, 2.742894887836768e-38, 0.9727558493614197, 8.274378203835008e-36], "malicious score": 0.9727558493614197, "camera": {"2": {"prediction": 6, "scores": [1.7000028000184471e-34, 1.1437971926721386e-30, 1.401298464324817e-45, 2.1331975226558025e-22, 1.8530042952431366e-33, 6.020872549128174e-20, 0.9394721388816833, 1.9208668238953054e-34, 0.060527533292770386, 1.1601998836211433e-33], "malicious score": 0.060527533292770386}, "4": {"prediction": 3, "scores": [6.192671748076803e-33, 1.7543183015965652e-30, 2.0836001481718016e-36, 1.0, 1.5296350636967777e-31, 9.614350955859385e-21, 5.2617246339007923e-20, 1.6047670013447805e-41, 1.5046910384342027e-09, 1.508098426783333e-39], "malicious score": 1.5046910384342027e-09}}}, "ResNeXt29_2x64d": {"clean acc": 92.85000152587891, "prediction": 8, "poisons predictions": [8, 8, 8, 8, 8, 8, 8, 8, 8, 8], "scores": [2.0009577103507564e-16, 4.922990774502978e-05, 5.1206700007330983e-23, 1.265081008700042e-11, 0.0, 9.380758996958715e-34, 0.18474656343460083, 7.0563521690358e-26, 0.8152037858963013, 9.47284410218243e-21], "malicious score": 0.8152037858963013, "camera": {"2": {"prediction": 6, "scores": [2.841460364453971e-17, 1.7723920204756882e-12, 7.72533614407381e-24, 2.557976920558591e-11, 0.0, 1.0219020492401628e-26, 0.999998152256012, 5.271002433154973e-29, 1.052220000019588e-06, 2.3347311628828525e-22], "malicious score": 1.052220000019588e-06}, "4": {"prediction": 6,