{"args": "Namespace(device='cuda', dset_path='datasets', end2end=False, eval_poisons_root='attack-results-eps0.30/100-overlap/linear-transfer-learning/mean/800', gpu='1', lr_decay_epoch=[30, 45], model_resume_path='model-chks', num_per_class=50, poison_label=8, retrain_bsize=64, retrain_epochs=60, retrain_lr=0.1, retrain_momentum=0.9, retrain_opt='adam', retrain_wd=0, subset_group=0, target_camera=True, target_index_end=30, target_index_start=29, target_index_step=1, target_label=6, target_net=['DPN92', 'SENet18', 'ResNet50', 'ResNeXt29_2x64d', 'GoogLeNet', 'MobileNetV2', 'ResNet18', 'DenseNet121'], target_print_size=[2, 4], test_chk_name='ckpt-%s-4800.t7', train_data_path='datasets/CIFAR10_TRAIN_Split.pth')", "poison_label": 8, "target_label": 6, "targets": {"29": {}, "29": {"800": {"time": 450.0, "coeffs_time": 0, "poisons_time": 7, "target_loss": 0.01009291224181652, "total_loss": 0.08607015013694763, "coeff_list": [[0.20000000298023224, 0.20000000298023224, 0.20000000298023224, 0.20000000298023224, 0.20000000298023224], [0.20000000298023224, 0.20000000298023224, 0.20000000298023224, 0.20000000298023224, 0.20000000298023224], [0.20000000298023224, 0.20000000298023224, 0.20000000298023224, 0.20000000298023224, 0.20000000298023224], [0.20000000298023224, 0.20000000298023224, 0.20000000298023224, 0.20000000298023224, 0.20000000298023224], [0.20000000298023224, 0.20000000298023224, 0.20000000298023224, 0.20000000298023224, 0.20000000298023224], [0.20000000298023224, 0.20000000298023224, 0.20000000298023224, 0.20000000298023224, 0.20000000298023224], [0.20000000298023224, 0.20000000298023224, 0.20000000298023224, 0.20000000298023224, 0.20000000298023224], [0.20000000298023224, 0.20000000298023224, 0.20000000298023224, 0.20000000298023224, 0.20000000298023224], [0.20000000298023224, 0.20000000298023224, 0.20000000298023224, 0.20000000298023224, 0.20000000298023224], [0.20000000298023224, 0.20000000298023224, 0.20000000298023224, 0.20000000298023224, 0.20000000298023224], [0.20000000298023224, 0.20000000298023224, 0.20000000298023224, 0.20000000298023224, 0.20000000298023224], [0.20000000298023224, 0.20000000298023224, 0.20000000298023224, 0.20000000298023224, 0.20000000298023224], [0.20000000298023224, 0.20000000298023224, 0.20000000298023224, 0.20000000298023224, 0.20000000298023224], [0.20000000298023224, 0.20000000298023224, 0.20000000298023224, 0.20000000298023224, 0.20000000298023224], [0.20000000298023224, 0.20000000298023224, 0.20000000298023224, 0.20000000298023224, 0.20000000298023224], [0.20000000298023224, 0.20000000298023224, 0.20000000298023224, 0.20000000298023224, 0.20000000298023224], [0.20000000298023224, 0.20000000298023224, 0.20000000298023224, 0.20000000298023224, 0.20000000298023224], [0.20000000298023224, 0.20000000298023224, 0.20000000298023224, 0.20000000298023224, 0.20000000298023224]], "coeff_list_in_victim": [[0.03911088779568672, 0.049304328858852386, 0.1732223629951477, 0.41501256823539734, 0.32334986329078674]], "victims": {"DPN92": {"clean acc": 91.91000099182129, "prediction": 8, "poisons predictions": [8, 8, 8, 8, 8], "scores": [9.632575848073088e-10, 7.848338407119571e-13, 2.443683661719684e-27, 5.26052205268579e-12, 6.739084662981677e-31, 1.474422641223925e-17, 0.003104192903265357, 0.0, 0.9968958497047424, 0.0], "malicious score": 0.9968958497047424, "camera": {"2": {"prediction": 6, "scores": [7.108076876660013e-14, 7.998468346226093e-23, 2.1168912909770746e-26, 1.0293922159121394e-08, 6.72418576811729e-25, 1.801505450892138e-12, 1.0, 2.935720282760492e-42, 1.0461164947628276e-06, 0.0], "malicious score": 1.0461164947628276e-06}, "4": {"prediction": 6, "scores": [2.8007913506879548e-14, 3.5318470240884426e-24, 1.0090853897514797e-23, 4.7147938175839954e-07, 1.3081547317387304e-19, 9.644286480536834e-10, 1.0, 2.3227811240771022e-39, 8.794284411806075e-09, 0.0], "malicious score": 8.794284411806075e-09}}}, "SENet18": {"clean acc": 91.99000091552735, "prediction": 6, "poisons predictions": [8, 8, 8, 8, 8], "scores": [1.2533620635904767e-16, 3.1386646618314015e-14, 5.0277168631715843e-14, 2.1758660953725972e-13, 2.293977559020277e-07, 8.794277388656533e-18, 0.9976795315742493, 1.0281243562125335e-16, 0.002320489613339305, 1.0862242574981558e-20], "malicious score": 0.002320489613339305, "camera": {"2": {"prediction": 6, "scores": [1.5348528004111017e-11, 5.360337892415697e-16, 1.3992042388003695e-14, 6.417086417798146e-09, 1.1477006410132162e-05, 5.489572250277127e-15, 0.7925375699996948, 5.1576590547032996e-17, 0.20745167136192322, 1.026293429149775e-18], "malicious score": 0.20745167136192322}, "4": {"prediction": 6, "scores": [7.810826332388388e-07, 6.593626730994124e-17, 3.2229923174753594e-09, 0.0005625463672913611, 0.0006084746564738452, 4.5354438954481324e-11, 0.9984257817268372, 1.9394695505365375e-15, 0.0004018984327558428, 1.2826881971089927e-16], "malicious score": 0.0004018984327558428}}}, "ResNet50": {"clean acc": 93.72000160217286, "prediction": 8, "poisons predictions": [8, 8, 8, 8, 8], "scores": [4.96105378681649e-33, 4.02749145893422e-28, 0.0, 1.401298464324817e-45, 5.5702328619128284e-39, 1.401298464324817e-45, 0.32508373260498047, 1.8953402509071746e-40, 0.6749169826507568, 1.401298464324817e-45], "malicious score": 0.6749169826507568, "camera": {"2": {"prediction": 6, "scores": [1.8166612657710362e-37, 8.930046618331015e-32, 0.0, 2.2981028568218778e-39, 2.308583168036563e-40, 3.3887320503074186e-40, 1.0, 5.2969081951478085e-43, 1.3875525728401783e-11, 2.0038568039844884e-43], "malicious score": 1.3875525728401783e-11}, "4": {"prediction": 6, "scores": [1.0143439476403889e-34, 1.497729363444838e-29, 0.0, 1.4605731836685947e-32, 4.775978517839741e-37, 5.3184181265751945e-40, 1.0, 2.113158084201824e-42, 1.7197767515630957e-11, 2.383608687816514e-41], "malicious score": 1.7197767515630957e-11}}}, "ResNeXt29_2x64d": {"clean acc": 93.38000144958497, "prediction": 8, "poisons predictions": [8, 8, 8, 8, 8], "scores": [1.0164417859053734e-22, 2.79570819827768e-08, 5.3239269953318444e-14, 5.783755696597837e-10, 0.0, 1.4822694122061003e-29, 0.06934977322816849, 1.6049467788011176e-16, 0.9306511282920837, 1.820905107892992e-17], "malicious score": 0.9306511282920837, "camera": {"2": {"prediction": 6, "scores": [2.8172335810490876e-22, 8.046280113548077e-13, 5.94012162159722e-17, 0.00020584008598234504, 2.4790491250932125e-30, 3.207885579250202e-21, 0.9997882843017578, 2.2811978855051728e-20, 5.9736498769780155e-06, 4.944128666145391e-17], "malicious score": 5.9736498769780155e-06}, "4": {"prediction": 6, "scores": [8.50686294635011e-22, 8.571066762146778e-14, 4.576268378289381e-18, 0.0005975593230687082, 8.137736627224197e-22, 2.2066071645738876e-19, 0.9993974566459656, 6.68593868631788e-20, 5.813939878862584e-06, 3.847613413933667e-17], "malicious score": 5.813939878862584e-06}}}, "GoogLeNet": {"clean acc": 92.00000267028808, "prediction": 8, "poisons predictions": [8, 8, 8, 8, 8], "scores": [3.449688035228604e-10, 1.956667983904481e-05, 3.0468256682070205e-06, 4.8320231144316494e-05, 1.5273620909694863e-11, 1.1235282499910682e-06, 0.22237151861190796, 0.0061836098320782185, 0.7713727951049805, 1.0958428175306123e-12], "malicious score": 0.7713727951049805, "camera": {"2": {"prediction": 6, "scores": [9.678862156192736e-09, 2.1277341147651896e-05, 0.0018232744187116623, 0.07677743583917618, 2.040793312119149e-08, 7.232726784422994e-05, 0.9024858474731445, 7.904175618023146e-06, 0.0188120249658823, 4.924943439177376e-11], "malicious score": 0.0188120249658823}, "4": {"prediction": 6, "scores": [2.5681173854152917e-10, 5.972356120764744e-08, 2.395069896010682e-05, 0.001040562056005001, 6.398298002530112e-10, 1.9182627511327155e-05, 0.9988986253738403, 6.770471117079069e-08, 1.7668173313722946e-05, 1.8856474541528723e-12], "malicious score": 1.7668173313722946e-05}}}, "MobileNetV2": {"clean acc": 87.0000015258789, "prediction": 8, "poisons predictions": [8, 8, 8, 8, 6],