{"args": "Namespace(device='cuda', dset_path='datasets', end2end=False, eval_poisons_root='attack-results-10poisons/100-overlap/linear-transfer-learning/mean/800', gpu='1', lr_decay_epoch=[30, 45], model_resume_path='model-chks', num_per_class=50, poison_label=8, retrain_bsize=64, retrain_epochs=60, retrain_lr=0.1, retrain_momentum=0.9, retrain_opt='adam', retrain_wd=0, subset_group=0, target_camera=True, target_index_end=19, target_index_start=18, target_index_step=1, target_label=6, target_net=['DPN92', 'SENet18', 'ResNet50', 'ResNeXt29_2x64d', 'GoogLeNet', 'MobileNetV2', 'ResNet18', 'DenseNet121'], target_print_size=[2, 4], test_chk_name='ckpt-%s-4800.t7', train_data_path='datasets/CIFAR10_TRAIN_Split.pth')", "poison_label": 8, "target_label": 6, "targets": {"18": {}, "18": {"800": {"time": 409.0, "coeffs_time": 0, "poisons_time": 4, "target_loss": 0.01118625607341528, "total_loss": 0.06437099725008011, "coeff_list": [[0.10000000149011612, 0.10000000149011612, 0.10000000149011612, 0.10000000149011612, 0.10000000149011612, 0.10000000149011612, 0.10000000149011612, 0.10000000149011612, 0.10000000149011612, 0.10000000149011612], [0.10000000149011612, 0.10000000149011612, 0.10000000149011612, 0.10000000149011612, 0.10000000149011612, 0.10000000149011612, 0.10000000149011612, 0.10000000149011612, 0.10000000149011612, 0.10000000149011612], [0.10000000149011612, 0.10000000149011612, 0.10000000149011612, 0.10000000149011612, 0.10000000149011612, 0.10000000149011612, 0.10000000149011612, 0.10000000149011612, 0.10000000149011612, 0.10000000149011612], [0.10000000149011612, 0.10000000149011612, 0.10000000149011612, 0.10000000149011612, 0.10000000149011612, 0.10000000149011612, 0.10000000149011612, 0.10000000149011612, 0.10000000149011612, 0.10000000149011612], [0.10000000149011612, 0.10000000149011612, 0.10000000149011612, 0.10000000149011612, 0.10000000149011612, 0.10000000149011612, 0.10000000149011612, 0.10000000149011612, 0.10000000149011612, 0.10000000149011612], [0.10000000149011612, 0.10000000149011612, 0.10000000149011612, 0.10000000149011612, 0.10000000149011612, 0.10000000149011612, 0.10000000149011612, 0.10000000149011612, 0.10000000149011612, 0.10000000149011612], [0.10000000149011612, 0.10000000149011612, 0.10000000149011612, 0.10000000149011612, 0.10000000149011612, 0.10000000149011612, 0.10000000149011612, 0.10000000149011612, 0.10000000149011612, 0.10000000149011612], [0.10000000149011612, 0.10000000149011612, 0.10000000149011612, 0.10000000149011612, 0.10000000149011612, 0.10000000149011612, 0.10000000149011612, 0.10000000149011612, 0.10000000149011612, 0.10000000149011612], [0.10000000149011612, 0.10000000149011612, 0.10000000149011612, 0.10000000149011612, 0.10000000149011612, 0.10000000149011612, 0.10000000149011612, 0.10000000149011612, 0.10000000149011612, 0.10000000149011612], [0.10000000149011612, 0.10000000149011612, 0.10000000149011612, 0.10000000149011612, 0.10000000149011612, 0.10000000149011612, 0.10000000149011612, 0.10000000149011612, 0.10000000149011612, 0.10000000149011612], [0.10000000149011612, 0.10000000149011612, 0.10000000149011612, 0.10000000149011612, 0.10000000149011612, 0.10000000149011612, 0.10000000149011612, 0.10000000149011612, 0.10000000149011612, 0.10000000149011612], [0.10000000149011612, 0.10000000149011612, 0.10000000149011612, 0.10000000149011612, 0.10000000149011612, 0.10000000149011612, 0.10000000149011612, 0.10000000149011612, 0.10000000149011612, 0.10000000149011612], [0.10000000149011612, 0.10000000149011612, 0.10000000149011612, 0.10000000149011612, 0.10000000149011612, 0.10000000149011612, 0.10000000149011612, 0.10000000149011612, 0.10000000149011612, 0.10000000149011612], [0.10000000149011612, 0.10000000149011612, 0.10000000149011612, 0.10000000149011612, 0.10000000149011612, 0.10000000149011612, 0.10000000149011612, 0.10000000149011612, 0.10000000149011612, 0.10000000149011612], [0.10000000149011612, 0.10000000149011612, 0.10000000149011612, 0.10000000149011612, 0.10000000149011612, 0.10000000149011612, 0.10000000149011612, 0.10000000149011612, 0.10000000149011612, 0.10000000149011612], [0.10000000149011612, 0.10000000149011612, 0.10000000149011612, 0.10000000149011612, 0.10000000149011612, 0.10000000149011612, 0.10000000149011612, 0.10000000149011612, 0.10000000149011612, 0.10000000149011612], [0.10000000149011612, 0.10000000149011612, 0.10000000149011612, 0.10000000149011612, 0.10000000149011612, 0.10000000149011612, 0.10000000149011612, 0.10000000149011612, 0.10000000149011612, 0.10000000149011612], [0.10000000149011612, 0.10000000149011612, 0.10000000149011612, 0.10000000149011612, 0.10000000149011612, 0.10000000149011612, 0.10000000149011612, 0.10000000149011612, 0.10000000149011612, 0.10000000149011612]], "coeff_list_in_victim": [[0.0, 0.0, 0.5182463526725769, 0.0, 0.0, 0.16922210156917572, 0.014994637109339237, 0.15726132690906525, 0.14027561247348785, 0.0]], "victims": {"DPN92": {"clean acc": 91.95000190734864, "prediction": 8, "poisons predictions": [8, 8, 8, 8, 8, 8, 8, 8, 8, 8], "scores": [3.45442422258202e-05, 1.7998310022806878e-14, 1.1879185432666842e-39, 4.152368324468578e-16, 2.4320936146821525e-41, 6.474211546325458e-18, 4.854553647959392e-09, 7.818429688477326e-31, 0.9999656677246094, 0.0], "malicious score": 0.9999656677246094, "camera": {"2": {"prediction": 3, "scores": [8.353651345803214e-17, 4.294658409359671e-20, 6.720660723440787e-21, 0.5934457182884216, 1.0325226839038675e-23, 0.2762662172317505, 0.1302875280380249, 6.9856858420257905e-37, 8.846535847343551e-17, 2.3749182401442643e-31], "malicious score": 8.846535847343551e-17}, "4": {"prediction": 8, "scores": [0.00010912855941569433, 2.127217429981343e-10, 3.1444293970139317e-25, 0.0014384961687028408, 6.405779164297546e-30, 4.2748604755615816e-05, 0.0032641347497701645, 8.244689505229848e-23, 0.9951452016830444, 1.7176251749059865e-31], "malicious score": 0.9951452016830444}}}, "SENet18": {"clean acc": 91.17000236511231, "prediction": 6, "poisons predictions": [8, 8, 8, 8, 8, 8, 6, 8, 8, 8], "scores": [1.5015589838185406e-07, 2.859015353351424e-07, 1.6486266076753964e-06, 1.6908963971218327e-06, 4.225359225529246e-05, 8.983452204347486e-09, 0.5740912556648254, 1.641720785983125e-07, 0.4258629381656647, 5.124912300091822e-11], "malicious score": 0.4258629381656647, "camera": {"2": {"prediction": 6, "scores": [2.5539697093290847e-11, 6.220992452950826e-17, 1.1010534706201724e-08, 7.881042256485671e-05, 0.00022987618285696954, 0.0020628205966204405, 0.9976281523704529, 8.913442053404882e-16, 1.0858689591941584e-07, 3.5363161288159972e-09], "malicious score": 1.0858689591941584e-07}, "4": {"prediction": 6, "scores": [9.14245106287126e-08, 3.1951150059050804e-11, 3.277369387433282e-06, 2.9636434192070737e-05, 0.00048368365969508886, 4.747252387460321e-05, 0.997385561466217, 7.158551529329316e-11, 0.0020504023414105177, 3.8046601424923665e-09], "malicious score": 0.0020504023414105177}}}, "ResNet50": {"clean acc": 93.13000144958497, "prediction": 8, "poisons predictions": [8, 8, 8, 8, 8, 8, 8, 8, 8, 8], "scores": [5.504720757407179e-40, 4.27366578694841e-24, 1.6548058468337605e-25, 2.9853695011217215e-22, 1.5068822552275723e-28, 8.2720465248958e-20, 2.3923412215002063e-15, 3.5487600433923466e-29, 1.0, 9.838514680428946e-22], "malicious score": 1.0, "camera": {"2": {"prediction": 6, "scores": [1.564212332881971e-33, 8.461412465539682e-17, 3.7275669732093617e-34, 2.9036451110187045e-07, 3.735186259682527e-13, 0.004269478842616081, 0.9947884678840637, 3.517908672308529e-21, 0.0009415651438757777, 5.757083889744875e-15], "malicious score": 0.0009415651438757777}, "4": {"prediction": 8, "scores": [1.6250597775713713e-33, 2.1036918218941684e-16, 2.801954481956824e-34, 4.4359658168957594e-09, 5.144645683870493e-19, 0.00158700963947922, 0.0004964572726748884, 1.668430767609951e-21, 0.9979164600372314, 9.756406793570704e-10], "malicious score": 0.9979164600372314}}}, "ResNeXt29_2x64d": {"clean acc": 92.49000205993653,