{"args": "Namespace(device='cuda', dset_path='datasets', end2end=False, eval_poisons_root='attack-results-eps0.05/100-overlap/linear-transfer-learning/mean/800', gpu='3', lr_decay_epoch=[30, 45], model_resume_path='model-chks', num_per_class=50, poison_label=8, retrain_bsize=64, retrain_epochs=60, retrain_lr=0.1, retrain_momentum=0.9, retrain_opt='adam', retrain_wd=0, subset_group=0, target_camera=True, target_index_end=36, target_index_start=35, target_index_step=1, target_label=6, target_net=['DPN92', 'SENet18', 'ResNet50', 'ResNeXt29_2x64d', 'GoogLeNet', 'MobileNetV2', 'ResNet18', 'DenseNet121'], target_print_size=[2, 4], test_chk_name='ckpt-%s-4800.t7', train_data_path='datasets/CIFAR10_TRAIN_Split.pth')", "poison_label": 8, "target_label": 6, "targets": {"35": {}, "35": {"800": {"time": 457.0, "coeffs_time": 0, "poisons_time": 5, "target_loss": 0.009699858725070953, "total_loss": 0.0752524584531784, "coeff_list": [[0.20000000298023224, 0.20000000298023224, 0.20000000298023224, 0.20000000298023224, 0.20000000298023224], [0.20000000298023224, 0.20000000298023224, 0.20000000298023224, 0.20000000298023224, 0.20000000298023224], [0.20000000298023224, 0.20000000298023224, 0.20000000298023224, 0.20000000298023224, 0.20000000298023224], [0.20000000298023224, 0.20000000298023224, 0.20000000298023224, 0.20000000298023224, 0.20000000298023224], [0.20000000298023224, 0.20000000298023224, 0.20000000298023224, 0.20000000298023224, 0.20000000298023224], [0.20000000298023224, 0.20000000298023224, 0.20000000298023224, 0.20000000298023224, 0.20000000298023224], [0.20000000298023224, 0.20000000298023224, 0.20000000298023224, 0.20000000298023224, 0.20000000298023224], [0.20000000298023224, 0.20000000298023224, 0.20000000298023224, 0.20000000298023224, 0.20000000298023224], [0.20000000298023224, 0.20000000298023224, 0.20000000298023224, 0.20000000298023224, 0.20000000298023224], [0.20000000298023224, 0.20000000298023224, 0.20000000298023224, 0.20000000298023224, 0.20000000298023224], [0.20000000298023224, 0.20000000298023224, 0.20000000298023224, 0.20000000298023224, 0.20000000298023224], [0.20000000298023224, 0.20000000298023224, 0.20000000298023224, 0.20000000298023224, 0.20000000298023224], [0.20000000298023224, 0.20000000298023224, 0.20000000298023224, 0.20000000298023224, 0.20000000298023224], [0.20000000298023224, 0.20000000298023224, 0.20000000298023224, 0.20000000298023224, 0.20000000298023224], [0.20000000298023224, 0.20000000298023224, 0.20000000298023224, 0.20000000298023224, 0.20000000298023224], [0.20000000298023224, 0.20000000298023224, 0.20000000298023224, 0.20000000298023224, 0.20000000298023224], [0.20000000298023224, 0.20000000298023224, 0.20000000298023224, 0.20000000298023224, 0.20000000298023224], [0.20000000298023224, 0.20000000298023224, 0.20000000298023224, 0.20000000298023224, 0.20000000298023224]], "coeff_list_in_victim": [[0.0, 0.06702842563390732, 0.0, 0.4731273651123047, 0.4598441421985626]], "victims": {"DPN92": {"clean acc": 92.38000144958497, "prediction": 6, "poisons predictions": [6, 8, 8, 6, 8], "scores": [1.6075772657497822e-10, 1.0574924914743143e-30, 6.40700957425469e-35, 7.405355113396294e-18, 5.302306618841665e-27, 8.130426483184245e-19, 0.786806583404541, 3.2229864679470793e-44, 0.21319349110126495, 0.0], "malicious score": 0.21319349110126495, "camera": {"2": {"prediction": 6, "scores": [7.612506891518933e-08, 2.6064827125117316e-27, 4.832980602553828e-28, 1.8909582233384015e-10, 1.979472322596957e-16, 4.247097465381877e-11, 0.9995957016944885, 2.5134083861777473e-35, 0.0004035922756884247, 2.382207389352189e-44], "malicious score": 0.0004035922756884247}, "4": {"prediction": 6, "scores": [2.774356300250247e-10, 6.328451722860906e-28, 4.316532617575426e-29, 5.49954699835542e-12, 1.0240603516886115e-18, 2.835090452332767e-12, 0.9955315589904785, 1.7710347635648659e-37, 0.004468477796763182, 0.0], "malicious score": 0.004468477796763182}}}, "SENet18": {"clean acc": 91.3700023651123, "prediction": 6, "poisons predictions": [8, 6, 8, 6, 6], "scores": [7.261075296582931e-09, 3.1996935483113997e-12, 8.019122644837163e-15, 2.605274936756663e-12, 1.0748790302272937e-08, 9.725030112887938e-17, 0.9600796103477478, 1.2167665344999467e-16, 0.039919815957546234, 7.148228170653778e-17], "malicious score": 0.039919815957546234, "camera": {"2": {"prediction": 8, "scores": [1.3300842738317442e-07, 2.5786171158406757e-13, 3.5508842993926685e-15, 6.512007599823733e-11, 1.6230615074164234e-07, 1.4628105474360077e-15, 0.4484773874282837, 2.0936834658778688e-17, 0.551522970199585, 1.288263791484294e-16], "malicious score": 0.551522970199585}, "4": {"prediction": 8, "scores": [3.622202982000999e-08, 6.640198373791817e-13, 2.555235027559187e-16, 2.662174473921919e-11, 7.814391267402243e-08, 7.005374343563666e-16, 0.32803985476493835, 1.6898472733845802e-17, 0.6719601154327393, 1.64014523292427e-16], "malicious score": 0.6719601154327393}}}, "ResNet50": {"clean acc": 92.0400016784668, "prediction": 8, "poisons predictions": [8, 8, 8, 8, 8], "scores": [2.3612697236543136e-15, 1.5008480278223154e-27, 8.148004063647725e-40, 4.212571159918646e-28, 7.075504901961024e-29, 6.07546464685411e-26, 0.23624849319458008, 1.3877472425629549e-24, 0.7637512683868408, 9.160428191137762e-41], "malicious score": 0.7637512683868408, "camera": {"2": {"prediction": 6, "scores": [8.776487566211633e-13, 3.218627373457966e-26, 7.341022487929539e-35, 1.309517059433514e-20, 3.979263004405011e-21, 1.7343628516995136e-15, 0.7060321569442749, 2.782180830715518e-23, 0.2939679026603699, 5.144396475484553e-39], "malicious score": 0.2939679026603699}, "4": {"prediction": 6, "scores": [2.3708074999288542e-17, 3.4480740057641894e-30, 6.229472323155974e-41, 4.66424206081351e-21, 1.7218206592530544e-27, 3.5896795017339396e-26, 1.0, 6.1671324603416285e-28, 3.249678925953958e-08, 4.203895392974451e-45], "malicious score": 3.249678925953958e-08}}}, "ResNeXt29_2x64d": {"clean acc": 92.95000190734864, "prediction": 8, "poisons predictions": [8, 8, 8, 8, 8], "scores": [2.035233209486017e-28, 6.3806499744201975e-18, 4.7951663391951685e-14, 4.239952555717963e-10, 1.310214064143704e-42, 6.23135239203754e-23, 0.2781835198402405, 5.5312124640162e-23, 0.7218174338340759, 1.2817712818288313e-27], "malicious score": 0.7218174338340759, "camera": {"2": {"prediction": 6, "scores": [8.107905457031723e-20, 6.099325601713875e-22, 1.8623715902776894e-08, 0.00036303960951045156, 2.52501845065487e-19, 3.836682438418393e-08, 0.9996243119239807, 1.6208436598902535e-18, 1.2702639651251957e-05, 2.474898584723547e-17], "malicious score": 1.2702639651251957e-05}, "4": {"prediction": 6, "scores": [1.6824724412357871e-21, 8.444554041999195e-23, 1.4798099812196597e-07, 6.815921369707212e-05, 1.3176647884671613e-20, 2.1732130761620283e-08, 0.9999294281005859, 3.788163943309481e-17, 1.6026453977247002e-06, 2.411727628523485e-17], "malicious score": 1.6026453977247002e-06}}}, "GoogLeNet": {"clean acc": 92.1400016784668, "prediction": 6, "poisons predictions": [8, 8, 8, 6, 8], "scores": [9.801304106299208e-17, 9.940551493059502e-09, 8.22460433091976e-11, 1.7170623323181644e-06, 2.2720849507384955e-11, 3.688927563416655e-08, 0.8343758583068848, 1.0678316737788851e-11, 0.16562281548976898, 4.006341326669594e-15], "malicious score": 0.16562281548976898, "camera": {"2": {"prediction": 6, "scores": [1.140090279128092e-11, 5.0497693138140676e-08, 2.6936006634059595e-06, 0.0012295476626604795, 9.61969344643876e-05, 0.0007594459457322955, 0.5382097959518433, 5.61243318486504e-09, 0.45970219373703003, 3.490283409512962e-11], "malicious score": 0.45970219373703003}, "4": {"prediction": 8, "scores": [1.0091747045231497e-14, 1.2403679860994998e-08, 1.144399845998123e-07, 3.4094871807610616e-05, 8.183958399854419e-09, 1.9413058907957748e-05, 0.22307930886745453, 1.559561013664279e-08, 0.7768672704696655, 2.1744762837127424e-13], "malicious score": 0.7768672704696655}}}, "MobileNetV2": {"clean acc": 87.30000152587891,