{"args": "Namespace(device='cuda', dset_path='datasets', end2end=False, eval_poisons_root='attack-results-eps0.20/100-overlap/linear-transfer-learning/mean/800', gpu='1', lr_decay_epoch=[30, 45], model_resume_path='model-chks', num_per_class=50, poison_label=8, retrain_bsize=64, retrain_epochs=60, retrain_lr=0.1, retrain_momentum=0.9, retrain_opt='adam', retrain_wd=0, subset_group=0, target_camera=True, target_index_end=16, target_index_start=15, target_index_step=1, target_label=6, target_net=['DPN92', 'SENet18', 'ResNet50', 'ResNeXt29_2x64d', 'GoogLeNet', 'MobileNetV2', 'ResNet18', 'DenseNet121'], target_print_size=[2, 4], test_chk_name='ckpt-%s-4800.t7', train_data_path='datasets/CIFAR10_TRAIN_Split.pth')", "poison_label": 8, "target_label": 6, "targets": {"15": {}, "15": {"800": {"time": 351.0, "coeffs_time": 0, "poisons_time": 4, "target_loss": 0.030300501734018326, "total_loss": 0.08512977510690689, "coeff_list": [[0.20000000298023224, 0.20000000298023224, 0.20000000298023224, 0.20000000298023224, 0.20000000298023224], [0.20000000298023224, 0.20000000298023224, 0.20000000298023224, 0.20000000298023224, 0.20000000298023224], [0.20000000298023224, 0.20000000298023224, 0.20000000298023224, 0.20000000298023224, 0.20000000298023224], [0.20000000298023224, 0.20000000298023224, 0.20000000298023224, 0.20000000298023224, 0.20000000298023224], [0.20000000298023224, 0.20000000298023224, 0.20000000298023224, 0.20000000298023224, 0.20000000298023224], [0.20000000298023224, 0.20000000298023224, 0.20000000298023224, 0.20000000298023224, 0.20000000298023224], [0.20000000298023224, 0.20000000298023224, 0.20000000298023224, 0.20000000298023224, 0.20000000298023224], [0.20000000298023224, 0.20000000298023224, 0.20000000298023224, 0.20000000298023224, 0.20000000298023224], [0.20000000298023224, 0.20000000298023224, 0.20000000298023224, 0.20000000298023224, 0.20000000298023224], [0.20000000298023224, 0.20000000298023224, 0.20000000298023224, 0.20000000298023224, 0.20000000298023224], [0.20000000298023224, 0.20000000298023224, 0.20000000298023224, 0.20000000298023224, 0.20000000298023224], [0.20000000298023224, 0.20000000298023224, 0.20000000298023224, 0.20000000298023224, 0.20000000298023224], [0.20000000298023224, 0.20000000298023224, 0.20000000298023224, 0.20000000298023224, 0.20000000298023224], [0.20000000298023224, 0.20000000298023224, 0.20000000298023224, 0.20000000298023224, 0.20000000298023224], [0.20000000298023224, 0.20000000298023224, 0.20000000298023224, 0.20000000298023224, 0.20000000298023224], [0.20000000298023224, 0.20000000298023224, 0.20000000298023224, 0.20000000298023224, 0.20000000298023224], [0.20000000298023224, 0.20000000298023224, 0.20000000298023224, 0.20000000298023224, 0.20000000298023224], [0.20000000298023224, 0.20000000298023224, 0.20000000298023224, 0.20000000298023224, 0.20000000298023224]], "coeff_list_in_victim": [[0.0, 0.4004385769367218, 0.11918722093105316, 0.48037418723106384, 0.0]], "victims": {"DPN92": {"clean acc": 92.72000198364258, "prediction": 8, "poisons predictions": [8, 8, 8, 8, 8], "scores": [3.7310693423719954e-10, 2.710009281664907e-15, 7.362856978663601e-31, 4.9811138325139837e-08, 8.310889992560419e-27, 7.117879636392432e-12, 5.347600563254673e-06, 4.9680761140608374e-27, 0.9999942779541016, 0.0], "malicious score": 0.9999942779541016, "camera": {"2": {"prediction": 6, "scores": [9.779891306516131e-12, 9.290321479656678e-23, 2.2567590781599766e-24, 0.2895866334438324, 3.777615074393715e-17, 5.605025580734946e-05, 0.6347917914390564, 2.575160627713619e-29, 0.07556502521038055, 0.0], "malicious score": 0.07556502521038055}, "4": {"prediction": 6, "scores": [5.5007222735103944e-12, 5.803453411117765e-23, 1.1639987783182063e-26, 0.001209653215482831, 3.885897416143789e-21, 1.4906634078215575e-06, 0.9826129674911499, 5.89154729273937e-28, 0.016176601871848106, 0.0], "malicious score": 0.016176601871848106}}}, "SENet18": {"clean acc": 91.50000114440918, "prediction": 8, "poisons predictions": [8, 8, 8, 8, 6], "scores": [2.4061386563745124e-11, 8.278659535676525e-09, 4.531990491977826e-16, 4.77859982486728e-12, 7.338735730222368e-10, 2.8734323948009788e-12, 0.4596770107746124, 4.964296768800169e-12, 0.540322482585907, 1.895842424021188e-12], "malicious score": 0.540322482585907, "camera": {"2": {"prediction": 6, "scores": [5.092916754989574e-09, 9.630632879717438e-13, 4.253343899307538e-09, 0.00010442436905577779, 1.8434298908687197e-05, 1.4133115122660911e-08, 0.9398996829986572, 3.4882717374340455e-12, 0.05997699871659279, 7.1014171106054125e-12], "malicious score": 0.05997699871659279}, "4": {"prediction": 3, "scores": [2.6770171149270716e-11, 2.9678611456439297e-14, 3.120112887700088e-05, 0.9407085180282593, 0.01781192049384117, 0.00023106900334823877, 0.04121726378798485, 4.375437729145504e-13, 2.5705080020088644e-07, 1.3619774752449132e-10], "malicious score": 2.5705080020088644e-07}}}, "ResNet50": {"clean acc": 92.29000129699708, "prediction": 8, "poisons predictions": [8, 8, 8, 8, 8], "scores": [0.0, 3.078645070887327e-21, 0.0, 2.1192580551110243e-19, 2.8134474584186593e-26, 3.472126448310828e-28, 0.016269493848085403, 1.380067833221315e-29, 0.9837306141853333, 1.144715101416063e-28], "malicious score": 0.9837306141853333, "camera": {"2": {"prediction": 6, "scores": [0.0, 4.0667708675575457e-26, 0.0, 7.853470613628302e-14, 6.282380657404721e-31, 2.191896543887902e-30, 0.8944643139839172, 1.254208626388095e-31, 0.10553661733865738, 4.665439273610251e-34], "malicious score": 0.10553661733865738}, "4": {"prediction": 6, "scores": [0.0, 7.420789113138792e-27, 0.0, 1.1122790188888843e-11, 2.8588810663410823e-30, 1.6763117050391617e-26, 0.9992964267730713, 1.6442924300276784e-31, 0.000702752557117492, 1.350279428692099e-31], "malicious score": 0.000702752557117492}}}, "ResNeXt29_2x64d": {"clean acc": 92.78000221252441, "prediction": 8, "poisons predictions": [8, 8, 8, 8, 8], "scores": [5.2034322381990935e-23, 1.7717464865021904e-12, 2.4262162925223923e-16, 1.3217573736901134e-13, 0.0, 1.099409645774919e-28, 2.479336913552288e-08, 2.998889957661492e-18, 1.0, 9.526672201997722e-18], "malicious score": 1.0, "camera": {"2": {"prediction": 6, "scores": [2.6978338514100613e-18, 9.316506984283213e-13, 1.7693879499347531e-06, 0.03753342479467392, 3.2089161028249866e-27, 2.891036104360912e-15, 0.9589856266975403, 1.62375182743979e-11, 0.003479352220892906, 2.1895325654007307e-14], "malicious score": 0.003479352220892906}, "4": {"prediction": 3, "scores": [1.0651996624660534e-18, 3.3994408308278545e-13, 8.073411663644947e-06, 0.9998068809509277, 4.1445853289968732e-22, 9.522494826084277e-14, 0.00018526888743508607, 4.6062407360603075e-12, 2.2054665649307026e-08, 4.194267546123176e-13], "malicious score": 2.2054665649307026e-08}}}, "GoogLeNet": {"clean acc": 91.4200008392334, "prediction": 8, "poisons predictions": [8, 8, 8, 8, 6], "scores": [1.651809683109059e-18, 5.175378792188212e-09, 1.7748189882187837e-18, 1.2276323957394197e-08, 8.167058175578834e-12, 1.191034770808841e-10, 0.00814878847450018, 3.6158776710662477e-13, 0.9918508529663086, 1.007089984322862e-11], "malicious score": 0.9918508529663086, "camera": {"2": {"prediction": 6, "scores": [6.524013967945663e-12, 9.125409269472584e-05, 0.00021267250122036785, 0.14603067934513092, 3.7581799006147776e-07, 0.003750704461708665, 0.4714319407939911, 1.2362931556708645e-05, 0.37847021222114563, 5.497416299959923e-09], "malicious score": 0.37847021222114563}, "4": {"prediction": 6, "scores": [4.694215502420995e-12, 1.3032689594183466e-07, 0.02859288454055786, 0.0421660915017128, 1.5550735099623125e-07, 0.11190476268529892, 0.8171181678771973, 1.2223835028635222e-06, 0.00021650544658768922, 3.7141016928643467e-09], "malicious score": 0.00021650544658768922}}}, "MobileNetV2": {"clean acc": 87.20000228881835, "prediction": 6, "poisons predictions": [8, 8, 8, 8, 8],