{"args": "Namespace(device='cuda', dset_path='datasets', end2end=False, eval_poisons_root='attack-results-eps0.03/100-overlap/linear-transfer-learning/mean/800', gpu='2', lr_decay_epoch=[30, 45], model_resume_path='model-chks', num_per_class=50, poison_label=8, retrain_bsize=64, retrain_epochs=60, retrain_lr=0.1, retrain_momentum=0.9, retrain_opt='adam', retrain_wd=0, subset_group=0, target_camera=True, target_index_end=40, target_index_start=39, target_index_step=1, target_label=6, target_net=['DPN92', 'SENet18', 'ResNet50', 'ResNeXt29_2x64d', 'GoogLeNet', 'MobileNetV2', 'ResNet18', 'DenseNet121'], target_print_size=[2, 4], test_chk_name='ckpt-%s-4800.t7', train_data_path='datasets/CIFAR10_TRAIN_Split.pth')", "poison_label": 8, "target_label": 6, "targets": {"39": {}, "39": {"800": {"time": 355.0, "coeffs_time": 0, "poisons_time": 4, "target_loss": 0.009262720122933388, "total_loss": 0.13567763566970825, "coeff_list": [[0.20000000298023224, 0.20000000298023224, 0.20000000298023224, 0.20000000298023224, 0.20000000298023224], [0.20000000298023224, 0.20000000298023224, 0.20000000298023224, 0.20000000298023224, 0.20000000298023224], [0.20000000298023224, 0.20000000298023224, 0.20000000298023224, 0.20000000298023224, 0.20000000298023224], [0.20000000298023224, 0.20000000298023224, 0.20000000298023224, 0.20000000298023224, 0.20000000298023224], [0.20000000298023224, 0.20000000298023224, 0.20000000298023224, 0.20000000298023224, 0.20000000298023224], [0.20000000298023224, 0.20000000298023224, 0.20000000298023224, 0.20000000298023224, 0.20000000298023224], [0.20000000298023224, 0.20000000298023224, 0.20000000298023224, 0.20000000298023224, 0.20000000298023224], [0.20000000298023224, 0.20000000298023224, 0.20000000298023224, 0.20000000298023224, 0.20000000298023224], [0.20000000298023224, 0.20000000298023224, 0.20000000298023224, 0.20000000298023224, 0.20000000298023224], [0.20000000298023224, 0.20000000298023224, 0.20000000298023224, 0.20000000298023224, 0.20000000298023224], [0.20000000298023224, 0.20000000298023224, 0.20000000298023224, 0.20000000298023224, 0.20000000298023224], [0.20000000298023224, 0.20000000298023224, 0.20000000298023224, 0.20000000298023224, 0.20000000298023224], [0.20000000298023224, 0.20000000298023224, 0.20000000298023224, 0.20000000298023224, 0.20000000298023224], [0.20000000298023224, 0.20000000298023224, 0.20000000298023224, 0.20000000298023224, 0.20000000298023224], [0.20000000298023224, 0.20000000298023224, 0.20000000298023224, 0.20000000298023224, 0.20000000298023224], [0.20000000298023224, 0.20000000298023224, 0.20000000298023224, 0.20000000298023224, 0.20000000298023224], [0.20000000298023224, 0.20000000298023224, 0.20000000298023224, 0.20000000298023224, 0.20000000298023224], [0.20000000298023224, 0.20000000298023224, 0.20000000298023224, 0.20000000298023224, 0.20000000298023224]], "coeff_list_in_victim": [[0.03178390860557556, 0.3030042052268982, 0.4822242259979248, 0.0688939169049263, 0.11409372836351395]], "victims": {"DPN92": {"clean acc": 91.40000114440917, "prediction": 6, "poisons predictions": [8, 8, 8, 6, 8], "scores": [5.524013538260597e-11, 1.7243363109446276e-14, 1.1562788361919946e-29, 6.779988237504142e-10, 2.3866789472235407e-24, 5.121921983763933e-11, 0.8575407862663269, 5.405684829220101e-36, 0.14245833456516266, 6.445972935894159e-44], "malicious score": 0.14245833456516266, "camera": {"2": {"prediction": 6, "scores": [3.651877003840754e-17, 5.571699724457492e-24, 1.250907579642229e-30, 2.290853097497436e-11, 8.885287967340619e-26, 3.9663050621641105e-10, 1.0, 6.763395064033016e-40, 1.2547526750950055e-07, 4.624284932271896e-44], "malicious score": 1.2547526750950055e-07}, "4": {"prediction": 5, "scores": [3.2993798329342364e-20, 3.644269548066534e-22, 4.4089070756211197e-16, 0.00890250876545906, 3.994244171523498e-13, 0.9862546920776367, 0.004842896945774555, 3.0200392139558447e-39, 4.395018571301534e-09, 4.0106973874349825e-31], "malicious score": 4.395018571301534e-09}}}, "SENet18": {"clean acc": 91.11000213623046, "prediction": 8, "poisons predictions": [6, 8, 8, 6, 8], "scores": [2.228081719124475e-09, 1.3264268774664489e-17, 9.162224756664727e-09, 1.0474142300154199e-06, 1.0051130630017724e-06, 4.3931139281916387e-10, 0.28542593121528625, 7.48887471266516e-18, 0.7145723700523376, 3.4004618358721454e-15], "malicious score": 0.7145723700523376, "camera": {"2": {"prediction": 6, "scores": [7.782169006431694e-13, 1.8419885188727115e-26, 1.8769744872942917e-12, 6.517071327039048e-09, 5.318216533822806e-09, 1.075559419305705e-09, 0.9471909999847412, 1.008475852337455e-26, 0.052808862179517746, 4.683974143099257e-16], "malicious score": 0.052808862179517746}, "4": {"prediction": 8, "scores": [2.2294038615200407e-07, 4.709473350878515e-22, 1.840654294937849e-05, 0.015407186932861805, 3.0261264782893704e-06, 1.3541453881771304e-05, 0.001103401998989284, 4.6243519737067824e-18, 0.9834538698196411, 6.681373119696299e-13], "malicious score": 0.9834538698196411}}}, "ResNet50": {"clean acc": 92.34000129699707, "prediction": 8, "poisons predictions": [8, 8, 8, 8, 8], "scores": [3.4926103054678173e-40, 2.2287670291966252e-38, 1.0000308196637941e-37, 2.0684689440177085e-26, 4.895166079490153e-32, 2.9507848555481646e-19, 0.0056855333968997, 8.968014370799994e-23, 0.9943151473999023, 4.482184954679273e-15], "malicious score": 0.9943151473999023, "camera": {"2": {"prediction": 8, "scores": [4.66010912751236e-39, 5.619878063906928e-39, 2.939914088804523e-38, 5.839557634934454e-17, 7.10448434891042e-33, 8.37145424621689e-24, 2.526909383959719e-06, 4.057941911654409e-24, 0.9999980926513672, 1.7590091811240088e-15], "malicious score": 0.9999980926513672}, "4": {"prediction": 8, "scores": [1.9261856775454433e-35, 1.9152081968460033e-37, 1.3158515618542416e-35, 1.6077782660772755e-08, 5.199202109732171e-32, 3.700514699520068e-22, 2.8564151044463415e-09, 7.421725534706601e-19, 1.0, 7.4227638467185e-14], "malicious score": 1.0}}}, "ResNeXt29_2x64d": {"clean acc": 92.36000213623046, "prediction": 6, "poisons predictions": [8, 8, 8, 6, 8], "scores": [4.454649253596628e-18, 4.057624191072112e-13, 8.737225698496331e-08, 4.804228410648648e-07, 5.083021243947887e-34, 8.429450307255795e-14, 0.9942260384559631, 5.118461810975719e-16, 0.005773432087153196, 8.391688331220582e-25], "malicious score": 0.005773432087153196, "camera": {"2": {"prediction": 6, "scores": [1.7566634335984046e-21, 3.948904823227113e-18, 1.2140539684679652e-09, 5.217840381988026e-09, 5.6706919504422444e-27, 2.010295041543486e-09, 1.0, 1.6442326246875423e-20, 3.0593119149102677e-09, 9.787176192309047e-18], "malicious score": 3.0593119149102677e-09}, "4": {"prediction": 6, "scores": [1.9601523613379236e-17, 1.0769278535344845e-14, 3.616523258642701e-07, 0.04038304090499878, 1.6239844004565288e-22, 2.593249348592508e-07, 0.9596089124679565, 1.7521322053285458e-14, 7.541253580711782e-06, 3.0010985298970087e-18], "malicious score": 7.541253580711782e-06}}}, "GoogLeNet": {"clean acc": 91.81000175476075, "prediction": 6, "poisons predictions": [6, 8, 8, 6, 8], "scores": [3.7017582738257254e-14, 4.306200906967206e-08, 1.007719902190729e-06, 0.00023870673612691462, 2.4236822326884067e-08, 7.755147635180037e-06, 0.8364098072052002, 1.066022115026044e-08, 0.16334268450737, 2.1350625434291004e-10], "malicious score": 0.16334268450737, "camera": {"2": {"prediction": 6, "scores": [3.2154273276081835e-13, 2.3022147743745336e-08, 6.181451226439094e-06, 0.003468763316050172, 1.141004091209652e-07, 0.0019261592533439398, 0.9773097634315491, 9.306969257771858e-13, 0.017288826406002045, 1.3000673870777746e-09], "malicious score": 0.017288826406002045}, "4": {"prediction": 6, "scores": [2.141665547705264e-14, 2.213494632030688e-08, 9.067156838682422e-07, 0.004460039548575878, 1.0077443324263413e-09, 0.00019788691133726388, 0.896114706993103, 1.5662262068880106e-12, 0.09922666102647781, 4.527701824574848e-10], "malicious score": 0.09922666102647781}}},