{"args": "Namespace(device='cuda', dset_path='datasets', end2end=False, eval_poisons_root='attack-results-eps0.05/100-overlap/linear-transfer-learning/mean/800', gpu='1', lr_decay_epoch=[30, 45], model_resume_path='model-chks', num_per_class=50, poison_label=8, retrain_bsize=64, retrain_epochs=60, retrain_lr=0.1, retrain_momentum=0.9, retrain_opt='adam', retrain_wd=0, subset_group=0, target_camera=True, target_index_end=50, target_index_start=49, target_index_step=1, target_label=6, target_net=['DPN92', 'SENet18', 'ResNet50', 'ResNeXt29_2x64d', 'GoogLeNet', 'MobileNetV2', 'ResNet18', 'DenseNet121'], target_print_size=[2, 4], test_chk_name='ckpt-%s-4800.t7', train_data_path='datasets/CIFAR10_TRAIN_Split.pth')", "poison_label": 8, "target_label": 6, "targets": {"49": {}, "49": {"800": {"time": 342.0, "coeffs_time": 0, "poisons_time": 4, "target_loss": 0.02900245040655136, "total_loss": 0.09550908207893372, "coeff_list": [[0.20000000298023224, 0.20000000298023224, 0.20000000298023224, 0.20000000298023224, 0.20000000298023224], [0.20000000298023224, 0.20000000298023224, 0.20000000298023224, 0.20000000298023224, 0.20000000298023224], [0.20000000298023224, 0.20000000298023224, 0.20000000298023224, 0.20000000298023224, 0.20000000298023224], [0.20000000298023224, 0.20000000298023224, 0.20000000298023224, 0.20000000298023224, 0.20000000298023224], [0.20000000298023224, 0.20000000298023224, 0.20000000298023224, 0.20000000298023224, 0.20000000298023224], [0.20000000298023224, 0.20000000298023224, 0.20000000298023224, 0.20000000298023224, 0.20000000298023224], [0.20000000298023224, 0.20000000298023224, 0.20000000298023224, 0.20000000298023224, 0.20000000298023224], [0.20000000298023224, 0.20000000298023224, 0.20000000298023224, 0.20000000298023224, 0.20000000298023224], [0.20000000298023224, 0.20000000298023224, 0.20000000298023224, 0.20000000298023224, 0.20000000298023224], [0.20000000298023224, 0.20000000298023224, 0.20000000298023224, 0.20000000298023224, 0.20000000298023224], [0.20000000298023224, 0.20000000298023224, 0.20000000298023224, 0.20000000298023224, 0.20000000298023224], [0.20000000298023224, 0.20000000298023224, 0.20000000298023224, 0.20000000298023224, 0.20000000298023224], [0.20000000298023224, 0.20000000298023224, 0.20000000298023224, 0.20000000298023224, 0.20000000298023224], [0.20000000298023224, 0.20000000298023224, 0.20000000298023224, 0.20000000298023224, 0.20000000298023224], [0.20000000298023224, 0.20000000298023224, 0.20000000298023224, 0.20000000298023224, 0.20000000298023224], [0.20000000298023224, 0.20000000298023224, 0.20000000298023224, 0.20000000298023224, 0.20000000298023224], [0.20000000298023224, 0.20000000298023224, 0.20000000298023224, 0.20000000298023224, 0.20000000298023224], [0.20000000298023224, 0.20000000298023224, 0.20000000298023224, 0.20000000298023224, 0.20000000298023224]], "coeff_list_in_victim": [[0.0, 0.12066293507814407, 0.0, 0.8793370723724365, 0.0]], "victims": {"DPN92": {"clean acc": 92.56000137329102, "prediction": 6, "poisons predictions": [8, 8, 8, 8, 8], "scores": [2.501069826504193e-13, 6.014132376349335e-32, 1.2033804107577855e-23, 1.365637464223468e-10, 6.69030653416886e-26, 1.9253854153383765e-12, 1.0, 4.688194231594051e-38, 5.058689112047432e-07, 0.0], "malicious score": 5.058689112047432e-07, "camera": {}}, "SENet18": {"clean acc": 91.6400016784668, "prediction": 6, "poisons predictions": [8, 8, 8, 6, 6], "scores": [1.7388247092187115e-11, 3.055622243371018e-19, 3.937637022000118e-11, 6.08514625355383e-08, 0.00012656091712415218, 2.7242718497744178e-11, 0.8979685306549072, 2.757496403760041e-17, 0.10190412402153015, 2.4855032056125995e-18], "malicious score": 0.10190412402153015, "camera": {}}, "ResNet50": {"clean acc": 93.53000144958496, "prediction": 8, "poisons predictions": [8, 8, 8, 8, 8], "scores": [5.755356372954604e-35, 4.030458860414795e-20, 1.663341277153558e-42, 1.3045808443171182e-40, 0.0, 0.0, 0.00010702639701776206, 1.3615049958958575e-36, 0.9998931884765625, 1.401298464324817e-44], "malicious score": 0.9998931884765625, "camera": {}}, "ResNeXt29_2x64d": {"clean acc": 92.75000228881837, "prediction": 6, "poisons predictions": [8, 8, 8, 6, 8], "scores": [2.185226496560856e-22, 6.269026874257957e-22, 2.916862498064665e-12, 7.084557385184098e-09, 2.4897501485783525e-29, 4.727548647692759e-13, 0.5186012387275696, 2.3349350360951978e-23, 0.48139843344688416, 1.613126271570287e-19], "malicious score": 0.48139843344688416, "camera": {}}, "GoogLeNet": {"clean acc": 92.03000183105469, "prediction": 6, "poisons predictions": [8, 8, 6, 8, 8], "scores": [4.013429779486932e-12, 2.5480120235954473e-09, 5.604659136793089e-08, 0.00018931960221379995, 3.379253854518538e-08, 2.175125786152421e-07, 0.6391738057136536, 5.626168899652839e-07, 0.3606362044811249, 3.838431308911261e-12], "malicious score": 0.3606362044811249, "camera": {}}, "MobileNetV2": {"clean acc": 87.18000183105468, "prediction": 8, "poisons predictions": [8, 8, 8, 8, 6], "scores": [6.234026315998786e-12, 7.73461487321091e-19, 6.380310234137265e-14, 0.053484681993722916, 2.2926569314927223e-16, 7.814986505150223e-12, 0.001286779181100428, 2.7265948696097417e-19, 0.9452292323112488, 5.261696558025631e-23], "malicious score": 0.9452292323112488, "camera": {}}, "ResNet18": {"clean acc": 92.82000122070312, "prediction": 8, "poisons predictions": [6, 8, 8, 6, 8], "scores": [4.47746948487076e-22, 5.330829094124523e-13, 6.730793494173076e-14, 7.051579814287834e-06, 2.910680352563788e-21, 1.3462860160018408e-08, 0.4565471410751343, 1.3081174496745469e-15, 0.543445885181427, 3.6648324381841317e-22], "malicious score": 0.543445885181427, "camera": {}}, "DenseNet121": {"clean acc": 93.15000190734864, "prediction": 6, "poisons predictions": [8, 8, 8, 8, 8], "scores": [1.3719831493119727e-08, 1.7435380916808185e-10, 8.372175348825284e-12, 2.5564763745933305e-06, 1.1893993132616743e-06, 2.5316178380307974e-06, 0.9662845134735107, 6.709706971587161e-18, 0.03370949998497963, 2.6931122262818796e-12], "malicious score": 0.03370949998497963, "camera": {}}}}}}, "poison_idx_list": [213, 225, 227, 247, 249]}