{"args": "Namespace(device='cuda', dset_path='datasets', end2end=False, eval_poisons_root='attack-results-eps0.30/100-overlap/linear-transfer-learning/mean/800', gpu='2', lr_decay_epoch=[30, 45], model_resume_path='model-chks', num_per_class=50, poison_label=8, retrain_bsize=64, retrain_epochs=60, retrain_lr=0.1, retrain_momentum=0.9, retrain_opt='adam', retrain_wd=0, subset_group=0, target_camera=True, target_index_end=39, target_index_start=38, target_index_step=1, target_label=6, target_net=['DPN92', 'SENet18', 'ResNet50', 'ResNeXt29_2x64d', 'GoogLeNet', 'MobileNetV2', 'ResNet18', 'DenseNet121'], target_print_size=[2, 4], test_chk_name='ckpt-%s-4800.t7', train_data_path='datasets/CIFAR10_TRAIN_Split.pth')", "poison_label": 8, "target_label": 6, "targets": {"38": {}, "38": {"800": {"time": 460.0, "coeffs_time": 0, "poisons_time": 7, "target_loss": 0.02085074782371521, "total_loss": 0.07820175588130951, "coeff_list": [[0.20000000298023224, 0.20000000298023224, 0.20000000298023224, 0.20000000298023224, 0.20000000298023224], [0.20000000298023224, 0.20000000298023224, 0.20000000298023224, 0.20000000298023224, 0.20000000298023224], [0.20000000298023224, 0.20000000298023224, 0.20000000298023224, 0.20000000298023224, 0.20000000298023224], [0.20000000298023224, 0.20000000298023224, 0.20000000298023224, 0.20000000298023224, 0.20000000298023224], [0.20000000298023224, 0.20000000298023224, 0.20000000298023224, 0.20000000298023224, 0.20000000298023224], [0.20000000298023224, 0.20000000298023224, 0.20000000298023224, 0.20000000298023224, 0.20000000298023224], [0.20000000298023224, 0.20000000298023224, 0.20000000298023224, 0.20000000298023224, 0.20000000298023224], [0.20000000298023224, 0.20000000298023224, 0.20000000298023224, 0.20000000298023224, 0.20000000298023224], [0.20000000298023224, 0.20000000298023224, 0.20000000298023224, 0.20000000298023224, 0.20000000298023224], [0.20000000298023224, 0.20000000298023224, 0.20000000298023224, 0.20000000298023224, 0.20000000298023224], [0.20000000298023224, 0.20000000298023224, 0.20000000298023224, 0.20000000298023224, 0.20000000298023224], [0.20000000298023224, 0.20000000298023224, 0.20000000298023224, 0.20000000298023224, 0.20000000298023224], [0.20000000298023224, 0.20000000298023224, 0.20000000298023224, 0.20000000298023224, 0.20000000298023224], [0.20000000298023224, 0.20000000298023224, 0.20000000298023224, 0.20000000298023224, 0.20000000298023224], [0.20000000298023224, 0.20000000298023224, 0.20000000298023224, 0.20000000298023224, 0.20000000298023224], [0.20000000298023224, 0.20000000298023224, 0.20000000298023224, 0.20000000298023224, 0.20000000298023224], [0.20000000298023224, 0.20000000298023224, 0.20000000298023224, 0.20000000298023224, 0.20000000298023224], [0.20000000298023224, 0.20000000298023224, 0.20000000298023224, 0.20000000298023224, 0.20000000298023224]], "coeff_list_in_victim": [[0.0, 0.20361913740634918, 0.14672447741031647, 0.0, 0.649656355381012]], "victims": {"DPN92": {"clean acc": 92.68000183105468, "prediction": 6, "poisons predictions": [8, 8, 8, 6, 6], "scores": [1.427076124859878e-25, 2.3738356517625763e-20, 0.0, 1.3841714668096172e-19, 1.474409535621248e-27, 1.4578682009595322e-24, 0.9721103310585022, 3.72416086371285e-39, 0.0278914961963892, 0.0], "malicious score": 0.0278914961963892, "camera": {"2": {"prediction": 3, "scores": [0.0, 5.762405464749543e-36, 6.96179669572287e-22, 0.9999923706054688, 7.692528924962971e-06, 2.1457363885701852e-08, 3.59541823397036e-13, 2.8209413268461103e-39, 3.100416171050449e-34, 4.7541596546372653e-32], "malicious score": 3.100416171050449e-34}, "4": {"prediction": 3, "scores": [0.0, 1.7120147178990052e-36, 2.4218443784488122e-22, 0.9999656677246094, 3.275002745795064e-05, 5.043023984518946e-11, 2.668577435849945e-13, 2.805399525578284e-41, 2.7209799251012538e-37, 6.236026000116044e-34], "malicious score": 2.7209799251012538e-37}}}, "SENet18": {"clean acc": 91.31000137329102, "prediction": 8, "poisons predictions": [8, 6, 8, 8, 6], "scores": [3.239407533328631e-07, 7.47463148918485e-26, 5.252365586189654e-14, 1.1077186910790626e-11, 7.263523116307624e-10, 8.474790159801481e-16, 0.46823129057884216, 9.918531439606702e-19, 0.5317680239677429, 4.475373462512926e-20], "malicious score": 0.5317680239677429, "camera": {"2": {"prediction": 3, "scores": [1.0356303750705744e-17, 8.288185589632027e-28, 0.00123280705884099, 0.9987533688545227, 4.347796078718602e-08, 1.4530422049574554e-05, 9.085843514188008e-13, 6.062732618562486e-18, 1.1548614913734326e-18, 1.6528579720176406e-12], "malicious score": 1.1548614913734326e-18}, "4": {"prediction": 2, "scores": [2.1497276407153272e-18, 3.0175434257472754e-29, 0.9982410669326782, 0.0017556545790284872, 2.8353026523819658e-11, 2.4188980205508415e-06, 1.0510745052094705e-10, 7.128930194466021e-22, 7.208758677158161e-21, 2.163300788504685e-11], "malicious score": 7.208758677158161e-21}}}, "ResNet50": {"clean acc": 94.11000175476075, "prediction": 8, "poisons predictions": [8, 8, 8, 8, 8], "scores": [5.605193857299268e-45, 4.252609908580485e-37, 4.633766110973222e-32, 5.877675952867881e-20, 1.3421525304890766e-35, 5.107745655401022e-34, 0.438209593296051, 2.726926811576094e-42, 0.5617886185646057, 1.480786779623692e-24], "malicious score": 0.5617886185646057, "camera": {"2": {"prediction": 3, "scores": [1.068209819354808e-41, 1.0686200031178422e-30, 4.993458975257335e-20, 1.0, 1.281378575222188e-22, 1.8331892265039534e-13, 1.240467286267122e-23, 2.862838749630958e-40, 2.509548655068597e-34, 3.430628839221967e-20], "malicious score": 2.509548655068597e-34}, "4": {"prediction": 3, "scores": [1.1746790753757433e-39, 4.5633778548413226e-29, 1.6089456571335913e-21, 1.0, 4.354762231547175e-18, 3.982284066308267e-14, 2.8532439245110647e-18, 7.205533046529209e-31, 2.744831971316958e-30, 2.2973747064855817e-17], "malicious score": 2.744831971316958e-30}}}, "ResNeXt29_2x64d": {"clean acc": 93.08000183105469, "prediction": 6, "poisons predictions": [8, 8, 8, 8, 8], "scores": [5.674839674832193e-22, 8.868938545309447e-17, 1.773380153865362e-15, 1.4246618329494254e-09, 4.1890757088312605e-37, 7.012458321243686e-24, 0.9999961853027344, 5.693639050618951e-22, 4.027283011964755e-06, 3.537128731345785e-26], "malicious score": 4.027283011964755e-06, "camera": {"2": {"prediction": 3, "scores": [6.9251258962015895e-18, 6.773648825988844e-23, 2.0825791580136865e-06, 0.9945854544639587, 0.0029452366288751364, 0.0023873690515756607, 8.002021058928221e-05, 5.940241212061461e-15, 3.178298457751083e-10, 8.92771880728338e-12], "malicious score": 3.178298457751083e-10}, "4": {"prediction": 3, "scores": [4.881101287820153e-19, 1.1236138725793671e-23, 5.359971510188188e-06, 0.9916144013404846, 0.001420242479071021, 0.006004140712320805, 0.0009556449949741364, 6.361796063261889e-16, 6.2612768303438315e-09, 3.2996844839816575e-11], "malicious score": 6.2612768303438315e-09}}}, "GoogLeNet": {"clean acc": 92.17000274658203, "prediction": 6, "poisons predictions": [8, 8, 8, 8, 8], "scores": [7.710885661265428e-15, 5.073162723245872e-11, 6.473540020007773e-12, 8.45461087806143e-08, 2.2029020385616604e-08, 2.2247578002065893e-08, 0.9999818801879883, 9.973496473136834e-10, 1.8065338736050762e-05, 1.6469674745094726e-15], "malicious score": 1.8065338736050762e-05, "camera": {"2": {"prediction": 5, "scores": [5.329347640276039e-12, 3.016352723150817e-10, 5.695197978639044e-05, 0.02254924550652504, 2.2287258616415784e-05, 0.975824773311615, 0.00033934428938664496, 1.2324182473155698e-12, 0.0012052567908540368, 1.97067470253387e-06], "malicious score": 0.0012052567908540368}, "4": {"prediction": 5, "scores": [4.860621453939284e-13, 2.7818263317880287e-11, 0.00037746981251984835, 0.028547553345561028, 0.0002640449092723429, 0.9584137797355652, 0.010174093768000603, 2.8654583046627824e-12, 0.0022231070324778557, 1.0428647101434763e-07], "malicious score": 0.0022231070324778557}}}, "MobileNetV2": {"clean acc": 86.65000190734864, "prediction": 6,