{"args": "Namespace(device='cuda', dset_path='datasets', end2end=False, eval_poisons_root='attack-results-eps0.03/100-overlap/linear-transfer-learning/mean/800', gpu='0', lr_decay_epoch=[30, 45], model_resume_path='model-chks', num_per_class=50, poison_label=8, retrain_bsize=64, retrain_epochs=60, retrain_lr=0.1, retrain_momentum=0.9, retrain_opt='adam', retrain_wd=0, subset_group=0, target_camera=True, target_index_end=5, target_index_start=4, target_index_step=1, target_label=6, target_net=['DPN92', 'SENet18', 'ResNet50', 'ResNeXt29_2x64d', 'GoogLeNet', 'MobileNetV2', 'ResNet18', 'DenseNet121'], target_print_size=[2, 4], test_chk_name='ckpt-%s-4800.t7', train_data_path='datasets/CIFAR10_TRAIN_Split.pth')", "poison_label": 8, "target_label": 6, "targets": {"4": {}, "4": {"800": {"time": 360.0, "coeffs_time": 0, "poisons_time": 4, "target_loss": 0.012796345166862011, "total_loss": 0.1003396138548851, "coeff_list": [[0.20000000298023224, 0.20000000298023224, 0.20000000298023224, 0.20000000298023224, 0.20000000298023224], [0.20000000298023224, 0.20000000298023224, 0.20000000298023224, 0.20000000298023224, 0.20000000298023224], [0.20000000298023224, 0.20000000298023224, 0.20000000298023224, 0.20000000298023224, 0.20000000298023224], [0.20000000298023224, 0.20000000298023224, 0.20000000298023224, 0.20000000298023224, 0.20000000298023224], [0.20000000298023224, 0.20000000298023224, 0.20000000298023224, 0.20000000298023224, 0.20000000298023224], [0.20000000298023224, 0.20000000298023224, 0.20000000298023224, 0.20000000298023224, 0.20000000298023224], [0.20000000298023224, 0.20000000298023224, 0.20000000298023224, 0.20000000298023224, 0.20000000298023224], [0.20000000298023224, 0.20000000298023224, 0.20000000298023224, 0.20000000298023224, 0.20000000298023224], [0.20000000298023224, 0.20000000298023224, 0.20000000298023224, 0.20000000298023224, 0.20000000298023224], [0.20000000298023224, 0.20000000298023224, 0.20000000298023224, 0.20000000298023224, 0.20000000298023224], [0.20000000298023224, 0.20000000298023224, 0.20000000298023224, 0.20000000298023224, 0.20000000298023224], [0.20000000298023224, 0.20000000298023224, 0.20000000298023224, 0.20000000298023224, 0.20000000298023224], [0.20000000298023224, 0.20000000298023224, 0.20000000298023224, 0.20000000298023224, 0.20000000298023224], [0.20000000298023224, 0.20000000298023224, 0.20000000298023224, 0.20000000298023224, 0.20000000298023224], [0.20000000298023224, 0.20000000298023224, 0.20000000298023224, 0.20000000298023224, 0.20000000298023224], [0.20000000298023224, 0.20000000298023224, 0.20000000298023224, 0.20000000298023224, 0.20000000298023224], [0.20000000298023224, 0.20000000298023224, 0.20000000298023224, 0.20000000298023224, 0.20000000298023224], [0.20000000298023224, 0.20000000298023224, 0.20000000298023224, 0.20000000298023224, 0.20000000298023224]], "coeff_list_in_victim": [[0.264481782913208, 0.031819142401218414, 0.0, 0.4176676571369171, 0.2860313951969147]], "victims": {"DPN92": {"clean acc": 92.01000137329102, "prediction": 8, "poisons predictions": [8, 8, 8, 6, 8], "scores": [2.293295761623959e-12, 1.6293340638407287e-21, 0.0, 2.3213616207606394e-18, 4.424795365167514e-31, 7.481036303136375e-22, 4.706155596068129e-05, 0.0, 0.9999542236328125, 0.0], "malicious score": 0.9999542236328125, "camera": {"2": {"prediction": 6, "scores": [2.78980922177269e-17, 1.212542622568114e-28, 1.797041006622529e-34, 8.587430761061374e-14, 8.587922039107522e-29, 2.318177388330872e-13, 1.0, 6.014599010298441e-37, 5.684281407928368e-16, 0.0], "malicious score": 5.684281407928368e-16}, "4": {"prediction": 6, "scores": [1.1388666919243118e-11, 1.2874253392111136e-21, 6.710706241774403e-40, 1.4911700346731394e-11, 2.166455483281869e-26, 5.6746677533836207e-14, 0.999755859375, 5.5351289340830274e-43, 0.00024256804317701608, 0.0], "malicious score": 0.00024256804317701608}}}, "SENet18": {"clean acc": 91.64000129699707, "prediction": 6, "poisons predictions": [8, 8, 8, 6, 6], "scores": [9.51356438072537e-10, 1.229405854259757e-16, 1.3709522883251224e-12, 1.7176370048499479e-10, 3.754434828806552e-06, 2.4491966140187567e-14, 0.9899514317512512, 2.8537272676496753e-15, 0.01004424225538969, 5.78881175871555e-17], "malicious score": 0.01004424225538969, "camera": {"2": {"prediction": 6, "scores": [1.5487582327722293e-09, 5.169881251837124e-21, 8.212361346515706e-11, 8.822585023660068e-11, 1.7428583021228405e-08, 2.465428848488077e-13, 0.9999561309814453, 3.68995212743657e-17, 4.410559267853387e-05, 1.555549206980676e-17], "malicious score": 4.410559267853387e-05}, "4": {"prediction": 6, "scores": [8.702655818204619e-10, 2.919252102538145e-22, 2.5602295890964077e-13, 6.920604714300005e-12, 3.192267561402673e-09, 1.5748007756231745e-14, 0.9997273087501526, 6.441419832097171e-19, 0.00027327280258759856, 3.6073611211233554e-18], "malicious score": 0.00027327280258759856}}}, "ResNet50": {"clean acc": 93.32000198364258, "prediction": 8, "poisons predictions": [8, 8, 8, 6, 8], "scores": [3.179577037123943e-33, 3.4857427816566144e-13, 1.1636099093349776e-23, 3.303391151799444e-31, 5.217572299228215e-35, 2.960179245003419e-32, 0.0003704913251567632, 1.8401652628729243e-23, 0.9996290802955627, 4.3163619922216567e-13], "malicious score": 0.9996290802955627, "camera": {"2": {"prediction": 6, "scores": [1.1406597525573297e-39, 2.0269827181972564e-27, 3.1951321596588026e-23, 8.882830965355015e-42, 8.688050478813866e-44, 1.9169974803647724e-31, 1.0, 1.0828367778622239e-26, 1.4683608875239867e-13, 9.574201192201452e-21], "malicious score": 1.4683608875239867e-13}, "4": {"prediction": 6, "scores": [2.491670099152615e-36, 2.6006382195586528e-23, 6.877297260325833e-24, 2.787528445645661e-35, 1.143849892589273e-37, 1.3773045434026025e-32, 1.0, 2.5129297024981494e-27, 5.431452176907214e-09, 1.5502532658268664e-17], "malicious score": 5.431452176907214e-09}}}, "ResNeXt29_2x64d": {"clean acc": 93.0700023651123, "prediction": 8, "poisons predictions": [8, 8, 8, 8, 8], "scores": [5.641187878357424e-23, 2.7712055740425345e-13, 1.2378642490380731e-13, 2.5915321444358597e-08, 1.1911036946760945e-43, 2.849063796436009e-28, 0.004503232426941395, 1.1999992349044168e-20, 0.9954974055290222, 1.4174992302109785e-26], "malicious score": 0.9954974055290222, "camera": {"2": {"prediction": 6, "scores": [4.8756436567672786e-21, 3.1970357656343094e-37, 9.752542382557294e-07, 2.5162269051129046e-14, 2.3605600409921975e-36, 5.125044269180257e-13, 1.0, 2.4772624154513175e-15, 8.329897644050732e-13, 2.119841398388633e-18], "malicious score": 8.329897644050732e-13}, "4": {"prediction": 6, "scores": [6.032124702676977e-24, 5.173593063277242e-20, 1.1993450937247685e-12, 2.8632678450435378e-08, 4.203895392974451e-44, 4.429421639518867e-24, 1.0, 1.0456562183312582e-20, 7.321222028622287e-07, 8.565127382287111e-27], "malicious score": 7.321222028622287e-07}}}, "GoogLeNet": {"clean acc": 92.05000190734863, "prediction": 8, "poisons predictions": [8, 8, 8, 6, 8], "scores": [3.4546807636814947e-09, 8.238641748903319e-05, 3.1647665044154394e-10, 0.00024845422012731433, 7.901363829887487e-08, 4.129677222408645e-08, 0.02158181741833687, 2.601757159936824e-06, 0.9780846238136292, 1.2229477153180568e-10], "malicious score": 0.9780846238136292, "camera": {"2": {"prediction": 6, "scores": [6.038882283121438e-09, 4.2346735540377267e-07, 4.31315498872209e-08, 0.00021958463185001165, 2.0303735936977318e-07, 3.4104919905075803e-05, 0.9991101622581482, 2.3719096020613506e-07, 0.0006350763142108917, 1.0088159640986305e-08], "malicious score": 0.0006350763142108917}, "4": {"prediction": 6, "scores": [1.723572218281788e-08, 1.4943948372092564e-05, 8.279058505422654e-08, 0.000940146972425282, 7.963274839539736e-08, 3.320177347632125e-05, 0.9925870299339294, 1.1678138633897106e-07, 0.006424300838261843, 6.900287563560425e-10], "malicious score": 0.006424300838261843}}}, "MobileNetV2": {"clean acc": 86.92000160217285, "prediction": 6, "poisons predictions": [8, 8, 6, 8, 6],