{"args": "Namespace(device='cuda', dset_path='datasets', end2end=False, eval_poisons_root='attack-results-eps0.01/100-overlap/linear-transfer-learning/mean/800', gpu='1', lr_decay_epoch=[30, 45], model_resume_path='model-chks', num_per_class=50, poison_label=8, retrain_bsize=64, retrain_epochs=60, retrain_lr=0.1, retrain_momentum=0.9, retrain_opt='adam', retrain_wd=0, subset_group=0, target_camera=True, target_index_end=5, target_index_start=4, target_index_step=1, target_label=6, target_net=['DPN92', 'SENet18', 'ResNet50', 'ResNeXt29_2x64d', 'GoogLeNet', 'MobileNetV2', 'ResNet18', 'DenseNet121'], target_print_size=[2, 4], test_chk_name='ckpt-%s-4800.t7', train_data_path='datasets/CIFAR10_TRAIN_Split.pth')", "poison_label": 8, "target_label": 6, "targets": {"4": {}, "4": {"800": {"time": 699.0, "coeffs_time": 0, "poisons_time": 143, "target_loss": 0.03572629392147064, "total_loss": 0.4636562764644623, "coeff_list": [[0.20000000298023224, 0.20000000298023224, 0.20000000298023224, 0.20000000298023224, 0.20000000298023224], [0.20000000298023224, 0.20000000298023224, 0.20000000298023224, 0.20000000298023224, 0.20000000298023224], [0.20000000298023224, 0.20000000298023224, 0.20000000298023224, 0.20000000298023224, 0.20000000298023224], [0.20000000298023224, 0.20000000298023224, 0.20000000298023224, 0.20000000298023224, 0.20000000298023224], [0.20000000298023224, 0.20000000298023224, 0.20000000298023224, 0.20000000298023224, 0.20000000298023224], [0.20000000298023224, 0.20000000298023224, 0.20000000298023224, 0.20000000298023224, 0.20000000298023224], [0.20000000298023224, 0.20000000298023224, 0.20000000298023224, 0.20000000298023224, 0.20000000298023224], [0.20000000298023224, 0.20000000298023224, 0.20000000298023224, 0.20000000298023224, 0.20000000298023224], [0.20000000298023224, 0.20000000298023224, 0.20000000298023224, 0.20000000298023224, 0.20000000298023224], [0.20000000298023224, 0.20000000298023224, 0.20000000298023224, 0.20000000298023224, 0.20000000298023224], [0.20000000298023224, 0.20000000298023224, 0.20000000298023224, 0.20000000298023224, 0.20000000298023224], [0.20000000298023224, 0.20000000298023224, 0.20000000298023224, 0.20000000298023224, 0.20000000298023224], [0.20000000298023224, 0.20000000298023224, 0.20000000298023224, 0.20000000298023224, 0.20000000298023224], [0.20000000298023224, 0.20000000298023224, 0.20000000298023224, 0.20000000298023224, 0.20000000298023224], [0.20000000298023224, 0.20000000298023224, 0.20000000298023224, 0.20000000298023224, 0.20000000298023224], [0.20000000298023224, 0.20000000298023224, 0.20000000298023224, 0.20000000298023224, 0.20000000298023224], [0.20000000298023224, 0.20000000298023224, 0.20000000298023224, 0.20000000298023224, 0.20000000298023224], [0.20000000298023224, 0.20000000298023224, 0.20000000298023224, 0.20000000298023224, 0.20000000298023224]], "coeff_list_in_victim": [[0.006134022027254105, 0.0, 0.1006617620587349, 0.8932042121887207, 0.0]], "victims": {"DPN92": {"clean acc": 92.05000114440918, "prediction": 6, "poisons predictions": [8, 8, 8, 8, 8], "scores": [2.4248937360551622e-23, 2.0778564646661835e-07, 3.867583761536495e-43, 4.1589153597552616e-16, 1.0047220306107222e-38, 1.0899011318665037e-21, 0.9979993104934692, 6.656167705542881e-43, 0.002001978689804673, 0.0], "malicious score": 0.002001978689804673, "camera": {"2": {"prediction": 6, "scores": [3.399482980443616e-26, 6.803874063126824e-22, 8.827893808255856e-32, 3.5675316731797677e-14, 1.8573580560316504e-39, 2.5268642413260557e-15, 1.0, 5.031447110897132e-37, 4.6661026743544776e-17, 0.0], "malicious score": 4.6661026743544776e-17}, "4": {"prediction": 6, "scores": [8.417112332119724e-25, 5.2853129858809744e-12, 1.505311944787023e-38, 7.003838915081717e-12, 3.2460937675199184e-37, 1.2242251889961128e-16, 1.0, 1.4951854614345798e-42, 1.0653431914420253e-08, 0.0], "malicious score": 1.0653431914420253e-08}}}, "SENet18": {"clean acc": 91.62000198364258, "prediction": 6, "poisons predictions": [8, 8, 8, 8, 8], "scores": [3.527601161136119e-19, 1.418605274347345e-15, 6.449294302015462e-17, 7.81987322118205e-13, 3.4951252558812484e-08, 3.634314715356612e-15, 1.0, 2.8803429817637613e-18, 1.4957613814203796e-08, 5.396344733607885e-16], "malicious score": 1.4957613814203796e-08, "camera": {"2": {"prediction": 6, "scores": [1.7133689295843498e-19, 1.596529021826381e-20, 6.122492315003604e-16, 6.215581299434322e-14, 1.2676412870782361e-11, 4.272136877386205e-15, 1.0, 9.546588182754134e-22, 2.827760914314581e-09, 1.7009452247909592e-17], "malicious score": 2.827760914314581e-09}, "4": {"prediction": 6, "scores": [1.16750210360295e-20, 2.6909740328966362e-21, 8.220649657534818e-19, 4.244942461098132e-15, 2.2377332192097255e-12, 5.99951636595208e-16, 1.0, 3.2777224254474596e-23, 9.979761905754003e-09, 2.346952934551805e-17], "malicious score": 9.979761905754003e-09}}}, "ResNet50": {"clean acc": 93.19000205993652, "prediction": 6, "poisons predictions": [8, 8, 8, 8, 8], "scores": [5.993103870563543e-26, 1.609584813442247e-35, 3.435843921496065e-26, 9.724254641243495e-40, 1.3660414362299978e-36, 1.0255823200700471e-40, 1.0, 5.470279080648502e-22, 2.7087889264976184e-08, 7.064203397578839e-37], "malicious score": 2.7087889264976184e-08, "camera": {"2": {"prediction": 6, "scores": [1.1101331863422263e-24, 4.395237093084148e-39, 1.276153460353148e-23, 2.942726775082116e-44, 5.9568877851110067e-33, 1.5443280377854458e-31, 0.9999561309814453, 2.0186678457888638e-16, 4.4524658733280376e-05, 1.0984049721178811e-33], "malicious score": 4.4524658733280376e-05}, "4": {"prediction": 6, "scores": [5.802663699875955e-28, 2.013665893234762e-42, 3.8936756797270074e-27, 1.7292023049768243e-42, 9.061585081619375e-38, 3.6105716101946804e-39, 1.0, 1.8320306906882517e-26, 8.783219377500595e-13, 1.0513903141472101e-38], "malicious score": 8.783219377500595e-13}}}, "ResNeXt29_2x64d": {"clean acc": 93.13000106811523, "prediction": 6, "poisons predictions": [8, 8, 8, 8, 8], "scores": [1.3224291549250107e-19, 1.4385062030441986e-08, 9.493860142484323e-10, 0.00012100691674277186, 3.0044303992323378e-34, 3.3410745825683107e-20, 0.8809740543365479, 4.693078159095465e-16, 0.11890529841184616, 2.3272011636872686e-21], "malicious score": 0.11890529841184616, "camera": {"2": {"prediction": 6, "scores": [8.899367376758945e-18, 2.838426307574175e-25, 0.003648632438853383, 9.081785878883863e-10, 2.849573144720989e-29, 1.6621504528302466e-07, 0.9963512420654297, 1.3397595532982365e-11, 1.616336078313907e-07, 2.270238086961269e-16], "malicious score": 1.616336078313907e-07}, "4": {"prediction": 6, "scores": [8.569780977537599e-24, 8.89679679720015e-16, 1.2296247353660306e-11, 2.464077795139019e-07, 1.020322742465989e-37, 1.6009514654232135e-19, 1.0, 4.223195846398166e-18, 5.082368748077215e-09, 5.456744645373584e-25], "malicious score": 5.082368748077215e-09}}}, "GoogLeNet": {"clean acc": 91.77000160217285, "prediction": 8, "poisons predictions": [8, 8, 8, 8, 8], "scores": [5.894233989778286e-09, 0.00019372068345546722, 1.0958376567282713e-10, 3.3138632716145366e-05, 1.2073009258983802e-07, 3.1409603806764608e-09, 0.000483242649352178, 9.425115194972022e-07, 0.99928879737854, 3.7536806996030236e-11], "malicious score": 0.99928879737854, "camera": {"2": {"prediction": 6, "scores": [2.811015198389555e-09, 6.08656534950569e-07, 9.322088878604973e-09, 2.8483147616498172e-05, 9.144788037929175e-08, 5.9705857893277425e-06, 0.9975401759147644, 2.3053181053001026e-07, 0.0024246051907539368, 7.863409368091823e-10], "malicious score": 0.0024246051907539368}, "4": {"prediction": 6, "scores": [2.514227936956104e-09, 1.0788509825943038e-05, 9.408150702938656e-09, 9.725497511681169e-05, 4.174716039528903e-08, 3.5619539175968384e-06, 0.9948050379753113, 7.88582639188462e-08, 0.005083414260298014, 2.0658193905509492e-11], "malicious score": 0.005083414260298014}}}, "MobileNetV2": {"clean acc": 87.53000221252441, "prediction": 6, "poisons predictions": [8, 8, 8, 6, 8],