{"args": "Namespace(device='cuda', dset_path='datasets', end2end=False, eval_poisons_root='attack-results-7poisons/100-overlap/linear-transfer-learning/mean/800', gpu='2', lr_decay_epoch=[30, 45], model_resume_path='model-chks', num_per_class=50, poison_label=8, retrain_bsize=64, retrain_epochs=60, retrain_lr=0.1, retrain_momentum=0.9, retrain_opt='adam', retrain_wd=0, subset_group=0, target_camera=True, target_index_end=10, target_index_start=9, target_index_step=1, target_label=6, target_net=['DPN92', 'SENet18', 'ResNet50', 'ResNeXt29_2x64d', 'GoogLeNet', 'MobileNetV2', 'ResNet18', 'DenseNet121'], target_print_size=[2, 4], test_chk_name='ckpt-%s-4800.t7', train_data_path='datasets/CIFAR10_TRAIN_Split.pth')", "poison_label": 8, "target_label": 6, "targets": {"9": {}, "9": {"800": {"time": 361.0, "coeffs_time": 0, "poisons_time": 4, "target_loss": 0.03405062109231949, "total_loss": 0.07801934331655502, "coeff_list": [[0.1428571492433548, 0.1428571492433548, 0.1428571492433548, 0.1428571492433548, 0.1428571492433548, 0.1428571492433548, 0.1428571492433548], [0.1428571492433548, 0.1428571492433548, 0.1428571492433548, 0.1428571492433548, 0.1428571492433548, 0.1428571492433548, 0.1428571492433548], [0.1428571492433548, 0.1428571492433548, 0.1428571492433548, 0.1428571492433548, 0.1428571492433548, 0.1428571492433548, 0.1428571492433548], [0.1428571492433548, 0.1428571492433548, 0.1428571492433548, 0.1428571492433548, 0.1428571492433548, 0.1428571492433548, 0.1428571492433548], [0.1428571492433548, 0.1428571492433548, 0.1428571492433548, 0.1428571492433548, 0.1428571492433548, 0.1428571492433548, 0.1428571492433548], [0.1428571492433548, 0.1428571492433548, 0.1428571492433548, 0.1428571492433548, 0.1428571492433548, 0.1428571492433548, 0.1428571492433548], [0.1428571492433548, 0.1428571492433548, 0.1428571492433548, 0.1428571492433548, 0.1428571492433548, 0.1428571492433548, 0.1428571492433548], [0.1428571492433548, 0.1428571492433548, 0.1428571492433548, 0.1428571492433548, 0.1428571492433548, 0.1428571492433548, 0.1428571492433548], [0.1428571492433548, 0.1428571492433548, 0.1428571492433548, 0.1428571492433548, 0.1428571492433548, 0.1428571492433548, 0.1428571492433548], [0.1428571492433548, 0.1428571492433548, 0.1428571492433548, 0.1428571492433548, 0.1428571492433548, 0.1428571492433548, 0.1428571492433548], [0.1428571492433548, 0.1428571492433548, 0.1428571492433548, 0.1428571492433548, 0.1428571492433548, 0.1428571492433548, 0.1428571492433548], [0.1428571492433548, 0.1428571492433548, 0.1428571492433548, 0.1428571492433548, 0.1428571492433548, 0.1428571492433548, 0.1428571492433548], [0.1428571492433548, 0.1428571492433548, 0.1428571492433548, 0.1428571492433548, 0.1428571492433548, 0.1428571492433548, 0.1428571492433548], [0.1428571492433548, 0.1428571492433548, 0.1428571492433548, 0.1428571492433548, 0.1428571492433548, 0.1428571492433548, 0.1428571492433548], [0.1428571492433548, 0.1428571492433548, 0.1428571492433548, 0.1428571492433548, 0.1428571492433548, 0.1428571492433548, 0.1428571492433548], [0.1428571492433548, 0.1428571492433548, 0.1428571492433548, 0.1428571492433548, 0.1428571492433548, 0.1428571492433548, 0.1428571492433548], [0.1428571492433548, 0.1428571492433548, 0.1428571492433548, 0.1428571492433548, 0.1428571492433548, 0.1428571492433548, 0.1428571492433548], [0.1428571492433548, 0.1428571492433548, 0.1428571492433548, 0.1428571492433548, 0.1428571492433548, 0.1428571492433548, 0.1428571492433548]], "coeff_list_in_victim": [[0.4534742832183838, 0.0, 0.030232073739171028, 0.0, 0.3574146032333374, 0.0, 0.1588791012763977]], "victims": {"DPN92": {"clean acc": 91.88000183105468, "prediction": 8, "poisons predictions": [8, 8, 8, 8, 8, 6, 8], "scores": [7.326817622956834e-18, 2.865716846066226e-22, 3.122094996385481e-37, 5.025147304022794e-14, 8.740838793263446e-39, 2.334949923478201e-18, 0.03302759677171707, 0.0, 0.9669731259346008, 0.0], "malicious score": 0.9669731259346008, "camera": {"2": {"prediction": 3, "scores": [2.0311908656347597e-22, 2.364753499442428e-19, 9.267877696227523e-16, 0.9829466342926025, 1.076141876442604e-17, 0.0002591905649751425, 0.00011984970478806645, 1.8322268815793757e-33, 0.016674034297466278, 7.135494073556104e-35], "malicious score": 0.016674034297466278}, "4": {"prediction": 6, "scores": [2.209636251105546e-22, 2.834117231916603e-27, 1.2590319759345768e-22, 0.1239611953496933, 2.666300123797103e-19, 0.0007141972309909761, 0.8753253221511841, 2.6624670822171524e-44, 5.237751963919901e-13, 1.715849331910273e-39], "malicious score": 5.237751963919901e-13}}}, "SENet18": {"clean acc": 91.54000091552734, "prediction": 8, "poisons predictions": [8, 8, 8, 8, 6, 6, 6], "scores": [9.239789505954832e-06, 0.12111204862594604, 4.974484681952163e-07, 6.170560482132714e-06, 0.010655044578015804, 3.90948167935945e-12, 0.1758325695991516, 1.6652651538606733e-05, 0.6923673748970032, 7.770400295425972e-11], "malicious score": 0.6923673748970032, "camera": {"2": {"prediction": 8, "scores": [3.098990930539003e-08, 1.0475201861481764e-06, 4.1632163629401475e-05, 0.0045419116504490376, 0.00022107840050011873, 4.948960352635368e-09, 5.602476448984817e-05, 9.33371211431222e-08, 0.9951385855674744, 1.1057171178663339e-08], "malicious score": 0.9951385855674744}, "4": {"prediction": 3, "scores": [1.0257476812380872e-10, 1.5268283599240151e-12, 0.0002032056072494015, 0.9882704615592957, 0.00011088197061326355, 6.863904111753527e-09, 2.384517756581772e-07, 2.1864810309524252e-11, 0.01141517423093319, 3.2682612172152403e-10], "malicious score": 0.01141517423093319}}}, "ResNet50": {"clean acc": 92.84000129699707, "prediction": 8, "poisons predictions": [8, 8, 8, 8, 6, 8, 8], "scores": [2.802596928649634e-45, 0.0, 1.1438186996854572e-38, 2.440709892333864e-21, 9.46691413764552e-37, 8.741227621974003e-34, 3.05376352116582e-06, 0.0, 0.9999961853027344, 0.0], "malicious score": 0.9999961853027344, "camera": {"2": {"prediction": 3, "scores": [5.577250564622167e-39, 0.0, 8.518006809895756e-28, 0.9973989129066467, 6.925642274457177e-29, 6.476448821679526e-10, 0.002132561057806015, 1.961817850054744e-44, 0.0004689701891038567, 6.4384619761253775e-37], "malicious score": 0.0004689701891038567}, "4": {"prediction": 3, "scores": [2.967739952670314e-40, 0.0, 9.043943518680665e-37, 1.0, 1.714675759019905e-35, 2.2793525214911623e-21, 8.519107728283126e-14, 0.0, 7.409793162491989e-25, 0.0], "malicious score": 7.409793162491989e-25}}}, "ResNeXt29_2x64d": {"clean acc": 93.21000137329102, "prediction": 6, "poisons predictions": [8, 8, 8, 8, 8, 6, 8], "scores": [2.6194473456661994e-22, 1.0558052912848503e-12, 3.3504273032163023e-14, 5.8610421405091984e-08, 5.757915515073485e-31, 5.576689872625182e-19, 0.9906880855560303, 1.1080501772863204e-19, 0.0093113137409091, 3.6583074225382504e-23], "malicious score": 0.0093113137409091, "camera": {"2": {"prediction": 8, "scores": [2.976119950144592e-18, 1.3492101369983737e-21, 0.07941889017820358, 2.511899666046702e-08, 9.69488465202284e-12, 0.015528167597949505, 0.022933775559067726, 5.429672303708789e-16, 0.8821191191673279, 1.0443874742804837e-07], "malicious score": 0.8821191191673279}, "4": {"prediction": 6, "scores": [5.86008759599353e-17, 9.62140919755342e-18, 0.0005073040374554694, 0.010385881178081036, 4.735124792265566e-11, 0.00036662642378360033, 0.9883242249488831, 1.1816852422387562e-17, 0.0004163474659435451, 1.1459717723372176e-12], "malicious score": 0.0004163474659435451}}}, "GoogLeNet": {"clean acc": 92.18000183105468, "prediction": 6, "poisons predictions": [8, 8, 8, 8, 8, 6, 8], "scores": [7.561584198701302e-19, 8.374831383939352e-11, 4.507420658939054e-09, 6.860678354314587e-07, 7.851175959361356e-11, 2.507483941371902e-06, 0.7688089609146118, 3.389693858935061e-07, 0.23118706047534943, 5.286853311907425e-13], "malicious score": 0.23118706047534943, "camera": {"2": {"prediction": 3,