{"args": "Namespace(device='cuda', dset_path='datasets', end2end=False, eval_poisons_root='attack-results-10poisons/100-overlap/linear-transfer-learning/mean/800', gpu='1', lr_decay_epoch=[30, 45], model_resume_path='model-chks', num_per_class=50, poison_label=8, retrain_bsize=64, retrain_epochs=60, retrain_lr=0.1, retrain_momentum=0.9, retrain_opt='adam', retrain_wd=0, subset_group=0, target_camera=True, target_index_end=33, target_index_start=32, target_index_step=1, target_label=6, target_net=['DPN92', 'SENet18', 'ResNet50', 'ResNeXt29_2x64d', 'GoogLeNet', 'MobileNetV2', 'ResNet18', 'DenseNet121'], target_print_size=[2, 4], test_chk_name='ckpt-%s-4800.t7', train_data_path='datasets/CIFAR10_TRAIN_Split.pth')", "poison_label": 8, "target_label": 6, "targets": {"32": {}, "32": {"800": {"time": 426.0, "coeffs_time": 0, "poisons_time": 4, "target_loss": 0.004458380397409201, "total_loss": 0.06530836969614029, "coeff_list": [[0.10000000149011612, 0.10000000149011612, 0.10000000149011612, 0.10000000149011612, 0.10000000149011612, 0.10000000149011612, 0.10000000149011612, 0.10000000149011612, 0.10000000149011612, 0.10000000149011612], [0.10000000149011612, 0.10000000149011612, 0.10000000149011612, 0.10000000149011612, 0.10000000149011612, 0.10000000149011612, 0.10000000149011612, 0.10000000149011612, 0.10000000149011612, 0.10000000149011612], [0.10000000149011612, 0.10000000149011612, 0.10000000149011612, 0.10000000149011612, 0.10000000149011612, 0.10000000149011612, 0.10000000149011612, 0.10000000149011612, 0.10000000149011612, 0.10000000149011612], [0.10000000149011612, 0.10000000149011612, 0.10000000149011612, 0.10000000149011612, 0.10000000149011612, 0.10000000149011612, 0.10000000149011612, 0.10000000149011612, 0.10000000149011612, 0.10000000149011612], [0.10000000149011612, 0.10000000149011612, 0.10000000149011612, 0.10000000149011612, 0.10000000149011612, 0.10000000149011612, 0.10000000149011612, 0.10000000149011612, 0.10000000149011612, 0.10000000149011612], [0.10000000149011612, 0.10000000149011612, 0.10000000149011612, 0.10000000149011612, 0.10000000149011612, 0.10000000149011612, 0.10000000149011612, 0.10000000149011612, 0.10000000149011612, 0.10000000149011612], [0.10000000149011612, 0.10000000149011612, 0.10000000149011612, 0.10000000149011612, 0.10000000149011612, 0.10000000149011612, 0.10000000149011612, 0.10000000149011612, 0.10000000149011612, 0.10000000149011612], [0.10000000149011612, 0.10000000149011612, 0.10000000149011612, 0.10000000149011612, 0.10000000149011612, 0.10000000149011612, 0.10000000149011612, 0.10000000149011612, 0.10000000149011612, 0.10000000149011612], [0.10000000149011612, 0.10000000149011612, 0.10000000149011612, 0.10000000149011612, 0.10000000149011612, 0.10000000149011612, 0.10000000149011612, 0.10000000149011612, 0.10000000149011612, 0.10000000149011612], [0.10000000149011612, 0.10000000149011612, 0.10000000149011612, 0.10000000149011612, 0.10000000149011612, 0.10000000149011612, 0.10000000149011612, 0.10000000149011612, 0.10000000149011612, 0.10000000149011612], [0.10000000149011612, 0.10000000149011612, 0.10000000149011612, 0.10000000149011612, 0.10000000149011612, 0.10000000149011612, 0.10000000149011612, 0.10000000149011612, 0.10000000149011612, 0.10000000149011612], [0.10000000149011612, 0.10000000149011612, 0.10000000149011612, 0.10000000149011612, 0.10000000149011612, 0.10000000149011612, 0.10000000149011612, 0.10000000149011612, 0.10000000149011612, 0.10000000149011612], [0.10000000149011612, 0.10000000149011612, 0.10000000149011612, 0.10000000149011612, 0.10000000149011612, 0.10000000149011612, 0.10000000149011612, 0.10000000149011612, 0.10000000149011612, 0.10000000149011612], [0.10000000149011612, 0.10000000149011612, 0.10000000149011612, 0.10000000149011612, 0.10000000149011612, 0.10000000149011612, 0.10000000149011612, 0.10000000149011612, 0.10000000149011612, 0.10000000149011612], [0.10000000149011612, 0.10000000149011612, 0.10000000149011612, 0.10000000149011612, 0.10000000149011612, 0.10000000149011612, 0.10000000149011612, 0.10000000149011612, 0.10000000149011612, 0.10000000149011612], [0.10000000149011612, 0.10000000149011612, 0.10000000149011612, 0.10000000149011612, 0.10000000149011612, 0.10000000149011612, 0.10000000149011612, 0.10000000149011612, 0.10000000149011612, 0.10000000149011612], [0.10000000149011612, 0.10000000149011612, 0.10000000149011612, 0.10000000149011612, 0.10000000149011612, 0.10000000149011612, 0.10000000149011612, 0.10000000149011612, 0.10000000149011612, 0.10000000149011612], [0.10000000149011612, 0.10000000149011612, 0.10000000149011612, 0.10000000149011612, 0.10000000149011612, 0.10000000149011612, 0.10000000149011612, 0.10000000149011612, 0.10000000149011612, 0.10000000149011612]], "coeff_list_in_victim": [[0.0, 0.00965784303843975, 0.0, 0.0, 0.3189734220504761, 0.0, 0.0, 0.33263278007507324, 0.3387359380722046, 0.0]], "victims": {"DPN92": {"clean acc": 91.74000091552735, "prediction": 8, "poisons predictions": [8, 8, 8, 8, 6, 8, 8, 6, 8, 8], "scores": [2.1060133803839148e-15, 6.747501424746767e-37, 1.5469022372522772e-34, 2.495038897709634e-12, 2.5797784889710293e-24, 5.854440586152863e-15, 0.000379590637749061, 1.2544535956512908e-37, 0.9996185898780823, 0.0], "malicious score": 0.9996185898780823, "camera": {"2": {"prediction": 6, "scores": [1.5623536242515e-08, 6.628093773733587e-34, 5.892572146363002e-40, 1.2872599687574482e-11, 2.6531718765955447e-26, 2.643678502142337e-16, 0.7841129302978516, 1.2837233440022566e-35, 0.2158864140510559, 0.0], "malicious score": 0.2158864140510559}, "4": {"prediction": 8, "scores": [1.6775855704587173e-10, 1.5987535341352257e-35, 9.082656126367734e-39, 1.1153090256899034e-10, 2.2987690768066164e-24, 2.503082478430823e-14, 0.029778704047203064, 8.3186502669975e-37, 0.9702209234237671, 0.0], "malicious score": 0.9702209234237671}}}, "SENet18": {"clean acc": 91.4400016784668, "prediction": 6, "poisons predictions": [8, 8, 8, 8, 8, 8, 6, 8, 8, 8], "scores": [3.028068406353443e-16, 6.18341844198754e-14, 1.3550834413663277e-16, 1.6336069866632053e-13, 2.060317427776681e-08, 3.2147922138340028e-15, 0.9999847412109375, 2.1019066492930174e-20, 1.5948946384014562e-05, 3.927225298251499e-19], "malicious score": 1.5948946384014562e-05, "camera": {"2": {"prediction": 8, "scores": [6.747137137191883e-12, 2.504379963499427e-15, 2.879677180779995e-15, 1.6327901530832634e-10, 1.3184717317926697e-07, 5.2420470308262024e-14, 0.2320854812860489, 1.1343057429587601e-18, 0.7679150104522705, 9.50398056984386e-19], "malicious score": 0.7679150104522705}, "4": {"prediction": 6, "scores": [3.1923551580941836e-15, 3.1551614649242144e-16, 8.397602202123693e-20, 1.3688011770048025e-13, 1.2025223483647096e-08, 5.0966230781340164e-15, 0.9557257294654846, 4.415067999804009e-23, 0.044274356216192245, 8.645318884893743e-20], "malicious score": 0.044274356216192245}}}, "ResNet50": {"clean acc": 92.64000129699707, "prediction": 8, "poisons predictions": [8, 8, 8, 8, 8, 8, 8, 8, 8, 8], "scores": [6.154244250001247e-31, 3.616244291269745e-20, 6.576419519616019e-32, 7.828763788453823e-29, 4.477230176026552e-22, 4.9091162586985363e-32, 2.167941966035869e-05, 3.189162899681311e-32, 0.9999780654907227, 1.0612659076863225e-32], "malicious score": 0.9999780654907227, "camera": {"2": {"prediction": 6, "scores": [1.5318057903397237e-33, 4.134794618529994e-22, 2.5177926342882742e-36, 1.8218348175626657e-26, 2.9395841601219614e-26, 4.296561340305044e-34, 0.9998359680175781, 2.6849481799339786e-26, 0.0001635821972740814, 1.1361846258693402e-34], "malicious score": 0.0001635821972740814}, "4": {"prediction": 6, "scores": [7.250925823533105e-29, 3.794598002268102e-18, 8.503684872605563e-29, 1.7826338352170153e-20, 6.734376864936614e-25, 8.431680671442554e-30, 0.9445669054985046, 2.979054322476629e-23, 0.05543269217014313, 1.0392044795026394e-31], "malicious score": 0.05543269217014313}}}, "ResNeXt29_2x64d": {"clean acc": 92.73000068664551, "prediction": 6,