{"args": "Namespace(device='cuda', dset_path='datasets', end2end=False, eval_poisons_root='attack-results-eps0.05/100-overlap/linear-transfer-learning/mean/800', gpu='3', lr_decay_epoch=[30, 45], model_resume_path='model-chks', num_per_class=50, poison_label=8, retrain_bsize=64, retrain_epochs=60, retrain_lr=0.1, retrain_momentum=0.9, retrain_opt='adam', retrain_wd=0, subset_group=0, target_camera=True, target_index_end=16, target_index_start=15, target_index_step=1, target_label=6, target_net=['DPN92', 'SENet18', 'ResNet50', 'ResNeXt29_2x64d', 'GoogLeNet', 'MobileNetV2', 'ResNet18', 'DenseNet121'], target_print_size=[2, 4], test_chk_name='ckpt-%s-4800.t7', train_data_path='datasets/CIFAR10_TRAIN_Split.pth')", "poison_label": 8, "target_label": 6, "targets": {"15": {}, "15": {"800": {"time": 443.0, "coeffs_time": 0, "poisons_time": 6, "target_loss": 0.038984719663858414, "total_loss": 0.09762074798345566, "coeff_list": [[0.20000000298023224, 0.20000000298023224, 0.20000000298023224, 0.20000000298023224, 0.20000000298023224], [0.20000000298023224, 0.20000000298023224, 0.20000000298023224, 0.20000000298023224, 0.20000000298023224], [0.20000000298023224, 0.20000000298023224, 0.20000000298023224, 0.20000000298023224, 0.20000000298023224], [0.20000000298023224, 0.20000000298023224, 0.20000000298023224, 0.20000000298023224, 0.20000000298023224], [0.20000000298023224, 0.20000000298023224, 0.20000000298023224, 0.20000000298023224, 0.20000000298023224], [0.20000000298023224, 0.20000000298023224, 0.20000000298023224, 0.20000000298023224, 0.20000000298023224], [0.20000000298023224, 0.20000000298023224, 0.20000000298023224, 0.20000000298023224, 0.20000000298023224], [0.20000000298023224, 0.20000000298023224, 0.20000000298023224, 0.20000000298023224, 0.20000000298023224], [0.20000000298023224, 0.20000000298023224, 0.20000000298023224, 0.20000000298023224, 0.20000000298023224], [0.20000000298023224, 0.20000000298023224, 0.20000000298023224, 0.20000000298023224, 0.20000000298023224], [0.20000000298023224, 0.20000000298023224, 0.20000000298023224, 0.20000000298023224, 0.20000000298023224], [0.20000000298023224, 0.20000000298023224, 0.20000000298023224, 0.20000000298023224, 0.20000000298023224], [0.20000000298023224, 0.20000000298023224, 0.20000000298023224, 0.20000000298023224, 0.20000000298023224], [0.20000000298023224, 0.20000000298023224, 0.20000000298023224, 0.20000000298023224, 0.20000000298023224], [0.20000000298023224, 0.20000000298023224, 0.20000000298023224, 0.20000000298023224, 0.20000000298023224], [0.20000000298023224, 0.20000000298023224, 0.20000000298023224, 0.20000000298023224, 0.20000000298023224], [0.20000000298023224, 0.20000000298023224, 0.20000000298023224, 0.20000000298023224, 0.20000000298023224], [0.20000000298023224, 0.20000000298023224, 0.20000000298023224, 0.20000000298023224, 0.20000000298023224]], "coeff_list_in_victim": [[0.0, 0.1309155821800232, 0.06356312334537506, 0.5074679851531982, 0.2980533242225647]], "victims": {"DPN92": {"clean acc": 92.42000122070313, "prediction": 8, "poisons predictions": [8, 8, 8, 8, 8], "scores": [2.9262191674206406e-06, 5.824607831640682e-13, 3.702833355607732e-28, 1.1939324529031126e-10, 1.6195214543979055e-25, 9.876877961334518e-13, 7.881205910109657e-09, 5.249943498879766e-32, 0.9999971389770508, 3.17703508870494e-38], "malicious score": 0.9999971389770508, "camera": {"2": {"prediction": 6, "scores": [7.180551619967446e-08, 3.9886086919188254e-14, 6.043099796916269e-20, 0.036832261830568314, 2.3145444640200984e-14, 0.00018822486163116992, 0.9457381963729858, 1.1652664920252179e-31, 0.017241191118955612, 4.4199089816287624e-36], "malicious score": 0.017241191118955612}, "4": {"prediction": 6, "scores": [1.7221141490608716e-07, 6.260302352060392e-15, 2.0071898041478466e-22, 0.00015958280710037798, 3.3374221019500974e-18, 5.680603408109164e-06, 0.9325546026229858, 1.6224173030049212e-30, 0.06728003919124603, 8.95451130544093e-38], "malicious score": 0.06728003919124603}}}, "SENet18": {"clean acc": 91.05000267028808, "prediction": 6, "poisons predictions": [8, 8, 8, 8, 6], "scores": [5.8051712742424044e-11, 4.265761702204607e-11, 1.2225031974841244e-16, 5.293098858522027e-13, 2.1640540470713177e-09, 5.181173144599288e-14, 0.9998607635498047, 1.361908632743769e-12, 0.00013944809325039387, 2.058731288144491e-26], "malicious score": 0.00013944809325039387, "camera": {"2": {"prediction": 6, "scores": [2.4285780497734777e-08, 5.0049357426485905e-14, 4.6313815005305514e-09, 3.586665479815565e-05, 3.9436847146134824e-05, 1.548199207723755e-10, 0.6678101420402527, 1.152877598074864e-12, 0.3321150243282318, 6.90366099177832e-24], "malicious score": 0.3321150243282318}, "4": {"prediction": 3, "scores": [1.0622452570330232e-11, 5.873899791687491e-16, 3.453732642810792e-05, 0.9194192886352539, 0.03712068125605583, 1.6200585378101096e-05, 0.04338911920785904, 2.486002668913162e-13, 2.0148632756900042e-05, 5.930719555882698e-19], "malicious score": 2.0148632756900042e-05}}}, "ResNet50": {"clean acc": 93.26000137329102, "prediction": 8, "poisons predictions": [8, 8, 8, 8, 8], "scores": [3.665682507403666e-31, 6.256235944330514e-25, 1.5414283107572988e-44, 5.844815894698812e-41, 2.6161671865496286e-33, 1.025067425844735e-28, 5.0891614478132396e-08, 0.0, 1.0, 0.0], "malicious score": 1.0, "camera": {"2": {"prediction": 6, "scores": [2.1019476964872256e-44, 1.4542049416124218e-28, 2.382207389352189e-44, 8.116318552974899e-36, 3.197147331412845e-36, 3.859706897739883e-27, 0.9997254014015198, 0.0, 0.0002735194575507194, 0.0], "malicious score": 0.0002735194575507194}, "4": {"prediction": 6, "scores": [2.0161882304705468e-41, 1.0551011525843122e-26, 7.296561103739322e-42, 1.677651619640455e-30, 1.3325425083085568e-33, 5.2275256279663536e-23, 1.0, 0.0, 6.469331736980166e-08, 0.0], "malicious score": 6.469331736980166e-08}}}, "ResNeXt29_2x64d": {"clean acc": 93.26000175476074, "prediction": 8, "poisons predictions": [8, 8, 8, 8, 8], "scores": [2.3024948782215722e-20, 4.67305451198061e-15, 5.2760113579452053e-14, 6.047278650056498e-11, 1.6582894560598205e-38, 1.4956778111087096e-24, 0.002429691608995199, 2.2591421807589547e-19, 0.9975711107254028, 3.9341437851961043e-16], "malicious score": 0.9975711107254028, "camera": {"2": {"prediction": 6, "scores": [1.746096072026069e-19, 2.539463803476904e-16, 1.5731747282643482e-07, 0.007609807886183262, 1.952913128865547e-24, 4.251825808169545e-17, 0.9919719696044922, 3.462965826418139e-17, 0.00041775681893341243, 5.851019049501989e-17], "malicious score": 0.00041775681893341243}, "4": {"prediction": 3, "scores": [3.662027122587421e-20, 1.3284943095284068e-15, 4.7855005504970904e-06, 0.9995957016944885, 5.127303906951804e-20, 7.672587225374003e-17, 0.0003995222505182028, 6.372574210099842e-18, 1.0256195892566211e-08, 1.4132256622202146e-15], "malicious score": 1.0256195892566211e-08}}}, "GoogLeNet": {"clean acc": 91.37000160217285, "prediction": 8, "poisons predictions": [8, 8, 8, 6, 8], "scores": [1.6958980995654056e-17, 9.465053046886496e-11, 1.6885318494154678e-18, 3.853469721093461e-08, 7.66637079339938e-13, 2.0302969028218598e-10, 0.013968102633953094, 1.6829094541537248e-13, 0.9860317707061768, 3.348842673978579e-14], "malicious score": 0.9860317707061768, "camera": {"2": {"prediction": 6, "scores": [1.1562740348525224e-11, 6.744902520949836e-07, 0.0001244560262421146, 0.10119251906871796, 2.8498661208686826e-07, 0.002757332054898143, 0.8733866214752197, 7.157869390539418e-07, 0.022537188604474068, 1.1152579554307707e-10], "malicious score": 0.022537188604474068}, "4": {"prediction": 6, "scores": [5.48995744698022e-12, 4.2251710463681036e-10, 0.018616700544953346, 0.03334355354309082, 2.9284930747053295e-07, 0.0750960111618042, 0.8729232549667358, 1.4435532591505762e-07, 1.998672632907983e-05, 6.763001270115865e-11], "malicious score": 1.998672632907983e-05}}}, "MobileNetV2": {"clean acc": 87.18000106811523, "prediction": 1, "poisons predictions": [8, 8, 8, 6, 6],