{"args": "Namespace(device='cuda', dset_path='datasets', end2end=False, eval_poisons_root='attack-results-10poisons/100-overlap/linear-transfer-learning/convex/800', gpu='1', lr_decay_epoch=[30, 45], model_resume_path='model-chks', num_per_class=50, poison_label=8, retrain_bsize=64, retrain_epochs=60, retrain_lr=0.1, retrain_momentum=0.9, retrain_opt='adam', retrain_wd=0, subset_group=0, target_camera=True, target_index_end=26, target_index_start=25, target_index_step=1, target_label=6, target_net=['DPN92', 'SENet18', 'ResNet50', 'ResNeXt29_2x64d', 'GoogLeNet', 'MobileNetV2', 'ResNet18', 'DenseNet121'], target_print_size=[2, 4], test_chk_name='ckpt-%s-4800.t7', train_data_path='datasets/CIFAR10_TRAIN_Split.pth')", "poison_label": 8, "target_label": 6, "targets": {"25": {}, "25": {"800": {"time": 29986.0, "coeffs_time": 27980, "poisons_time": 29585, "target_loss": 0.00428530341014266, "total_loss": 0.0013747542398050427, "coeff_list": [[0.03419503942131996, 0.2744715213775635, 0.0, 0.15327762067317963, 0.05842170864343643, 0.02053256332874298, 0.1107303574681282, 0.025767475366592407, 0.1958441287279129, 0.12675955891609192], [0.3133099675178528, 0.03697611019015312, 0.0, 0.31272709369659424, 0.10624543577432632, 0.0, 0.0, 0.06700701266527176, 0.0, 0.16373442113399506], [0.0, 0.0, 0.0, 0.25702446699142456, 2.0570354536175728e-05, 0.034084055572748184, 0.2769016623497009, 0.01095659751445055, 0.413213849067688, 0.0077988156117498875], [0.0, 0.19418218731880188, 0.0, 0.3132435381412506, 0.14679908752441406, 0.0, 0.017145873978734016, 0.28749144077301025, 0.04113791137933731, 0.0], [0.21148823201656342, 0.0, 0.0, 0.08410350233316422, 0.19387346506118774, 0.1658611297607422, 0.14665716886520386, 0.0, 0.0617392361164093, 0.1362772434949875], [0.014140942133963108, 0.14318788051605225, 0.14067256450653076, 0.1633247286081314, 0.09847809374332428, 0.0, 0.30821493268013, 0.03534815460443497, 0.060672566294670105, 0.035960063338279724], [0.0, 0.0, 0.5963617563247681, 0.08140265941619873, 0.0, 0.01779870316386223, 0.0, 0.0, 0.30443692207336426, 0.0], [0.12665461003780365, 0.08667326718568802, 0.06916303187608719, 0.34572863578796387, 0.06363623589277267, 0.1879076063632965, 0.10765746980905533, 0.01257918681949377, 0.0, 0.0], [0.0, 0.0, 0.0, 0.507851243019104, 0.026644064113497734, 0.0, 0.14533297717571259, 0.0, 0.29077985882759094, 0.029391901567578316], [0.0, 0.036950673907995224, 0.003467445494607091, 0.3285945653915405, 0.02650349959731102, 0.0, 0.19084608554840088, 0.0, 0.01308451872318983, 0.40055325627326965], [0.11810657382011414, 0.0, 0.07012737542390823, 0.19470076262950897, 0.25416192412376404, 0.1421036571264267, 0.04108581691980362, 0.13767002522945404, 0.0420437790453434, 0.0], [0.04438711702823639, 0.047558512538671494, 0.10917787998914719, 0.0258646123111248, 0.0, 0.05262942984700203, 0.1753830462694168, 0.4358697533607483, 0.015294834040105343, 0.09383486211299896], [0.22542867064476013, 0.13270829617977142, 0.0, 0.25779473781585693, 0.014936735853552818, 0.0, 0.08284658193588257, 0.0, 0.07376780360937119, 0.21251706779003143], [0.03443692624568939, 0.003281137440353632, 0.0498083233833313, 0.2822631597518921, 0.0, 0.022236764430999756, 0.1518145054578781, 0.0, 0.34901320934295654, 0.1071460023522377], [0.23375627398490906, 0.0, 0.0, 0.06229911744594574, 0.007073902525007725, 0.06559992581605911, 0.2798445224761963, 0.0, 0.003818209283053875, 0.34760811924934387], [0.04708319902420044, 0.03530309349298477, 0.04719427973031998, 0.6184881925582886, 0.029063327237963676, 0.0, 0.03315797820687294, 0.0034784749150276184, 0.06954076141119003, 0.11669071018695831], [0.13174119591712952, 0.01795635186135769, 0.09148913621902466, 0.04337592422962189, 0.16786904633045197, 0.21830162405967712, 0.1681738793849945, 0.0, 0.14941728115081787, 0.011675628833472729], [0.18955093622207642, 0.023401938378810883, 0.1851527839899063, 0.0, 0.3890783190727234, 0.09596624225378036, 0.0, 0.006993339862674475, 0.109856516122818, 0.0]], "coeff_list_in_victim": [[0.27821919322013855, 0.0, 0.009995173662900925, 0.30004048347473145, 0.112542524933815, 0.0, 0.08801023662090302, 0.0, 0.0, 0.21119236946105957]], "victims": {"DPN92": {"clean acc": 91.86000175476075, "prediction": 8, "poisons predictions": [8, 8, 8, 8, 6, 6, 8, 8, 6, 8], "scores": [3.17078759657932e-23, 2.858648867222627e-43, 1.401298464324817e-44, 4.7461121326939755e-18, 7.299853818818854e-37, 1.6363693046621304e-25, 0.04130438715219498, 1.699775037226003e-42, 0.958694338798523, 0.0], "malicious score": 0.958694338798523, "camera": {"2": {"prediction": 8, "scores": [3.850172846619784e-22, 0.0, 2.2563417478674846e-35, 6.264937316347767e-15, 2.0100365651885705e-33, 1.84785138488655e-18, 0.03579918295145035, 3.4828572681561166e-40, 0.9641994833946228, 0.0], "malicious score": 0.9641994833946228}, "4": {"prediction": 8, "scores": [1.0620014364822768e-20, 0.0, 2.773751731148905e-26, 4.575611001200741e-08, 3.131076995968903e-29, 1.8075900776182152e-09, 0.3123510479927063, 4.7556373141731525e-36, 0.687648594379425, 5.035935974345812e-39], "malicious score": 0.687648594379425}}}, "SENet18": {"clean acc": 90.83000144958496, "prediction": 6, "poisons predictions": [6, 8, 5, 6, 6, 8, 6, 8, 8, 8], "scores": [4.008101291727399e-14, 4.635872773174048e-31, 1.5941161390814912e-16, 3.2151846018468183e-15, 4.684486826223022e-11, 1.8771023960455907e-13, 0.9999847412109375, 4.727188889841662e-20, 1.5303878171835095e-05, 2.868574476393816e-20], "malicious score": 1.5303878171835095e-05, "camera": {"2": {"prediction": 6, "scores": [3.5442026917464897e-13, 1.2895820961006667e-30, 4.319344988152002e-16, 1.7204851697708175e-15, 6.803856957005028e-12, 1.4619279094588156e-13, 0.9991419911384583, 6.190586746369328e-20, 0.0008577374392189085, 1.4694966979581106e-19], "malicious score": 0.0008577374392189085}, "4": {"prediction": 6, "scores": [7.325983895044297e-13, 3.4590691861311736e-33, 2.023572510660601e-15, 1.2233907768397726e-14, 2.594008178830737e-13, 8.047584950862663e-13, 0.9975653290748596, 1.562492276375993e-21, 0.0024349200539290905, 2.3170342253860683e-19], "malicious score": 0.0024349200539290905}}}, "ResNet50": {"clean acc": 92.49000282287598, "prediction": 8, "poisons predictions": [8, 8, 8, 8, 6, 8, 8, 8, 8, 8], "scores": [1.4771777349156265e-29, 1.6788331325223535e-26, 1.0101956593578029e-36, 2.535912247268626e-15, 2.621021480624713e-26, 1.513458086764914e-32, 0.0007255597156472504, 4.316946451772226e-28, 0.9992735385894775, 2.678730338712451e-32], "malicious score": 0.9992735385894775, "camera": {"2": {"prediction": 8, "scores": [6.070147127194267e-30, 1.388820900743888e-26, 4.22967261229526e-35, 6.4242975656486e-17, 1.89313798263333e-25, 5.557133112019746e-26, 7.487682159990072e-05, 7.077509819107256e-27, 0.9999256134033203, 2.938378714852165e-30], "malicious score": 0.9999256134033203}, "4": {"prediction": 8, "scores": [3.717671937087016e-25, 1.108998163411033e-25, 8.611458555772992e-33, 1.2740504628240812e-18, 6.558265438838755e-22, 3.8473172564446045e-11, 1.1492372323118616e-05, 1.9054014937279495e-20, 0.9999886155128479, 9.228121375001812e-23], "malicious score": 0.9999886155128479}}}, "ResNeXt29_2x64d": {"clean acc": 92.83000183105469, "prediction": 8, "poisons predictions": [8, 8, 8, 8, 8, 8, 8, 8, 8, 8], "scores": [7.199863840325386e-26, 4.144720394504647e-18, 2.4970117694750497e-18, 1.2574509489216013e-10, 5.605193857299268e-45, 1.2114395173035171e-25, 0.43483835458755493, 3.0837398623849505e-25, 0.5651622414588928, 1.4353311844544666e-25], "malicious score": 0.5651622414588928, "camera": {"2": {"prediction": 6, "scores": [4.5847491406177897e-23, 1.1034035491319224e-16, 1.818299959384373e-12, 1.0133203165452187e-09, 9.446144607485132e-35, 7.473716938132856e-19, 0.9031370282173157, 1.354317174334083e-18, 0.09686358273029327, 7.085804903009403e-19], "malicious score": 0.09686358273029327}, "4": {"prediction": 8,