{"args": "Namespace(device='cuda', dset_path='datasets', end2end=False, eval_poisons_root='attack-results-eps0.20/100-overlap/linear-transfer-learning/mean/800', gpu='1', lr_decay_epoch=[30, 45], model_resume_path='model-chks', num_per_class=50, poison_label=8, retrain_bsize=64, retrain_epochs=60, retrain_lr=0.1, retrain_momentum=0.9, retrain_opt='adam', retrain_wd=0, subset_group=0, target_camera=True, target_index_end=21, target_index_start=20, target_index_step=1, target_label=6, target_net=['DPN92', 'SENet18', 'ResNet50', 'ResNeXt29_2x64d', 'GoogLeNet', 'MobileNetV2', 'ResNet18', 'DenseNet121'], target_print_size=[2, 4], test_chk_name='ckpt-%s-4800.t7', train_data_path='datasets/CIFAR10_TRAIN_Split.pth')", "poison_label": 8, "target_label": 6, "targets": {"20": {}, "20": {"800": {"time": 358.0, "coeffs_time": 0, "poisons_time": 4, "target_loss": 0.007419986184686422, "total_loss": 0.06820893287658691, "coeff_list": [[0.20000000298023224, 0.20000000298023224, 0.20000000298023224, 0.20000000298023224, 0.20000000298023224], [0.20000000298023224, 0.20000000298023224, 0.20000000298023224, 0.20000000298023224, 0.20000000298023224], [0.20000000298023224, 0.20000000298023224, 0.20000000298023224, 0.20000000298023224, 0.20000000298023224], [0.20000000298023224, 0.20000000298023224, 0.20000000298023224, 0.20000000298023224, 0.20000000298023224], [0.20000000298023224, 0.20000000298023224, 0.20000000298023224, 0.20000000298023224, 0.20000000298023224], [0.20000000298023224, 0.20000000298023224, 0.20000000298023224, 0.20000000298023224, 0.20000000298023224], [0.20000000298023224, 0.20000000298023224, 0.20000000298023224, 0.20000000298023224, 0.20000000298023224], [0.20000000298023224, 0.20000000298023224, 0.20000000298023224, 0.20000000298023224, 0.20000000298023224], [0.20000000298023224, 0.20000000298023224, 0.20000000298023224, 0.20000000298023224, 0.20000000298023224], [0.20000000298023224, 0.20000000298023224, 0.20000000298023224, 0.20000000298023224, 0.20000000298023224], [0.20000000298023224, 0.20000000298023224, 0.20000000298023224, 0.20000000298023224, 0.20000000298023224], [0.20000000298023224, 0.20000000298023224, 0.20000000298023224, 0.20000000298023224, 0.20000000298023224], [0.20000000298023224, 0.20000000298023224, 0.20000000298023224, 0.20000000298023224, 0.20000000298023224], [0.20000000298023224, 0.20000000298023224, 0.20000000298023224, 0.20000000298023224, 0.20000000298023224], [0.20000000298023224, 0.20000000298023224, 0.20000000298023224, 0.20000000298023224, 0.20000000298023224], [0.20000000298023224, 0.20000000298023224, 0.20000000298023224, 0.20000000298023224, 0.20000000298023224], [0.20000000298023224, 0.20000000298023224, 0.20000000298023224, 0.20000000298023224, 0.20000000298023224], [0.20000000298023224, 0.20000000298023224, 0.20000000298023224, 0.20000000298023224, 0.20000000298023224]], "coeff_list_in_victim": [[0.1599399298429489, 0.320254921913147, 0.0, 0.06592869758605957, 0.4538764953613281]], "victims": {"DPN92": {"clean acc": 92.17000160217285, "prediction": 8, "poisons predictions": [8, 8, 8, 8, 8], "scores": [2.0076461326734574e-10, 2.0072647495093316e-31, 0.0, 2.653476084266752e-18, 7.023675043393636e-39, 2.2959132425575353e-23, 1.8945999283315196e-11, 0.0, 1.0, 0.0], "malicious score": 1.0, "camera": {"2": {"prediction": 6, "scores": [2.0960426354577066e-06, 5.241087324440671e-29, 2.069135031776442e-38, 4.369850259422492e-09, 2.7293414429310877e-27, 2.627565862372422e-13, 0.7413148880004883, 0.0, 0.2586835026741028, 0.0], "malicious score": 0.2586835026741028}, "4": {"prediction": 8, "scores": [6.229231530596735e-06, 8.059305186146131e-28, 4.338546162411423e-40, 5.622898813228971e-10, 4.371033305365425e-28, 7.258245653812834e-14, 0.04869074001908302, 0.0, 0.951302707195282, 4.203895392974451e-45], "malicious score": 0.951302707195282}}}, "SENet18": {"clean acc": 91.47000122070312, "prediction": 6, "poisons predictions": [8, 8, 8, 6, 8], "scores": [2.363881534961365e-09, 5.749608688460084e-12, 1.7023938682358963e-12, 1.1270076885616653e-11, 3.9908752569317585e-07, 5.178917834673929e-15, 0.9899287819862366, 4.6980659930486865e-20, 0.01007029227912426, 1.0284954356391794e-19], "malicious score": 0.01007029227912426, "camera": {"2": {"prediction": 6, "scores": [3.4790713243637583e-07, 1.958808795030011e-15, 1.035926899817241e-09, 6.599982782518055e-09, 4.178430685897183e-07, 4.1335655059406007e-14, 0.999755859375, 4.544530285366334e-21, 0.00024300148652400821, 1.261013498603006e-20], "malicious score": 0.00024300148652400821}, "4": {"prediction": 6, "scores": [3.2801381166791543e-07, 1.0150461013324781e-16, 6.534861193840946e-12, 5.246108547574124e-10, 6.925900919441119e-08, 1.9906360156714438e-14, 0.9999961853027344, 7.064068410008067e-22, 4.276530034985626e-06, 3.7919441580626135e-21], "malicious score": 4.276530034985626e-06}}}, "ResNet50": {"clean acc": 93.00000038146973, "prediction": 8, "poisons predictions": [8, 8, 8, 8, 8], "scores": [0.0, 9.108577526499156e-31, 1.0068329466173811e-41, 1.463530621660772e-30, 3.3860068056588513e-28, 0.0, 0.00013944583770353347, 0.0, 0.9998588562011719, 8.104897768703673e-37], "malicious score": 0.9998588562011719, "camera": {"2": {"prediction": 8, "scores": [2.0383930658063914e-38, 7.102453446855949e-25, 2.3360433356026384e-35, 5.090076397106817e-22, 2.1614881494212087e-24, 5.108341850724615e-37, 3.354253567522392e-05, 0.0, 0.9999656677246094, 4.10923345853205e-34], "malicious score": 0.9999656677246094}, "4": {"prediction": 8, "scores": [2.3854149615370285e-38, 7.301171145036856e-27, 1.726937950151438e-35, 2.5195098707995514e-23, 4.720097950431085e-24, 2.3507448757117825e-38, 0.000557824270799756, 0.0, 0.9994432330131531, 1.4944684163377615e-32], "malicious score": 0.9994432330131531}}}, "ResNeXt29_2x64d": {"clean acc": 92.28000221252441, "prediction": 6, "poisons predictions": [8, 8, 8, 8, 8], "scores": [1.332961748052483e-22, 4.371031192703344e-14, 2.435805234880903e-16, 1.2545798426799593e-06, 3.881596746179743e-43, 1.1389220245139676e-28, 0.9284296035766602, 6.134320055226549e-24, 0.0715700015425682, 1.2658743284081988e-16], "malicious score": 0.0715700015425682, "camera": {"2": {"prediction": 6, "scores": [5.861509741771298e-20, 1.034948731261972e-14, 5.346503188091711e-12, 0.00011712587729562074, 9.158023114557472e-37, 1.1338103415414556e-22, 0.9991173148155212, 1.5995099416471264e-20, 0.0007657469832338393, 1.0919609095790591e-14], "malicious score": 0.0007657469832338393}, "4": {"prediction": 6, "scores": [8.780458224999887e-20, 1.7322619304694503e-13, 1.317246686076759e-14, 2.8207325613038847e-06, 2.134653442125181e-38, 4.066261189457063e-25, 0.8807665705680847, 2.966978919366936e-21, 0.11923017352819443, 8.307738957218699e-15], "malicious score": 0.11923017352819443}}}, "GoogLeNet": {"clean acc": 91.94000129699707, "prediction": 8, "poisons predictions": [8, 8, 8, 6, 8], "scores": [4.469668218497976e-23, 2.1221065082954738e-07, 3.2063205714603915e-13, 1.5524885839113267e-06, 1.6232819255446174e-10, 6.655376694197912e-09, 0.15499569475650787, 2.0863033967088995e-07, 0.8450022339820862, 2.4597569972886497e-15], "malicious score": 0.8450022339820862, "camera": {"2": {"prediction": 6, "scores": [1.3250398144864105e-19, 2.1265320810925914e-06, 8.641394266817315e-09, 0.00025395810371264815, 1.2746591560031106e-09, 2.1602591004921123e-06, 0.9675514698028564, 3.224900169129796e-08, 0.0321904718875885, 2.0490178293235822e-13], "malicious score": 0.0321904718875885}, "4": {"prediction": 6, "scores": [1.1116346897350506e-14, 2.1990390450810082e-05, 1.604330418514266e-10, 0.000572822114918381, 1.4133257764115115e-07, 4.768305359448277e-07, 0.6163245439529419, 2.4092914330253734e-09, 0.38308006525039673, 5.274301551061455e-10], "malicious score": 0.38308006525039673}}}, "MobileNetV2": {"clean acc": 86.95000076293945, "prediction": 6, "poisons predictions": [8, 8, 6, 6, 8],