{"args": "Namespace(device='cuda', dset_path='datasets', end2end=False, eval_poisons_root='attack-results-3poisons/100-overlap/linear-transfer-learning/mean/800', gpu='0', lr_decay_epoch=[30, 45], model_resume_path='model-chks', num_per_class=50, poison_label=8, retrain_bsize=64, retrain_epochs=60, retrain_lr=0.1, retrain_momentum=0.9, retrain_opt='adam', retrain_wd=0, subset_group=0, target_camera=True, target_index_end=17, target_index_start=16, target_index_step=1, target_label=6, target_net=['DPN92', 'SENet18', 'ResNet50', 'ResNeXt29_2x64d', 'GoogLeNet', 'MobileNetV2', 'ResNet18', 'DenseNet121'], target_print_size=[2, 4], test_chk_name='ckpt-%s-4800.t7', train_data_path='datasets/CIFAR10_TRAIN_Split.pth')", "poison_label": 8, "target_label": 6, "targets": {"16": {}, "16": {"800": {"time": 370.0, "coeffs_time": 0, "poisons_time": 4, "target_loss": 0.027540668845176697, "total_loss": 0.09666793793439865, "coeff_list": [[0.3333333432674408, 0.3333333432674408, 0.3333333432674408], [0.3333333432674408, 0.3333333432674408, 0.3333333432674408], [0.3333333432674408, 0.3333333432674408, 0.3333333432674408], [0.3333333432674408, 0.3333333432674408, 0.3333333432674408], [0.3333333432674408, 0.3333333432674408, 0.3333333432674408], [0.3333333432674408, 0.3333333432674408, 0.3333333432674408], [0.3333333432674408, 0.3333333432674408, 0.3333333432674408], [0.3333333432674408, 0.3333333432674408, 0.3333333432674408], [0.3333333432674408, 0.3333333432674408, 0.3333333432674408], [0.3333333432674408, 0.3333333432674408, 0.3333333432674408], [0.3333333432674408, 0.3333333432674408, 0.3333333432674408], [0.3333333432674408, 0.3333333432674408, 0.3333333432674408], [0.3333333432674408, 0.3333333432674408, 0.3333333432674408], [0.3333333432674408, 0.3333333432674408, 0.3333333432674408], [0.3333333432674408, 0.3333333432674408, 0.3333333432674408], [0.3333333432674408, 0.3333333432674408, 0.3333333432674408], [0.3333333432674408, 0.3333333432674408, 0.3333333432674408], [0.3333333432674408, 0.3333333432674408, 0.3333333432674408]], "coeff_list_in_victim": [[0.0, 0.2745705544948578, 0.7254294157028198]], "victims": {"DPN92": {"clean acc": 91.7700023651123, "prediction": 8, "poisons predictions": [8, 8, 6], "scores": [7.988133944461864e-15, 4.1478562858376727e-16, 7.061993605952537e-37, 1.0114162925147635e-13, 9.499573278656108e-31, 5.5015550930330356e-18, 0.3898527920246124, 3.8956097308229915e-43, 0.610146164894104, 0.0], "malicious score": 0.610146164894104, "camera": {"2": {"prediction": 6, "scores": [8.072689652166565e-13, 1.8072922379112374e-18, 2.250057545310467e-36, 8.82026165294333e-15, 4.4596403467258884e-29, 7.555273327615405e-18, 0.9939454197883606, 3.3315870989322526e-41, 0.006055590696632862, 0.0], "malicious score": 0.006055590696632862}, "4": {"prediction": 6, "scores": [2.2421412057722911e-13, 2.7730225011396e-18, 9.478848375610695e-35, 1.1758240323241076e-13, 6.572241351899411e-29, 1.1444950364622496e-16, 0.9999160766601562, 5.5953847680489946e-42, 8.39891581563279e-05, 0.0], "malicious score": 8.39891581563279e-05}}}, "SENet18": {"clean acc": 91.7500015258789, "prediction": 6, "poisons predictions": [6, 6, 6], "scores": [3.0551233765052643e-10, 1.5942608493665737e-14, 4.1466738490191293e-14, 9.758896468703426e-11, 1.4285114957601763e-06, 8.621994448693854e-14, 0.9963977932929993, 1.981403756345923e-11, 0.0036007000599056482, 4.131431525014606e-13], "malicious score": 0.0036007000599056482, "camera": {"2": {"prediction": 6, "scores": [1.8377731336727265e-08, 2.9375941173396918e-15, 3.18959213662024e-15, 1.489983136870876e-09, 1.2978939594177064e-06, 4.2990009338841895e-13, 0.8532043099403381, 3.382587395947545e-12, 0.1467944234609604, 3.0282116332720765e-13], "malicious score": 0.1467944234609604}, "4": {"prediction": 6, "scores": [1.2822793937772303e-09, 2.413203812397669e-14, 2.0466437558498972e-16, 2.080805083792825e-09, 2.5270276182709495e-06, 7.171581579458464e-13, 0.8497239947319031, 6.1034996501341254e-12, 0.1502741128206253, 1.2593955555067343e-13], "malicious score": 0.1502741128206253}}}, "ResNet50": {"clean acc": 92.63000106811523, "prediction": 6, "poisons predictions": [8, 8, 8], "scores": [1.2611686178923354e-44, 0.0, 0.0, 8.747697066923266e-27, 0.0, 5.324934164434305e-44, 0.9996967911720276, 9.559450327779649e-30, 0.0003034544934052974, 1.5876711600800177e-42], "malicious score": 0.0003034544934052974, "camera": {"2": {"prediction": 6, "scores": [9.014862707962164e-39, 0.0, 0.0, 8.395575750986812e-22, 0.0, 1.2009127839263682e-42, 1.0, 9.347884931384964e-36, 6.905850824523441e-08, 2.942726775082116e-42], "malicious score": 6.905850824523441e-08}, "4": {"prediction": 6, "scores": [4.343114395405122e-40, 0.0, 0.0, 3.067401442716099e-22, 0.0, 5.605193857299268e-45, 1.0, 6.584519315061953e-40, 9.128397482349726e-10, 1.1294465622458026e-42], "malicious score": 9.128397482349726e-10}}}, "ResNeXt29_2x64d": {"clean acc": 92.6500015258789, "prediction": 6, "poisons predictions": [8, 8, 8], "scores": [2.0961708667252996e-30, 1.0632012522672621e-20, 2.0223424467676203e-18, 9.450940897937077e-12, 0.0, 2.0506706213258743e-29, 0.9967000484466553, 8.507931698596214e-30, 0.0033002705313265324, 1.1212255570346547e-29], "malicious score": 0.0033002705313265324, "camera": {"2": {"prediction": 6, "scores": [6.719654136925725e-23, 4.7378452896521205e-18, 4.443696658470303e-13, 1.766967397998087e-05, 3.1506649072095364e-30, 9.273101639580816e-18, 0.9998865127563477, 1.7583185773735286e-22, 9.570901602273807e-05, 3.864271166769502e-21], "malicious score": 9.570901602273807e-05}, "4": {"prediction": 6, "scores": [1.1397202034534456e-23, 2.0610892410208293e-18, 2.6637868885508176e-13, 1.4135428500594571e-05, 5.857769340317079e-30, 2.090427352114615e-17, 0.9999456405639648, 2.078469887148424e-23, 4.0420603909296915e-05, 1.5635962474542602e-20], "malicious score": 4.0420603909296915e-05}}}, "GoogLeNet": {"clean acc": 91.9900016784668, "prediction": 6, "poisons predictions": [8, 6, 6], "scores": [2.1607841384219117e-12, 2.284747502301343e-08, 2.051340874942298e-09, 3.878747975250008e-06, 2.1152687240677537e-11, 1.447585731284562e-07, 0.9876872301101685, 7.781094382153242e-07, 0.012307918630540371, 1.604000542413872e-13], "malicious score": 0.012307918630540371, "camera": {"2": {"prediction": 6, "scores": [2.323860825992341e-10, 1.2898826184937207e-07, 4.3575511199378525e-08, 5.444589623948559e-05, 5.386180945698982e-10, 1.6439213368357741e-06, 0.999723494052887, 3.3767264540074393e-09, 0.00021982852194923908, 4.125189339426738e-12], "malicious score": 0.00021982852194923908}, "4": {"prediction": 6, "scores": [1.938329052819654e-09, 4.468888619157951e-06, 3.487203059648891e-07, 0.0004091027658432722, 4.5203867315990465e-09, 4.801464001502609e-06, 0.9950584173202515, 1.1352709350376244e-07, 0.004522811155766249, 5.6183824953537354e-11], "malicious score": 0.004522811155766249}}}, "MobileNetV2": {"clean acc": 87.37000122070313, "prediction": 6, "poisons predictions": [8, 8, 8], "scores": [7.464850135599499e-13, 5.970263714516477e-07, 1.4989094827816946e-18, 5.939208591598799e-08, 5.063211029004701e-24, 2.8453259713623336e-14, 0.9999904632568359, 3.2191110068226246e-23, 8.919474566937424e-06, 9.130840152575224e-24], "malicious score": 8.919474566937424e-06, "camera": {"2": {"prediction": 6, "scores": [3.4440766211174534e-12, 2.7846079608817575e-11, 9.15830996109368e-13, 2.453328079354833e-06, 2.165676988852283e-07, 1.6826895779531448e-11, 0.9999980926513672, 2.6346423061675648e-20, 2.34735768600558e-08, 6.292794685352414e-22], "malicious score": 2.34735768600558e-08}, "4": {"prediction": 6, "scores": [1.0285752249927782e-09, 3.9420090303110555e-08, 5.286643952467918e-12, 2.1860351751001872e-07, 0.001144273323006928, 1.8621494624060375e-10, 0.9988543391227722, 6.316563122486886e-20, 2.599164190542069e-07, 6.70263602168473e-21], "malicious score": 2.599164190542069e-07}}}, "ResNet18": {"clean acc": 93.1300006866455, "prediction": 6, "poisons predictions": [6, 8, 8],