{"args": "Namespace(device='cuda', dset_path='datasets', end2end=False, eval_poisons_root='attack-results-eps0.05/100-overlap/linear-transfer-learning/mean/800', gpu='3', lr_decay_epoch=[30, 45], model_resume_path='model-chks', num_per_class=50, poison_label=8, retrain_bsize=64, retrain_epochs=60, retrain_lr=0.1, retrain_momentum=0.9, retrain_opt='adam', retrain_wd=0, subset_group=0, target_camera=True, target_index_end=24, target_index_start=23, target_index_step=1, target_label=6, target_net=['DPN92', 'SENet18', 'ResNet50', 'ResNeXt29_2x64d', 'GoogLeNet', 'MobileNetV2', 'ResNet18', 'DenseNet121'], target_print_size=[2, 4], test_chk_name='ckpt-%s-4800.t7', train_data_path='datasets/CIFAR10_TRAIN_Split.pth')", "poison_label": 8, "target_label": 6, "targets": {"23": {}, "23": {"800": {"time": 452.0, "coeffs_time": 0, "poisons_time": 8, "target_loss": 0.0117154810577631, "total_loss": 0.07242248207330704, "coeff_list": [[0.20000000298023224, 0.20000000298023224, 0.20000000298023224, 0.20000000298023224, 0.20000000298023224], [0.20000000298023224, 0.20000000298023224, 0.20000000298023224, 0.20000000298023224, 0.20000000298023224], [0.20000000298023224, 0.20000000298023224, 0.20000000298023224, 0.20000000298023224, 0.20000000298023224], [0.20000000298023224, 0.20000000298023224, 0.20000000298023224, 0.20000000298023224, 0.20000000298023224], [0.20000000298023224, 0.20000000298023224, 0.20000000298023224, 0.20000000298023224, 0.20000000298023224], [0.20000000298023224, 0.20000000298023224, 0.20000000298023224, 0.20000000298023224, 0.20000000298023224], [0.20000000298023224, 0.20000000298023224, 0.20000000298023224, 0.20000000298023224, 0.20000000298023224], [0.20000000298023224, 0.20000000298023224, 0.20000000298023224, 0.20000000298023224, 0.20000000298023224], [0.20000000298023224, 0.20000000298023224, 0.20000000298023224, 0.20000000298023224, 0.20000000298023224], [0.20000000298023224, 0.20000000298023224, 0.20000000298023224, 0.20000000298023224, 0.20000000298023224], [0.20000000298023224, 0.20000000298023224, 0.20000000298023224, 0.20000000298023224, 0.20000000298023224], [0.20000000298023224, 0.20000000298023224, 0.20000000298023224, 0.20000000298023224, 0.20000000298023224], [0.20000000298023224, 0.20000000298023224, 0.20000000298023224, 0.20000000298023224, 0.20000000298023224], [0.20000000298023224, 0.20000000298023224, 0.20000000298023224, 0.20000000298023224, 0.20000000298023224], [0.20000000298023224, 0.20000000298023224, 0.20000000298023224, 0.20000000298023224, 0.20000000298023224], [0.20000000298023224, 0.20000000298023224, 0.20000000298023224, 0.20000000298023224, 0.20000000298023224], [0.20000000298023224, 0.20000000298023224, 0.20000000298023224, 0.20000000298023224, 0.20000000298023224], [0.20000000298023224, 0.20000000298023224, 0.20000000298023224, 0.20000000298023224, 0.20000000298023224]], "coeff_list_in_victim": [[0.0, 0.1801157295703888, 0.09725455194711685, 0.5640689730644226, 0.15856078267097473]], "victims": {"DPN92": {"clean acc": 92.42000198364258, "prediction": 6, "poisons predictions": [8, 8, 8, 8, 8], "scores": [3.128421212750254e-06, 2.316735230034877e-14, 2.972212605898358e-36, 2.144441105266827e-14, 1.6452138118872117e-32, 4.750153489012726e-17, 0.8181650042533875, 3.733059654234571e-34, 0.1818317025899887, 0.0], "malicious score": 0.1818317025899887, "camera": {"2": {"prediction": 5, "scores": [2.5182651062230853e-27, 5.683853803830435e-29, 5.332528709395917e-20, 0.007700732443481684, 7.692885033024287e-20, 0.9921176433563232, 0.00018167888629250228, 8.859634800590347e-33, 2.8345958948412614e-25, 2.0879347118439774e-43], "malicious score": 2.8345958948412614e-25}, "4": {"prediction": 6, "scores": [1.8021508729759717e-09, 8.146006817762593e-20, 1.0103474964363335e-33, 4.0005002782672605e-11, 2.359070519180066e-32, 1.969838138091151e-12, 1.0, 2.622984928888123e-31, 1.3717940117174976e-09, 0.0], "malicious score": 1.3717940117174976e-09}}}, "SENet18": {"clean acc": 91.44000205993652, "prediction": 6, "poisons predictions": [8, 8, 6, 6, 6], "scores": [8.434661857847914e-10, 2.3326265845649043e-14, 1.0465488051229722e-15, 3.829409359057401e-11, 1.7182082956423983e-05, 1.1492698882408642e-13, 0.9993307590484619, 2.373941336545238e-15, 0.0006518418085761368, 3.725253549002373e-17], "malicious score": 0.0006518418085761368, "camera": {"2": {"prediction": 3, "scores": [4.643858630970499e-07, 5.268226685490178e-22, 1.619234191174712e-10, 0.9718952775001526, 0.0004349463852122426, 0.0002165027690352872, 0.027452636510133743, 4.938299276214546e-19, 9.221997743225074e-08, 3.817926335324129e-13], "malicious score": 9.221997743225074e-08}, "4": {"prediction": 6, "scores": [5.082899861008627e-06, 5.554403331496803e-17, 1.796739840242978e-11, 2.2173104241574038e-08, 3.663672396214679e-05, 3.0234606485102233e-10, 0.9998321533203125, 3.530260317676447e-15, 0.00012550920655485243, 2.3652274851003593e-15], "malicious score": 0.00012550920655485243}}}, "ResNet50": {"clean acc": 91.94000129699707, "prediction": 8, "poisons predictions": [8, 8, 6, 8, 8], "scores": [8.28936987103822e-32, 1.1572914534578198e-33, 4.502324912639275e-28, 7.028043846148137e-24, 6.945198872107875e-35, 5.046497953653981e-22, 0.22455894947052002, 1.7529911394195813e-18, 0.7754412889480591, 8.135193771885083e-14], "malicious score": 0.7754412889480591, "camera": {"2": {"prediction": 6, "scores": [1.5640172420022148e-39, 6.916109691713906e-37, 3.5440061467545704e-32, 2.60783267132551e-14, 2.845913697270721e-28, 1.9146466456732014e-06, 0.9999980926513672, 7.961415534220369e-17, 2.2973448711148627e-20, 4.070440968469537e-15], "malicious score": 2.2973448711148627e-20}, "4": {"prediction": 6, "scores": [6.901941443200811e-40, 4.431340146719012e-40, 8.714155436061589e-35, 1.056333753795463e-33, 1.6675451725465323e-43, 2.235168077443634e-17, 1.0, 6.632949884018645e-19, 4.202551426703369e-15, 2.380304525977698e-17], "malicious score": 4.202551426703369e-15}}}, "ResNeXt29_2x64d": {"clean acc": 92.9200008392334, "prediction": 8, "poisons predictions": [8, 8, 8, 8, 8], "scores": [3.114756876452487e-21, 5.593724692020937e-15, 2.999348960183398e-17, 1.5903159344965445e-10, 8.379764816662406e-43, 1.685440274800748e-21, 0.20697186887264252, 6.921280644986248e-30, 0.7930290102958679, 1.1593675577603152e-19], "malicious score": 0.7930290102958679, "camera": {"2": {"prediction": 6, "scores": [1.9326321744800314e-21, 5.529105637419408e-22, 4.4696465972826616e-10, 0.012566408142447472, 1.5269381674446918e-28, 5.281799531076103e-07, 0.987433910369873, 2.098067907720521e-29, 1.3050061790746692e-13, 1.670142507704587e-15], "malicious score": 1.3050061790746692e-13}, "4": {"prediction": 6, "scores": [1.9327820949805745e-26, 2.8411402316628638e-21, 3.727323338425679e-20, 2.814001337720154e-14, 0.0, 8.487025555829825e-22, 1.0, 4.5968306927588445e-39, 1.834152207891293e-08, 3.444605848972769e-21], "malicious score": 1.834152207891293e-08}}}, "GoogLeNet": {"clean acc": 91.58000221252442, "prediction": 8, "poisons predictions": [8, 8, 8, 6, 8], "scores": [4.860381770568892e-20, 2.573911395131745e-08, 1.7593473336172116e-12, 2.2385179931916355e-07, 5.605535133290651e-12, 2.0303754233452764e-09, 0.31615620851516724, 3.756279198796619e-08, 0.6838430762290955, 6.07825390175088e-16], "malicious score": 0.6838430762290955, "camera": {"2": {"prediction": 6, "scores": [3.09875224701063e-17, 1.5638921269101047e-08, 0.0023208358325064182, 0.12941874563694, 6.472608005125835e-10, 0.025817161425948143, 0.8424434661865234, 7.370280080687408e-11, 1.975572483381427e-12, 1.6687057551728612e-12], "malicious score": 1.975572483381427e-12}, "4": {"prediction": 6, "scores": [1.4412266090285996e-21, 4.2846841630250765e-09, 4.0094989828265426e-11, 2.9748369456683577e-07, 6.237020448718322e-13, 9.279407464646283e-09, 1.0, 1.1494826201996489e-09, 1.7040932220879768e-08, 6.2135516390861116e-15], "malicious score": 1.7040932220879768e-08}}}, "MobileNetV2": {"clean acc": 87.38000183105468, "prediction": 6,