{"args": "Namespace(device='cuda', dset_path='datasets', end2end=False, eval_poisons_root='attack-results-eps0.01/100-overlap/linear-transfer-learning/mean/800', gpu='1', lr_decay_epoch=[30, 45], model_resume_path='model-chks', num_per_class=50, poison_label=8, retrain_bsize=64, retrain_epochs=60, retrain_lr=0.1, retrain_momentum=0.9, retrain_opt='adam', retrain_wd=0, subset_group=0, target_camera=True, target_index_end=50, target_index_start=49, target_index_step=1, target_label=6, target_net=['DPN92', 'SENet18', 'ResNet50', 'ResNeXt29_2x64d', 'GoogLeNet', 'MobileNetV2', 'ResNet18', 'DenseNet121'], target_print_size=[2, 4], test_chk_name='ckpt-%s-4800.t7', train_data_path='datasets/CIFAR10_TRAIN_Split.pth')", "poison_label": 8, "target_label": 6, "targets": {"49": {}, "49": {"800": {"time": 348.0, "coeffs_time": 0, "poisons_time": 4, "target_loss": 0.030360022559762, "total_loss": 0.42877551913261414, "coeff_list": [[0.20000000298023224, 0.20000000298023224, 0.20000000298023224, 0.20000000298023224, 0.20000000298023224], [0.20000000298023224, 0.20000000298023224, 0.20000000298023224, 0.20000000298023224, 0.20000000298023224], [0.20000000298023224, 0.20000000298023224, 0.20000000298023224, 0.20000000298023224, 0.20000000298023224], [0.20000000298023224, 0.20000000298023224, 0.20000000298023224, 0.20000000298023224, 0.20000000298023224], [0.20000000298023224, 0.20000000298023224, 0.20000000298023224, 0.20000000298023224, 0.20000000298023224], [0.20000000298023224, 0.20000000298023224, 0.20000000298023224, 0.20000000298023224, 0.20000000298023224], [0.20000000298023224, 0.20000000298023224, 0.20000000298023224, 0.20000000298023224, 0.20000000298023224], [0.20000000298023224, 0.20000000298023224, 0.20000000298023224, 0.20000000298023224, 0.20000000298023224], [0.20000000298023224, 0.20000000298023224, 0.20000000298023224, 0.20000000298023224, 0.20000000298023224], [0.20000000298023224, 0.20000000298023224, 0.20000000298023224, 0.20000000298023224, 0.20000000298023224], [0.20000000298023224, 0.20000000298023224, 0.20000000298023224, 0.20000000298023224, 0.20000000298023224], [0.20000000298023224, 0.20000000298023224, 0.20000000298023224, 0.20000000298023224, 0.20000000298023224], [0.20000000298023224, 0.20000000298023224, 0.20000000298023224, 0.20000000298023224, 0.20000000298023224], [0.20000000298023224, 0.20000000298023224, 0.20000000298023224, 0.20000000298023224, 0.20000000298023224], [0.20000000298023224, 0.20000000298023224, 0.20000000298023224, 0.20000000298023224, 0.20000000298023224], [0.20000000298023224, 0.20000000298023224, 0.20000000298023224, 0.20000000298023224, 0.20000000298023224], [0.20000000298023224, 0.20000000298023224, 0.20000000298023224, 0.20000000298023224, 0.20000000298023224], [0.20000000298023224, 0.20000000298023224, 0.20000000298023224, 0.20000000298023224, 0.20000000298023224]], "coeff_list_in_victim": [[0.0, 0.20304076373577118, 0.03428230062127113, 0.7626769542694092, 0.0]], "victims": {"DPN92": {"clean acc": 92.2500015258789, "prediction": 6, "poisons predictions": [8, 8, 8, 8, 8], "scores": [9.274276364388845e-24, 2.2094084552495786e-37, 1.7119681275276634e-37, 7.459728021504877e-20, 9.551870939901833e-37, 2.703781313101542e-16, 1.0, 0.0, 2.0175757291522774e-15, 0.0], "malicious score": 2.0175757291522774e-15, "camera": {}}, "SENet18": {"clean acc": 91.76000175476074, "prediction": 6, "poisons predictions": [8, 8, 8, 8, 8], "scores": [3.5381472532065687e-15, 1.6486344735873853e-21, 6.646832390044821e-11, 6.332062980618502e-07, 7.247779285535216e-05, 5.118601723030913e-11, 0.9999046325683594, 9.931982099470335e-17, 2.1981228201184422e-05, 4.338150707767824e-17], "malicious score": 2.1981228201184422e-05, "camera": {}}, "ResNet50": {"clean acc": 91.81000175476075, "prediction": 6, "poisons predictions": [8, 8, 8, 8, 8], "scores": [6.834199553279592e-31, 2.4802982818549262e-43, 0.0, 3.923635700109488e-44, 2.5334215971064296e-27, 2.3899556247553875e-19, 0.9999961853027344, 1.4862327653830616e-29, 4.29498413723195e-06, 5.51677366355032e-32], "malicious score": 4.29498413723195e-06, "camera": {}}, "ResNeXt29_2x64d": {"clean acc": 93.07000160217285, "prediction": 6, "poisons predictions": [8, 8, 8, 8, 8], "scores": [6.76220134491844e-26, 1.1644031942802946e-33, 3.930709056854109e-12, 1.365909052530867e-09, 1.1065058804163134e-31, 2.693849205932363e-14, 0.9999656677246094, 7.875368810776889e-22, 3.344552533235401e-05, 1.6888337186402614e-19], "malicious score": 3.344552533235401e-05, "camera": {}}, "GoogLeNet": {"clean acc": 91.55000152587891, "prediction": 6, "poisons predictions": [8, 8, 8, 8, 8], "scores": [6.62884731914698e-13, 6.289041509788262e-10, 1.5294284949618486e-08, 5.662891999236308e-05, 1.6182469808612154e-09, 1.6634983523999836e-07, 0.9648976922035217, 7.68252041843942e-12, 0.03504551574587822, 4.399572340555574e-13], "malicious score": 0.03504551574587822, "camera": {}}, "MobileNetV2": {"clean acc": 87.37000122070313, "prediction": 8, "poisons predictions": [8, 8, 8, 6, 6], "scores": [5.208393395392252e-13, 8.502848010373994e-20, 4.12175041276594e-13, 0.39676550030708313, 1.023214529733774e-15, 9.402739952748748e-15, 0.0006019468419253826, 1.7445397937420964e-17, 0.6026330590248108, 8.717899394368069e-23], "malicious score": 0.6026330590248108, "camera": {}}, "ResNet18": {"clean acc": 92.8300006866455, "prediction": 6, "poisons predictions": [8, 8, 8, 8, 8], "scores": [5.012087405769456e-19, 1.4235134338652644e-12, 1.7969089207940205e-21, 1.1163248927914537e-05, 1.893164390540993e-20, 8.0327833273941e-10, 0.9989229440689087, 3.172195037030867e-13, 0.0010659246472641826, 2.570371381609725e-29], "malicious score": 0.0010659246472641826, "camera": {}}, "DenseNet121": {"clean acc": 93.15000076293946, "prediction": 6, "poisons predictions": [8, 8, 8, 8, 8], "scores": [1.2697000784100965e-08, 1.1543446320344541e-13, 1.7000187065366323e-12, 7.423179226861976e-07, 2.632067654106951e-11, 3.128055823253817e-07, 0.99821537733078, 6.072951141753078e-22, 0.00178388727363199, 7.918198986809168e-16], "malicious score": 0.00178388727363199, "camera": {}}}}}}, "poison_idx_list": [213, 225, 227, 247, 249]}