{"args": "Namespace(device='cuda', dset_path='datasets', end2end=False, eval_poisons_root='attack-results-eps0.01/100-overlap/linear-transfer-learning/mean/800', gpu='1', lr_decay_epoch=[30, 45], model_resume_path='model-chks', num_per_class=50, poison_label=8, retrain_bsize=64, retrain_epochs=60, retrain_lr=0.1, retrain_momentum=0.9, retrain_opt='adam', retrain_wd=0, subset_group=0, target_camera=True, target_index_end=28, target_index_start=27, target_index_step=1, target_label=6, target_net=['DPN92', 'SENet18', 'ResNet50', 'ResNeXt29_2x64d', 'GoogLeNet', 'MobileNetV2', 'ResNet18', 'DenseNet121'], target_print_size=[2, 4], test_chk_name='ckpt-%s-4800.t7', train_data_path='datasets/CIFAR10_TRAIN_Split.pth')", "poison_label": 8, "target_label": 6, "targets": {"27": {}, "27": {"800": {"time": 431.0, "coeffs_time": 0, "poisons_time": 6, "target_loss": 0.03463165462017059, "total_loss": 0.48917171359062195, "coeff_list": [[0.20000000298023224, 0.20000000298023224, 0.20000000298023224, 0.20000000298023224, 0.20000000298023224], [0.20000000298023224, 0.20000000298023224, 0.20000000298023224, 0.20000000298023224, 0.20000000298023224], [0.20000000298023224, 0.20000000298023224, 0.20000000298023224, 0.20000000298023224, 0.20000000298023224], [0.20000000298023224, 0.20000000298023224, 0.20000000298023224, 0.20000000298023224, 0.20000000298023224], [0.20000000298023224, 0.20000000298023224, 0.20000000298023224, 0.20000000298023224, 0.20000000298023224], [0.20000000298023224, 0.20000000298023224, 0.20000000298023224, 0.20000000298023224, 0.20000000298023224], [0.20000000298023224, 0.20000000298023224, 0.20000000298023224, 0.20000000298023224, 0.20000000298023224], [0.20000000298023224, 0.20000000298023224, 0.20000000298023224, 0.20000000298023224, 0.20000000298023224], [0.20000000298023224, 0.20000000298023224, 0.20000000298023224, 0.20000000298023224, 0.20000000298023224], [0.20000000298023224, 0.20000000298023224, 0.20000000298023224, 0.20000000298023224, 0.20000000298023224], [0.20000000298023224, 0.20000000298023224, 0.20000000298023224, 0.20000000298023224, 0.20000000298023224], [0.20000000298023224, 0.20000000298023224, 0.20000000298023224, 0.20000000298023224, 0.20000000298023224], [0.20000000298023224, 0.20000000298023224, 0.20000000298023224, 0.20000000298023224, 0.20000000298023224], [0.20000000298023224, 0.20000000298023224, 0.20000000298023224, 0.20000000298023224, 0.20000000298023224], [0.20000000298023224, 0.20000000298023224, 0.20000000298023224, 0.20000000298023224, 0.20000000298023224], [0.20000000298023224, 0.20000000298023224, 0.20000000298023224, 0.20000000298023224, 0.20000000298023224], [0.20000000298023224, 0.20000000298023224, 0.20000000298023224, 0.20000000298023224, 0.20000000298023224], [0.20000000298023224, 0.20000000298023224, 0.20000000298023224, 0.20000000298023224, 0.20000000298023224]], "coeff_list_in_victim": [[0.0, 0.2849429249763489, 0.0, 0.7150570750236511, 0.0]], "victims": {"DPN92": {"clean acc": 92.24000091552735, "prediction": 6, "poisons predictions": [8, 8, 8, 8, 8], "scores": [2.844173053642002e-16, 8.707508492022953e-09, 4.229506162846197e-30, 7.739980531495938e-13, 7.877475951412376e-36, 1.1343414937048347e-16, 0.9984143376350403, 5.6192068419425165e-43, 0.0015850977506488562, 0.0], "malicious score": 0.0015850977506488562, "camera": {"2": {"prediction": 1, "scores": [4.081627865366413e-19, 0.9999961853027344, 3.354872841819914e-17, 4.532999355433276e-06, 1.9072898013278286e-30, 3.314717410599598e-14, 2.1207542180439796e-19, 2.819520410203285e-39, 2.804478697882029e-11, 9.228343699424211e-28], "malicious score": 2.804478697882029e-11}, "4": {"prediction": 8, "scores": [2.703464385136415e-14, 0.0058156512677669525, 1.3512577641204944e-17, 0.006854325532913208, 8.67106819341308e-23, 5.203508735007745e-09, 9.673107800867164e-12, 6.109874750238288e-37, 0.9873303174972534, 8.438410291965418e-29], "malicious score": 0.9873303174972534}}}, "SENet18": {"clean acc": 91.57000198364258, "prediction": 6, "poisons predictions": [8, 8, 8, 8, 8], "scores": [1.1245838753227901e-14, 9.56002412429586e-17, 3.900999227151366e-15, 1.082292241938454e-10, 7.91044658399187e-05, 1.282841224198826e-14, 0.9999198913574219, 4.7194710704571985e-15, 1.354432015432394e-07, 1.0131793626483218e-20], "malicious score": 1.354432015432394e-07, "camera": {"2": {"prediction": 6, "scores": [3.377589905539935e-07, 2.554854921524107e-16, 0.0004258602566551417, 0.001178532256744802, 0.0023340960033237934, 2.6415925731271273e-06, 0.9947400689125061, 1.3260027841369149e-12, 0.001318115508183837, 1.7311266352695864e-12], "malicious score": 0.001318115508183837}, "4": {"prediction": 8, "scores": [1.657691245782189e-05, 2.0003308397953393e-17, 2.440145578930242e-07, 0.029185747727751732, 0.000567728653550148, 4.3357349568395875e-06, 0.0005759691703133285, 4.2929537962671516e-13, 0.9696492552757263, 5.016698861881608e-11], "malicious score": 0.9696492552757263}}}, "ResNet50": {"clean acc": 94.41000137329101, "prediction": 6, "poisons predictions": [8, 8, 8, 8, 8], "scores": [1.3107655011216938e-29, 1.770288150010317e-26, 1.0589600228580842e-26, 3.9469841288279138e-22, 8.448837434670772e-31, 1.401298464324817e-45, 0.9999961853027344, 2.2902711398346129e-38, 4.1328216866531875e-06, 2.0840488419737214e-14], "malicious score": 4.1328216866531875e-06, "camera": {"2": {"prediction": 6, "scores": [2.5717071093667773e-20, 2.38092575847006e-14, 1.4506837156965108e-17, 1.6762726318120258e-08, 2.9686371677041526e-25, 6.651713647348335e-30, 0.9953027963638306, 1.4958128880015145e-34, 0.004632840398699045, 6.433693488361314e-05], "malicious score": 0.004632840398699045}, "4": {"prediction": 8, "scores": [4.056605910330625e-19, 4.860146302337193e-14, 1.2616788393900084e-18, 2.4434650640614564e-06, 4.700113083843684e-26, 3.6117775159619584e-20, 1.0427195775264408e-05, 5.781611108156842e-34, 0.999936580657959, 5.067095480626449e-05], "malicious score": 0.999936580657959}}}, "ResNeXt29_2x64d": {"clean acc": 93.74000205993653, "prediction": 6, "poisons predictions": [8, 8, 8, 8, 8], "scores": [3.4894998367086274e-25, 0.0005035006906837225, 3.8979758092205907e-17, 2.1107306874545984e-11, 0.0, 1.6974955477578614e-26, 0.999496579170227, 1.55096503693212e-22, 2.161908652098532e-09, 1.063286181514263e-28], "malicious score": 2.161908652098532e-09, "camera": {"2": {"prediction": 3, "scores": [3.7092594750899325e-24, 0.050160136073827744, 9.368257453224262e-16, 0.9498395919799805, 0.0, 5.590386680662723e-26, 2.865150608086231e-13, 4.090937005091409e-25, 1.3802899540969548e-20, 1.6695143278934414e-27], "malicious score": 1.3802899540969548e-20}, "4": {"prediction": 3, "scores": [3.162013353110341e-26, 3.522382030496374e-05, 1.3618595622557064e-19, 0.9999656677246094, 7.977592157401184e-42, 2.5147133062196464e-27, 2.421625042300547e-20, 2.807272464793767e-26, 3.242145871472823e-22, 9.090675217733873e-29], "malicious score": 3.242145871472823e-22}}}, "GoogLeNet": {"clean acc": 91.35000190734863, "prediction": 6, "poisons predictions": [8, 8, 8, 8, 8], "scores": [3.1562935858681085e-12, 1.7410118857696943e-07, 1.3863620122980445e-15, 1.692743012426945e-07, 4.609063825045112e-11, 1.8226360420925403e-09, 0.9847940802574158, 5.868510972312224e-13, 0.01520533300936222, 5.886116594133739e-11], "malicious score": 0.01520533300936222, "camera": {"2": {"prediction": 6, "scores": [5.24216297037583e-08, 0.0004929593997076154, 1.4169764028792997e-07, 0.12694761157035828, 0.0001730456860968843, 0.05912698805332184, 0.8094006180763245, 1.4852410967769458e-10, 0.0038317814469337463, 2.6834872187464498e-05], "malicious score": 0.0038317814469337463}, "4": {"prediction": 3, "scores": [9.005016288199386e-09, 0.001162559143267572, 7.546177016592992e-09, 0.6710901856422424, 0.00011432539758970961, 0.0024346925783902407, 0.25392410159111023, 4.871345771965789e-15, 0.07120378315448761, 7.03593177604489e-05], "malicious score": 0.07120378315448761}}}, "MobileNetV2": {"clean acc": 87.13000183105468,