{"args": "Namespace(device='cuda', dset_path='datasets', end2end=False, eval_poisons_root='attack-results-10poisons/100-overlap/linear-transfer-learning/mean/800', gpu='1', lr_decay_epoch=[30, 45], model_resume_path='model-chks', num_per_class=50, poison_label=8, retrain_bsize=64, retrain_epochs=60, retrain_lr=0.1, retrain_momentum=0.9, retrain_opt='adam', retrain_wd=0, subset_group=0, target_camera=True, target_index_end=16, target_index_start=15, target_index_step=1, target_label=6, target_net=['DPN92', 'SENet18', 'ResNet50', 'ResNeXt29_2x64d', 'GoogLeNet', 'MobileNetV2', 'ResNet18', 'DenseNet121'], target_print_size=[2, 4], test_chk_name='ckpt-%s-4800.t7', train_data_path='datasets/CIFAR10_TRAIN_Split.pth')", "poison_label": 8, "target_label": 6, "targets": {"15": {}, "15": {"800": {"time": 398.0, "coeffs_time": 0, "poisons_time": 4, "target_loss": 0.02335439994931221, "total_loss": 0.08439705520868301, "coeff_list": [[0.10000000149011612, 0.10000000149011612, 0.10000000149011612, 0.10000000149011612, 0.10000000149011612, 0.10000000149011612, 0.10000000149011612, 0.10000000149011612, 0.10000000149011612, 0.10000000149011612], [0.10000000149011612, 0.10000000149011612, 0.10000000149011612, 0.10000000149011612, 0.10000000149011612, 0.10000000149011612, 0.10000000149011612, 0.10000000149011612, 0.10000000149011612, 0.10000000149011612], [0.10000000149011612, 0.10000000149011612, 0.10000000149011612, 0.10000000149011612, 0.10000000149011612, 0.10000000149011612, 0.10000000149011612, 0.10000000149011612, 0.10000000149011612, 0.10000000149011612], [0.10000000149011612, 0.10000000149011612, 0.10000000149011612, 0.10000000149011612, 0.10000000149011612, 0.10000000149011612, 0.10000000149011612, 0.10000000149011612, 0.10000000149011612, 0.10000000149011612], [0.10000000149011612, 0.10000000149011612, 0.10000000149011612, 0.10000000149011612, 0.10000000149011612, 0.10000000149011612, 0.10000000149011612, 0.10000000149011612, 0.10000000149011612, 0.10000000149011612], [0.10000000149011612, 0.10000000149011612, 0.10000000149011612, 0.10000000149011612, 0.10000000149011612, 0.10000000149011612, 0.10000000149011612, 0.10000000149011612, 0.10000000149011612, 0.10000000149011612], [0.10000000149011612, 0.10000000149011612, 0.10000000149011612, 0.10000000149011612, 0.10000000149011612, 0.10000000149011612, 0.10000000149011612, 0.10000000149011612, 0.10000000149011612, 0.10000000149011612], [0.10000000149011612, 0.10000000149011612, 0.10000000149011612, 0.10000000149011612, 0.10000000149011612, 0.10000000149011612, 0.10000000149011612, 0.10000000149011612, 0.10000000149011612, 0.10000000149011612], [0.10000000149011612, 0.10000000149011612, 0.10000000149011612, 0.10000000149011612, 0.10000000149011612, 0.10000000149011612, 0.10000000149011612, 0.10000000149011612, 0.10000000149011612, 0.10000000149011612], [0.10000000149011612, 0.10000000149011612, 0.10000000149011612, 0.10000000149011612, 0.10000000149011612, 0.10000000149011612, 0.10000000149011612, 0.10000000149011612, 0.10000000149011612, 0.10000000149011612], [0.10000000149011612, 0.10000000149011612, 0.10000000149011612, 0.10000000149011612, 0.10000000149011612, 0.10000000149011612, 0.10000000149011612, 0.10000000149011612, 0.10000000149011612, 0.10000000149011612], [0.10000000149011612, 0.10000000149011612, 0.10000000149011612, 0.10000000149011612, 0.10000000149011612, 0.10000000149011612, 0.10000000149011612, 0.10000000149011612, 0.10000000149011612, 0.10000000149011612], [0.10000000149011612, 0.10000000149011612, 0.10000000149011612, 0.10000000149011612, 0.10000000149011612, 0.10000000149011612, 0.10000000149011612, 0.10000000149011612, 0.10000000149011612, 0.10000000149011612], [0.10000000149011612, 0.10000000149011612, 0.10000000149011612, 0.10000000149011612, 0.10000000149011612, 0.10000000149011612, 0.10000000149011612, 0.10000000149011612, 0.10000000149011612, 0.10000000149011612], [0.10000000149011612, 0.10000000149011612, 0.10000000149011612, 0.10000000149011612, 0.10000000149011612, 0.10000000149011612, 0.10000000149011612, 0.10000000149011612, 0.10000000149011612, 0.10000000149011612], [0.10000000149011612, 0.10000000149011612, 0.10000000149011612, 0.10000000149011612, 0.10000000149011612, 0.10000000149011612, 0.10000000149011612, 0.10000000149011612, 0.10000000149011612, 0.10000000149011612], [0.10000000149011612, 0.10000000149011612, 0.10000000149011612, 0.10000000149011612, 0.10000000149011612, 0.10000000149011612, 0.10000000149011612, 0.10000000149011612, 0.10000000149011612, 0.10000000149011612], [0.10000000149011612, 0.10000000149011612, 0.10000000149011612, 0.10000000149011612, 0.10000000149011612, 0.10000000149011612, 0.10000000149011612, 0.10000000149011612, 0.10000000149011612, 0.10000000149011612]], "coeff_list_in_victim": [[0.030638474971055984, 0.001112903468310833, 0.0, 0.3736777603626251, 0.1138680949807167, 0.48070278763771057, 0.0, 0.0, 0.0, 0.0]], "victims": {"DPN92": {"clean acc": 92.76000175476074, "prediction": 8, "poisons predictions": [8, 8, 8, 8, 8, 8, 8, 8, 8, 8], "scores": [1.4262862592373526e-11, 1.6666500807487744e-13, 9.504575242217727e-31, 6.669224061894852e-10, 1.7771309323838772e-31, 4.293035653531174e-13, 2.8679150432253664e-07, 1.0166534895482791e-25, 1.0, 4.505929694520742e-37], "malicious score": 1.0, "camera": {"2": {"prediction": 6, "scores": [5.466309371295053e-13, 5.323118883693273e-20, 1.401238322042522e-23, 0.00042614791891537607, 1.1217654780773031e-20, 5.956075028734631e-07, 0.9995728731155396, 1.3258956204005344e-32, 4.256578165495739e-07, 6.043814536246109e-35], "malicious score": 4.256578165495739e-07}, "4": {"prediction": 6, "scores": [3.564527145671903e-13, 2.6235000863812474e-20, 3.164875192563063e-25, 5.411590791482013e-06, 8.227522802318113e-26, 2.1284424178702466e-07, 0.9999799728393555, 1.6358907252144982e-30, 1.430010252079228e-05, 4.690110535269985e-37], "malicious score": 1.430010252079228e-05}}}, "SENet18": {"clean acc": 90.96000175476074, "prediction": 8, "poisons predictions": [8, 8, 8, 8, 6, 8, 6, 8, 8, 8], "scores": [3.2748774803081915e-09, 5.647348757520376e-07, 1.0786475879154267e-12, 5.112593681744215e-10, 9.605872719475883e-08, 9.975597604905406e-12, 0.026524756103754044, 3.184989338933519e-08, 0.9734740853309631, 2.45874810039836e-19], "malicious score": 0.9734740853309631, "camera": {"2": {"prediction": 6, "scores": [6.093028748210827e-09, 1.4787031321628064e-10, 8.859997251420282e-07, 0.0011779232881963253, 0.0009652864537201822, 2.27844179079284e-08, 0.997504472732544, 1.320292902784459e-10, 0.0003510780225042254, 7.067232630306056e-19], "malicious score": 0.0003510780225042254}, "4": {"prediction": 3, "scores": [4.278122300860332e-11, 4.4319647778123805e-13, 0.0003533045237418264, 0.868554949760437, 0.06357086449861526, 0.00011151996295666322, 0.06740874797105789, 8.846363989652509e-14, 1.4909987910982636e-08, 3.7641654485058476e-17], "malicious score": 1.4909987910982636e-08}}}, "ResNet50": {"clean acc": 93.55000190734863, "prediction": 8, "poisons predictions": [8, 8, 8, 8, 8, 8, 8, 8, 8, 8], "scores": [2.8476562781142383e-17, 3.071249815132222e-17, 0.0, 1.3878026086192171e-28, 1.0557102370530307e-40, 4.1767615911838335e-35, 0.0008513506618328393, 2.590266086884221e-35, 0.9991487264633179, 2.3003000995401718e-35], "malicious score": 0.9991487264633179, "camera": {"2": {"prediction": 6, "scores": [4.830884035216368e-26, 2.931619264984654e-28, 0.0, 1.4925236771201877e-27, 7.006492321624085e-45, 1.2443738428000359e-36, 0.9999809265136719, 5.054357443957826e-40, 1.8396451196167618e-05, 0.0], "malicious score": 1.8396451196167618e-05}, "4": {"prediction": 6, "scores": [1.9870079338474706e-23, 2.364339084315022e-26, 0.0, 3.195229662866688e-23, 1.2565877732124575e-39, 8.642298531687578e-32, 1.0, 1.7409720910383813e-37, 8.0387074774535e-08, 5.605193857299268e-45], "malicious score": 8.0387074774535e-08}}}, "ResNeXt29_2x64d": {"clean acc": 92.6700008392334, "prediction": 8, "poisons predictions": [8, 8, 8, 8, 8, 8, 8, 8, 8, 8],