{"args": "Namespace(device='cuda', dset_path='datasets', end2end=False, eval_poisons_root='attack-results-eps0.01/100-overlap/linear-transfer-learning/mean/800', gpu='1', lr_decay_epoch=[30, 45], model_resume_path='model-chks', num_per_class=50, poison_label=8, retrain_bsize=64, retrain_epochs=60, retrain_lr=0.1, retrain_momentum=0.9, retrain_opt='adam', retrain_wd=0, subset_group=0, target_camera=True, target_index_end=22, target_index_start=21, target_index_step=1, target_label=6, target_net=['DPN92', 'SENet18', 'ResNet50', 'ResNeXt29_2x64d', 'GoogLeNet', 'MobileNetV2', 'ResNet18', 'DenseNet121'], target_print_size=[2, 4], test_chk_name='ckpt-%s-4800.t7', train_data_path='datasets/CIFAR10_TRAIN_Split.pth')", "poison_label": 8, "target_label": 6, "targets": {"21": {}, "21": {"800": {"time": 314.0, "coeffs_time": 0, "poisons_time": 4, "target_loss": 0.040559280663728714, "total_loss": 0.5021578073501587, "coeff_list": [[0.20000000298023224, 0.20000000298023224, 0.20000000298023224, 0.20000000298023224, 0.20000000298023224], [0.20000000298023224, 0.20000000298023224, 0.20000000298023224, 0.20000000298023224, 0.20000000298023224], [0.20000000298023224, 0.20000000298023224, 0.20000000298023224, 0.20000000298023224, 0.20000000298023224], [0.20000000298023224, 0.20000000298023224, 0.20000000298023224, 0.20000000298023224, 0.20000000298023224], [0.20000000298023224, 0.20000000298023224, 0.20000000298023224, 0.20000000298023224, 0.20000000298023224], [0.20000000298023224, 0.20000000298023224, 0.20000000298023224, 0.20000000298023224, 0.20000000298023224], [0.20000000298023224, 0.20000000298023224, 0.20000000298023224, 0.20000000298023224, 0.20000000298023224], [0.20000000298023224, 0.20000000298023224, 0.20000000298023224, 0.20000000298023224, 0.20000000298023224], [0.20000000298023224, 0.20000000298023224, 0.20000000298023224, 0.20000000298023224, 0.20000000298023224], [0.20000000298023224, 0.20000000298023224, 0.20000000298023224, 0.20000000298023224, 0.20000000298023224], [0.20000000298023224, 0.20000000298023224, 0.20000000298023224, 0.20000000298023224, 0.20000000298023224], [0.20000000298023224, 0.20000000298023224, 0.20000000298023224, 0.20000000298023224, 0.20000000298023224], [0.20000000298023224, 0.20000000298023224, 0.20000000298023224, 0.20000000298023224, 0.20000000298023224], [0.20000000298023224, 0.20000000298023224, 0.20000000298023224, 0.20000000298023224, 0.20000000298023224], [0.20000000298023224, 0.20000000298023224, 0.20000000298023224, 0.20000000298023224, 0.20000000298023224], [0.20000000298023224, 0.20000000298023224, 0.20000000298023224, 0.20000000298023224, 0.20000000298023224], [0.20000000298023224, 0.20000000298023224, 0.20000000298023224, 0.20000000298023224, 0.20000000298023224], [0.20000000298023224, 0.20000000298023224, 0.20000000298023224, 0.20000000298023224, 0.20000000298023224]], "coeff_list_in_victim": [[0.0, 0.07373037934303284, 0.09238705784082413, 0.8338825702667236, 0.0]], "victims": {"DPN92": {"clean acc": 92.75000228881837, "prediction": 6, "poisons predictions": [8, 8, 8, 8, 8], "scores": [2.34146412226335e-23, 8.070739364741373e-23, 1.401298464324817e-45, 2.411369504696053e-24, 1.7901425106919922e-36, 1.905997050945314e-28, 1.0, 1.401298464324817e-44, 3.110600427409793e-14, 0.0], "malicious score": 3.110600427409793e-14, "camera": {"2": {"prediction": 6, "scores": [1.2910111550496275e-20, 1.578887068818215e-19, 3.458108935977676e-39, 1.6005134215900784e-17, 6.627478226410652e-29, 8.809436163237273e-22, 1.0, 1.401298464324817e-45, 1.4936159253853276e-10, 0.0], "malicious score": 1.4936159253853276e-10}, "4": {"prediction": 6, "scores": [1.3515656872733961e-19, 2.8083841621335123e-20, 1.8631664381662768e-41, 8.28939301932892e-19, 5.5964538428241985e-31, 8.976086942215302e-24, 1.0, 0.0, 2.2952191536251831e-10, 0.0], "malicious score": 2.2952191536251831e-10}}}, "SENet18": {"clean acc": 91.41000175476074, "prediction": 6, "poisons predictions": [8, 8, 8, 8, 8], "scores": [2.3427809974336055e-20, 7.142141811300462e-08, 2.9649628106566623e-15, 1.8290140235688312e-11, 2.8878268494736403e-05, 1.9335387105431576e-14, 0.9999713897705078, 1.3766255116716022e-19, 7.191715001297894e-10, 3.3927923035146e-22], "malicious score": 7.191715001297894e-10, "camera": {"2": {"prediction": 6, "scores": [2.1013396428325065e-18, 9.231879150028988e-10, 4.420683247631854e-14, 2.961670908518954e-09, 5.091712955618277e-05, 8.664222117538145e-12, 0.9999465942382812, 4.3556051415160635e-20, 1.797860363694781e-06, 6.760854754186188e-20], "malicious score": 1.797860363694781e-06}, "4": {"prediction": 6, "scores": [2.621223550713925e-13, 1.6980122552467947e-07, 2.0939774220130047e-11, 3.457588206856599e-07, 0.005572604481130838, 1.49362657658747e-11, 0.9878464341163635, 2.563278200963408e-17, 0.006580896209925413, 1.1717816000501755e-19], "malicious score": 0.006580896209925413}}}, "ResNet50": {"clean acc": 94.16000137329101, "prediction": 6, "poisons predictions": [8, 8, 8, 8, 8], "scores": [0.0, 0.0, 1.3312335411085762e-43, 4.703043566521112e-23, 2.3395902036241255e-37, 6.806873423853202e-33, 1.0, 0.0, 2.486429573518578e-13, 2.748548846880626e-40], "malicious score": 2.486429573518578e-13, "camera": {"2": {"prediction": 6, "scores": [0.0, 0.0, 7.006492321624085e-44, 4.408437348502048e-08, 4.696089022947463e-30, 1.5578381737400318e-21, 0.9998416900634766, 0.0, 0.0001576413633301854, 2.0149678396379663e-38], "malicious score": 0.0001576413633301854}, "4": {"prediction": 6, "scores": [0.0, 0.0, 0.0, 1.1644785757880527e-07, 7.898091441877255e-35, 1.1525054880411093e-28, 1.0, 0.0, 5.202933195391779e-09, 4.203895392974451e-45], "malicious score": 5.202933195391779e-09}}}, "ResNeXt29_2x64d": {"clean acc": 93.18000183105468, "prediction": 6, "poisons predictions": [8, 8, 8, 8, 8], "scores": [1.624505206666897e-29, 5.747752534340789e-13, 2.1627968358997236e-19, 3.830762929091236e-10, 0.0, 4.8893481935446846e-30, 1.0, 1.476353479943963e-24, 2.0326973881878985e-08, 4.916635028287054e-38], "malicious score": 2.0326973881878985e-08, "camera": {"2": {"prediction": 6, "scores": [3.66258310495874e-29, 2.0247528510725999e-16, 5.259743316613878e-18, 0.00047929777065292, 1.0867611018055514e-31, 8.819153919847638e-22, 0.9995213747024536, 2.212423425120108e-26, 1.679696149965021e-13, 6.567109264566171e-35], "malicious score": 1.679696149965021e-13}, "4": {"prediction": 6, "scores": [3.37987524656903e-29, 5.7441848485076125e-15, 5.809090918612901e-19, 0.0023857848718762398, 1.5746549691906153e-31, 1.476179634721975e-23, 0.997614860534668, 2.2615213112667673e-27, 3.140645729593494e-11, 3.880786549038834e-36], "malicious score": 3.140645729593494e-11}}}, "GoogLeNet": {"clean acc": 92.10000114440918, "prediction": 6, "poisons predictions": [8, 8, 8, 8, 8], "scores": [2.2718667725001615e-16, 2.515061214847236e-10, 5.337134623140116e-10, 5.101701390231028e-07, 8.986064670146732e-11, 2.0047679072376923e-07, 0.9998435974121094, 4.2813695699805976e-08, 0.00015560536121483892, 1.0869319351498987e-22], "malicious score": 0.00015560536121483892, "camera": {"2": {"prediction": 6, "scores": [5.798008286591466e-16, 2.9898637819020246e-12, 2.8945487429155037e-07, 1.729076939227525e-05, 3.457711339471814e-10, 9.413047337147873e-06, 0.9999656677246094, 7.107274491158222e-11, 7.321155862882733e-06, 1.0056054901646331e-20], "malicious score": 7.321155862882733e-06}, "4": {"prediction": 6, "scores": [1.0656559228842285e-16, 1.0845435877496201e-12, 2.8882936931040604e-06, 3.996077793999575e-05, 2.5002688630593184e-07, 8.97527024790179e-06, 0.99993896484375, 1.1138729938409142e-08, 9.308848348155152e-06, 3.580278161176964e-22], "malicious score": 9.308848348155152e-06}}}, "MobileNetV2": {"clean acc": 87.27000198364257, "prediction": 6, "poisons predictions": [8, 8, 8, 6, 8],