{"args": "Namespace(device='cuda', dset_path='datasets', end2end=False, eval_poisons_root='attack-results-3poisons/100-overlap/linear-transfer-learning/mean/800', gpu='0', lr_decay_epoch=[30, 45], model_resume_path='model-chks', num_per_class=50, poison_label=8, retrain_bsize=64, retrain_epochs=60, retrain_lr=0.1, retrain_momentum=0.9, retrain_opt='adam', retrain_wd=0, subset_group=0, target_camera=True, target_index_end=19, target_index_start=18, target_index_step=1, target_label=6, target_net=['DPN92', 'SENet18', 'ResNet50', 'ResNeXt29_2x64d', 'GoogLeNet', 'MobileNetV2', 'ResNet18', 'DenseNet121'], target_print_size=[2, 4], test_chk_name='ckpt-%s-4800.t7', train_data_path='datasets/CIFAR10_TRAIN_Split.pth')", "poison_label": 8, "target_label": 6, "targets": {"18": {}, "18": {"800": {"time": 355.0, "coeffs_time": 0, "poisons_time": 4, "target_loss": 0.02780040167272091, "total_loss": 0.09455172717571259, "coeff_list": [[0.3333333432674408, 0.3333333432674408, 0.3333333432674408], [0.3333333432674408, 0.3333333432674408, 0.3333333432674408], [0.3333333432674408, 0.3333333432674408, 0.3333333432674408], [0.3333333432674408, 0.3333333432674408, 0.3333333432674408], [0.3333333432674408, 0.3333333432674408, 0.3333333432674408], [0.3333333432674408, 0.3333333432674408, 0.3333333432674408], [0.3333333432674408, 0.3333333432674408, 0.3333333432674408], [0.3333333432674408, 0.3333333432674408, 0.3333333432674408], [0.3333333432674408, 0.3333333432674408, 0.3333333432674408], [0.3333333432674408, 0.3333333432674408, 0.3333333432674408], [0.3333333432674408, 0.3333333432674408, 0.3333333432674408], [0.3333333432674408, 0.3333333432674408, 0.3333333432674408], [0.3333333432674408, 0.3333333432674408, 0.3333333432674408], [0.3333333432674408, 0.3333333432674408, 0.3333333432674408], [0.3333333432674408, 0.3333333432674408, 0.3333333432674408], [0.3333333432674408, 0.3333333432674408, 0.3333333432674408], [0.3333333432674408, 0.3333333432674408, 0.3333333432674408], [0.3333333432674408, 0.3333333432674408, 0.3333333432674408]], "coeff_list_in_victim": [[0.23965349793434143, 0.0, 0.760346531867981]], "victims": {"DPN92": {"clean acc": 92.67000160217285, "prediction": 8, "poisons predictions": [8, 8, 8], "scores": [1.7066004147636704e-05, 8.268827104796018e-28, 2.1351888580439177e-25, 2.807509502655847e-10, 4.775202436150724e-34, 5.34846125721522e-12, 0.001066594268195331, 8.607123185670365e-33, 0.9989172220230103, 0.0], "malicious score": 0.9989172220230103, "camera": {"2": {"prediction": 5, "scores": [4.633892261301663e-16, 1.8967942148761516e-34, 2.481244105578123e-15, 0.3412587642669678, 6.145770272658219e-25, 0.6520641446113586, 0.00667696725577116, 1.3764988625592025e-35, 2.258493253526339e-10, 8.149251219280974e-40], "malicious score": 2.258493253526339e-10}, "4": {"prediction": 8, "scores": [3.6046594686922617e-06, 1.1114467383570324e-24, 3.960689334541911e-17, 0.013563795015215874, 3.5628668783818755e-29, 0.0009786415612325072, 0.004555220250040293, 2.897657189085596e-25, 0.9808986186981201, 1.6633258628704503e-39], "malicious score": 0.9808986186981201}}}, "SENet18": {"clean acc": 91.4000015258789, "prediction": 6, "poisons predictions": [8, 8, 6], "scores": [1.6759611298766686e-06, 9.692786573367584e-10, 0.00011813076707767323, 4.901469310425455e-07, 4.1390125261386856e-05, 4.330772893079704e-11, 0.9975663423538208, 4.1932585190807e-06, 0.0022677939850836992, 6.022860064582817e-16], "malicious score": 0.0022677939850836992, "camera": {"2": {"prediction": 6, "scores": [1.2326633637427253e-11, 6.591098713238267e-21, 7.323055228880548e-08, 0.00011814023309852928, 0.00041189382318407297, 0.00015138607705011964, 0.9992868900299072, 1.395811531709948e-17, 3.1939307518769056e-05, 3.0792816213542906e-12], "malicious score": 3.1939307518769056e-05}, "4": {"prediction": 6, "scores": [3.998497977164561e-09, 1.364083203488596e-14, 8.534548396710306e-05, 6.948653663130244e-06, 0.00033743688254617155, 4.668618771574984e-07, 0.9992650151252747, 1.8530427192686716e-11, 0.0003044725744985044, 3.651564185573608e-13], "malicious score": 0.0003044725744985044}}}, "ResNet50": {"clean acc": 93.21000213623047, "prediction": 8, "poisons predictions": [8, 8, 8], "scores": [7.361988231078641e-23, 2.7795704154713286e-31, 3.7010061126458757e-31, 3.925525956830899e-30, 9.24371924557943e-25, 2.049700319261631e-22, 1.7462245570972618e-13, 6.000161824584073e-37, 1.0, 1.0502802223749571e-30], "malicious score": 1.0, "camera": {"2": {"prediction": 6, "scores": [1.4965917261889307e-23, 4.21787004955258e-24, 0.0, 4.725431641307027e-16, 2.0636717650676688e-16, 4.112149554202915e-08, 1.0, 1.6047729491280864e-34, 1.7032693311325176e-10, 4.511260309755243e-30], "malicious score": 1.7032693311325176e-10}, "4": {"prediction": 6, "scores": [4.193842460251146e-21, 3.153383242417355e-22, 0.0, 1.0884497780181887e-16, 2.1708631393418227e-20, 1.787729217994638e-07, 0.9998812675476074, 2.369145152288506e-31, 0.00011865036503877491, 3.655810520001045e-23], "malicious score": 0.00011865036503877491}}}, "ResNeXt29_2x64d": {"clean acc": 92.68000068664551, "prediction": 8, "poisons predictions": [6, 8, 8], "scores": [1.7149265341132036e-10, 5.2397968829609454e-05, 0.00545545807108283, 0.06004023551940918, 1.6303424535685605e-27, 6.171900276212539e-16, 0.031373489648103714, 9.103655607134442e-10, 0.9030784368515015, 1.1743922554756722e-16], "malicious score": 0.9030784368515015, "camera": {"2": {"prediction": 6, "scores": [1.0667671357995116e-22, 4.121101182691385e-19, 4.5935411030484374e-10, 0.014245174825191498, 2.385663001662699e-21, 3.87165982829174e-06, 0.9857515692710876, 2.588416460662936e-22, 1.9393956469118895e-15, 9.843832439440764e-17], "malicious score": 1.9393956469118895e-15}, "4": {"prediction": 6, "scores": [3.659491035943182e-17, 1.9212024549367102e-13, 8.394731594307814e-06, 0.1562134325504303, 1.0544526055991635e-20, 2.0881027751329384e-07, 0.8437774181365967, 6.678158866830694e-14, 8.375506399538324e-10, 6.422417681901287e-15], "malicious score": 8.375506399538324e-10}}}, "GoogLeNet": {"clean acc": 91.9000015258789, "prediction": 8, "poisons predictions": [6, 8, 8], "scores": [7.288760883739087e-08, 0.0003442417364567518, 1.2678693792622653e-06, 0.0014891864266246557, 1.5490033700160666e-09, 1.3763754395768046e-05, 0.20134161412715912, 4.056425417786613e-09, 0.7968096137046814, 4.212081794463529e-09], "malicious score": 0.7968096137046814, "camera": {"2": {"prediction": 6, "scores": [8.150325747635634e-09, 4.810224822904274e-07, 1.2716930086753564e-07, 0.004736758768558502, 1.118297745961172e-06, 9.489408512308728e-06, 0.9943938851356506, 1.6763924970408794e-10, 0.0008581227739341557, 1.3559493083903362e-07], "malicious score": 0.0008581227739341557}, "4": {"prediction": 6, "scores": [1.3999459724800545e-07, 1.2786308616341557e-05, 1.1485004733913229e-06, 0.02901269868016243, 7.183975725411074e-08, 1.3323397070053034e-06, 0.8673927187919617, 4.6495106431621025e-08, 0.10357894003391266, 1.3432139667202136e-07], "malicious score": 0.10357894003391266}}}, "MobileNetV2": {"clean acc": 86.91000175476074, "prediction": 8, "poisons predictions": [6, 8, 8], "scores": [6.108899015089264e-06, 3.7034803116527195e-22, 4.7006224690449017e-08, 2.9970313335070387e-05, 1.1312837863545278e-28, 2.052276968159128e-12, 0.00042139366269111633, 2.9799969043165972e-16, 0.9995423555374146, 1.9394379907829163e-32], "malicious score": 0.9995423555374146, "camera": {"2": {"prediction": 6, "scores": [4.382330942576118e-08, 6.194372209195706e-18, 0.0020905628334730864, 0.16109395027160645, 2.3189761591015233e-22, 0.016313260421156883, 0.8203933835029602, 8.642283394998118e-13, 0.0001087245691451244, 9.85535293538355e-20], "malicious score": 0.0001087245691451244}, "4": {"prediction": 6,