{"args": "Namespace(device='cuda', dset_path='datasets', end2end=False, eval_poisons_root='attack-results-10poisons/100-overlap/linear-transfer-learning/mean/800', gpu='1', lr_decay_epoch=[30, 45], model_resume_path='model-chks', num_per_class=50, poison_label=8, retrain_bsize=64, retrain_epochs=60, retrain_lr=0.1, retrain_momentum=0.9, retrain_opt='adam', retrain_wd=0, subset_group=0, target_camera=True, target_index_end=9, target_index_start=8, target_index_step=1, target_label=6, target_net=['DPN92', 'SENet18', 'ResNet50', 'ResNeXt29_2x64d', 'GoogLeNet', 'MobileNetV2', 'ResNet18', 'DenseNet121'], target_print_size=[2, 4], test_chk_name='ckpt-%s-4800.t7', train_data_path='datasets/CIFAR10_TRAIN_Split.pth')", "poison_label": 8, "target_label": 6, "targets": {"8": {}, "8": {"800": {"time": 420.0, "coeffs_time": 0, "poisons_time": 4, "target_loss": 0.006328887306153774, "total_loss": 0.07737921923398972, "coeff_list": [[0.10000000149011612, 0.10000000149011612, 0.10000000149011612, 0.10000000149011612, 0.10000000149011612, 0.10000000149011612, 0.10000000149011612, 0.10000000149011612, 0.10000000149011612, 0.10000000149011612], [0.10000000149011612, 0.10000000149011612, 0.10000000149011612, 0.10000000149011612, 0.10000000149011612, 0.10000000149011612, 0.10000000149011612, 0.10000000149011612, 0.10000000149011612, 0.10000000149011612], [0.10000000149011612, 0.10000000149011612, 0.10000000149011612, 0.10000000149011612, 0.10000000149011612, 0.10000000149011612, 0.10000000149011612, 0.10000000149011612, 0.10000000149011612, 0.10000000149011612], [0.10000000149011612, 0.10000000149011612, 0.10000000149011612, 0.10000000149011612, 0.10000000149011612, 0.10000000149011612, 0.10000000149011612, 0.10000000149011612, 0.10000000149011612, 0.10000000149011612], [0.10000000149011612, 0.10000000149011612, 0.10000000149011612, 0.10000000149011612, 0.10000000149011612, 0.10000000149011612, 0.10000000149011612, 0.10000000149011612, 0.10000000149011612, 0.10000000149011612], [0.10000000149011612, 0.10000000149011612, 0.10000000149011612, 0.10000000149011612, 0.10000000149011612, 0.10000000149011612, 0.10000000149011612, 0.10000000149011612, 0.10000000149011612, 0.10000000149011612], [0.10000000149011612, 0.10000000149011612, 0.10000000149011612, 0.10000000149011612, 0.10000000149011612, 0.10000000149011612, 0.10000000149011612, 0.10000000149011612, 0.10000000149011612, 0.10000000149011612], [0.10000000149011612, 0.10000000149011612, 0.10000000149011612, 0.10000000149011612, 0.10000000149011612, 0.10000000149011612, 0.10000000149011612, 0.10000000149011612, 0.10000000149011612, 0.10000000149011612], [0.10000000149011612, 0.10000000149011612, 0.10000000149011612, 0.10000000149011612, 0.10000000149011612, 0.10000000149011612, 0.10000000149011612, 0.10000000149011612, 0.10000000149011612, 0.10000000149011612], [0.10000000149011612, 0.10000000149011612, 0.10000000149011612, 0.10000000149011612, 0.10000000149011612, 0.10000000149011612, 0.10000000149011612, 0.10000000149011612, 0.10000000149011612, 0.10000000149011612], [0.10000000149011612, 0.10000000149011612, 0.10000000149011612, 0.10000000149011612, 0.10000000149011612, 0.10000000149011612, 0.10000000149011612, 0.10000000149011612, 0.10000000149011612, 0.10000000149011612], [0.10000000149011612, 0.10000000149011612, 0.10000000149011612, 0.10000000149011612, 0.10000000149011612, 0.10000000149011612, 0.10000000149011612, 0.10000000149011612, 0.10000000149011612, 0.10000000149011612], [0.10000000149011612, 0.10000000149011612, 0.10000000149011612, 0.10000000149011612, 0.10000000149011612, 0.10000000149011612, 0.10000000149011612, 0.10000000149011612, 0.10000000149011612, 0.10000000149011612], [0.10000000149011612, 0.10000000149011612, 0.10000000149011612, 0.10000000149011612, 0.10000000149011612, 0.10000000149011612, 0.10000000149011612, 0.10000000149011612, 0.10000000149011612, 0.10000000149011612], [0.10000000149011612, 0.10000000149011612, 0.10000000149011612, 0.10000000149011612, 0.10000000149011612, 0.10000000149011612, 0.10000000149011612, 0.10000000149011612, 0.10000000149011612, 0.10000000149011612], [0.10000000149011612, 0.10000000149011612, 0.10000000149011612, 0.10000000149011612, 0.10000000149011612, 0.10000000149011612, 0.10000000149011612, 0.10000000149011612, 0.10000000149011612, 0.10000000149011612], [0.10000000149011612, 0.10000000149011612, 0.10000000149011612, 0.10000000149011612, 0.10000000149011612, 0.10000000149011612, 0.10000000149011612, 0.10000000149011612, 0.10000000149011612, 0.10000000149011612], [0.10000000149011612, 0.10000000149011612, 0.10000000149011612, 0.10000000149011612, 0.10000000149011612, 0.10000000149011612, 0.10000000149011612, 0.10000000149011612, 0.10000000149011612, 0.10000000149011612]], "coeff_list_in_victim": [[0.11484231799840927, 0.10218022018671036, 0.0, 0.2791188359260559, 0.30898749828338623, 0.00588035024702549, 0.13279575109481812, 0.0, 0.0, 0.05619504302740097]], "victims": {"DPN92": {"clean acc": 92.16000137329101, "prediction": 8, "poisons predictions": [6, 8, 8, 8, 8, 8, 8, 8, 8, 8], "scores": [4.520299518246696e-17, 1.8200060844877468e-28, 1.401298464324817e-45, 5.0607202006964655e-24, 1.8464909864408115e-41, 4.548644394470263e-27, 7.871590749011781e-13, 1.2979527025808618e-40, 1.0, 0.0], "malicious score": 1.0, "camera": {"2": {"prediction": 5, "scores": [2.8206157852489105e-18, 1.6711731352571834e-32, 3.1534287531514874e-16, 0.0007858721655793488, 1.3176893251967573e-21, 0.998150646686554, 9.861349958839583e-09, 6.207401248066335e-27, 0.0010634127538651228, 1.1812685295368035e-28], "malicious score": 0.0010634127538651228}, "4": {"prediction": 3, "scores": [1.6751615087893138e-18, 4.421101523551501e-23, 8.276455489377756e-15, 0.9953573346138, 3.7120309014745904e-18, 0.004334216006100178, 6.040857397637822e-11, 1.4565633776906424e-22, 0.00030835464713163674, 7.439098543934093e-27], "malicious score": 0.00030835464713163674}}}, "SENet18": {"clean acc": 90.85000114440918, "prediction": 8, "poisons predictions": [8, 8, 8, 8, 8, 8, 8, 8, 8, 8], "scores": [3.5578859736845603e-12, 7.554523901980432e-18, 5.133515637856347e-17, 1.6299227592608823e-12, 3.256612757240873e-10, 1.272245816116564e-15, 0.005014002323150635, 5.2604122924719313e-23, 0.9949867725372314, 6.396136221242836e-22], "malicious score": 0.9949867725372314, "camera": {"2": {"prediction": 8, "scores": [8.125963096849986e-11, 1.2198081103117877e-20, 0.0044451686553657055, 0.0010546759003773332, 6.234205329747056e-08, 3.6439185350900516e-05, 0.00010170968744205311, 1.5107743029942138e-19, 0.9943616390228271, 3.3271088249915703e-13], "malicious score": 0.9943616390228271}, "4": {"prediction": 8, "scores": [9.371185605289156e-09, 3.3922606511185924e-15, 0.48893317580223083, 0.0005002916441299021, 2.1583654863377433e-09, 5.847330442065868e-08, 5.845247983415902e-07, 5.794667046546409e-13, 0.5105659365653992, 2.371156114337747e-13], "malicious score": 0.5105659365653992}}}, "ResNet50": {"clean acc": 92.84000205993652, "prediction": 8, "poisons predictions": [8, 8, 8, 8, 8, 8, 8, 8, 8, 8], "scores": [4.609518802966466e-27, 1.4713148510464088e-33, 6.53618854519359e-29, 1.9396016642013382e-39, 0.0, 2.853032732026918e-36, 1.964056536962744e-05, 1.0630081994552343e-39, 0.9999809265136719, 4.681652165567952e-31], "malicious score": 0.9999809265136719, "camera": {"2": {"prediction": 8, "scores": [2.3861161646125976e-15, 7.667928911760033e-26, 6.516923068953422e-20, 3.125577877126908e-20, 0.0, 1.016802354120161e-11, 6.951576087617082e-23, 3.3764438939233864e-31, 1.0, 8.489939671122584e-22], "malicious score": 1.0}, "4": {"prediction": 8, "scores": [2.13557596983948e-21, 1.6177698685395102e-30, 3.2973396291118784e-21, 1.0833303275031285e-30, 0.0, 4.995046544260685e-25, 7.884092142161625e-13, 5.735975137208792e-37, 1.0, 1.7282968683212486e-26], "malicious score": 1.0}}}, "ResNeXt29_2x64d": {"clean acc": 93.52000274658204, "prediction": 8, "poisons predictions": [8, 8, 8, 8, 8, 8, 8, 8, 8, 8],