{"args": "Namespace(device='cuda', dset_path='datasets', end2end=False, eval_poisons_root='attack-results-eps0.20/100-overlap/linear-transfer-learning/mean/800', gpu='1', lr_decay_epoch=[30, 45], model_resume_path='model-chks', num_per_class=50, poison_label=8, retrain_bsize=64, retrain_epochs=60, retrain_lr=0.1, retrain_momentum=0.9, retrain_opt='adam', retrain_wd=0, subset_group=0, target_camera=True, target_index_end=6, target_index_start=5, target_index_step=1, target_label=6, target_net=['DPN92', 'SENet18', 'ResNet50', 'ResNeXt29_2x64d', 'GoogLeNet', 'MobileNetV2', 'ResNet18', 'DenseNet121'], target_print_size=[2, 4], test_chk_name='ckpt-%s-4800.t7', train_data_path='datasets/CIFAR10_TRAIN_Split.pth')", "poison_label": 8, "target_label": 6, "targets": {"5": {}, "5": {"800": {"time": 355.0, "coeffs_time": 0, "poisons_time": 4, "target_loss": 0.027405131608247757, "total_loss": 0.08845825493335724, "coeff_list": [[0.20000000298023224, 0.20000000298023224, 0.20000000298023224, 0.20000000298023224, 0.20000000298023224], [0.20000000298023224, 0.20000000298023224, 0.20000000298023224, 0.20000000298023224, 0.20000000298023224], [0.20000000298023224, 0.20000000298023224, 0.20000000298023224, 0.20000000298023224, 0.20000000298023224], [0.20000000298023224, 0.20000000298023224, 0.20000000298023224, 0.20000000298023224, 0.20000000298023224], [0.20000000298023224, 0.20000000298023224, 0.20000000298023224, 0.20000000298023224, 0.20000000298023224], [0.20000000298023224, 0.20000000298023224, 0.20000000298023224, 0.20000000298023224, 0.20000000298023224], [0.20000000298023224, 0.20000000298023224, 0.20000000298023224, 0.20000000298023224, 0.20000000298023224], [0.20000000298023224, 0.20000000298023224, 0.20000000298023224, 0.20000000298023224, 0.20000000298023224], [0.20000000298023224, 0.20000000298023224, 0.20000000298023224, 0.20000000298023224, 0.20000000298023224], [0.20000000298023224, 0.20000000298023224, 0.20000000298023224, 0.20000000298023224, 0.20000000298023224], [0.20000000298023224, 0.20000000298023224, 0.20000000298023224, 0.20000000298023224, 0.20000000298023224], [0.20000000298023224, 0.20000000298023224, 0.20000000298023224, 0.20000000298023224, 0.20000000298023224], [0.20000000298023224, 0.20000000298023224, 0.20000000298023224, 0.20000000298023224, 0.20000000298023224], [0.20000000298023224, 0.20000000298023224, 0.20000000298023224, 0.20000000298023224, 0.20000000298023224], [0.20000000298023224, 0.20000000298023224, 0.20000000298023224, 0.20000000298023224, 0.20000000298023224], [0.20000000298023224, 0.20000000298023224, 0.20000000298023224, 0.20000000298023224, 0.20000000298023224], [0.20000000298023224, 0.20000000298023224, 0.20000000298023224, 0.20000000298023224, 0.20000000298023224], [0.20000000298023224, 0.20000000298023224, 0.20000000298023224, 0.20000000298023224, 0.20000000298023224]], "coeff_list_in_victim": [[0.030961820855736732, 0.25483861565589905, 0.1356576830148697, 0.25456538796424866, 0.32397645711898804]], "victims": {"DPN92": {"clean acc": 92.66000213623047, "prediction": 8, "poisons predictions": [8, 8, 8, 8, 8], "scores": [1.543261273545078e-17, 2.883675721663203e-32, 1.363463405788047e-42, 1.0771957911384669e-20, 8.965357965518134e-28, 7.341892237409002e-27, 8.538046571832103e-13, 0.0, 1.0, 0.0], "malicious score": 1.0, "camera": {"2": {"prediction": 3, "scores": [2.0328243532929946e-09, 3.899406349912224e-23, 2.9264338174961324e-10, 0.9987826347351074, 3.9059400158691915e-09, 0.0012128986418247223, 3.01921617047729e-12, 3.1314567351140037e-38, 4.354572865850059e-06, 6.025577579211669e-14], "malicious score": 4.354572865850059e-06}, "4": {"prediction": 3, "scores": [7.196774426398989e-11, 2.7805136126353784e-24, 1.229669747374474e-14, 0.9999227523803711, 3.256980685151234e-09, 6.656393088633195e-05, 5.425635635214476e-12, 7.104274928464671e-40, 1.0687049325497355e-05, 8.118382518398513e-16], "malicious score": 1.0687049325497355e-05}}}, "SENet18": {"clean acc": 92.05000152587891, "prediction": 8, "poisons predictions": [8, 8, 8, 8, 8], "scores": [5.084762905865903e-13, 1.0862629545860258e-10, 2.7493883167589782e-24, 5.629373135085655e-20, 1.138279195293107e-13, 6.187649497888295e-23, 2.2119679954357707e-07, 5.1182521491454497e-14, 1.0, 9.945013626917587e-19], "malicious score": 1.0, "camera": {"2": {"prediction": 6, "scores": [7.955028559081256e-05, 1.3954358502044073e-10, 6.49470166536048e-08, 0.00010226798622170463, 7.515461038565263e-05, 1.6672766500747116e-09, 0.9607290029525757, 4.0444350091206616e-09, 0.03901408240199089, 5.3622536966280165e-11], "malicious score": 0.03901408240199089}, "4": {"prediction": 8, "scores": [4.975924639438745e-06, 4.122377994519866e-10, 5.917542931360709e-12, 1.976842023410086e-09, 1.560362079544575e-07, 3.956904587516276e-14, 0.11744214594364166, 7.1207245655458e-10, 0.882552444934845, 2.8779489371060646e-14], "malicious score": 0.882552444934845}}}, "ResNet50": {"clean acc": 93.58000183105469, "prediction": 8, "poisons predictions": [8, 8, 8, 8, 8], "scores": [7.121747111053005e-24, 6.467374071382095e-18, 3.891707114599847e-39, 5.256465817000615e-21, 3.4682239912366753e-34, 1.5004793243331066e-30, 9.146087220912591e-10, 4.9188563312930017e-20, 1.0, 4.719248201530397e-18], "malicious score": 1.0, "camera": {"2": {"prediction": 3, "scores": [5.225030855353592e-24, 9.829025885300241e-14, 5.026244804612551e-16, 0.9998245239257812, 3.6600040843783606e-19, 4.339240785118516e-33, 8.476209643025479e-13, 0.00017559819389134645, 1.1659068892624913e-12, 3.802482770585019e-17], "malicious score": 1.1659068892624913e-12}, "4": {"prediction": 3, "scores": [2.299625064844491e-27, 2.560828949609885e-14, 6.628749653137564e-27, 1.0, 3.9778546109222736e-27, 2.3298059261007728e-34, 4.823401122955318e-10, 6.784331429976476e-11, 9.28176979719808e-11, 1.5208405417493586e-20], "malicious score": 9.28176979719808e-11}}}, "ResNeXt29_2x64d": {"clean acc": 93.2700008392334, "prediction": 8, "poisons predictions": [8, 8, 8, 8, 8], "scores": [7.231001190982494e-24, 1.73085539848675e-20, 9.683955296348881e-21, 7.114981211619673e-14, 3.5216771613629607e-31, 5.374241765651702e-23, 6.392143758748858e-12, 1.8375385622983334e-19, 1.0, 3.6779758400387124e-26], "malicious score": 1.0, "camera": {"2": {"prediction": 3, "scores": [4.733168824059052e-17, 5.222302226957584e-16, 4.024220956466706e-09, 0.9999685287475586, 1.6656883872201433e-06, 8.885335489594581e-08, 2.9557628295151517e-05, 1.239041941963892e-11, 3.530055581180136e-09, 3.559882660022825e-19], "malicious score": 3.530055581180136e-09}, "4": {"prediction": 3, "scores": [1.6301028632411822e-16, 5.839945226623205e-14, 1.7280274433595366e-10, 0.9999990463256836, 5.1424101088493046e-11, 9.029726966147678e-10, 4.171486693849147e-07, 2.482786328958375e-12, 5.294139668876596e-07, 2.3178763779677085e-17], "malicious score": 5.294139668876596e-07}}}, "GoogLeNet": {"clean acc": 91.91000137329101, "prediction": 8, "poisons predictions": [8, 8, 8, 8, 8], "scores": [2.4210616870669588e-20, 3.7747782677399755e-09, 2.176552590992539e-19, 8.591675149105527e-10, 5.600434395749976e-13, 1.33736080478071e-13, 5.88080339980479e-09, 3.4466916765234234e-16, 1.0, 2.548838870016233e-16], "malicious score": 1.0, "camera": {"2": {"prediction": 3, "scores": [1.163867786868611e-11, 0.000493969360832125, 0.0003315575304441154, 0.9134277105331421, 3.135516521979298e-07, 0.0029966484289616346, 0.035246700048446655, 1.6842431449504147e-08, 0.04750309884548187, 1.822483053359747e-09], "malicious score": 0.04750309884548187}, "4": {"prediction": 3, "scores": [2.4814891894792135e-12, 0.00026141456328332424, 6.42681261524558e-05, 0.9198941588401794, 8.391157280129846e-07, 0.000817292311694473, 0.016819801181554794, 1.862915155470546e-08, 0.06214231252670288, 2.0195213557006042e-10], "malicious score": 0.06214231252670288}}}, "MobileNetV2": {"clean acc": 87.65000076293946, "prediction": 6, "poisons predictions": [8, 8, 8, 8, 8],