{"args": "Namespace(device='cuda', dset_path='datasets', end2end=False, eval_poisons_root='attack-results-eps0.30/100-overlap/linear-transfer-learning/mean/800', gpu='3', lr_decay_epoch=[30, 45], model_resume_path='model-chks', num_per_class=50, poison_label=8, retrain_bsize=64, retrain_epochs=60, retrain_lr=0.1, retrain_momentum=0.9, retrain_opt='adam', retrain_wd=0, subset_group=0, target_camera=True, target_index_end=32, target_index_start=31, target_index_step=1, target_label=6, target_net=['DPN92', 'SENet18', 'ResNet50', 'ResNeXt29_2x64d', 'GoogLeNet', 'MobileNetV2', 'ResNet18', 'DenseNet121'], target_print_size=[2, 4], test_chk_name='ckpt-%s-4800.t7', train_data_path='datasets/CIFAR10_TRAIN_Split.pth')", "poison_label": 8, "target_label": 6, "targets": {"31": {}, "31": {"800": {"time": 478.0, "coeffs_time": 0, "poisons_time": 6, "target_loss": 0.004929226823151112, "total_loss": 0.06995140016078949, "coeff_list": [[0.20000000298023224, 0.20000000298023224, 0.20000000298023224, 0.20000000298023224, 0.20000000298023224], [0.20000000298023224, 0.20000000298023224, 0.20000000298023224, 0.20000000298023224, 0.20000000298023224], [0.20000000298023224, 0.20000000298023224, 0.20000000298023224, 0.20000000298023224, 0.20000000298023224], [0.20000000298023224, 0.20000000298023224, 0.20000000298023224, 0.20000000298023224, 0.20000000298023224], [0.20000000298023224, 0.20000000298023224, 0.20000000298023224, 0.20000000298023224, 0.20000000298023224], [0.20000000298023224, 0.20000000298023224, 0.20000000298023224, 0.20000000298023224, 0.20000000298023224], [0.20000000298023224, 0.20000000298023224, 0.20000000298023224, 0.20000000298023224, 0.20000000298023224], [0.20000000298023224, 0.20000000298023224, 0.20000000298023224, 0.20000000298023224, 0.20000000298023224], [0.20000000298023224, 0.20000000298023224, 0.20000000298023224, 0.20000000298023224, 0.20000000298023224], [0.20000000298023224, 0.20000000298023224, 0.20000000298023224, 0.20000000298023224, 0.20000000298023224], [0.20000000298023224, 0.20000000298023224, 0.20000000298023224, 0.20000000298023224, 0.20000000298023224], [0.20000000298023224, 0.20000000298023224, 0.20000000298023224, 0.20000000298023224, 0.20000000298023224], [0.20000000298023224, 0.20000000298023224, 0.20000000298023224, 0.20000000298023224, 0.20000000298023224], [0.20000000298023224, 0.20000000298023224, 0.20000000298023224, 0.20000000298023224, 0.20000000298023224], [0.20000000298023224, 0.20000000298023224, 0.20000000298023224, 0.20000000298023224, 0.20000000298023224], [0.20000000298023224, 0.20000000298023224, 0.20000000298023224, 0.20000000298023224, 0.20000000298023224], [0.20000000298023224, 0.20000000298023224, 0.20000000298023224, 0.20000000298023224, 0.20000000298023224], [0.20000000298023224, 0.20000000298023224, 0.20000000298023224, 0.20000000298023224, 0.20000000298023224]], "coeff_list_in_victim": [[0.0, 0.1294211894273758, 0.0, 0.7087307572364807, 0.16184812784194946]], "victims": {"DPN92": {"clean acc": 92.56000137329102, "prediction": 8, "poisons predictions": [8, 8, 8, 8, 8], "scores": [5.032231435737495e-23, 1.4729953363712411e-05, 9.42212418766009e-31, 6.884494483419242e-15, 2.225632046789585e-23, 1.651156264191882e-16, 0.00022510213602799922, 5.731768943686336e-39, 0.9997596740722656, 0.0], "malicious score": 0.9997596740722656, "camera": {"2": {"prediction": 8, "scores": [2.447013331356998e-35, 1.5097212369141744e-10, 1.027599513422591e-15, 2.3217909983941354e-05, 1.7716883515817017e-09, 0.01027439720928669, 0.03073684684932232, 1.4627141996918237e-32, 0.9589650630950928, 0.0], "malicious score": 0.9589650630950928}, "4": {"prediction": 8, "scores": [7.575182225351411e-34, 1.0430475927414307e-11, 5.344924857390984e-15, 3.2987300073727965e-06, 7.281058893825187e-13, 0.0064241597428917885, 0.010630406439304352, 1.2736151212345774e-30, 0.9829419255256653, 0.0], "malicious score": 0.9829419255256653}}}, "SENet18": {"clean acc": 91.60000114440918, "prediction": 6, "poisons predictions": [6, 6, 6, 6, 6], "scores": [2.300464159443738e-11, 1.4239328574756904e-14, 1.3444807791529456e-06, 2.8053497302948927e-08, 8.075759978964925e-06, 1.289353068756327e-08, 0.9588169455528259, 3.510152509897349e-18, 0.0411735363304615, 5.972321595604235e-12], "malicious score": 0.0411735363304615, "camera": {"2": {"prediction": 6, "scores": [1.7850994293855393e-10, 5.557367450503826e-18, 0.0001263128942809999, 3.359008587722201e-06, 9.104819582717028e-06, 0.00022691048798151314, 0.9880508780479431, 6.926628469784292e-19, 0.01158292405307293, 4.155480848311299e-09], "malicious score": 0.01158292405307293}, "4": {"prediction": 6, "scores": [4.8848654288224935e-11, 1.149823858045408e-18, 1.5141955245212557e-08, 8.700134458194952e-06, 7.616941002197564e-05, 0.00011217232531635091, 0.9798617362976074, 8.050116066811097e-21, 0.019940929487347603, 7.761872256040192e-10], "malicious score": 0.019940929487347603}}}, "ResNet50": {"clean acc": 93.84000205993652, "prediction": 6, "poisons predictions": [8, 8, 8, 8, 8], "scores": [0.0, 4.579033361482841e-38, 2.6261749138256977e-34, 0.0, 3.923635700109488e-44, 9.655058523075136e-40, 0.8524755239486694, 0.0, 0.14752279222011566, 7.006492321624085e-45], "malicious score": 0.14752279222011566, "camera": {"2": {"prediction": 8, "scores": [0.0, 7.970185176220533e-35, 3.605006993456753e-34, 8.281673924159669e-43, 1.0581398078133686e-27, 7.937543696534691e-26, 1.3191409379942343e-05, 1.1740078534113317e-40, 0.9999885559082031, 4.807831404264666e-33], "malicious score": 0.9999885559082031}, "4": {"prediction": 8, "scores": [0.0, 3.6150249367143047e-38, 2.525518331275806e-35, 0.0, 3.425599188543417e-32, 4.124335642481517e-29, 0.0012090984964743257, 6.726232628759122e-44, 0.9987914562225342, 1.0624303263893222e-36], "malicious score": 0.9987914562225342}}}, "ResNeXt29_2x64d": {"clean acc": 93.14000129699707, "prediction": 6, "poisons predictions": [8, 8, 8, 8, 8], "scores": [1.4276820439907976e-23, 4.199696819792004e-16, 5.943055492174665e-10, 1.4866504693955562e-09, 8.766595374873187e-29, 4.159758475175135e-15, 0.9237751364707947, 3.504452821886552e-18, 0.07622438669204712, 3.5499270243628665e-20], "malicious score": 0.07622438669204712, "camera": {"2": {"prediction": 6, "scores": [4.041165601213526e-24, 3.441165052274361e-21, 1.8983002669781257e-11, 1.2139897762608598e-06, 3.1008083877263545e-14, 1.6135192026922596e-07, 0.5829200148582458, 1.8295140944850664e-21, 0.4170791506767273, 5.087491110050549e-16], "malicious score": 0.4170791506767273}, "4": {"prediction": 6, "scores": [2.9967764771428716e-24, 2.6996183328307246e-23, 1.1850395109647138e-09, 1.0032025556938606e-06, 2.302171964174704e-07, 0.000503312039654702, 0.9041349291801453, 8.674526244582078e-19, 0.09536021202802658, 1.8963143230167623e-14], "malicious score": 0.09536021202802658}}}, "GoogLeNet": {"clean acc": 92.46000137329102, "prediction": 6, "poisons predictions": [6, 8, 8, 8, 8], "scores": [1.3893512974480233e-14, 1.875596922218392e-08, 1.646620830797474e-07, 0.00013420020695775747, 1.189797288470018e-10, 5.8862246078206226e-05, 0.9902941584587097, 3.42468737812851e-08, 0.009512328542768955, 2.8571767174412344e-10], "malicious score": 0.009512328542768955, "camera": {"2": {"prediction": 5, "scores": [2.8798588513900825e-11, 1.1163593605090227e-08, 0.00015294461627490819, 0.4891158938407898, 0.00035510514862835407, 0.501952052116394, 0.008421727456152439, 1.5394351595478814e-15, 2.8767601634172024e-07, 1.9996630271634785e-06], "malicious score": 2.8767601634172024e-07}, "4": {"prediction": 5, "scores": [6.096376116600244e-13, 2.250249292456985e-11, 1.3525372196454555e-05, 0.0014557609101757407, 0.0001085839539882727, 0.9780943989753723, 0.02030772715806961, 9.296963155921989e-13, 1.956014966708608e-05, 5.906506999053818e-07], "malicious score": 1.956014966708608e-05}}}, "MobileNetV2": {"clean acc": 87.6400016784668, "prediction": 6, "poisons predictions": [8, 8, 8, 6, 8],