{"args": "Namespace(device='cuda', dset_path='datasets', end2end=False, eval_poisons_root='attack-results-10poisons/100-overlap/linear-transfer-learning/convex/800', gpu='0', lr_decay_epoch=[30, 45], model_resume_path='model-chks', num_per_class=50, poison_label=8, retrain_bsize=64, retrain_epochs=60, retrain_lr=0.1, retrain_momentum=0.9, retrain_opt='adam', retrain_wd=0, subset_group=0, target_camera=True, target_index_end=45, target_index_start=44, target_index_step=1, target_label=6, target_net=['DPN92', 'SENet18', 'ResNet50', 'ResNeXt29_2x64d', 'GoogLeNet', 'MobileNetV2', 'ResNet18', 'DenseNet121'], target_print_size=[2, 4], test_chk_name='ckpt-%s-4800.t7', train_data_path='datasets/CIFAR10_TRAIN_Split.pth')", "poison_label": 8, "target_label": 6, "targets": {"44": {}, "44": {"800": {"time": 29785.0, "coeffs_time": 27752, "poisons_time": 29383, "target_loss": 0.010412663221359253, "total_loss": 0.002134827198460698, "coeff_list": [[0.03243202716112137, 0.0, 0.4393805265426636, 0.0, 0.0, 0.0, 0.2750168442726135, 0.06073811277747154, 0.17122434079647064, 0.021208152174949646], [0.10929155349731445, 0.0, 0.0026366845704615116, 0.18940415978431702, 0.07107268273830414, 0.0, 0.10236549377441406, 0.17074526846408844, 0.14040523767471313, 0.21407905220985413], [0.0, 0.0, 0.49581393599510193, 0.18943163752555847, 0.0, 0.008009628392755985, 0.0, 0.009216881357133389, 0.28229624032974243, 0.015231710858643055], [0.0, 0.0, 0.0, 0.17072860896587372, 0.0, 0.0, 0.0930989682674408, 0.0, 0.6756513118743896, 0.06052107736468315], [0.039509616792201996, 0.27018415927886963, 0.14225192368030548, 0.17700865864753723, 0.11267594993114471, 0.0, 0.07119583338499069, 0.08363150805234909, 0.10354229807853699, 0.0], [0.25785961747169495, 0.04491490498185158, 0.04979385808110237, 0.0, 0.08605426549911499, 0.0, 0.0, 0.0, 0.4611424505710602, 0.10023485869169235], [0.0, 0.0, 0.0, 0.0, 0.7226342558860779, 0.0, 0.09160611778497696, 0.0, 0.0, 0.18575967848300934], [0.0800408124923706, 0.16011756658554077, 0.0, 0.19230712950229645, 0.41999953985214233, 0.021674802526831627, 0.0741966962814331, 0.034944985061883926, 0.0, 0.016718437895178795], [0.0446692630648613, 0.0, 0.1925082802772522, 0.02202429808676243, 0.0, 0.0, 0.24422982335090637, 0.015347156673669815, 0.4181409478187561, 0.06308022886514664], [0.0, 0.048538438975811005, 0.07055582106113434, 0.12225770950317383, 0.047480978071689606, 0.0, 0.20233868062496185, 0.0, 0.08642996847629547, 0.4223984479904175], [0.38872429728507996, 0.14520642161369324, 0.05823925882577896, 0.0019471637206152081, 0.09772249311208725, 0.0238976888358593, 0.049756333231925964, 0.030757637694478035, 0.13462315499782562, 0.06912560015916824], [0.06458710879087448, 0.1289755403995514, 0.2566733658313751, 0.06063675880432129, 0.0, 0.21120436489582062, 0.024253511801362038, 0.1300344467163086, 0.08597276359796524, 0.037662141025066376], [0.147331103682518, 0.0, 0.28981325030326843, 0.21238955855369568, 0.05638830363750458, 0.0, 0.2940778136253357, 0.0, 0.0, 0.0], [0.1734628826379776, 0.0, 0.09759495407342911, 0.23582442104816437, 0.0, 0.0, 0.27392908930778503, 0.0, 0.14958776533603668, 0.0696009173989296], [0.0, 0.2571827471256256, 0.12198609113693237, 0.17084796726703644, 0.0, 0.0, 0.07837873697280884, 0.021072179079055786, 0.30373144149780273, 0.04680080711841583], [0.0, 0.0, 0.002370161470025778, 0.46282801032066345, 0.1573786735534668, 0.02938702702522278, 0.11595892161130905, 0.002917984966188669, 0.10906238108873367, 0.12009680271148682], [0.09699225425720215, 0.22248512506484985, 0.03402399271726608, 0.0, 0.2919555604457855, 0.0, 0.23054693639278412, 0.016250567510724068, 0.10774559527635574, 0.0], [0.0, 0.0, 0.281938374042511, 0.04155450314283371, 0.19802752137184143, 0.13351179659366608, 0.344967782497406, 0.0, 0.0, 0.0]], "coeff_list_in_victim": [[0.0, 0.0, 0.20766881108283997, 0.03861640393733978, 0.1221153512597084, 0.0, 0.19599032402038574, 0.0, 0.4356091320514679, 0.0]], "victims": {"DPN92": {"clean acc": 92.34000167846679, "prediction": 6, "poisons predictions": [8, 8, 8, 6, 8, 8, 8, 8, 6, 8], "scores": [1.78912351600502e-08, 7.779590632150112e-27, 1.0080707079457253e-36, 1.835181583521167e-15, 3.835887491940689e-33, 2.1686118186707434e-20, 0.9957517981529236, 0.0, 0.004246313124895096, 0.0], "malicious score": 0.004246313124895096, "camera": {}}, "SENet18": {"clean acc": 90.72000122070312, "prediction": 8, "poisons predictions": [6, 8, 8, 8, 8, 8, 6, 3, 8, 8], "scores": [0.00016228629101533443, 6.375021495939881e-13, 9.491429170394028e-11, 2.023237966053415e-10, 2.8915301264476057e-09, 8.329703029760771e-14, 0.3747747540473938, 1.869530572204453e-21, 0.6250622868537903, 6.906876587896608e-16], "malicious score": 0.6250622868537903, "camera": {}}, "ResNet50": {"clean acc": 92.43000144958496, "prediction": 6, "poisons predictions": [8, 8, 8, 8, 8, 8, 8, 8, 6, 8], "scores": [0.0, 2.7707262806657798e-34, 7.466175671159663e-39, 2.9287137904388677e-43, 2.0825302355788775e-26, 7.038101132436413e-25, 0.503354549407959, 1.7095841264762768e-43, 0.4966455399990082, 9.7984703338315e-23], "malicious score": 0.4966455399990082, "camera": {}}, "ResNeXt29_2x64d": {"clean acc": 93.55000152587891, "prediction": 6, "poisons predictions": [8, 8, 8, 8, 8, 8, 8, 3, 8, 8], "scores": [9.786003857661209e-21, 2.1686481978155895e-17, 1.80063551417399e-13, 1.447156977585351e-10, 0.0, 4.337345573780417e-22, 0.997323751449585, 8.299273154078468e-17, 0.0026770178228616714, 5.912686614632258e-21], "malicious score": 0.0026770178228616714, "camera": {}}, "GoogLeNet": {"clean acc": 91.63000144958497, "prediction": 8, "poisons predictions": [8, 8, 8, 8, 8, 8, 8, 8, 6, 8], "scores": [8.58816093796122e-08, 3.202748359854013e-07, 2.5469905722275143e-06, 0.00010000837937695906, 1.343660321895257e-10, 4.7441022616112605e-05, 0.21593685448169708, 9.089652919236357e-10, 0.7839128375053406, 7.753896413831285e-10], "malicious score": 0.7839128375053406, "camera": {}}, "MobileNetV2": {"clean acc": 86.91000099182129, "prediction": 6, "poisons predictions": [8, 8, 8, 8, 8, 8, 8, 6, 8, 6], "scores": [8.766441045304774e-11, 1.5265730908024586e-18, 1.4513518635794753e-06, 0.00014511015615426004, 5.82774390760042e-16, 3.2811112760100514e-05, 0.9775385856628418, 2.113063786175328e-14, 0.02228202112019062, 8.575133256153472e-19], "malicious score": 0.02228202112019062, "camera": {}}, "ResNet18": {"clean acc": 92.23000221252441, "prediction": 6, "poisons predictions": [8, 8, 8, 6, 8, 8, 8, 8, 6, 8], "scores": [1.0230933506176702e-23, 1.485814138391106e-09, 4.990494129053502e-10, 0.0012929820222780108, 2.695360755861938e-21, 5.234372792983777e-07, 0.656018078327179, 3.732097045820596e-16, 0.34268853068351746, 3.866006072638804e-16], "malicious score": 0.34268853068351746, "camera": {}}, "DenseNet121": {"clean acc": 92.91000099182129, "prediction": 8, "poisons predictions": [8, 8, 8, 8, 8, 8, 8, 8, 8, 8], "scores": [2.7284763337576123e-09, 2.9193948733141043e-16, 9.355902363950008e-08, 0.0001221733255079016, 1.5598657212905973e-14, 2.2198346414370462e-06, 0.46815648674964905, 1.3725139716628162e-20, 0.5317185521125793, 3.737957073859585e-14], "malicious score": 0.5317185521125793, "camera": {}}}}}}, "poison_idx_list": [213, 225, 227, 247, 249, 253, 261, 271, 273, 281]}