{"args": "Namespace(device='cuda', dset_path='datasets', end2end=False, eval_poisons_root='attack-results-3poisons/100-overlap/linear-transfer-learning/mean/800', gpu='0', lr_decay_epoch=[30, 45], model_resume_path='model-chks', num_per_class=50, poison_label=8, retrain_bsize=64, retrain_epochs=60, retrain_lr=0.1, retrain_momentum=0.9, retrain_opt='adam', retrain_wd=0, subset_group=0, target_camera=True, target_index_end=47, target_index_start=46, target_index_step=1, target_label=6, target_net=['DPN92', 'SENet18', 'ResNet50', 'ResNeXt29_2x64d', 'GoogLeNet', 'MobileNetV2', 'ResNet18', 'DenseNet121'], target_print_size=[2, 4], test_chk_name='ckpt-%s-4800.t7', train_data_path='datasets/CIFAR10_TRAIN_Split.pth')", "poison_label": 8, "target_label": 6, "targets": {"46": {}, "46": {"800": {"time": 337.0, "coeffs_time": 0, "poisons_time": 4, "target_loss": 0.029742056503891945, "total_loss": 0.07942315936088562, "coeff_list": [[0.3333333432674408, 0.3333333432674408, 0.3333333432674408], [0.3333333432674408, 0.3333333432674408, 0.3333333432674408], [0.3333333432674408, 0.3333333432674408, 0.3333333432674408], [0.3333333432674408, 0.3333333432674408, 0.3333333432674408], [0.3333333432674408, 0.3333333432674408, 0.3333333432674408], [0.3333333432674408, 0.3333333432674408, 0.3333333432674408], [0.3333333432674408, 0.3333333432674408, 0.3333333432674408], [0.3333333432674408, 0.3333333432674408, 0.3333333432674408], [0.3333333432674408, 0.3333333432674408, 0.3333333432674408], [0.3333333432674408, 0.3333333432674408, 0.3333333432674408], [0.3333333432674408, 0.3333333432674408, 0.3333333432674408], [0.3333333432674408, 0.3333333432674408, 0.3333333432674408], [0.3333333432674408, 0.3333333432674408, 0.3333333432674408], [0.3333333432674408, 0.3333333432674408, 0.3333333432674408], [0.3333333432674408, 0.3333333432674408, 0.3333333432674408], [0.3333333432674408, 0.3333333432674408, 0.3333333432674408], [0.3333333432674408, 0.3333333432674408, 0.3333333432674408], [0.3333333432674408, 0.3333333432674408, 0.3333333432674408]], "coeff_list_in_victim": [[1.0, 0.0, 0.0]], "victims": {"DPN92": {"clean acc": 92.2500015258789, "prediction": 8, "poisons predictions": [8, 6, 8], "scores": [7.055708795000726e-10, 1.605126170867166e-10, 1.2455735672828645e-39, 9.185960325730491e-11, 2.9468341115453133e-28, 3.5590888722780104e-15, 0.040137868374586105, 0.0, 0.9598617553710938, 0.0], "malicious score": 0.9598617553710938, "camera": {}}, "SENet18": {"clean acc": 91.27000160217285, "prediction": 6, "poisons predictions": [8, 6, 6], "scores": [4.251881624561804e-10, 6.123135418839576e-12, 1.0135149013448808e-14, 1.9013984831062203e-11, 2.9316436211956898e-06, 6.835376313357386e-15, 0.9844062924385071, 2.791663098961544e-16, 0.015590719878673553, 2.912185630316235e-17], "malicious score": 0.015590719878673553, "camera": {}}, "ResNet50": {"clean acc": 93.36000175476075, "prediction": 8, "poisons predictions": [8, 8, 8], "scores": [2.145459391875052e-33, 2.275162524758369e-16, 4.975260355546315e-21, 1.2043882833318271e-27, 7.355806363547369e-32, 4.2775464930085136e-17, 4.558694399747765e-06, 1.0706934369328087e-14, 0.9999961853027344, 4.5696316197142706e-14], "malicious score": 0.9999961853027344, "camera": {}}, "ResNeXt29_2x64d": {"clean acc": 92.99000129699706, "prediction": 6, "poisons predictions": [8, 8, 8], "scores": [1.656308996636756e-25, 8.357088177035621e-07, 2.155334287781696e-12, 1.9389291949778453e-08, 0.0, 1.985259269567023e-29, 0.6778972148895264, 2.1215347505975254e-23, 0.32210204005241394, 9.502369074420103e-30], "malicious score": 0.32210204005241394, "camera": {}}, "GoogLeNet": {"clean acc": 92.2500015258789, "prediction": 6, "poisons predictions": [8, 8, 6], "scores": [4.5440590174103054e-15, 4.2834563673821435e-10, 1.7454822032192396e-09, 2.413140009593917e-06, 1.294602869594515e-14, 5.6301377782119744e-08, 0.9894285202026367, 8.949081831133299e-08, 0.010568542405962944, 3.41561597527653e-14], "malicious score": 0.010568542405962944, "camera": {}}, "MobileNetV2": {"clean acc": 87.33000221252442, "prediction": 6, "poisons predictions": [6, 8, 8], "scores": [7.131928381198804e-09, 1.9751760227393333e-09, 7.307197624761841e-10, 8.134160452755168e-05, 2.8599799457522984e-17, 7.970875348650708e-11, 0.8512845635414124, 5.832926161050841e-16, 0.14863502979278564, 1.2471307583614666e-20], "malicious score": 0.14863502979278564, "camera": {}}, "ResNet18": {"clean acc": 92.76000137329102, "prediction": 8, "poisons predictions": [6, 8, 8], "scores": [1.3069189807722433e-17, 2.672052249602652e-12, 1.713633017334665e-16, 3.4424960176693276e-05, 2.0000394204984656e-26, 9.623012022647037e-13, 0.4408310055732727, 2.913259694245496e-12, 0.559134840965271, 1.2233556650080032e-18], "malicious score": 0.559134840965271, "camera": {}}, "DenseNet121": {"clean acc": 93.06000137329102, "prediction": 6, "poisons predictions": [8, 8, 8], "scores": [3.515626190164767e-07, 9.462567396312238e-10, 7.522511259738796e-12, 2.5745375751284882e-06, 2.7947060061705997e-06, 9.908183074003318e-07, 0.9969885349273682, 1.425097067204e-16, 0.003004901809617877, 7.103392096752259e-09], "malicious score": 0.003004901809617877, "camera": {}}}}}}, "poison_idx_list": [213, 225, 227]}