{"args": "Namespace(device='cuda', dset_path='datasets', end2end=False, eval_poisons_root='attack-results-eps0.20/100-overlap/linear-transfer-learning/mean/800', gpu='1', lr_decay_epoch=[30, 45], model_resume_path='model-chks', num_per_class=50, poison_label=8, retrain_bsize=64, retrain_epochs=60, retrain_lr=0.1, retrain_momentum=0.9, retrain_opt='adam', retrain_wd=0, subset_group=0, target_camera=True, target_index_end=23, target_index_start=22, target_index_step=1, target_label=6, target_net=['DPN92', 'SENet18', 'ResNet50', 'ResNeXt29_2x64d', 'GoogLeNet', 'MobileNetV2', 'ResNet18', 'DenseNet121'], target_print_size=[2, 4], test_chk_name='ckpt-%s-4800.t7', train_data_path='datasets/CIFAR10_TRAIN_Split.pth')", "poison_label": 8, "target_label": 6, "targets": {"22": {}, "22": {"800": {"time": 354.0, "coeffs_time": 0, "poisons_time": 5, "target_loss": 0.006576695945113897, "total_loss": 0.07436306774616241, "coeff_list": [[0.20000000298023224, 0.20000000298023224, 0.20000000298023224, 0.20000000298023224, 0.20000000298023224], [0.20000000298023224, 0.20000000298023224, 0.20000000298023224, 0.20000000298023224, 0.20000000298023224], [0.20000000298023224, 0.20000000298023224, 0.20000000298023224, 0.20000000298023224, 0.20000000298023224], [0.20000000298023224, 0.20000000298023224, 0.20000000298023224, 0.20000000298023224, 0.20000000298023224], [0.20000000298023224, 0.20000000298023224, 0.20000000298023224, 0.20000000298023224, 0.20000000298023224], [0.20000000298023224, 0.20000000298023224, 0.20000000298023224, 0.20000000298023224, 0.20000000298023224], [0.20000000298023224, 0.20000000298023224, 0.20000000298023224, 0.20000000298023224, 0.20000000298023224], [0.20000000298023224, 0.20000000298023224, 0.20000000298023224, 0.20000000298023224, 0.20000000298023224], [0.20000000298023224, 0.20000000298023224, 0.20000000298023224, 0.20000000298023224, 0.20000000298023224], [0.20000000298023224, 0.20000000298023224, 0.20000000298023224, 0.20000000298023224, 0.20000000298023224], [0.20000000298023224, 0.20000000298023224, 0.20000000298023224, 0.20000000298023224, 0.20000000298023224], [0.20000000298023224, 0.20000000298023224, 0.20000000298023224, 0.20000000298023224, 0.20000000298023224], [0.20000000298023224, 0.20000000298023224, 0.20000000298023224, 0.20000000298023224, 0.20000000298023224], [0.20000000298023224, 0.20000000298023224, 0.20000000298023224, 0.20000000298023224, 0.20000000298023224], [0.20000000298023224, 0.20000000298023224, 0.20000000298023224, 0.20000000298023224, 0.20000000298023224], [0.20000000298023224, 0.20000000298023224, 0.20000000298023224, 0.20000000298023224, 0.20000000298023224], [0.20000000298023224, 0.20000000298023224, 0.20000000298023224, 0.20000000298023224, 0.20000000298023224], [0.20000000298023224, 0.20000000298023224, 0.20000000298023224, 0.20000000298023224, 0.20000000298023224]], "coeff_list_in_victim": [[0.0, 0.31093135476112366, 0.0, 0.054667793214321136, 0.6344008445739746]], "victims": {"DPN92": {"clean acc": 92.64000205993652, "prediction": 6, "poisons predictions": [8, 6, 8, 8, 6], "scores": [1.844934144693e-12, 9.592763177653724e-23, 3.3001840003467334e-40, 5.822430364043176e-17, 1.3295741066275061e-30, 3.674517567507456e-23, 0.9994775056838989, 0.0, 0.0005232184776104987, 0.0], "malicious score": 0.0005232184776104987, "camera": {"2": {"prediction": 6, "scores": [1.5911210835195592e-16, 2.295723660407897e-28, 8.771574957022367e-30, 3.724369770918834e-11, 1.0984848662157328e-25, 1.097458148663355e-11, 0.9739736914634705, 7.847271400218976e-44, 0.026027005165815353, 0.0], "malicious score": 0.026027005165815353}, "4": {"prediction": 6, "scores": [1.334712420745848e-14, 1.4868142192814529e-25, 1.6847654042733763e-36, 1.3150024722830087e-14, 4.048766581102634e-27, 6.861303948859448e-19, 0.9905917048454285, 0.0, 0.009409812279045582, 0.0], "malicious score": 0.009409812279045582}}}, "SENet18": {"clean acc": 91.17000198364258, "prediction": 6, "poisons predictions": [6, 6, 8, 6, 6], "scores": [7.889308650810278e-10, 1.4770677787072319e-18, 3.0820958734984665e-16, 6.603866758991828e-11, 1.3115641195327044e-07, 3.1856190862294964e-13, 0.9834998250007629, 2.9311770354359626e-17, 0.016500219702720642, 1.1461028108752567e-16], "malicious score": 0.016500219702720642, "camera": {"2": {"prediction": 6, "scores": [1.4353905217201479e-11, 1.2270120013511292e-23, 3.831412502610387e-18, 5.501729280488199e-12, 1.023382694143038e-07, 5.315460311489106e-12, 0.6000992655754089, 3.808586725025625e-21, 0.39990025758743286, 2.0124532957493958e-18], "malicious score": 0.39990025758743286}, "4": {"prediction": 6, "scores": [3.4748215416158246e-10, 1.194008977085241e-19, 1.0975270595369986e-15, 3.3705826758129165e-12, 3.3016785749850897e-08, 2.523010446398022e-12, 0.8786808848381042, 9.713383409863191e-18, 0.12131931632757187, 1.9508809901601842e-16], "malicious score": 0.12131931632757187}}}, "ResNet50": {"clean acc": 92.81000099182128, "prediction": 6, "poisons predictions": [8, 8, 8, 8, 8], "scores": [2.470269780964887e-30, 1.9552010761538555e-32, 7.897065329113436e-28, 3.361717848537893e-11, 1.289447324203977e-33, 1.4993399881885156e-31, 0.95588618516922, 7.681376451126254e-31, 0.044114284217357635, 5.928707552496638e-26], "malicious score": 0.044114284217357635, "camera": {"2": {"prediction": 6, "scores": [3.454387391298207e-26, 7.99454338435368e-28, 2.7316920288418177e-22, 0.00010909880074905232, 2.586471253165141e-30, 2.2693758222440408e-13, 0.946082353591919, 1.303278642259589e-26, 0.053808994591236115, 3.546139312639198e-19], "malicious score": 0.053808994591236115}, "4": {"prediction": 6, "scores": [3.3085180736079e-27, 5.321795224319541e-29, 4.0260997877341956e-25, 2.4574632107032812e-08, 9.93307640529409e-33, 1.6291219675423074e-22, 0.8579334616661072, 4.951556257369861e-28, 0.14206746220588684, 3.4588133222282205e-21], "malicious score": 0.14206746220588684}}}, "ResNeXt29_2x64d": {"clean acc": 92.85000152587891, "prediction": 6, "poisons predictions": [8, 8, 6, 8, 8], "scores": [4.34098027406705e-25, 4.838542899676668e-09, 1.4254917233460552e-19, 1.712395676645162e-11, 2.4943112664981744e-43, 1.2560563807671696e-24, 0.9991267919540405, 1.8278283115495988e-26, 0.0008723056525923312, 8.72392061188544e-23], "malicious score": 0.0008723056525923312, "camera": {"2": {"prediction": 6, "scores": [1.208894068659094e-28, 3.178843839090999e-14, 4.083097970042121e-16, 2.9404857455200828e-12, 2.802596928649634e-45, 2.4007746301796983e-19, 0.999466061592102, 1.8211668665393533e-27, 0.0005340623902156949, 4.5032342626369045e-21], "malicious score": 0.0005340623902156949}, "4": {"prediction": 6, "scores": [3.96033452251468e-28, 6.049620526749067e-11, 1.7543425457453398e-18, 1.296269092065927e-09, 4.624284932271896e-44, 8.0669885520181e-22, 0.9998912811279297, 4.3087390050177226e-27, 0.00010916228347923607, 1.0286508283632979e-22], "malicious score": 0.00010916228347923607}}}, "GoogLeNet": {"clean acc": 92.39000091552734, "prediction": 6, "poisons predictions": [8, 6, 8, 8, 8], "scores": [4.364046093152164e-16, 1.5895624372319617e-08, 1.1780938447003564e-09, 8.89333421127958e-07, 3.2269900727271983e-13, 1.1111850284351021e-07, 0.9740851521492004, 1.6912471778596228e-07, 0.02591332420706749, 2.4623456226196874e-17], "malicious score": 0.02591332420706749, "camera": {"2": {"prediction": 6, "scores": [7.47319042857398e-15, 9.248362076164085e-09, 0.00011661295866360888, 0.004082042723894119, 1.3400087706116892e-09, 0.0011944189900532365, 0.8070676326751709, 1.0425578622630383e-08, 0.18753889203071594, 2.890643670608317e-12], "malicious score": 0.18753889203071594}, "4": {"prediction": 6, "scores": [2.0928401969332738e-14, 1.6387760481961777e-08, 1.688431723323447e-07, 0.000330908689647913, 4.382395779600756e-09, 1.4998145161371212e-05, 0.99772047996521, 2.2542197275488007e-10, 0.001933522755280137, 3.570167978524802e-13], "malicious score": 0.001933522755280137}}}, "MobileNetV2": {"clean acc": 87.24000205993653, "prediction": 6,