{"args": "Namespace(device='cuda', dset_path='datasets', end2end=False, eval_poisons_root='attack-results-10poisons/100-overlap/linear-transfer-learning/mean/800', gpu='1', lr_decay_epoch=[30, 45], model_resume_path='model-chks', num_per_class=50, poison_label=8, retrain_bsize=64, retrain_epochs=60, retrain_lr=0.1, retrain_momentum=0.9, retrain_opt='adam', retrain_wd=0, subset_group=0, target_camera=True, target_index_end=22, target_index_start=21, target_index_step=1, target_label=6, target_net=['DPN92', 'SENet18', 'ResNet50', 'ResNeXt29_2x64d', 'GoogLeNet', 'MobileNetV2', 'ResNet18', 'DenseNet121'], target_print_size=[2, 4], test_chk_name='ckpt-%s-4800.t7', train_data_path='datasets/CIFAR10_TRAIN_Split.pth')", "poison_label": 8, "target_label": 6, "targets": {"21": {}, "21": {"800": {"time": 422.0, "coeffs_time": 0, "poisons_time": 4, "target_loss": 0.011938430368900299, "total_loss": 0.059648547321558, "coeff_list": [[0.10000000149011612, 0.10000000149011612, 0.10000000149011612, 0.10000000149011612, 0.10000000149011612, 0.10000000149011612, 0.10000000149011612, 0.10000000149011612, 0.10000000149011612, 0.10000000149011612], [0.10000000149011612, 0.10000000149011612, 0.10000000149011612, 0.10000000149011612, 0.10000000149011612, 0.10000000149011612, 0.10000000149011612, 0.10000000149011612, 0.10000000149011612, 0.10000000149011612], [0.10000000149011612, 0.10000000149011612, 0.10000000149011612, 0.10000000149011612, 0.10000000149011612, 0.10000000149011612, 0.10000000149011612, 0.10000000149011612, 0.10000000149011612, 0.10000000149011612], [0.10000000149011612, 0.10000000149011612, 0.10000000149011612, 0.10000000149011612, 0.10000000149011612, 0.10000000149011612, 0.10000000149011612, 0.10000000149011612, 0.10000000149011612, 0.10000000149011612], [0.10000000149011612, 0.10000000149011612, 0.10000000149011612, 0.10000000149011612, 0.10000000149011612, 0.10000000149011612, 0.10000000149011612, 0.10000000149011612, 0.10000000149011612, 0.10000000149011612], [0.10000000149011612, 0.10000000149011612, 0.10000000149011612, 0.10000000149011612, 0.10000000149011612, 0.10000000149011612, 0.10000000149011612, 0.10000000149011612, 0.10000000149011612, 0.10000000149011612], [0.10000000149011612, 0.10000000149011612, 0.10000000149011612, 0.10000000149011612, 0.10000000149011612, 0.10000000149011612, 0.10000000149011612, 0.10000000149011612, 0.10000000149011612, 0.10000000149011612], [0.10000000149011612, 0.10000000149011612, 0.10000000149011612, 0.10000000149011612, 0.10000000149011612, 0.10000000149011612, 0.10000000149011612, 0.10000000149011612, 0.10000000149011612, 0.10000000149011612], [0.10000000149011612, 0.10000000149011612, 0.10000000149011612, 0.10000000149011612, 0.10000000149011612, 0.10000000149011612, 0.10000000149011612, 0.10000000149011612, 0.10000000149011612, 0.10000000149011612], [0.10000000149011612, 0.10000000149011612, 0.10000000149011612, 0.10000000149011612, 0.10000000149011612, 0.10000000149011612, 0.10000000149011612, 0.10000000149011612, 0.10000000149011612, 0.10000000149011612], [0.10000000149011612, 0.10000000149011612, 0.10000000149011612, 0.10000000149011612, 0.10000000149011612, 0.10000000149011612, 0.10000000149011612, 0.10000000149011612, 0.10000000149011612, 0.10000000149011612], [0.10000000149011612, 0.10000000149011612, 0.10000000149011612, 0.10000000149011612, 0.10000000149011612, 0.10000000149011612, 0.10000000149011612, 0.10000000149011612, 0.10000000149011612, 0.10000000149011612], [0.10000000149011612, 0.10000000149011612, 0.10000000149011612, 0.10000000149011612, 0.10000000149011612, 0.10000000149011612, 0.10000000149011612, 0.10000000149011612, 0.10000000149011612, 0.10000000149011612], [0.10000000149011612, 0.10000000149011612, 0.10000000149011612, 0.10000000149011612, 0.10000000149011612, 0.10000000149011612, 0.10000000149011612, 0.10000000149011612, 0.10000000149011612, 0.10000000149011612], [0.10000000149011612, 0.10000000149011612, 0.10000000149011612, 0.10000000149011612, 0.10000000149011612, 0.10000000149011612, 0.10000000149011612, 0.10000000149011612, 0.10000000149011612, 0.10000000149011612], [0.10000000149011612, 0.10000000149011612, 0.10000000149011612, 0.10000000149011612, 0.10000000149011612, 0.10000000149011612, 0.10000000149011612, 0.10000000149011612, 0.10000000149011612, 0.10000000149011612], [0.10000000149011612, 0.10000000149011612, 0.10000000149011612, 0.10000000149011612, 0.10000000149011612, 0.10000000149011612, 0.10000000149011612, 0.10000000149011612, 0.10000000149011612, 0.10000000149011612], [0.10000000149011612, 0.10000000149011612, 0.10000000149011612, 0.10000000149011612, 0.10000000149011612, 0.10000000149011612, 0.10000000149011612, 0.10000000149011612, 0.10000000149011612, 0.10000000149011612]], "coeff_list_in_victim": [[0.0, 0.0, 0.0, 0.26313361525535583, 0.21686561405658722, 0.0, 0.0776715949177742, 0.0, 0.08868259191513062, 0.3536466062068939]], "victims": {"DPN92": {"clean acc": 91.57000160217285, "prediction": 6, "poisons predictions": [8, 6, 8, 8, 8, 8, 8, 8, 6, 8], "scores": [1.1656522969083483e-10, 1.6994618358651598e-30, 4.568232993698904e-43, 5.790669804894692e-16, 3.7860893811736476e-29, 3.839886223523442e-17, 0.9932290315628052, 2.4410196303030617e-34, 0.0067708115093410015, 0.0], "malicious score": 0.0067708115093410015, "camera": {"2": {"prediction": 6, "scores": [8.244196883326615e-13, 3.306532072704841e-30, 1.3094573629729686e-40, 2.6576210307958925e-13, 7.54573743902921e-26, 1.4518651241641166e-14, 0.9999961853027344, 5.541330968982252e-37, 2.2184040062711574e-06, 0.0], "malicious score": 2.2184040062711574e-06}, "4": {"prediction": 6, "scores": [5.984868156616585e-11, 3.8436838553667624e-31, 5.4650640108667866e-43, 4.830066129501119e-14, 5.278812199450085e-28, 6.024905119754844e-16, 0.9999580383300781, 1.3909498191138397e-37, 4.375956268631853e-05, 0.0], "malicious score": 4.375956268631853e-05}}}, "SENet18": {"clean acc": 91.23000144958496, "prediction": 6, "poisons predictions": [8, 6, 8, 8, 8, 8, 6, 8, 6, 8], "scores": [3.4431835160830815e-08, 1.088629687728826e-06, 1.1175154361999298e-13, 2.997982750940764e-09, 0.00020411924924701452, 6.660480543832503e-13, 0.8601421117782593, 4.907762130718085e-12, 0.13965313136577606, 6.26425863119878e-18], "malicious score": 0.13965313136577606, "camera": {"2": {"prediction": 8, "scores": [3.7800976571134015e-08, 1.8231262055579123e-09, 8.249792586264085e-14, 1.750030165226235e-08, 3.703251059050672e-05, 1.0108541607933841e-11, 0.1381533294916153, 1.163864469209963e-13, 0.861810564994812, 3.574405583774753e-17], "malicious score": 0.861810564994812}, "4": {"prediction": 8, "scores": [1.7708599671095726e-06, 4.0661682354503625e-10, 3.975355336799727e-14, 3.215538058043421e-09, 7.145780273276614e-06, 2.3547810701135194e-14, 0.0008527214522473514, 1.451522550158929e-13, 0.9991382360458374, 9.218494303316757e-20], "malicious score": 0.9991382360458374}}}, "ResNet50": {"clean acc": 93.33000106811524, "prediction": 8, "poisons predictions": [8, 8, 8, 8, 8, 8, 8, 8, 8, 8], "scores": [6.805568389938654e-20, 1.243195285606512e-24, 1.1754075636041686e-27, 5.764439709147288e-17, 6.576102025667909e-22, 6.182137734531126e-35, 0.08655611425638199, 2.68734736479174e-25, 0.9134430885314941, 7.308266174655482e-30], "malicious score": 0.9134430885314941, "camera": {"2": {"prediction": 3, "scores": [1.7762133303882126e-19, 7.738587145569786e-22, 3.790193417514515e-29, 0.9863722324371338, 7.269598619005003e-20, 5.457292520924136e-30, 0.013609262183308601, 1.2332383818684255e-24, 1.816121039155405e-05, 5.257283943883137e-30], "malicious score": 1.816121039155405e-05}, "4": {"prediction": 3, "scores": [2.0830089139109753e-24, 5.337905584970916e-26, 1.9594486147879564e-33, 0.9999923706054688, 2.2168704842596572e-23, 2.449719258870307e-37, 8.442598300462123e-06, 2.759912017827838e-28, 1.6569869032423412e-08, 1.0331739049472715e-36], "malicious score": 1.6569869032423412e-08}}}, "ResNeXt29_2x64d": {"clean acc": 92.5800006866455, "prediction": 8,