{"args": "Namespace(device='cuda', dset_path='datasets', end2end=False, eval_poisons_root='attack-results-eps0.20/100-overlap/linear-transfer-learning/mean/800', gpu='1', lr_decay_epoch=[30, 45], model_resume_path='model-chks', num_per_class=50, poison_label=8, retrain_bsize=64, retrain_epochs=60, retrain_lr=0.1, retrain_momentum=0.9, retrain_opt='adam', retrain_wd=0, subset_group=0, target_camera=True, target_index_end=8, target_index_start=7, target_index_step=1, target_label=6, target_net=['DPN92', 'SENet18', 'ResNet50', 'ResNeXt29_2x64d', 'GoogLeNet', 'MobileNetV2', 'ResNet18', 'DenseNet121'], target_print_size=[2, 4], test_chk_name='ckpt-%s-4800.t7', train_data_path='datasets/CIFAR10_TRAIN_Split.pth')", "poison_label": 8, "target_label": 6, "targets": {"7": {}, "7": {"800": {"time": 352.0, "coeffs_time": 0, "poisons_time": 4, "target_loss": 0.02111862413585186, "total_loss": 0.08722195774316788, "coeff_list": [[0.20000000298023224, 0.20000000298023224, 0.20000000298023224, 0.20000000298023224, 0.20000000298023224], [0.20000000298023224, 0.20000000298023224, 0.20000000298023224, 0.20000000298023224, 0.20000000298023224], [0.20000000298023224, 0.20000000298023224, 0.20000000298023224, 0.20000000298023224, 0.20000000298023224], [0.20000000298023224, 0.20000000298023224, 0.20000000298023224, 0.20000000298023224, 0.20000000298023224], [0.20000000298023224, 0.20000000298023224, 0.20000000298023224, 0.20000000298023224, 0.20000000298023224], [0.20000000298023224, 0.20000000298023224, 0.20000000298023224, 0.20000000298023224, 0.20000000298023224], [0.20000000298023224, 0.20000000298023224, 0.20000000298023224, 0.20000000298023224, 0.20000000298023224], [0.20000000298023224, 0.20000000298023224, 0.20000000298023224, 0.20000000298023224, 0.20000000298023224], [0.20000000298023224, 0.20000000298023224, 0.20000000298023224, 0.20000000298023224, 0.20000000298023224], [0.20000000298023224, 0.20000000298023224, 0.20000000298023224, 0.20000000298023224, 0.20000000298023224], [0.20000000298023224, 0.20000000298023224, 0.20000000298023224, 0.20000000298023224, 0.20000000298023224], [0.20000000298023224, 0.20000000298023224, 0.20000000298023224, 0.20000000298023224, 0.20000000298023224], [0.20000000298023224, 0.20000000298023224, 0.20000000298023224, 0.20000000298023224, 0.20000000298023224], [0.20000000298023224, 0.20000000298023224, 0.20000000298023224, 0.20000000298023224, 0.20000000298023224], [0.20000000298023224, 0.20000000298023224, 0.20000000298023224, 0.20000000298023224, 0.20000000298023224], [0.20000000298023224, 0.20000000298023224, 0.20000000298023224, 0.20000000298023224, 0.20000000298023224], [0.20000000298023224, 0.20000000298023224, 0.20000000298023224, 0.20000000298023224, 0.20000000298023224], [0.20000000298023224, 0.20000000298023224, 0.20000000298023224, 0.20000000298023224, 0.20000000298023224]], "coeff_list_in_victim": [[0.3823936879634857, 0.0, 0.041306931525468826, 0.37556400895118713, 0.20073536038398743]], "victims": {"DPN92": {"clean acc": 91.59000167846679, "prediction": 8, "poisons predictions": [8, 8, 3, 6, 8], "scores": [1.871179803940409e-20, 2.674862299903079e-23, 2.3866855724225494e-26, 4.0239221561932936e-05, 6.740549011266676e-24, 2.920091252134327e-12, 0.0007652177009731531, 2.2372342350374614e-38, 0.999195396900177, 0.0], "malicious score": 0.999195396900177, "camera": {"2": {"prediction": 8, "scores": [5.249805032082058e-24, 1.139234867759309e-28, 1.6519890888096196e-22, 0.00018317751528229564, 8.323633655914573e-22, 3.9658717282398115e-11, 4.363730710110758e-08, 4.224480749917153e-35, 0.99981689453125, 0.0], "malicious score": 0.99981689453125}, "4": {"prediction": 8, "scores": [1.4159256057440782e-20, 8.767617037375261e-25, 3.856201309035709e-21, 0.057282380759716034, 3.418645736624717e-22, 6.527711775561329e-06, 1.3867935194866732e-05, 6.9281824556832025e-28, 0.9426977634429932, 7.204679364732009e-39], "malicious score": 0.9426977634429932}}}, "SENet18": {"clean acc": 91.03000144958496, "prediction": 8, "poisons predictions": [8, 8, 3, 8, 6], "scores": [5.606917738987249e-07, 3.310049909659136e-17, 1.4554004792444175e-06, 0.004679594188928604, 2.5648062091931934e-06, 2.2111981134997905e-09, 0.00043655899935401976, 6.0096988149793695e-12, 0.9948795437812805, 1.2792013542178848e-13], "malicious score": 0.9948795437812805, "camera": {"2": {"prediction": 8, "scores": [5.702175940314191e-07, 7.008555481676198e-16, 0.00048093422083184123, 0.3585130572319031, 1.655490450502839e-05, 1.2459638654149785e-08, 1.494348452979466e-06, 1.630956897313851e-10, 0.6409870386123657, 1.4021443511466614e-12], "malicious score": 0.6409870386123657}, "4": {"prediction": 3, "scores": [8.711079857448567e-09, 8.128340372453477e-21, 2.1497509550272298e-08, 0.8835040330886841, 3.9298643628171703e-07, 1.0270530736988803e-07, 7.084779984900536e-11, 1.1705878779320888e-13, 0.11649453639984131, 1.4441445001650566e-12], "malicious score": 0.11649453639984131}}}, "ResNet50": {"clean acc": 93.1900016784668, "prediction": 8, "poisons predictions": [8, 8, 8, 8, 8], "scores": [4.901667599795476e-25, 9.878850138056461e-18, 2.242534098503316e-21, 1.7429650950376794e-30, 3.1717537145299443e-24, 2.4092566812151115e-15, 0.038315676152706146, 6.440910294094752e-32, 0.9616851210594177, 6.424181575379443e-30], "malicious score": 0.9616851210594177, "camera": {"2": {"prediction": 8, "scores": [1.8185546856260634e-29, 1.2611194003396326e-20, 1.0536931665551345e-19, 1.3978239139095239e-12, 5.990889759869717e-25, 2.7789774037501047e-08, 3.2010824546624406e-10, 3.4647858998492605e-34, 1.0, 7.92699750036334e-30], "malicious score": 1.0}, "4": {"prediction": 8, "scores": [4.88272893783543e-31, 6.1075815162364695e-25, 7.722120451201289e-25, 1.8636808762906298e-10, 1.7601403480961428e-26, 1.0305959419198985e-09, 7.411180284706015e-17, 3.831137389777871e-39, 1.0, 2.166172371580044e-28], "malicious score": 1.0}}}, "ResNeXt29_2x64d": {"clean acc": 92.79000129699708, "prediction": 8, "poisons predictions": [8, 8, 8, 8, 8], "scores": [1.4754462405991523e-25, 4.988141027480316e-15, 3.38751357693845e-12, 0.004288580734282732, 3.736363194674662e-20, 1.6305676849786972e-18, 0.0058242264203727245, 1.351808749126516e-18, 0.9898872375488281, 2.75976310760203e-14], "malicious score": 0.9898872375488281, "camera": {"2": {"prediction": 8, "scores": [3.3892296991982476e-25, 8.778535661164425e-23, 2.9253384437044616e-11, 0.3753305971622467, 2.161666245309446e-12, 1.5748676234633718e-13, 1.3816998034599237e-06, 1.8166174999058845e-17, 0.6246678233146667, 5.994918035839673e-16], "malicious score": 0.6246678233146667}, "4": {"prediction": 8, "scores": [1.025844581910719e-23, 1.3214343571473163e-21, 3.30086132038776e-11, 0.3869657814502716, 5.4301801770406666e-12, 1.89646453922776e-12, 1.429399247854235e-07, 1.3272784996117416e-15, 0.6130344867706299, 4.1620142933202625e-14], "malicious score": 0.6130344867706299}}}, "GoogLeNet": {"clean acc": 91.66000213623047, "prediction": 8, "poisons predictions": [8, 8, 8, 8, 8], "scores": [2.521537939335043e-16, 4.497229610933573e-08, 0.000349902780726552, 0.31947627663612366, 7.265221313446091e-08, 0.0025835828855633736, 0.010248713195323944, 3.008762405887211e-10, 0.6673412322998047, 2.81874565396102e-17], "malicious score": 0.6673412322998047, "camera": {"2": {"prediction": 3, "scores": [7.036032204781168e-18, 5.386820767228073e-09, 0.0013357506832107902, 0.9907929301261902, 1.1421509960030107e-08, 0.003446347778663039, 5.8579803408065345e-06, 4.6157959317791666e-14, 0.004419133998453617, 5.564027908796103e-18], "malicious score": 0.004419133998453617}, "4": {"prediction": 3, "scores": [4.955134056041225e-18, 9.780274368154096e-10, 0.0022257703822106123, 0.9803075790405273, 7.609163965582866e-09, 0.014215799979865551, 2.760640427368344e-06, 3.9877565767738876e-14, 0.0032484647817909718, 9.602934284008171e-17], "malicious score": 0.0032484647817909718}}}, "MobileNetV2": {"clean acc": 87.00000228881837, "prediction": 6,