{"args": "Namespace(device='cuda', dset_path='datasets', end2end=False, eval_poisons_root='attack-results-10poisons/100-overlap/linear-transfer-learning/convex/800', gpu='1', lr_decay_epoch=[30, 45], model_resume_path='model-chks', num_per_class=50, poison_label=8, retrain_bsize=64, retrain_epochs=60, retrain_lr=0.1, retrain_momentum=0.9, retrain_opt='adam', retrain_wd=0, subset_group=0, target_camera=True, target_index_end=17, target_index_start=16, target_index_step=1, target_label=6, target_net=['DPN92', 'SENet18', 'ResNet50', 'ResNeXt29_2x64d', 'GoogLeNet', 'MobileNetV2', 'ResNet18', 'DenseNet121'], target_print_size=[2, 4], test_chk_name='ckpt-%s-4800.t7', train_data_path='datasets/CIFAR10_TRAIN_Split.pth')", "poison_label": 8, "target_label": 6, "targets": {"16": {}, "16": {"800": {"time": 40414.0, "coeffs_time": 38308, "poisons_time": 40007, "target_loss": 0.015030412934720516, "total_loss": 0.0013512333389371634, "coeff_list": [[0.15404687821865082, 0.4789482057094574, 0.01866256073117256, 0.11618884652853012, 0.0, 0.0, 0.13981296122074127, 0.0, 0.0923406109213829, 0.0], [0.0783221498131752, 0.025444330647587776, 0.4712703824043274, 0.0, 0.0855994001030922, 0.18241211771965027, 0.03632592037320137, 0.09181694686412811, 0.0007826228393241763, 0.028026148676872253], [0.11793138086795807, 0.41798901557922363, 0.3687678575515747, 0.0, 0.0110555961728096, 0.034330204129219055, 0.0, 0.012969236820936203, 0.02231142856180668, 0.014645325019955635], [0.07942036539316177, 0.7117709517478943, 0.0026608859188854694, 0.0, 0.0, 0.0, 0.0, 0.0, 0.18434762954711914, 0.021800195798277855], [0.0168337170034647, 0.02644854038953781, 0.10324239730834961, 0.15291431546211243, 0.0, 0.08643815666437149, 0.6141229867935181, 0.0, 0.0, 0.0], [0.0, 0.0, 0.05955541878938675, 0.0, 0.11837615072727203, 0.0, 0.20162667334079742, 0.2826530337333679, 0.33778876066207886, 0.0], [0.05329345539212227, 0.5353744029998779, 0.0, 0.0, 0.0, 0.0, 0.1309378743171692, 0.28039419651031494, 0.0, 0.0], [0.3462236523628235, 0.10549890995025635, 0.0743684396147728, 0.23145702481269836, 0.030070358887314796, 0.0, 0.07224135845899582, 0.06023375689983368, 0.047036703675985336, 0.03286973014473915], [0.0, 0.652574360370636, 0.0, 0.17594672739505768, 0.0, 0.09108126908540726, 0.07022867351770401, 0.0, 0.009788602590560913, 0.00038030644645914435], [0.10101791471242905, 0.592249870300293, 0.046545058488845825, 0.19134944677352905, 0.0, 0.0, 6.841772119514644e-06, 0.011881595477461815, 0.0, 0.056949201971292496], [0.08957884460687637, 0.22574615478515625, 0.16513320803642273, 0.0, 0.08248420804738998, 0.13291364908218384, 0.1040787324309349, 0.0, 0.17212018370628357, 0.027944978326559067], [0.0, 0.0, 0.13202494382858276, 0.14026805758476257, 0.0, 0.10418027639389038, 0.0, 0.14766663312911987, 0.4577871263027191, 0.018072975799441338], [0.06928686052560806, 0.45783141255378723, 0.3002239465713501, 0.10295311361551285, 0.05863340571522713, 0.0, 0.0, 0.011071213521063328, 0.0, 0.0], [0.5773982405662537, 0.050118155777454376, 0.06596820056438446, 0.07777894288301468, 0.013546081259846687, 0.04877392202615738, 0.06951378285884857, 0.04159494861960411, 0.041208840906620026, 0.014099007472395897], [0.0026377348694950342, 0.32704466581344604, 0.48684921860694885, 0.04792828857898712, 0.0017736247973516583, 0.015228991396725178, 0.09894418716430664, 0.0, 0.009523207321763039, 0.010070113465189934], [0.0, 0.49633127450942993, 0.13398516178131104, 0.13092240691184998, 0.03736409917473793, 0.02245696447789669, 0.17687983810901642, 0.0, 0.0020603106822818518, 0.0], [0.0, 0.23584148287773132, 0.04081455618143082, 0.12431398779153824, 0.0, 0.012008006684482098, 0.0885375514626503, 0.40254056453704834, 0.08520708978176117, 0.010736742988228798], [0.15070068836212158, 0.03795073926448822, 0.0, 0.17967189848423004, 0.3263271749019623, 0.2157772183418274, 0.08957228064537048, 0.0, 0.0, 0.0]], "coeff_list_in_victim": [[0.0, 0.35802027583122253, 0.466770738363266, 0.17520900070667267, 0.0, 0.0, 0.0, 0.0, 0.0, 0.0]], "victims": {"DPN92": {"clean acc": 90.9800018310547, "prediction": 6, "poisons predictions": [8, 6, 8, 8, 8, 8, 8, 8, 8, 8], "scores": [2.0452356253031212e-08, 1.535614485090393e-18, 1.9054324453157645e-33, 5.233243699498402e-11, 2.64424262442388e-24, 1.887402316684203e-13, 0.9513445496559143, 1.7787392437546723e-30, 0.04865574091672897, 0.0], "malicious score": 0.04865574091672897, "camera": {"2": {"prediction": 6, "scores": [1.945522308233194e-05, 2.0983908731957256e-19, 2.1095008727466045e-32, 6.56398338461095e-11, 1.1617704245435216e-21, 5.970356452061551e-14, 0.9817231297492981, 1.0494047525506003e-27, 0.018257739022374153, 1.401298464324817e-45], "malicious score": 0.018257739022374153}, "4": {"prediction": 6, "scores": [5.323024652170716e-06, 4.1610035999591186e-19, 1.1067133551692335e-30, 1.1209055905680998e-09, 3.853613138447213e-21, 4.4962145985538715e-13, 0.9982125759124756, 2.936050829786689e-28, 0.00178279890678823, 8.407790785948902e-45], "malicious score": 0.00178279890678823}}}, "SENet18": {"clean acc": 91.2300018310547, "prediction": 6, "poisons predictions": [8, 6, 6, 6, 8, 8, 6, 8, 3, 8], "scores": [3.354743705052954e-10, 7.71236222839307e-21, 2.7253928293551435e-16, 1.2661394285448657e-13, 1.2471193855390084e-08, 2.2863896648357696e-13, 0.9945996999740601, 9.154025681681358e-18, 0.005401261150836945, 2.8125358850254925e-18], "malicious score": 0.005401261150836945, "camera": {"2": {"prediction": 6, "scores": [3.2085538670401093e-09, 1.2849076233677847e-22, 1.526632296254802e-17, 2.1552879381388224e-13, 2.6272102271462927e-09, 9.022408606904411e-14, 0.9930585622787476, 4.039157052296702e-19, 0.006941021420061588, 8.235999027776505e-19], "malicious score": 0.006941021420061588}, "4": {"prediction": 6, "scores": [1.2704692853304778e-10, 1.1412653926401563e-22, 1.5183610484761853e-18, 1.4073577101880036e-13, 2.8271405216884204e-09, 7.988518836233097e-14, 0.9983019828796387, 3.172838647554669e-19, 0.0016986295813694596, 3.160710370317052e-19], "malicious score": 0.0016986295813694596}}}, "ResNet50": {"clean acc": 91.55000152587891, "prediction": 6, "poisons predictions": [8, 6, 8, 6, 8, 8, 8, 8, 8, 8], "scores": [2.818631575531639e-29, 3.658300077503666e-27, 2.501345784789085e-40, 9.870227902272211e-40, 3.1404653778263216e-30, 7.765930334610804e-25, 0.9534498453140259, 6.077077540960161e-29, 0.046551063656806946, 5.92231644796157e-24], "malicious score": 0.046551063656806946, "camera": {"2": {"prediction": 6, "scores": [1.3004982157174761e-25, 3.4908943948776384e-27, 9.974899852882804e-37, 6.265579081549548e-31, 2.0263022871479044e-27, 1.4092945837586142e-24, 0.8704720735549927, 1.8391874611751745e-33, 0.12952783703804016, 1.5542106000228166e-22], "malicious score": 0.12952783703804016}, "4": {"prediction": 8, "scores": [4.887568005339573e-26, 1.8588145358321218e-28, 1.858771428083544e-36, 2.029253076638073e-31, 1.4462291746005784e-26, 4.606111062522867e-26, 0.2424944043159485, 1.719003901381998e-36, 0.757504940032959, 9.521525251379921e-23], "malicious score": 0.757504940032959}}}, "ResNeXt29_2x64d": {"clean acc": 92.85000038146973, "prediction": 6, "poisons predictions": [8, 6, 8, 8, 8, 8, 8, 8, 8, 8], "scores": [2.8756252398581263e-16, 2.120787693009394e-18, 1.6635960504103563e-19, 1.3191707726178947e-09, 0.0, 5.96518682268487e-26, 0.9468676447868347, 1.0709923404411027e-20, 0.053132977336645126, 2.7195853982787612e-25], "malicious score": 0.053132977336645126, "camera": {"2": {"prediction": 6, "scores": [5.627621849427222e-13, 3.6431806886248617e-17, 1.2367073206167364e-14, 9.3807939265389e-06, 9.530611783811604e-30, 2.7745900911184493e-17, 0.9474295377731323, 7.207893700853963e-17, 0.052562057971954346, 4.590938426453009e-18], "malicious score": 0.052562057971954346}, "4": {"prediction": 6,