{"args": "Namespace(device='cuda', dset_path='datasets', end2end=False, eval_poisons_root='attack-results-7poisons/100-overlap/linear-transfer-learning/mean/800', gpu='2', lr_decay_epoch=[30, 45], model_resume_path='model-chks', num_per_class=50, poison_label=8, retrain_bsize=64, retrain_epochs=60, retrain_lr=0.1, retrain_momentum=0.9, retrain_opt='adam', retrain_wd=0, subset_group=0, target_camera=True, target_index_end=2, target_index_start=1, target_index_step=1, target_label=6, target_net=['DPN92', 'SENet18', 'ResNet50', 'ResNeXt29_2x64d', 'GoogLeNet', 'MobileNetV2', 'ResNet18', 'DenseNet121'], target_print_size=[2, 4], test_chk_name='ckpt-%s-4800.t7', train_data_path='datasets/CIFAR10_TRAIN_Split.pth')", "poison_label": 8, "target_label": 6, "targets": {"1": {}, "1": {"800": {"time": 364.0, "coeffs_time": 0, "poisons_time": 4, "target_loss": 0.007565729785710573, "total_loss": 0.07564131170511246, "coeff_list": [[0.1428571492433548, 0.1428571492433548, 0.1428571492433548, 0.1428571492433548, 0.1428571492433548, 0.1428571492433548, 0.1428571492433548], [0.1428571492433548, 0.1428571492433548, 0.1428571492433548, 0.1428571492433548, 0.1428571492433548, 0.1428571492433548, 0.1428571492433548], [0.1428571492433548, 0.1428571492433548, 0.1428571492433548, 0.1428571492433548, 0.1428571492433548, 0.1428571492433548, 0.1428571492433548], [0.1428571492433548, 0.1428571492433548, 0.1428571492433548, 0.1428571492433548, 0.1428571492433548, 0.1428571492433548, 0.1428571492433548], [0.1428571492433548, 0.1428571492433548, 0.1428571492433548, 0.1428571492433548, 0.1428571492433548, 0.1428571492433548, 0.1428571492433548], [0.1428571492433548, 0.1428571492433548, 0.1428571492433548, 0.1428571492433548, 0.1428571492433548, 0.1428571492433548, 0.1428571492433548], [0.1428571492433548, 0.1428571492433548, 0.1428571492433548, 0.1428571492433548, 0.1428571492433548, 0.1428571492433548, 0.1428571492433548], [0.1428571492433548, 0.1428571492433548, 0.1428571492433548, 0.1428571492433548, 0.1428571492433548, 0.1428571492433548, 0.1428571492433548], [0.1428571492433548, 0.1428571492433548, 0.1428571492433548, 0.1428571492433548, 0.1428571492433548, 0.1428571492433548, 0.1428571492433548], [0.1428571492433548, 0.1428571492433548, 0.1428571492433548, 0.1428571492433548, 0.1428571492433548, 0.1428571492433548, 0.1428571492433548], [0.1428571492433548, 0.1428571492433548, 0.1428571492433548, 0.1428571492433548, 0.1428571492433548, 0.1428571492433548, 0.1428571492433548], [0.1428571492433548, 0.1428571492433548, 0.1428571492433548, 0.1428571492433548, 0.1428571492433548, 0.1428571492433548, 0.1428571492433548], [0.1428571492433548, 0.1428571492433548, 0.1428571492433548, 0.1428571492433548, 0.1428571492433548, 0.1428571492433548, 0.1428571492433548], [0.1428571492433548, 0.1428571492433548, 0.1428571492433548, 0.1428571492433548, 0.1428571492433548, 0.1428571492433548, 0.1428571492433548], [0.1428571492433548, 0.1428571492433548, 0.1428571492433548, 0.1428571492433548, 0.1428571492433548, 0.1428571492433548, 0.1428571492433548], [0.1428571492433548, 0.1428571492433548, 0.1428571492433548, 0.1428571492433548, 0.1428571492433548, 0.1428571492433548, 0.1428571492433548], [0.1428571492433548, 0.1428571492433548, 0.1428571492433548, 0.1428571492433548, 0.1428571492433548, 0.1428571492433548, 0.1428571492433548], [0.1428571492433548, 0.1428571492433548, 0.1428571492433548, 0.1428571492433548, 0.1428571492433548, 0.1428571492433548, 0.1428571492433548]], "coeff_list_in_victim": [[0.032862916588783264, 0.0, 0.3122493028640747, 0.06112385541200638, 0.0, 0.0, 0.5937639474868774]], "victims": {"DPN92": {"clean acc": 92.14000091552734, "prediction": 8, "poisons predictions": [8, 8, 8, 8, 8, 8, 8], "scores": [1.8289181968458715e-24, 3.1982922733362455e-22, 6.206544165578814e-36, 1.0929123843356878e-19, 2.296444661740467e-33, 3.8880979492177274e-18, 0.0026743386406451464, 4.6050533596862296e-35, 0.9973256587982178, 0.0], "malicious score": 0.9973256587982178, "camera": {"2": {"prediction": 6, "scores": [4.553280822271379e-19, 1.218120549021297e-27, 1.1766452143346804e-28, 1.5307648811718755e-12, 3.510588850901645e-21, 8.638686418765626e-14, 1.0, 1.3995690584391993e-34, 1.4471437286348032e-13, 0.0], "malicious score": 1.4471437286348032e-13}, "4": {"prediction": 6, "scores": [2.641398792374141e-17, 1.6016514326853599e-22, 2.5533089362301567e-36, 7.94395955209342e-20, 1.6045521330902766e-27, 4.676399832209844e-18, 0.9999465942382812, 1.284822121275476e-33, 5.270915789878927e-05, 0.0], "malicious score": 5.270915789878927e-05}}}, "SENet18": {"clean acc": 91.76000213623047, "prediction": 8, "poisons predictions": [8, 8, 8, 8, 8, 6, 6], "scores": [1.449379245094251e-12, 1.4300937821107307e-12, 9.956075025212697e-16, 1.8009092752225425e-14, 9.446264881418642e-10, 2.654312858917096e-13, 2.2560019715456292e-05, 1.8309511892744545e-11, 0.9999771118164062, 4.2015219428592765e-13], "malicious score": 0.9999771118164062, "camera": {"2": {"prediction": 4, "scores": [0.0675152912735939, 8.341506327269599e-05, 3.523157943163824e-07, 0.07502371072769165, 0.7761663794517517, 2.7447265793512088e-08, 0.08058973401784897, 9.51097081269836e-06, 0.0006114124553278089, 5.640654298353677e-14], "malicious score": 0.0006114124553278089}, "4": {"prediction": 8, "scores": [2.698471632811561e-07, 7.169302307374892e-08, 7.039442813383534e-14, 2.377971430878034e-10, 1.2237873306730762e-05, 2.541419020216963e-14, 0.00120379903819412, 1.5321321100714158e-08, 0.9987838268280029, 2.4559384470309742e-17], "malicious score": 0.9987838268280029}}}, "ResNet50": {"clean acc": 92.39000205993652, "prediction": 8, "poisons predictions": [8, 8, 8, 8, 8, 8, 8], "scores": [4.0996658280448774e-27, 4.1052463993051635e-15, 6.121534638377614e-16, 4.502241423576186e-27, 4.2221670818703335e-17, 2.003734432652569e-27, 0.00010693396325223148, 4.755191297866906e-33, 0.9998931884765625, 3.437183599341596e-17], "malicious score": 0.9998931884765625, "camera": {"2": {"prediction": 4, "scores": [1.9343418248320967e-15, 3.196464186007148e-21, 2.9447149607533255e-25, 6.158661562949419e-06, 0.9999942779541016, 1.7071901398375223e-27, 1.251307743995589e-16, 1.172949191067356e-26, 1.9207664701380994e-13, 1.5481395264962357e-22], "malicious score": 1.9207664701380994e-13}, "4": {"prediction": 6, "scores": [7.802025085018593e-13, 1.1920141353746316e-14, 5.548453696491151e-09, 3.7702346049767354e-22, 9.119669429347166e-12, 5.70949452372517e-22, 0.7807219624519348, 1.5379246405902387e-25, 0.2192779779434204, 2.50455800982494e-14], "malicious score": 0.2192779779434204}}}, "ResNeXt29_2x64d": {"clean acc": 93.05000152587891, "prediction": 8, "poisons predictions": [8, 8, 8, 8, 8, 8, 8], "scores": [1.8127625171460024e-31, 5.191909568935671e-09, 9.408906564362996e-16, 5.847943995718197e-08, 4.292261274134774e-40, 7.230013985918982e-30, 2.0149593183305115e-05, 3.575840219050808e-23, 0.9999790191650391, 2.4078252220686548e-21], "malicious score": 0.9999790191650391, "camera": {"2": {"prediction": 3, "scores": [1.8071326954505912e-19, 2.1800630634061235e-08, 1.5086509244557206e-13, 1.0, 2.9501896990974327e-18, 3.925141320095748e-20, 1.0912756209791041e-07, 5.46024843024869e-23, 2.9047615602414798e-18, 4.217619056100644e-21], "malicious score": 2.9047615602414798e-18}, "4": {"prediction": 8, "scores": [1.3128408494955717e-16, 0.004182884469628334, 4.998563229996478e-10, 0.21119536459445953, 1.1843945009213788e-22, 8.819600023844984e-20, 0.1010771170258522, 8.956456504048823e-16, 0.6835444569587708, 3.2574678512990425e-15], "malicious score": 0.6835444569587708}}}, "GoogLeNet": {"clean acc": 91.49000129699706, "prediction": 6, "poisons predictions": [8, 8, 8, 8, 8, 8, 8], "scores": [1.633647508719402e-13, 0.0001083802490029484, 7.193123219729081e-15, 9.037649419951777e-07, 2.528119102951365e-10, 1.125836401882907e-08, 0.6519609689712524, 1.8333695672723138e-11, 0.34793010354042053, 3.041029580930221e-11], "malicious score": 0.34793010354042053,