{"args": "Namespace(device='cuda', dset_path='datasets', end2end=False, eval_poisons_root='attack-results-eps0.03/100-overlap/linear-transfer-learning/mean/800', gpu='2', lr_decay_epoch=[30, 45], model_resume_path='model-chks', num_per_class=50, poison_label=8, retrain_bsize=64, retrain_epochs=60, retrain_lr=0.1, retrain_momentum=0.9, retrain_opt='adam', retrain_wd=0, subset_group=0, target_camera=True, target_index_end=48, target_index_start=47, target_index_step=1, target_label=6, target_net=['DPN92', 'SENet18', 'ResNet50', 'ResNeXt29_2x64d', 'GoogLeNet', 'MobileNetV2', 'ResNet18', 'DenseNet121'], target_print_size=[2, 4], test_chk_name='ckpt-%s-4800.t7', train_data_path='datasets/CIFAR10_TRAIN_Split.pth')", "poison_label": 8, "target_label": 6, "targets": {"47": {}, "47": {"800": {"time": 379.0, "coeffs_time": 0, "poisons_time": 4, "target_loss": 0.009523581713438034, "total_loss": 0.10567715018987656, "coeff_list": [[0.20000000298023224, 0.20000000298023224, 0.20000000298023224, 0.20000000298023224, 0.20000000298023224], [0.20000000298023224, 0.20000000298023224, 0.20000000298023224, 0.20000000298023224, 0.20000000298023224], [0.20000000298023224, 0.20000000298023224, 0.20000000298023224, 0.20000000298023224, 0.20000000298023224], [0.20000000298023224, 0.20000000298023224, 0.20000000298023224, 0.20000000298023224, 0.20000000298023224], [0.20000000298023224, 0.20000000298023224, 0.20000000298023224, 0.20000000298023224, 0.20000000298023224], [0.20000000298023224, 0.20000000298023224, 0.20000000298023224, 0.20000000298023224, 0.20000000298023224], [0.20000000298023224, 0.20000000298023224, 0.20000000298023224, 0.20000000298023224, 0.20000000298023224], [0.20000000298023224, 0.20000000298023224, 0.20000000298023224, 0.20000000298023224, 0.20000000298023224], [0.20000000298023224, 0.20000000298023224, 0.20000000298023224, 0.20000000298023224, 0.20000000298023224], [0.20000000298023224, 0.20000000298023224, 0.20000000298023224, 0.20000000298023224, 0.20000000298023224], [0.20000000298023224, 0.20000000298023224, 0.20000000298023224, 0.20000000298023224, 0.20000000298023224], [0.20000000298023224, 0.20000000298023224, 0.20000000298023224, 0.20000000298023224, 0.20000000298023224], [0.20000000298023224, 0.20000000298023224, 0.20000000298023224, 0.20000000298023224, 0.20000000298023224], [0.20000000298023224, 0.20000000298023224, 0.20000000298023224, 0.20000000298023224, 0.20000000298023224], [0.20000000298023224, 0.20000000298023224, 0.20000000298023224, 0.20000000298023224, 0.20000000298023224], [0.20000000298023224, 0.20000000298023224, 0.20000000298023224, 0.20000000298023224, 0.20000000298023224], [0.20000000298023224, 0.20000000298023224, 0.20000000298023224, 0.20000000298023224, 0.20000000298023224], [0.20000000298023224, 0.20000000298023224, 0.20000000298023224, 0.20000000298023224, 0.20000000298023224]], "coeff_list_in_victim": [[0.0, 0.3469479978084564, 0.04686025530099869, 0.0, 0.6061917543411255]], "victims": {"DPN92": {"clean acc": 91.95000228881835, "prediction": 6, "poisons predictions": [8, 8, 8, 8, 8], "scores": [3.182921728805685e-21, 5.224592248690289e-24, 0.0, 8.700886546829704e-16, 3.062829712277976e-37, 3.939708486885773e-27, 0.9938696026802063, 4.442354352648605e-40, 0.006132034119218588, 0.0], "malicious score": 0.006132034119218588, "camera": {}}, "SENet18": {"clean acc": 91.74000129699706, "prediction": 6, "poisons predictions": [8, 6, 8, 8, 6], "scores": [4.80850645759312e-12, 2.4912689522671146e-15, 1.5825910646940144e-17, 5.602442880274505e-13, 2.1974130959279137e-06, 1.8051668016286215e-14, 0.9999885559082031, 8.738031588544765e-18, 8.580686881032307e-06, 4.130154819252385e-17], "malicious score": 8.580686881032307e-06, "camera": {}}, "ResNet50": {"clean acc": 92.86000175476075, "prediction": 8, "poisons predictions": [8, 8, 8, 8, 8], "scores": [2.5511028395476458e-33, 4.286915426149396e-28, 2.4270099557765247e-18, 6.698619650156031e-37, 5.1803124711128606e-18, 3.2400688322638123e-22, 0.20706267654895782, 3.612609747546127e-17, 0.7929382920265198, 2.4246938619595003e-35], "malicious score": 0.7929382920265198, "camera": {}}, "ResNeXt29_2x64d": {"clean acc": 93.26000175476074, "prediction": 8, "poisons predictions": [8, 8, 8, 8, 8], "scores": [6.35637046245179e-21, 4.3185341414009315e-10, 2.468890730575544e-18, 1.4931765893178017e-11, 1.401298464324817e-45, 2.9770329187682205e-30, 0.05546113848686218, 1.103072508898151e-21, 0.944538950920105, 2.9540757814699043e-25], "malicious score": 0.944538950920105, "camera": {}}, "GoogLeNet": {"clean acc": 91.93000068664551, "prediction": 8, "poisons predictions": [8, 6, 8, 8, 8], "scores": [5.96408502012008e-14, 6.13098109170096e-07, 1.0304848120645804e-11, 6.737714670634887e-07, 3.4566415701986486e-11, 1.6346271891620745e-08, 0.26429876685142517, 7.906056680440088e-07, 0.7356988787651062, 3.402445859779224e-12], "malicious score": 0.7356988787651062, "camera": {}}, "MobileNetV2": {"clean acc": 86.73000259399414, "prediction": 6, "poisons predictions": [8, 8, 6, 8, 6], "scores": [4.9052115044497316e-14, 8.114933390311126e-19, 1.0224932811791869e-14, 1.541035271657165e-05, 1.199569569506158e-19, 1.6914935613269078e-15, 0.9510995149612427, 3.612652018762494e-24, 0.048885975033044815, 5.811466798243658e-25], "malicious score": 0.048885975033044815, "camera": {}}, "ResNet18": {"clean acc": 92.34000167846679, "prediction": 6, "poisons predictions": [8, 8, 8, 8, 8], "scores": [1.2424569354650523e-22, 9.084944281312346e-07, 2.360255654115795e-12, 6.947775545995682e-05, 7.918941732960695e-19, 1.5463878007965226e-13, 0.7164256572723389, 1.4648781590954202e-13, 0.2835046648979187, 7.431172594643972e-23], "malicious score": 0.2835046648979187, "camera": {}}, "DenseNet121": {"clean acc": 92.99000205993653, "prediction": 8, "poisons predictions": [8, 8, 8, 8, 8], "scores": [2.6576140044198837e-07, 4.940983799883725e-08, 1.0620498924751587e-09, 2.119655255228281e-05, 1.1192030797246844e-05, 5.244558451522607e-06, 0.2200336754322052, 3.7704926258031596e-15, 0.7799283266067505, 1.2748985894761589e-11], "malicious score": 0.7799283266067505, "camera": {}}}}}}, "poison_idx_list": [213, 225, 227, 247, 249]}