{"args": "Namespace(device='cuda', dset_path='datasets', end2end=False, eval_poisons_root='attack-results-7poisons/100-overlap/linear-transfer-learning/mean/800', gpu='2', lr_decay_epoch=[30, 45], model_resume_path='model-chks', num_per_class=50, poison_label=8, retrain_bsize=64, retrain_epochs=60, retrain_lr=0.1, retrain_momentum=0.9, retrain_opt='adam', retrain_wd=0, subset_group=0, target_camera=True, target_index_end=1, target_index_start=0, target_index_step=1, target_label=6, target_net=['DPN92', 'SENet18', 'ResNet50', 'ResNeXt29_2x64d', 'GoogLeNet', 'MobileNetV2', 'ResNet18', 'DenseNet121'], target_print_size=[2, 4], test_chk_name='ckpt-%s-4800.t7', train_data_path='datasets/CIFAR10_TRAIN_Split.pth')", "poison_label": 8, "target_label": 6, "targets": {"0": {}, "0": {"800": {"time": 372.0, "coeffs_time": 0, "poisons_time": 4, "target_loss": 0.018012691289186478, "total_loss": 0.06894562393426895, "coeff_list": [[0.1428571492433548, 0.1428571492433548, 0.1428571492433548, 0.1428571492433548, 0.1428571492433548, 0.1428571492433548, 0.1428571492433548], [0.1428571492433548, 0.1428571492433548, 0.1428571492433548, 0.1428571492433548, 0.1428571492433548, 0.1428571492433548, 0.1428571492433548], [0.1428571492433548, 0.1428571492433548, 0.1428571492433548, 0.1428571492433548, 0.1428571492433548, 0.1428571492433548, 0.1428571492433548], [0.1428571492433548, 0.1428571492433548, 0.1428571492433548, 0.1428571492433548, 0.1428571492433548, 0.1428571492433548, 0.1428571492433548], [0.1428571492433548, 0.1428571492433548, 0.1428571492433548, 0.1428571492433548, 0.1428571492433548, 0.1428571492433548, 0.1428571492433548], [0.1428571492433548, 0.1428571492433548, 0.1428571492433548, 0.1428571492433548, 0.1428571492433548, 0.1428571492433548, 0.1428571492433548], [0.1428571492433548, 0.1428571492433548, 0.1428571492433548, 0.1428571492433548, 0.1428571492433548, 0.1428571492433548, 0.1428571492433548], [0.1428571492433548, 0.1428571492433548, 0.1428571492433548, 0.1428571492433548, 0.1428571492433548, 0.1428571492433548, 0.1428571492433548], [0.1428571492433548, 0.1428571492433548, 0.1428571492433548, 0.1428571492433548, 0.1428571492433548, 0.1428571492433548, 0.1428571492433548], [0.1428571492433548, 0.1428571492433548, 0.1428571492433548, 0.1428571492433548, 0.1428571492433548, 0.1428571492433548, 0.1428571492433548], [0.1428571492433548, 0.1428571492433548, 0.1428571492433548, 0.1428571492433548, 0.1428571492433548, 0.1428571492433548, 0.1428571492433548], [0.1428571492433548, 0.1428571492433548, 0.1428571492433548, 0.1428571492433548, 0.1428571492433548, 0.1428571492433548, 0.1428571492433548], [0.1428571492433548, 0.1428571492433548, 0.1428571492433548, 0.1428571492433548, 0.1428571492433548, 0.1428571492433548, 0.1428571492433548], [0.1428571492433548, 0.1428571492433548, 0.1428571492433548, 0.1428571492433548, 0.1428571492433548, 0.1428571492433548, 0.1428571492433548], [0.1428571492433548, 0.1428571492433548, 0.1428571492433548, 0.1428571492433548, 0.1428571492433548, 0.1428571492433548, 0.1428571492433548], [0.1428571492433548, 0.1428571492433548, 0.1428571492433548, 0.1428571492433548, 0.1428571492433548, 0.1428571492433548, 0.1428571492433548], [0.1428571492433548, 0.1428571492433548, 0.1428571492433548, 0.1428571492433548, 0.1428571492433548, 0.1428571492433548, 0.1428571492433548], [0.1428571492433548, 0.1428571492433548, 0.1428571492433548, 0.1428571492433548, 0.1428571492433548, 0.1428571492433548, 0.1428571492433548]], "coeff_list_in_victim": [[0.0, 0.0, 0.2165084183216095, 0.45533812046051025, 0.14199687540531158, 0.18615658581256866, 0.0]], "victims": {"DPN92": {"clean acc": 91.88000183105468, "prediction": 6, "poisons predictions": [8, 8, 8, 6, 8, 8, 8], "scores": [5.0894228068032454e-12, 3.1662612692151655e-19, 1.0413849668812945e-35, 8.010116007983736e-12, 5.159455354346687e-30, 1.6435252464530592e-11, 0.9960367679595947, 8.277842213638819e-38, 0.003962780348956585, 0.0], "malicious score": 0.003962780348956585, "camera": {"2": {"prediction": 5, "scores": [0.0, 3.302862722491137e-38, 4.7107805585255846e-05, 0.4965337812900543, 0.0015130533138290048, 0.5019069314002991, 4.189790062201354e-13, 0.0, 0.0, 1.1765251807508965e-26], "malicious score": 0.0}, "4": {"prediction": 5, "scores": [1.5414283107572988e-44, 1.703090890545778e-36, 4.229834189573012e-07, 0.003157759318128228, 5.290069566399325e-06, 0.9968369007110596, 2.4309776414099815e-09, 0.0, 0.0, 1.0111350849982241e-31], "malicious score": 0.0}}}, "SENet18": {"clean acc": 91.13000106811523, "prediction": 8, "poisons predictions": [8, 8, 8, 8, 8, 8, 6], "scores": [2.1636052949247642e-08, 3.4193281886474303e-12, 1.0238543837160857e-16, 0.00014796655159443617, 0.0006004280876368284, 9.458470673351371e-10, 0.00018374438514001667, 1.3795512321274094e-15, 0.9990677237510681, 6.598155710283975e-17], "malicious score": 0.9990677237510681, "camera": {"2": {"prediction": 3, "scores": [1.1248530041599124e-16, 2.089870264024666e-31, 2.594581858628742e-17, 0.9999256134033203, 2.9342823726352663e-09, 7.507144619012251e-05, 1.2168562912542917e-21, 6.519945244519464e-31, 2.1744475109386485e-09, 5.110599227642831e-16], "malicious score": 2.1744475109386485e-09}, "4": {"prediction": 3, "scores": [1.6734531783305778e-14, 7.331473630485348e-29, 2.0641913668412501e-16, 0.9998416900634766, 7.804355846019462e-07, 0.00015766570868436247, 6.358490219400208e-18, 2.939839133987299e-28, 2.180861713441118e-08, 4.593605786143472e-16], "malicious score": 2.180861713441118e-08}}}, "ResNet50": {"clean acc": 93.76000175476074, "prediction": 8, "poisons predictions": [8, 8, 8, 8, 6, 8, 8], "scores": [6.561085916342064e-24, 1.7932276524389386e-33, 1.18218836928091e-35, 1.952579502977666e-15, 3.8098469016899983e-38, 3.0991927367339223e-30, 0.0020740912295877934, 4.890817568645178e-13, 0.9979250431060791, 6.730233561885241e-20], "malicious score": 0.9979250431060791, "camera": {"2": {"prediction": 3, "scores": [1.8293076148275055e-33, 0.0, 3.37152410516551e-42, 1.0, 5.971065879842156e-39, 4.754851213147537e-16, 0.0, 5.135405071914182e-36, 1.295761811668247e-36, 2.3638142461478522e-35], "malicious score": 1.295761811668247e-36}, "4": {"prediction": 3, "scores": [5.536488114406831e-31, 0.0, 6.532550849897105e-36, 1.0, 7.803991626767118e-35, 6.265606472376098e-15, 2.2701035122062037e-42, 1.0634208367872194e-34, 6.159378258312662e-34, 2.2717096892052736e-32], "malicious score": 6.159378258312662e-34}}}, "ResNeXt29_2x64d": {"clean acc": 93.17000122070313, "prediction": 6, "poisons predictions": [8, 8, 8, 8, 8, 8, 8], "scores": [6.574822682606258e-22, 1.1364966745475158e-08, 6.931306693136162e-19, 7.060208861986439e-09, 1.1210387714598537e-44, 1.5431651383393751e-27, 0.9177916049957275, 6.438331181048929e-17, 0.08220783621072769, 3.925665416561983e-20], "malicious score": 0.08220783621072769, "camera": {"2": {"prediction": 3, "scores": [3.2504264002340685e-17, 1.8479154219058874e-25, 2.6124580276842835e-10, 0.9909242987632751, 5.6970168166303736e-11, 0.0003378690453246236, 0.008737548254430294, 3.464255669826808e-20, 4.6835230980548444e-18, 1.5962753341369762e-10], "malicious score": 4.6835230980548444e-18}, "4": {"prediction": 3, "scores": [5.349468011247811e-17, 4.750082159008083e-24, 7.582372507641821e-10, 0.9828556776046753, 1.1651839493254101e-09, 4.6120370825519785e-05, 0.01709822006523609, 5.666325231752959e-19, 2.333223721616895e-17, 7.807451907204666e-11], "malicious score": 2.333223721616895e-17}}}, "GoogLeNet": {"clean acc": 92.14000053405762, "prediction": 6, "poisons predictions": [8, 8, 8, 8, 8, 8, 8], "scores": [7.965822668154487e-09, 7.224333131716776e-08, 8.053482325465211e-09, 2.3631910153198987e-06, 3.3268996446622623e-09, 3.8415464587160386e-07, 0.9252872467041016, 4.387805347505491e-06, 0.07470592856407166, 2.3395450226231353e-15], "malicious score": 0.07470592856407166, "camera": {"2": {"prediction": 5,