{"args": "Namespace(device='cuda', dset_path='datasets', end2end=False, eval_poisons_root='attack-results-eps0.20/100-overlap/linear-transfer-learning/mean/800', gpu='1', lr_decay_epoch=[30, 45], model_resume_path='model-chks', num_per_class=50, poison_label=8, retrain_bsize=64, retrain_epochs=60, retrain_lr=0.1, retrain_momentum=0.9, retrain_opt='adam', retrain_wd=0, subset_group=0, target_camera=True, target_index_end=10, target_index_start=9, target_index_step=1, target_label=6, target_net=['DPN92', 'SENet18', 'ResNet50', 'ResNeXt29_2x64d', 'GoogLeNet', 'MobileNetV2', 'ResNet18', 'DenseNet121'], target_print_size=[2, 4], test_chk_name='ckpt-%s-4800.t7', train_data_path='datasets/CIFAR10_TRAIN_Split.pth')", "poison_label": 8, "target_label": 6, "targets": {"9": {}, "9": {"800": {"time": 345.0, "coeffs_time": 0, "poisons_time": 4, "target_loss": 0.029858985915780067, "total_loss": 0.07493919134140015, "coeff_list": [[0.20000000298023224, 0.20000000298023224, 0.20000000298023224, 0.20000000298023224, 0.20000000298023224], [0.20000000298023224, 0.20000000298023224, 0.20000000298023224, 0.20000000298023224, 0.20000000298023224], [0.20000000298023224, 0.20000000298023224, 0.20000000298023224, 0.20000000298023224, 0.20000000298023224], [0.20000000298023224, 0.20000000298023224, 0.20000000298023224, 0.20000000298023224, 0.20000000298023224], [0.20000000298023224, 0.20000000298023224, 0.20000000298023224, 0.20000000298023224, 0.20000000298023224], [0.20000000298023224, 0.20000000298023224, 0.20000000298023224, 0.20000000298023224, 0.20000000298023224], [0.20000000298023224, 0.20000000298023224, 0.20000000298023224, 0.20000000298023224, 0.20000000298023224], [0.20000000298023224, 0.20000000298023224, 0.20000000298023224, 0.20000000298023224, 0.20000000298023224], [0.20000000298023224, 0.20000000298023224, 0.20000000298023224, 0.20000000298023224, 0.20000000298023224], [0.20000000298023224, 0.20000000298023224, 0.20000000298023224, 0.20000000298023224, 0.20000000298023224], [0.20000000298023224, 0.20000000298023224, 0.20000000298023224, 0.20000000298023224, 0.20000000298023224], [0.20000000298023224, 0.20000000298023224, 0.20000000298023224, 0.20000000298023224, 0.20000000298023224], [0.20000000298023224, 0.20000000298023224, 0.20000000298023224, 0.20000000298023224, 0.20000000298023224], [0.20000000298023224, 0.20000000298023224, 0.20000000298023224, 0.20000000298023224, 0.20000000298023224], [0.20000000298023224, 0.20000000298023224, 0.20000000298023224, 0.20000000298023224, 0.20000000298023224], [0.20000000298023224, 0.20000000298023224, 0.20000000298023224, 0.20000000298023224, 0.20000000298023224], [0.20000000298023224, 0.20000000298023224, 0.20000000298023224, 0.20000000298023224, 0.20000000298023224], [0.20000000298023224, 0.20000000298023224, 0.20000000298023224, 0.20000000298023224, 0.20000000298023224]], "coeff_list_in_victim": [[0.22320206463336945, 0.0, 0.049111507833004, 0.0, 0.7276864051818848]], "victims": {"DPN92": {"clean acc": 91.95000114440919, "prediction": 6, "poisons predictions": [8, 8, 8, 8, 8], "scores": [1.1111074625473616e-13, 1.696674078359786e-14, 7.0546003175878565e-34, 1.9827607691959943e-15, 2.97495690170512e-29, 9.355961975901478e-18, 0.677422821521759, 8.783707623048694e-35, 0.32257789373397827, 0.0], "malicious score": 0.32257789373397827, "camera": {"2": {"prediction": 3, "scores": [6.60910394716936e-20, 5.363639220268279e-13, 5.251614437372029e-14, 0.9979935884475708, 3.811930697310284e-13, 0.00044629431795328856, 1.29649663449527e-07, 3.3324758409292206e-24, 0.001559893717058003, 2.7170233161532347e-33], "malicious score": 0.001559893717058003}, "4": {"prediction": 3, "scores": [9.745955875992711e-21, 1.3072567237862275e-19, 5.941064483418439e-20, 0.6452828645706177, 4.690132288619198e-13, 0.005271428730338812, 0.3494454622268677, 9.104438845988781e-32, 1.142754602057039e-08, 1.1477924738446202e-37], "malicious score": 1.142754602057039e-08}}}, "SENet18": {"clean acc": 91.88000106811523, "prediction": 8, "poisons predictions": [6, 6, 8, 8, 6], "scores": [5.261934887812458e-09, 0.14582328498363495, 8.522189176574102e-08, 3.9769224713381846e-06, 0.003410113276913762, 4.177107271186031e-11, 0.2697584629058838, 0.0002465496654622257, 0.5807576179504395, 1.2981722901511672e-12], "malicious score": 0.5807576179504395, "camera": {"2": {"prediction": 8, "scores": [5.193036001216456e-10, 3.59314458364679e-06, 6.502799078589305e-05, 0.029441652819514275, 0.0009099534363485873, 4.729921556645422e-07, 0.00025717084645293653, 1.3656865121447481e-05, 0.9693081378936768, 2.8370854554538028e-09], "malicious score": 0.9693081378936768}, "4": {"prediction": 3, "scores": [2.3898263467984904e-13, 1.8764339040910905e-12, 6.802064308431e-05, 0.9981306195259094, 0.0001339194568572566, 9.547530765985357e-08, 8.389712746748046e-08, 3.7067537927981675e-10, 0.0016676331870257854, 2.201562890324915e-11], "malicious score": 0.0016676331870257854}}}, "ResNet50": {"clean acc": 93.15000076293946, "prediction": 8, "poisons predictions": [8, 8, 8, 8, 6], "scores": [2.6169856244913887e-33, 5.026761673299877e-39, 1.6859161661858752e-21, 3.464509154639533e-26, 3.020173069572481e-34, 0.0, 0.0005519877886399627, 6.214693848398022e-36, 0.9994489550590515, 0.0], "malicious score": 0.9994489550590515, "camera": {"2": {"prediction": 8, "scores": [6.260307247573751e-21, 6.744875242193376e-30, 2.841477848984169e-20, 0.0020001668017357588, 2.391085744566491e-27, 9.058933101859838e-21, 0.0010712683433666825, 3.4241561074797597e-28, 0.9969286322593689, 1.4295814725554819e-34], "malicious score": 0.9969286322593689}, "4": {"prediction": 3, "scores": [3.5917415091984013e-22, 9.666033476146037e-33, 1.967329797478281e-31, 1.0, 1.0994060346562734e-27, 2.172959926483048e-27, 3.1130812175057115e-14, 9.397019389908449e-34, 2.289196610050226e-12, 1.1350517561031018e-43], "malicious score": 2.289196610050226e-12}}}, "ResNeXt29_2x64d": {"clean acc": 92.84000129699707, "prediction": 6, "poisons predictions": [8, 8, 8, 8, 8], "scores": [1.2023761119393486e-22, 5.225353874908304e-15, 4.4406216481718275e-09, 1.3800083252135664e-05, 5.6530806030479424e-30, 1.3800912950406229e-18, 0.9404869675636292, 4.00090215753836e-16, 0.059499189257621765, 5.025371667913116e-20], "malicious score": 0.059499189257621765, "camera": {"2": {"prediction": 8, "scores": [5.629974779734317e-20, 5.398581930831638e-26, 0.06890872120857239, 6.981233724445701e-08, 7.893958788507058e-14, 0.00035118148662149906, 0.20471131801605225, 5.456564223355574e-15, 0.7260280847549438, 7.485097057724488e-07], "malicious score": 0.7260280847549438}, "4": {"prediction": 6, "scores": [1.1488637081493872e-18, 4.364917385755821e-21, 0.0016951874131336808, 0.005452623125165701, 2.6950956657362246e-12, 3.787666719290428e-05, 0.9914016723632812, 7.083271993255704e-17, 0.001412591547705233, 9.56931582585252e-12], "malicious score": 0.001412591547705233}}}, "GoogLeNet": {"clean acc": 91.5000015258789, "prediction": 6, "poisons predictions": [6, 8, 8, 8, 6], "scores": [1.0236747200870392e-16, 3.240840928953048e-11, 8.762710734799839e-08, 2.2322825316223316e-05, 1.3593596248639983e-09, 2.898117782024201e-05, 0.8830129504203796, 9.188472176901996e-06, 0.11692695319652557, 5.829347658606928e-15], "malicious score": 0.11692695319652557, "camera": {"2": {"prediction": 3, "scores": [2.684417133025363e-10, 6.864199235678825e-07, 0.0008515520021319389, 0.8421009182929993, 2.764269447652623e-05, 0.09370452910661697, 0.060433439910411835, 6.828262261171503e-11, 0.0028811520896852016, 7.274567082049543e-08], "malicious score": 0.0028811520896852016}, "4": {"prediction": 3, "scores": [2.163432800961207e-11, 6.271696495474544e-10, 0.00015619829355273396, 0.9935957193374634, 2.0764273358508945e-06, 0.005532323382794857, 0.000709115935023874, 6.624795875856968e-15, 4.85263535665581e-06, 3.1099836594883357e-10], "malicious score": 4.85263535665581e-06}}}, "MobileNetV2": {"clean acc": 87.05000152587891, "prediction": 6,