{"args": "Namespace(device='cuda', dset_path='datasets', end2end=False, eval_poisons_root='attack-results-10poisons-102flowers/100-overlap/linear-transfer-learning/mean/800', gpu='1', lr_decay_epoch=[30, 45], model_resume_path='model-chks', num_per_class=50, poison_label=8, retrain_bsize=64, retrain_epochs=60, retrain_lr=0.1, retrain_momentum=0.9, retrain_opt='adam', retrain_wd=0, subset_group=0, target_camera=True, target_dset='102flowers', target_index_end=11, target_index_start=1, target_index_step=1, target_label=-1, target_net=['DPN92', 'SENet18', 'ResNet50', 'ResNeXt29_2x64d', 'GoogLeNet', 'MobileNetV2', 'ResNet18', 'DenseNet121'], target_print_size=[2, 4], test_chk_name='ckpt-%s-4800.t7', train_data_path='datasets/CIFAR10_TRAIN_Split.pth')", "poison_label": 8, "target_label": -1, "targets": {"1": {}, "1": {"800": {"time": 392.0, "coeffs_time": 0, "poisons_time": 4, "target_loss": 0.010385299101471901, "total_loss": 0.09800370037555695, "coeff_list": [[0.10000000149011612, 0.10000000149011612, 0.10000000149011612, 0.10000000149011612, 0.10000000149011612, 0.10000000149011612, 0.10000000149011612, 0.10000000149011612, 0.10000000149011612, 0.10000000149011612], [0.10000000149011612, 0.10000000149011612, 0.10000000149011612, 0.10000000149011612, 0.10000000149011612, 0.10000000149011612, 0.10000000149011612, 0.10000000149011612, 0.10000000149011612, 0.10000000149011612], [0.10000000149011612, 0.10000000149011612, 0.10000000149011612, 0.10000000149011612, 0.10000000149011612, 0.10000000149011612, 0.10000000149011612, 0.10000000149011612, 0.10000000149011612, 0.10000000149011612], [0.10000000149011612, 0.10000000149011612, 0.10000000149011612, 0.10000000149011612, 0.10000000149011612, 0.10000000149011612, 0.10000000149011612, 0.10000000149011612, 0.10000000149011612, 0.10000000149011612], [0.10000000149011612, 0.10000000149011612, 0.10000000149011612, 0.10000000149011612, 0.10000000149011612, 0.10000000149011612, 0.10000000149011612, 0.10000000149011612, 0.10000000149011612, 0.10000000149011612], [0.10000000149011612, 0.10000000149011612, 0.10000000149011612, 0.10000000149011612, 0.10000000149011612, 0.10000000149011612, 0.10000000149011612, 0.10000000149011612, 0.10000000149011612, 0.10000000149011612], [0.10000000149011612, 0.10000000149011612, 0.10000000149011612, 0.10000000149011612, 0.10000000149011612, 0.10000000149011612, 0.10000000149011612, 0.10000000149011612, 0.10000000149011612, 0.10000000149011612], [0.10000000149011612, 0.10000000149011612, 0.10000000149011612, 0.10000000149011612, 0.10000000149011612, 0.10000000149011612, 0.10000000149011612, 0.10000000149011612, 0.10000000149011612, 0.10000000149011612], [0.10000000149011612, 0.10000000149011612, 0.10000000149011612, 0.10000000149011612, 0.10000000149011612, 0.10000000149011612, 0.10000000149011612, 0.10000000149011612, 0.10000000149011612, 0.10000000149011612], [0.10000000149011612, 0.10000000149011612, 0.10000000149011612, 0.10000000149011612, 0.10000000149011612, 0.10000000149011612, 0.10000000149011612, 0.10000000149011612, 0.10000000149011612, 0.10000000149011612], [0.10000000149011612, 0.10000000149011612, 0.10000000149011612, 0.10000000149011612, 0.10000000149011612, 0.10000000149011612, 0.10000000149011612, 0.10000000149011612, 0.10000000149011612, 0.10000000149011612], [0.10000000149011612, 0.10000000149011612, 0.10000000149011612, 0.10000000149011612, 0.10000000149011612, 0.10000000149011612, 0.10000000149011612, 0.10000000149011612, 0.10000000149011612, 0.10000000149011612], [0.10000000149011612, 0.10000000149011612, 0.10000000149011612, 0.10000000149011612, 0.10000000149011612, 0.10000000149011612, 0.10000000149011612, 0.10000000149011612, 0.10000000149011612, 0.10000000149011612], [0.10000000149011612, 0.10000000149011612, 0.10000000149011612, 0.10000000149011612, 0.10000000149011612, 0.10000000149011612, 0.10000000149011612, 0.10000000149011612, 0.10000000149011612, 0.10000000149011612], [0.10000000149011612, 0.10000000149011612, 0.10000000149011612, 0.10000000149011612, 0.10000000149011612, 0.10000000149011612, 0.10000000149011612, 0.10000000149011612, 0.10000000149011612, 0.10000000149011612], [0.10000000149011612, 0.10000000149011612, 0.10000000149011612, 0.10000000149011612, 0.10000000149011612, 0.10000000149011612, 0.10000000149011612, 0.10000000149011612, 0.10000000149011612, 0.10000000149011612], [0.10000000149011612, 0.10000000149011612, 0.10000000149011612, 0.10000000149011612, 0.10000000149011612, 0.10000000149011612, 0.10000000149011612, 0.10000000149011612, 0.10000000149011612, 0.10000000149011612], [0.10000000149011612, 0.10000000149011612, 0.10000000149011612, 0.10000000149011612, 0.10000000149011612, 0.10000000149011612, 0.10000000149011612, 0.10000000149011612, 0.10000000149011612, 0.10000000149011612]], "coeff_list_in_victim": [[0.1297079175710678, 0.0, 0.37830018997192383, 0.011153381317853928, 0.0, 0.0, 0.06484619528055191, 0.17297880351543427, 0.24301345646381378, 0.0]], "victims": {"DPN92": {"clean acc": 92.48000144958496, "prediction": 8, "poisons predictions": [8, 8, 8, 8, 8, 8, 8, 8, 8, 8], "scores": [3.157238215072375e-20, 1.7754813045495604e-27, 0.0001358494773739949, 0.0023868544958531857, 1.5588998980575752e-09, 1.74216125969906e-07, 4.04746014481816e-09, 9.10968008142551e-33, 0.9974778294563293, 4.8487978461047246e-24], "malicious score": 0.9974778294563293, "camera": {"2": {"prediction": 6, "scores": [2.022721460924292e-17, 1.2536607192185905e-20, 2.5597363964568187e-28, 1.0442897414864039e-11, 3.6557648449546326e-25, 1.0698945328277513e-19, 1.0, 3.5421644226133203e-34, 3.2800263292118506e-14, 7.707141553786494e-44], "malicious score": 3.2800263292118506e-14}, "4": {"prediction": 6, "scores": [3.477862859559296e-15, 2.075917876251496e-16, 1.7100901544094036e-35, 1.2980854032055037e-16, 6.122465935721117e-32, 1.0655784210229567e-24, 1.0, 3.3586759441624023e-32, 7.297310601581965e-17, 0.0], "malicious score": 7.297310601581965e-17}}}, "SENet18": {"clean acc": 90.4800018310547, "prediction": 3, "poisons predictions": [8, 2, 3, 8, 3, 0, 2, 8, 3, 0], "scores": [4.0732342654337117e-07, 1.0584393221148107e-18, 0.0007921819924376905, 0.6072984337806702, 0.00031232196488417685, 0.015136868692934513, 2.301620893874201e-09, 2.340368567346762e-13, 0.3764598071575165, 1.7569927024396748e-07], "malicious score": 0.3764598071575165, "camera": {"2": {"prediction": 3, "scores": [2.4176143309517784e-09, 2.3920865714899264e-05, 1.1901418872639624e-07, 0.9734416007995605, 0.026167036965489388, 3.341982619531336e-07, 0.00020221022714395076, 1.6723033695598133e-06, 0.00016331191000062972, 1.4285228273729078e-13], "malicious score": 0.00016331191000062972}, "4": {"prediction": 6, "scores": [4.058651540393178e-14, 0.04731115326285362, 9.802216276080106e-14, 9.662787761044456e-07, 7.226314482977614e-05, 2.996466408333731e-10, 0.95261549949646, 3.2553286732905917e-09, 4.135198572452481e-10, 7.746057010334269e-15], "malicious score": 4.135198572452481e-10}}}, "ResNet50": {"clean acc": 91.3600009918213, "prediction": 8, "poisons predictions": [8, 8, 8, 8, 8, 8, 8, 8, 8, 8], "scores": [1.807675018979014e-43, 2.592678203587996e-35, 1.6815581571897805e-44, 1.8808762327574696e-13, 1.1765305835335708e-17, 4.490583258329787e-32, 1.2717347447394043e-25, 3.7392405334233205e-29, 1.0, 2.089897360580046e-28], "malicious score": 1.0, "camera": {"2": {"prediction": 8, "scores": [4.406963075714865e-13, 9.380115442992873e-19, 3.9260829725891355e-36, 1.1077488232258403e-10, 0.001325854565948248, 2.995819217699314e-11, 6.220398868143258e-17, 7.653891706636795e-21, 0.9986741542816162, 5.602537322957346e-10], "malicious score": 0.9986741542816162}, "4": {"prediction": 6, "scores": [3.13219256200024e-26, 5.343709490414124e-27, 5.072130773793733e-36, 1.2849707933476638e-38, 4.169512906595715e-15, 1.1015293202626959e-21, 1.0, 9.009352984721343e-26, 1.7929214379819314e-07, 1.6915425800500077e-18], "malicious score": 1.7929214379819314e-07}}},