{"args": "Namespace(device='cuda', dset_path='datasets', end2end=False, eval_poisons_root='attack-results-eps0.05/100-overlap/linear-transfer-learning/mean/800', gpu='1', lr_decay_epoch=[30, 45], model_resume_path='model-chks', num_per_class=50, poison_label=8, retrain_bsize=64, retrain_epochs=60, retrain_lr=0.1, retrain_momentum=0.9, retrain_opt='adam', retrain_wd=0, subset_group=0, target_camera=True, target_index_end=30, target_index_start=29, target_index_step=1, target_label=6, target_net=['DPN92', 'SENet18', 'ResNet50', 'ResNeXt29_2x64d', 'GoogLeNet', 'MobileNetV2', 'ResNet18', 'DenseNet121'], target_print_size=[2, 4], test_chk_name='ckpt-%s-4800.t7', train_data_path='datasets/CIFAR10_TRAIN_Split.pth')", "poison_label": 8, "target_label": 6, "targets": {"29": {}, "29": {"800": {"time": 372.0, "coeffs_time": 0, "poisons_time": 4, "target_loss": 0.01725003682076931, "total_loss": 0.09538158774375916, "coeff_list": [[0.20000000298023224, 0.20000000298023224, 0.20000000298023224, 0.20000000298023224, 0.20000000298023224], [0.20000000298023224, 0.20000000298023224, 0.20000000298023224, 0.20000000298023224, 0.20000000298023224], [0.20000000298023224, 0.20000000298023224, 0.20000000298023224, 0.20000000298023224, 0.20000000298023224], [0.20000000298023224, 0.20000000298023224, 0.20000000298023224, 0.20000000298023224, 0.20000000298023224], [0.20000000298023224, 0.20000000298023224, 0.20000000298023224, 0.20000000298023224, 0.20000000298023224], [0.20000000298023224, 0.20000000298023224, 0.20000000298023224, 0.20000000298023224, 0.20000000298023224], [0.20000000298023224, 0.20000000298023224, 0.20000000298023224, 0.20000000298023224, 0.20000000298023224], [0.20000000298023224, 0.20000000298023224, 0.20000000298023224, 0.20000000298023224, 0.20000000298023224], [0.20000000298023224, 0.20000000298023224, 0.20000000298023224, 0.20000000298023224, 0.20000000298023224], [0.20000000298023224, 0.20000000298023224, 0.20000000298023224, 0.20000000298023224, 0.20000000298023224], [0.20000000298023224, 0.20000000298023224, 0.20000000298023224, 0.20000000298023224, 0.20000000298023224], [0.20000000298023224, 0.20000000298023224, 0.20000000298023224, 0.20000000298023224, 0.20000000298023224], [0.20000000298023224, 0.20000000298023224, 0.20000000298023224, 0.20000000298023224, 0.20000000298023224], [0.20000000298023224, 0.20000000298023224, 0.20000000298023224, 0.20000000298023224, 0.20000000298023224], [0.20000000298023224, 0.20000000298023224, 0.20000000298023224, 0.20000000298023224, 0.20000000298023224], [0.20000000298023224, 0.20000000298023224, 0.20000000298023224, 0.20000000298023224, 0.20000000298023224], [0.20000000298023224, 0.20000000298023224, 0.20000000298023224, 0.20000000298023224, 0.20000000298023224], [0.20000000298023224, 0.20000000298023224, 0.20000000298023224, 0.20000000298023224, 0.20000000298023224]], "coeff_list_in_victim": [[0.5965975522994995, 0.31560125946998596, 0.0, 0.051758360117673874, 0.03604289889335632]], "victims": {"DPN92": {"clean acc": 91.92000122070313, "prediction": 8, "poisons predictions": [8, 8, 8, 8, 8], "scores": [1.2756978931803829e-20, 8.666145701364501e-22, 5.683148211583113e-33, 3.9142768921160507e-17, 1.6859975590016322e-31, 7.828630478471967e-25, 2.1644452772306977e-06, 5.045071319294438e-38, 0.9999961853027344, 0.0], "malicious score": 0.9999961853027344, "camera": {"2": {"prediction": 6, "scores": [9.531601390654971e-21, 5.664470950202841e-25, 4.861377070367998e-30, 3.611792288860105e-12, 1.9461540897435227e-23, 6.987805920708101e-18, 1.0, 2.784515955304108e-31, 6.603407598504418e-09, 0.0], "malicious score": 6.603407598504418e-09}, "4": {"prediction": 6, "scores": [5.253496569796912e-22, 6.674269392559145e-27, 1.566827518081405e-26, 7.56435969417879e-10, 4.031062469617411e-18, 3.6499030862014066e-15, 1.0, 2.4957574137167043e-31, 1.2216158640221408e-11, 0.0], "malicious score": 1.2216158640221408e-11}}}, "SENet18": {"clean acc": 91.78000183105469, "prediction": 6, "poisons predictions": [8, 8, 8, 8, 8], "scores": [5.051821361234943e-08, 9.701382752691501e-11, 6.454214197598382e-14, 1.9532705802186717e-13, 1.0095070592797128e-06, 1.2129577449734993e-15, 0.9383708238601685, 1.7845707296480122e-15, 0.06162886694073677, 2.6140649068173466e-16], "malicious score": 0.06162886694073677, "camera": {"2": {"prediction": 6, "scores": [0.006672384217381477, 6.533495803835027e-14, 2.104476566156064e-14, 2.548886879338852e-09, 1.0940370884782169e-05, 5.896515914427525e-13, 0.9933105111122131, 9.174590781372855e-16, 5.3224612202029675e-06, 4.0119999302737266e-15], "malicious score": 5.3224612202029675e-06}, "4": {"prediction": 0, "scores": [0.9760118722915649, 2.0658997925911927e-17, 8.231509224243538e-11, 4.1420980778639205e-06, 4.2389665395603515e-06, 5.906067301886253e-11, 0.023978756740689278, 2.1182187016373756e-16, 1.2490146937549351e-11, 2.2398990079169553e-15], "malicious score": 1.2490146937549351e-11}}}, "ResNet50": {"clean acc": 93.85000228881836, "prediction": 6, "poisons predictions": [8, 8, 8, 8, 8], "scores": [4.203895392974451e-45, 5.092036897705558e-30, 7.552337851808523e-32, 3.656579312284837e-22, 1.1522971453031605e-31, 1.657624093496018e-32, 0.978201687335968, 5.646011612338471e-15, 0.02179841138422489, 2.372663428525627e-16], "malicious score": 0.02179841138422489, "camera": {"2": {"prediction": 6, "scores": [2.468527374754598e-41, 5.357703511047895e-30, 1.765730194710916e-32, 2.584614332247478e-17, 2.0292841096889347e-31, 1.7085339304931992e-25, 0.9999771118164062, 2.5298225502164556e-17, 2.3621849322807975e-05, 1.2152212949412486e-17], "malicious score": 2.3621849322807975e-05}, "4": {"prediction": 6, "scores": [4.5132880809127276e-39, 1.6825187846569273e-27, 2.6318223835796814e-33, 4.574978174076705e-10, 1.6973310877850853e-29, 1.7729305258940162e-26, 0.99993896484375, 7.487389923465628e-18, 6.027737617841922e-05, 3.3843195203690976e-18], "malicious score": 6.027737617841922e-05}}}, "ResNeXt29_2x64d": {"clean acc": 93.04000205993653, "prediction": 6, "poisons predictions": [8, 8, 8, 8, 8], "scores": [1.1421779174508507e-18, 4.569738684678804e-13, 3.323975209662544e-13, 9.281779789205302e-09, 0.0, 9.329305723415252e-25, 0.5835942029953003, 2.2964713220245334e-14, 0.4164050817489624, 1.6271911894560119e-21], "malicious score": 0.4164050817489624, "camera": {"2": {"prediction": 6, "scores": [2.5787518447523734e-19, 9.477892103960939e-16, 2.356265664760172e-16, 4.2269512050552294e-05, 8.629920552663532e-30, 4.694735944848307e-19, 0.9999580383300781, 7.11057005643129e-22, 2.396218640177139e-11, 1.1967900326216525e-20], "malicious score": 2.396218640177139e-11}, "4": {"prediction": 6, "scores": [8.306676441240332e-19, 7.752970916766232e-16, 1.4547402094204708e-17, 8.163566963048652e-05, 2.091227598143148e-22, 1.5463964535027766e-17, 0.9999179840087891, 5.592403331583363e-22, 8.265223921943843e-11, 1.424800672105404e-20], "malicious score": 8.265223921943843e-11}}}, "GoogLeNet": {"clean acc": 92.07000160217285, "prediction": 8, "poisons predictions": [8, 8, 8, 8, 8], "scores": [5.7250988672041814e-11, 1.0431836017232854e-06, 1.167685752534453e-07, 2.2655217435385566e-06, 2.0289204344381417e-12, 3.8006582769867236e-08, 0.0033045820891857147, 7.425540843541967e-06, 0.9966847896575928, 2.837033518808714e-15], "malicious score": 0.9966847896575928, "camera": {"2": {"prediction": 6, "scores": [2.1652194703847272e-08, 5.373739895730978e-06, 0.0022151791490614414, 0.11931465566158295, 1.1204770089534577e-07, 3.081014074268751e-05, 0.8643994927406311, 3.2077234664029675e-06, 0.01403102558106184, 6.55072263794354e-12], "malicious score": 0.01403102558106184}, "4": {"prediction": 6, "scores": [7.513901167932602e-10, 7.879331320737037e-08, 1.6206286090891808e-05, 0.0014704023487865925, 2.828548284483645e-09, 1.689509372226894e-05, 0.9984866976737976, 4.213441684441932e-08, 9.792100172489882e-06, 3.107915400729633e-13], "malicious score": 9.792100172489882e-06}}}, "MobileNetV2": {"clean acc": 87.27000160217285,