{"args": "Namespace(device='cuda', dset_path='datasets', end2end=False, eval_poisons_root='attack-results-eps0.30/100-overlap/linear-transfer-learning/mean/800', gpu='1', lr_decay_epoch=[30, 45], model_resume_path='model-chks', num_per_class=50, poison_label=8, retrain_bsize=64, retrain_epochs=60, retrain_lr=0.1, retrain_momentum=0.9, retrain_opt='adam', retrain_wd=0, subset_group=0, target_camera=True, target_index_end=46, target_index_start=45, target_index_step=1, target_label=6, target_net=['DPN92', 'SENet18', 'ResNet50', 'ResNeXt29_2x64d', 'GoogLeNet', 'MobileNetV2', 'ResNet18', 'DenseNet121'], target_print_size=[2, 4], test_chk_name='ckpt-%s-4800.t7', train_data_path='datasets/CIFAR10_TRAIN_Split.pth')", "poison_label": 8, "target_label": 6, "targets": {"45": {}, "45": {"800": {"time": 455.0, "coeffs_time": 0, "poisons_time": 7, "target_loss": 0.022208401933312416, "total_loss": 0.07107621431350708, "coeff_list": [[0.20000000298023224, 0.20000000298023224, 0.20000000298023224, 0.20000000298023224, 0.20000000298023224], [0.20000000298023224, 0.20000000298023224, 0.20000000298023224, 0.20000000298023224, 0.20000000298023224], [0.20000000298023224, 0.20000000298023224, 0.20000000298023224, 0.20000000298023224, 0.20000000298023224], [0.20000000298023224, 0.20000000298023224, 0.20000000298023224, 0.20000000298023224, 0.20000000298023224], [0.20000000298023224, 0.20000000298023224, 0.20000000298023224, 0.20000000298023224, 0.20000000298023224], [0.20000000298023224, 0.20000000298023224, 0.20000000298023224, 0.20000000298023224, 0.20000000298023224], [0.20000000298023224, 0.20000000298023224, 0.20000000298023224, 0.20000000298023224, 0.20000000298023224], [0.20000000298023224, 0.20000000298023224, 0.20000000298023224, 0.20000000298023224, 0.20000000298023224], [0.20000000298023224, 0.20000000298023224, 0.20000000298023224, 0.20000000298023224, 0.20000000298023224], [0.20000000298023224, 0.20000000298023224, 0.20000000298023224, 0.20000000298023224, 0.20000000298023224], [0.20000000298023224, 0.20000000298023224, 0.20000000298023224, 0.20000000298023224, 0.20000000298023224], [0.20000000298023224, 0.20000000298023224, 0.20000000298023224, 0.20000000298023224, 0.20000000298023224], [0.20000000298023224, 0.20000000298023224, 0.20000000298023224, 0.20000000298023224, 0.20000000298023224], [0.20000000298023224, 0.20000000298023224, 0.20000000298023224, 0.20000000298023224, 0.20000000298023224], [0.20000000298023224, 0.20000000298023224, 0.20000000298023224, 0.20000000298023224, 0.20000000298023224], [0.20000000298023224, 0.20000000298023224, 0.20000000298023224, 0.20000000298023224, 0.20000000298023224], [0.20000000298023224, 0.20000000298023224, 0.20000000298023224, 0.20000000298023224, 0.20000000298023224], [0.20000000298023224, 0.20000000298023224, 0.20000000298023224, 0.20000000298023224, 0.20000000298023224]], "coeff_list_in_victim": [[0.5239138603210449, 0.4760861098766327, 0.0, 0.0, 0.0]], "victims": {"DPN92": {"clean acc": 92.90000114440917, "prediction": 6, "poisons predictions": [8, 8, 8, 6, 8], "scores": [3.4318400125845033e-16, 3.155058788028754e-20, 0.0, 9.978589372708953e-15, 6.019928819867251e-28, 4.956995436178288e-22, 0.9984524250030518, 8.127531093083939e-44, 0.0015461597358807921, 0.0], "malicious score": 0.0015461597358807921, "camera": {}}, "SENet18": {"clean acc": 91.10000152587891, "prediction": 6, "poisons predictions": [8, 6, 8, 8, 6], "scores": [8.503393573045664e-14, 4.876752335292167e-09, 1.625839326726888e-20, 8.625037668666749e-14, 1.2327686427227036e-08, 4.3465636309058556e-18, 0.9999046325683594, 1.9353451176201844e-23, 9.606400271877646e-05, 1.9456364392175167e-21], "malicious score": 9.606400271877646e-05, "camera": {}}, "ResNet50": {"clean acc": 93.38000221252442, "prediction": 6, "poisons predictions": [8, 8, 8, 8, 8], "scores": [1.3178393698671739e-37, 2.1583637484531884e-33, 5.677855249803173e-35, 1.9981074781520816e-21, 0.0, 1.0714503911415149e-27, 0.6725794076919556, 1.401298464324817e-45, 0.3274203836917877, 9.978383953984355e-18], "malicious score": 0.3274203836917877, "camera": {}}, "ResNeXt29_2x64d": {"clean acc": 93.02000198364257, "prediction": 6, "poisons predictions": [8, 8, 8, 8, 8], "scores": [7.195014776435941e-23, 2.219384081692693e-15, 2.7350866661562598e-14, 2.628381678970726e-10, 1.2611686178923354e-44, 5.570352541083625e-27, 0.9997463822364807, 1.6027046847911232e-27, 0.00025406081113032997, 3.205915323415699e-29], "malicious score": 0.00025406081113032997, "camera": {}}, "GoogLeNet": {"clean acc": 91.84000205993652, "prediction": 6, "poisons predictions": [8, 8, 8, 8, 8], "scores": [1.0973476156071228e-14, 6.473463542988611e-09, 7.493546263503958e-07, 0.000289546704152599, 9.386941224320822e-10, 2.720186057558749e-05, 0.9869076609611511, 6.65569714897174e-08, 0.012774614617228508, 3.287655046748002e-14], "malicious score": 0.012774614617228508, "camera": {}}, "MobileNetV2": {"clean acc": 87.1200008392334, "prediction": 6, "poisons predictions": [8, 8, 8, 6, 8], "scores": [9.45283263421642e-16, 6.042287297951796e-22, 6.0793378557691815e-18, 2.550308053628214e-08, 3.065142397519036e-23, 3.4719552349895135e-20, 1.0, 3.31070053742088e-28, 2.4589789404672047e-07, 2.530696261790376e-28], "malicious score": 2.4589789404672047e-07, "camera": {}}, "ResNet18": {"clean acc": 92.71000099182129, "prediction": 6, "poisons predictions": [8, 6, 8, 8, 8], "scores": [3.874613515569684e-16, 2.09308104182071e-09, 4.047076042346109e-12, 8.12436837804853e-07, 1.3351969155238735e-28, 4.0911647984295807e-13, 0.9933076500892639, 1.137385879216572e-19, 0.006691941991448402, 3.8237807792835824e-23], "malicious score": 0.006691941991448402, "camera": {}}, "DenseNet121": {"clean acc": 92.96000137329102, "prediction": 6, "poisons predictions": [8, 8, 8, 8, 8], "scores": [2.770476514868392e-09, 1.7058191525975985e-09, 2.8904589832734473e-10, 0.00010389174713054672, 7.37214733703695e-08, 1.3048564824202913e-06, 0.9727126359939575, 1.0578720664499843e-22, 0.027182122692465782, 4.271271270700483e-12], "malicious score": 0.027182122692465782, "camera": {}}}}}}, "poison_idx_list": [213, 225, 227, 247, 249]}