{"args": "Namespace(device='cuda', dset_path='datasets', end2end=False, eval_poisons_root='attack-results-eps0.03/100-overlap/linear-transfer-learning/mean/800', gpu='2', lr_decay_epoch=[30, 45], model_resume_path='model-chks', num_per_class=50, poison_label=8, retrain_bsize=64, retrain_epochs=60, retrain_lr=0.1, retrain_momentum=0.9, retrain_opt='adam', retrain_wd=0, subset_group=0, target_camera=True, target_index_end=36, target_index_start=35, target_index_step=1, target_label=6, target_net=['DPN92', 'SENet18', 'ResNet50', 'ResNeXt29_2x64d', 'GoogLeNet', 'MobileNetV2', 'ResNet18', 'DenseNet121'], target_print_size=[2, 4], test_chk_name='ckpt-%s-4800.t7', train_data_path='datasets/CIFAR10_TRAIN_Split.pth')", "poison_label": 8, "target_label": 6, "targets": {"35": {}, "35": {"800": {"time": 349.0, "coeffs_time": 0, "poisons_time": 4, "target_loss": 0.007210122421383858, "total_loss": 0.09779120981693268, "coeff_list": [[0.20000000298023224, 0.20000000298023224, 0.20000000298023224, 0.20000000298023224, 0.20000000298023224], [0.20000000298023224, 0.20000000298023224, 0.20000000298023224, 0.20000000298023224, 0.20000000298023224], [0.20000000298023224, 0.20000000298023224, 0.20000000298023224, 0.20000000298023224, 0.20000000298023224], [0.20000000298023224, 0.20000000298023224, 0.20000000298023224, 0.20000000298023224, 0.20000000298023224], [0.20000000298023224, 0.20000000298023224, 0.20000000298023224, 0.20000000298023224, 0.20000000298023224], [0.20000000298023224, 0.20000000298023224, 0.20000000298023224, 0.20000000298023224, 0.20000000298023224], [0.20000000298023224, 0.20000000298023224, 0.20000000298023224, 0.20000000298023224, 0.20000000298023224], [0.20000000298023224, 0.20000000298023224, 0.20000000298023224, 0.20000000298023224, 0.20000000298023224], [0.20000000298023224, 0.20000000298023224, 0.20000000298023224, 0.20000000298023224, 0.20000000298023224], [0.20000000298023224, 0.20000000298023224, 0.20000000298023224, 0.20000000298023224, 0.20000000298023224], [0.20000000298023224, 0.20000000298023224, 0.20000000298023224, 0.20000000298023224, 0.20000000298023224], [0.20000000298023224, 0.20000000298023224, 0.20000000298023224, 0.20000000298023224, 0.20000000298023224], [0.20000000298023224, 0.20000000298023224, 0.20000000298023224, 0.20000000298023224, 0.20000000298023224], [0.20000000298023224, 0.20000000298023224, 0.20000000298023224, 0.20000000298023224, 0.20000000298023224], [0.20000000298023224, 0.20000000298023224, 0.20000000298023224, 0.20000000298023224, 0.20000000298023224], [0.20000000298023224, 0.20000000298023224, 0.20000000298023224, 0.20000000298023224, 0.20000000298023224], [0.20000000298023224, 0.20000000298023224, 0.20000000298023224, 0.20000000298023224, 0.20000000298023224], [0.20000000298023224, 0.20000000298023224, 0.20000000298023224, 0.20000000298023224, 0.20000000298023224]], "coeff_list_in_victim": [[0.0, 0.3574122190475464, 0.0, 0.2519189715385437, 0.3906687796115875]], "victims": {"DPN92": {"clean acc": 92.00000114440918, "prediction": 6, "poisons predictions": [6, 8, 8, 6, 8], "scores": [9.270675657810541e-15, 9.501397181393281e-21, 1.6815581571897805e-43, 1.114891689985828e-22, 3.604147217255137e-38, 3.2679017332174723e-20, 0.9961241483688354, 7.567011707354012e-44, 0.003877699840813875, 0.0], "malicious score": 0.003877699840813875, "camera": {"2": {"prediction": 6, "scores": [4.4626954909254835e-10, 4.80984929402333e-18, 1.0817976944586394e-31, 4.525464950152179e-14, 1.972182338374541e-25, 1.203927738481058e-14, 0.9999122619628906, 1.9670791343282278e-34, 8.918832463677973e-05, 4.575239486020528e-42], "malicious score": 8.918832463677973e-05}, "4": {"prediction": 6, "scores": [5.270633105305955e-13, 2.503277869410292e-18, 2.7863711462025148e-34, 1.1538989021217852e-15, 5.185347782213945e-28, 2.7164898883927022e-14, 0.9997101426124573, 3.6512286596308464e-36, 0.0002902079722844064, 2.802596928649634e-45], "malicious score": 0.0002902079722844064}}}, "SENet18": {"clean acc": 91.42000160217285, "prediction": 6, "poisons predictions": [8, 6, 8, 8, 6], "scores": [2.1108163827943116e-10, 5.403368754322991e-16, 1.825564947155748e-17, 8.862644640525094e-14, 7.163294402090514e-10, 1.4151946961852256e-15, 0.9963521957397461, 1.1422928566785068e-15, 0.0036479139234870672, 7.638378354301018e-20], "malicious score": 0.0036479139234870672, "camera": {"2": {"prediction": 6, "scores": [2.712898128365282e-09, 2.7967900305725965e-16, 1.7576726094553558e-17, 8.495944399389277e-12, 4.092267857913612e-08, 4.0155772045198657e-14, 0.6637035012245178, 2.3416869042489454e-16, 0.33629724383354187, 9.788627894284077e-19], "malicious score": 0.33629724383354187}, "4": {"prediction": 8, "scores": [5.729624552586188e-10, 3.3019173345743104e-16, 6.696484075905195e-19, 2.1064825231342788e-12, 1.36631630454076e-08, 1.7242870136270974e-14, 0.37389513850212097, 1.792702881216364e-16, 0.6261051893234253, 7.640625959121689e-19], "malicious score": 0.6261051893234253}}}, "ResNet50": {"clean acc": 93.45000114440919, "prediction": 8, "poisons predictions": [6, 6, 8, 8, 8], "scores": [2.591351185152668e-40, 6.438889233596604e-34, 3.384464762076787e-31, 6.25575113029746e-20, 0.0, 2.296553829167011e-22, 0.23693892359733582, 3.1389435925491984e-38, 0.7630603313446045, 0.0], "malicious score": 0.7630603313446045, "camera": {"2": {"prediction": 8, "scores": [1.4778767873001283e-29, 1.4133927783326634e-30, 2.86300277603827e-25, 1.0719556642549834e-15, 2.963900394878064e-40, 3.6739813968900137e-10, 0.26551899313926697, 7.573217404911111e-34, 0.7344812154769897, 0.0], "malicious score": 0.7344812154769897}, "4": {"prediction": 6, "scores": [3.5676668780217375e-37, 9.739912561411248e-33, 1.222458995110521e-27, 3.022423891024806e-13, 0.0, 1.2700266168849229e-20, 0.9996472001075745, 4.630717363059431e-36, 0.00035197980469092727, 0.0], "malicious score": 0.00035197980469092727}}}, "ResNeXt29_2x64d": {"clean acc": 92.66000137329101, "prediction": 6, "poisons predictions": [8, 8, 8, 8, 8], "scores": [4.8420545763478255e-30, 3.0240588371194877e-26, 1.4315492925836807e-22, 4.586458435262841e-10, 0.0, 2.4581861067939144e-26, 0.996912956237793, 3.0237950617543044e-25, 0.003086404874920845, 1.1111251000444512e-23], "malicious score": 0.003086404874920845, "camera": {"2": {"prediction": 6, "scores": [1.133152999526353e-22, 2.5208833170785864e-24, 1.877851823692267e-12, 0.000616793695371598, 1.2810504721944885e-23, 4.019280908096334e-09, 0.9993831515312195, 1.224418834433204e-20, 1.3092859774133103e-07, 2.1907012167580574e-15], "malicious score": 1.3092859774133103e-07}, "4": {"prediction": 6, "scores": [8.641411125453477e-24, 5.211054409480565e-25, 6.625264226123306e-11, 0.0002433992485748604, 5.7270458623953e-25, 3.399071690779465e-09, 0.9997568130493164, 6.373543458982601e-19, 1.574343855281768e-07, 5.807529360435078e-15], "malicious score": 1.574343855281768e-07}}}, "GoogLeNet": {"clean acc": 92.02000198364257, "prediction": 6, "poisons predictions": [8, 8, 8, 6, 8], "scores": [5.976220630561982e-15, 1.0698673058584518e-09, 9.329119074474868e-12, 1.0327665222575888e-05, 2.581155289504977e-10, 9.242935306019717e-08, 0.8632254004478455, 9.651965449108957e-09, 0.13676416873931885, 1.16497819895099e-15], "malicious score": 0.13676416873931885, "camera": {"2": {"prediction": 6, "scores": [5.751402132325723e-10, 9.80899272917668e-09, 2.346413339182618e-06, 0.0028304567094892263, 0.00033905720920301974, 0.0016341442242264748, 0.9545711874961853, 5.283615791995544e-06, 0.04061754792928696, 6.172398703263582e-11], "malicious score": 0.04061754792928696}, "4": {"prediction": 6, "scores": [1.8570151926605716e-12, 3.51658169250868e-09, 7.527665246698234e-08, 0.0001339968730462715, 1.100485107485838e-07, 4.5816177589586005e-05, 0.5995226502418518, 6.07252604822861e-06, 0.4002913534641266, 3.296824889909705e-13], "malicious score": 0.4002913534641266}}}, "MobileNetV2": {"clean acc": 86.9400016784668, "prediction": 6, "poisons predictions": [6, 6, 8, 6, 6],