{"args": "Namespace(device='cuda', dset_path='datasets', end2end=False, eval_poisons_root='attack-results-eps0.05/100-overlap/linear-transfer-learning/mean/800', gpu='2', lr_decay_epoch=[30, 45], model_resume_path='model-chks', num_per_class=50, poison_label=8, retrain_bsize=64, retrain_epochs=60, retrain_lr=0.1, retrain_momentum=0.9, retrain_opt='adam', retrain_wd=0, subset_group=0, target_camera=True, target_index_end=7, target_index_start=6, target_index_step=1, target_label=6, target_net=['DPN92', 'SENet18', 'ResNet50', 'ResNeXt29_2x64d', 'GoogLeNet', 'MobileNetV2', 'ResNet18', 'DenseNet121'], target_print_size=[2, 4], test_chk_name='ckpt-%s-4800.t7', train_data_path='datasets/CIFAR10_TRAIN_Split.pth')", "poison_label": 8, "target_label": 6, "targets": {"6": {}, "6": {"800": {"time": 461.0, "coeffs_time": 0, "poisons_time": 5, "target_loss": 0.006277584936469793, "total_loss": 0.07390495389699936, "coeff_list": [[0.20000000298023224, 0.20000000298023224, 0.20000000298023224, 0.20000000298023224, 0.20000000298023224], [0.20000000298023224, 0.20000000298023224, 0.20000000298023224, 0.20000000298023224, 0.20000000298023224], [0.20000000298023224, 0.20000000298023224, 0.20000000298023224, 0.20000000298023224, 0.20000000298023224], [0.20000000298023224, 0.20000000298023224, 0.20000000298023224, 0.20000000298023224, 0.20000000298023224], [0.20000000298023224, 0.20000000298023224, 0.20000000298023224, 0.20000000298023224, 0.20000000298023224], [0.20000000298023224, 0.20000000298023224, 0.20000000298023224, 0.20000000298023224, 0.20000000298023224], [0.20000000298023224, 0.20000000298023224, 0.20000000298023224, 0.20000000298023224, 0.20000000298023224], [0.20000000298023224, 0.20000000298023224, 0.20000000298023224, 0.20000000298023224, 0.20000000298023224], [0.20000000298023224, 0.20000000298023224, 0.20000000298023224, 0.20000000298023224, 0.20000000298023224], [0.20000000298023224, 0.20000000298023224, 0.20000000298023224, 0.20000000298023224, 0.20000000298023224], [0.20000000298023224, 0.20000000298023224, 0.20000000298023224, 0.20000000298023224, 0.20000000298023224], [0.20000000298023224, 0.20000000298023224, 0.20000000298023224, 0.20000000298023224, 0.20000000298023224], [0.20000000298023224, 0.20000000298023224, 0.20000000298023224, 0.20000000298023224, 0.20000000298023224], [0.20000000298023224, 0.20000000298023224, 0.20000000298023224, 0.20000000298023224, 0.20000000298023224], [0.20000000298023224, 0.20000000298023224, 0.20000000298023224, 0.20000000298023224, 0.20000000298023224], [0.20000000298023224, 0.20000000298023224, 0.20000000298023224, 0.20000000298023224, 0.20000000298023224], [0.20000000298023224, 0.20000000298023224, 0.20000000298023224, 0.20000000298023224, 0.20000000298023224], [0.20000000298023224, 0.20000000298023224, 0.20000000298023224, 0.20000000298023224, 0.20000000298023224]], "coeff_list_in_victim": [[0.0, 0.3664931058883667, 0.15856534242630005, 0.47494155168533325, 0.0]], "victims": {"DPN92": {"clean acc": 92.27000122070312, "prediction": 8, "poisons predictions": [8, 8, 8, 8, 8], "scores": [2.2764774630173653e-20, 4.725580888512333e-14, 1.5973026767888922e-35, 5.1041864603131767e-17, 1.102067297805786e-36, 3.477137715397614e-20, 1.0918085990851978e-07, 1.401298464324817e-45, 1.0, 0.0], "malicious score": 1.0, "camera": {"2": {"prediction": 8, "scores": [2.234292393342399e-30, 1.696670061390737e-11, 6.914141599634055e-34, 6.248986891857581e-17, 5.219295069769647e-31, 4.544233623178873e-22, 3.2587985358554213e-22, 0.0, 1.0, 0.0], "malicious score": 1.0}, "4": {"prediction": 8, "scores": [2.2556062688324126e-31, 1.0845021712266312e-12, 2.7557822301673256e-32, 3.484806570963091e-16, 1.3060083601195093e-30, 2.161690481830434e-20, 1.3572624504656352e-22, 4.203895392974451e-45, 1.0, 9.80908925027372e-45], "malicious score": 1.0}}}, "SENet18": {"clean acc": 91.58000144958496, "prediction": 6, "poisons predictions": [8, 8, 6, 8, 8], "scores": [7.528525185193972e-16, 4.358102386860664e-18, 1.573371661634567e-14, 2.9776920512647465e-11, 7.369586091954261e-05, 3.358388057667777e-13, 0.5825543403625488, 1.2038242763844011e-18, 0.41737279295921326, 1.5641603680685567e-12], "malicious score": 0.41737279295921326, "camera": {"2": {"prediction": 8, "scores": [4.692975541053905e-14, 3.6459787825567774e-15, 6.200662761024489e-10, 3.014324123640222e-09, 1.1956684886627045e-07, 4.714455822257824e-13, 2.3717707335890736e-06, 8.804080104925574e-14, 0.9999980926513672, 1.3782186503163985e-10], "malicious score": 0.9999980926513672}, "4": {"prediction": 8, "scores": [3.146229767193214e-17, 2.379390087736688e-15, 7.569630144053929e-13, 8.23814887834784e-12, 8.659345240857874e-09, 4.886495379743906e-15, 1.9694477160214774e-08, 3.691854510496544e-16, 1.0, 5.827911504080463e-12], "malicious score": 1.0}}}, "ResNet50": {"clean acc": 93.4400016784668, "prediction": 8, "poisons predictions": [8, 8, 8, 8, 8], "scores": [8.088632647660817e-34, 6.318791087272038e-39, 0.0, 8.176169467736615e-36, 2.150092275981849e-37, 0.0, 4.589331137339059e-09, 3.699427945817517e-43, 1.0, 0.0], "malicious score": 1.0, "camera": {"2": {"prediction": 8, "scores": [5.147485323584128e-29, 7.485476027007339e-33, 0.0, 1.6175678565439372e-28, 3.02975675562859e-30, 0.0, 2.377651853180396e-08, 1.228487254847659e-38, 1.0, 1.692768544904379e-42], "malicious score": 1.0}, "4": {"prediction": 8, "scores": [1.622593975179104e-26, 1.9359826968438296e-28, 2.1019476964872256e-44, 3.7422694675209826e-27, 1.9028398624319004e-25, 4.435695382346134e-39, 2.093392686219886e-05, 4.9066349588716746e-36, 0.9999809265136719, 1.4543036437247362e-37], "malicious score": 0.9999809265136719}}}, "ResNeXt29_2x64d": {"clean acc": 92.31000137329102, "prediction": 8, "poisons predictions": [8, 8, 8, 8, 8], "scores": [1.1744081022595288e-27, 5.430602879658304e-24, 2.995405757116133e-16, 2.24696407313818e-11, 3.3144417795002727e-35, 4.696515348099955e-24, 0.007148756179958582, 1.3874091170574545e-23, 0.9928521513938904, 7.97143405465448e-27], "malicious score": 0.9928521513938904, "camera": {"2": {"prediction": 8, "scores": [1.1842435375960228e-25, 3.128585518758848e-19, 1.9920438807549628e-19, 1.1467616786720036e-11, 5.1668910177778984e-26, 5.511831492638459e-24, 2.9088747036110085e-11, 9.81741941742218e-27, 1.0, 3.9738840233649894e-18], "malicious score": 1.0}, "4": {"prediction": 8, "scores": [1.5472449705556667e-26, 1.035991715511795e-21, 3.3746764555831075e-18, 2.0560304760802728e-12, 2.074067159773077e-22, 2.3707225769142786e-20, 2.5499481637325516e-08, 8.36180664990936e-26, 1.0, 6.072436902985611e-16], "malicious score": 1.0}}}, "GoogLeNet": {"clean acc": 91.78000144958496, "prediction": 8, "poisons predictions": [8, 8, 6, 8, 8], "scores": [1.13690621587198e-12, 7.240189003887565e-10, 6.624007564681733e-09, 5.188366412767209e-05, 2.182335992984008e-05, 4.624598091140797e-07, 0.10143715888261795, 1.5774217899888754e-05, 0.8984730839729309, 7.932768482897534e-13], "malicious score": 0.8984730839729309, "camera": {"2": {"prediction": 8, "scores": [3.9946465579809853e-10, 1.2243475566720008e-07, 1.279518019314807e-10, 0.00015782819536980242, 0.022250626236200333, 1.7415399611309113e-07, 0.00023047983995638788, 5.432017360362806e-07, 0.9773601293563843, 1.4443146678644325e-09], "malicious score": 0.9773601293563843}, "4": {"prediction": 8, "scores": [7.470697671596582e-11, 4.9525418432949664e-08, 1.5938634856382805e-09, 0.0004934135358780622, 0.14247526228427887, 1.31248016259633e-05, 0.004339898936450481, 3.289699452579953e-05, 0.8526452779769897, 2.864644343958389e-08], "malicious score": 0.8526452779769897}}}, "MobileNetV2": {"clean acc": 86.97000160217286, "prediction": 8, "poisons predictions": [8, 8, 6, 8, 6], "scores": [3.315512478075538e-15, 1.1933399580998927e-11, 1.4486881259251144e-16, 1.2969819884744993e-08, 5.543741342239538e-22, 4.099661487567442e-14, 0.19953590631484985, 2.266176091349357e-27, 0.8004647493362427, 7.813565610403058e-32], "malicious score": 0.8004647493362427,