{"args": "Namespace(device='cuda', dset_path='datasets', end2end=False, eval_poisons_root='attack-results-eps0.30/100-overlap/linear-transfer-learning/mean/800', gpu='2', lr_decay_epoch=[30, 45], model_resume_path='model-chks', num_per_class=50, poison_label=8, retrain_bsize=64, retrain_epochs=60, retrain_lr=0.1, retrain_momentum=0.9, retrain_opt='adam', retrain_wd=0, subset_group=0, target_camera=True, target_index_end=31, target_index_start=30, target_index_step=1, target_label=6, target_net=['DPN92', 'SENet18', 'ResNet50', 'ResNeXt29_2x64d', 'GoogLeNet', 'MobileNetV2', 'ResNet18', 'DenseNet121'], target_print_size=[2, 4], test_chk_name='ckpt-%s-4800.t7', train_data_path='datasets/CIFAR10_TRAIN_Split.pth')", "poison_label": 8, "target_label": 6, "targets": {"30": {}, "30": {"800": {"time": 458.0, "coeffs_time": 0, "poisons_time": 5, "target_loss": 0.008429218083620071, "total_loss": 0.06583976745605469, "coeff_list": [[0.20000000298023224, 0.20000000298023224, 0.20000000298023224, 0.20000000298023224, 0.20000000298023224], [0.20000000298023224, 0.20000000298023224, 0.20000000298023224, 0.20000000298023224, 0.20000000298023224], [0.20000000298023224, 0.20000000298023224, 0.20000000298023224, 0.20000000298023224, 0.20000000298023224], [0.20000000298023224, 0.20000000298023224, 0.20000000298023224, 0.20000000298023224, 0.20000000298023224], [0.20000000298023224, 0.20000000298023224, 0.20000000298023224, 0.20000000298023224, 0.20000000298023224], [0.20000000298023224, 0.20000000298023224, 0.20000000298023224, 0.20000000298023224, 0.20000000298023224], [0.20000000298023224, 0.20000000298023224, 0.20000000298023224, 0.20000000298023224, 0.20000000298023224], [0.20000000298023224, 0.20000000298023224, 0.20000000298023224, 0.20000000298023224, 0.20000000298023224], [0.20000000298023224, 0.20000000298023224, 0.20000000298023224, 0.20000000298023224, 0.20000000298023224], [0.20000000298023224, 0.20000000298023224, 0.20000000298023224, 0.20000000298023224, 0.20000000298023224], [0.20000000298023224, 0.20000000298023224, 0.20000000298023224, 0.20000000298023224, 0.20000000298023224], [0.20000000298023224, 0.20000000298023224, 0.20000000298023224, 0.20000000298023224, 0.20000000298023224], [0.20000000298023224, 0.20000000298023224, 0.20000000298023224, 0.20000000298023224, 0.20000000298023224], [0.20000000298023224, 0.20000000298023224, 0.20000000298023224, 0.20000000298023224, 0.20000000298023224], [0.20000000298023224, 0.20000000298023224, 0.20000000298023224, 0.20000000298023224, 0.20000000298023224], [0.20000000298023224, 0.20000000298023224, 0.20000000298023224, 0.20000000298023224, 0.20000000298023224], [0.20000000298023224, 0.20000000298023224, 0.20000000298023224, 0.20000000298023224, 0.20000000298023224], [0.20000000298023224, 0.20000000298023224, 0.20000000298023224, 0.20000000298023224, 0.20000000298023224]], "coeff_list_in_victim": [[0.0, 0.41394075751304626, 0.0, 0.0, 0.5860592126846313]], "victims": {"DPN92": {"clean acc": 92.71000213623047, "prediction": 8, "poisons predictions": [8, 8, 8, 8, 6], "scores": [2.7916304823349947e-09, 3.2541921631337734e-13, 1.030236515550781e-31, 6.908566312747262e-15, 3.7132242009283226e-31, 2.1488707373384784e-22, 0.04852321371436119, 1.1756894115685215e-42, 0.9514769315719604, 0.0], "malicious score": 0.9514769315719604, "camera": {"2": {"prediction": 3, "scores": [2.517829152635931e-15, 6.011419813431254e-19, 1.4799366430690714e-13, 0.9683148860931396, 7.553569335553546e-19, 0.03120434656739235, 9.991486149374396e-05, 8.667580145830102e-34, 0.000380702898837626, 0.0], "malicious score": 0.000380702898837626}, "4": {"prediction": 3, "scores": [1.345369164601403e-16, 1.3329078530754383e-19, 1.852701613002175e-13, 0.4275146424770355, 6.604179415442025e-23, 0.3244989216327667, 0.23806758224964142, 5.064462759542296e-33, 0.009918720461428165, 0.0], "malicious score": 0.009918720461428165}}}, "SENet18": {"clean acc": 90.9800018310547, "prediction": 8, "poisons predictions": [8, 8, 8, 6, 6], "scores": [7.092202519709545e-11, 2.405298708010829e-15, 4.095988548336038e-10, 5.398629099317986e-09, 1.9705854015228397e-07, 9.61491303241857e-11, 0.10341978073120117, 1.518402345468267e-17, 0.8965805768966675, 1.71304404038633e-13], "malicious score": 0.8965805768966675, "camera": {"2": {"prediction": 8, "scores": [6.312508380731463e-15, 3.629842203499579e-21, 8.366975862150738e-11, 1.4605053877403407e-07, 1.1467312077684255e-07, 8.968471298942404e-09, 1.1458206245151814e-05, 1.3480981586663741e-22, 0.9999885559082031, 5.763283323885829e-14], "malicious score": 0.9999885559082031}, "4": {"prediction": 8, "scores": [5.2895106914321866e-15, 9.921505372013093e-22, 3.491084088480534e-10, 3.5975472201243974e-06, 2.6910922770184698e-06, 2.7742694328480866e-06, 8.178848656825721e-05, 6.399232090088158e-23, 0.999908447265625, 1.0944391009778953e-12], "malicious score": 0.999908447265625}}}, "ResNet50": {"clean acc": 92.93000144958496, "prediction": 8, "poisons predictions": [8, 8, 8, 8, 8], "scores": [3.974041711994421e-30, 7.117115599121482e-13, 4.5402146352148666e-29, 1.6187814738077405e-16, 1.4296327029870136e-31, 3.1279967117640986e-29, 0.07591570913791656, 0.0, 0.9240844249725342, 0.0], "malicious score": 0.9240844249725342, "camera": {"2": {"prediction": 8, "scores": [2.767726474183779e-34, 1.1561289069378453e-14, 7.421123129594092e-36, 2.392333259390502e-14, 4.048159341596723e-37, 2.0841142435051613e-16, 6.695296969155785e-15, 0.0, 1.0, 0.0], "malicious score": 1.0}, "4": {"prediction": 8, "scores": [1.8412592332343003e-32, 5.78398616436944e-14, 9.942761016551575e-37, 1.1831609910556429e-12, 1.0896850210010542e-36, 1.1020735019018346e-10, 3.667944656367352e-18, 0.0, 1.0, 0.0], "malicious score": 1.0}}}, "ResNeXt29_2x64d": {"clean acc": 92.7900016784668, "prediction": 6, "poisons predictions": [8, 8, 8, 8, 8], "scores": [2.0047599518293565e-26, 1.8084402597651206e-07, 2.38392361982863e-15, 1.2198727290524403e-06, 4.858301775814141e-42, 4.284910999152335e-25, 0.7399291396141052, 2.897407345003999e-22, 0.26006871461868286, 6.233442946789028e-31], "malicious score": 0.26006871461868286, "camera": {"2": {"prediction": 6, "scores": [8.880871165897862e-21, 9.984790500915802e-16, 3.6377151291233645e-10, 0.03209109976887703, 7.931492379171901e-33, 1.6960900999646311e-12, 0.899667501449585, 1.2312967229656042e-17, 0.06824140250682831, 5.1264133814396504e-24], "malicious score": 0.06824140250682831}, "4": {"prediction": 8, "scores": [1.9719124493373423e-24, 4.0150937482959717e-22, 1.0742692152510003e-10, 4.961375452694483e-05, 4.599149897769241e-37, 3.510990387312063e-10, 0.24721680581569672, 3.5155512075627526e-19, 0.7527333498001099, 4.191786955367126e-25], "malicious score": 0.7527333498001099}}}, "GoogLeNet": {"clean acc": 91.83000221252442, "prediction": 6, "poisons predictions": [8, 8, 8, 8, 8], "scores": [1.345987259366091e-13, 1.59178891605891e-16, 1.0484750845307644e-07, 4.7833906137384474e-05, 7.092040149592194e-11, 1.65687088156119e-05, 0.9040279984474182, 1.10149095178258e-07, 0.09590724855661392, 3.860715293092017e-16], "malicious score": 0.09590724855661392, "camera": {"2": {"prediction": 3, "scores": [6.752302883494821e-11, 1.327403898604418e-13, 0.016691528260707855, 0.5493047833442688, 6.1238569770694085e-09, 0.2826657295227051, 0.14938083291053772, 1.4211614995929267e-08, 0.001957159023731947, 1.0899779689932387e-10], "malicious score": 0.001957159023731947}, "4": {"prediction": 6, "scores": [3.411486718118972e-11, 1.1780380273704316e-12, 0.0006173633737489581, 0.14905813336372375, 1.306014922874965e-07, 0.09337364137172699, 0.7529774308204651, 5.945315137978469e-07, 0.003972694277763367, 6.374204497561209e-10], "malicious score": 0.003972694277763367}}}, "MobileNetV2": {"clean acc": 87.28000068664551, "prediction": 8, "poisons predictions": [8, 8, 6, 8, 8],