{"args": "Namespace(device='cuda', dset_path='datasets', end2end=False, eval_poisons_root='attack-results-3poisons/100-overlap/linear-transfer-learning/mean/800', gpu='0', lr_decay_epoch=[30, 45], model_resume_path='model-chks', num_per_class=50, poison_label=8, retrain_bsize=64, retrain_epochs=60, retrain_lr=0.1, retrain_momentum=0.9, retrain_opt='adam', retrain_wd=0, subset_group=0, target_camera=True, target_index_end=14, target_index_start=13, target_index_step=1, target_label=6, target_net=['DPN92', 'SENet18', 'ResNet50', 'ResNeXt29_2x64d', 'GoogLeNet', 'MobileNetV2', 'ResNet18', 'DenseNet121'], target_print_size=[2, 4], test_chk_name='ckpt-%s-4800.t7', train_data_path='datasets/CIFAR10_TRAIN_Split.pth')", "poison_label": 8, "target_label": 6, "targets": {"13": {}, "13": {"800": {"time": 358.0, "coeffs_time": 0, "poisons_time": 4, "target_loss": 0.03232499584555626, "total_loss": 0.08679339289665222, "coeff_list": [[0.3333333432674408, 0.3333333432674408, 0.3333333432674408], [0.3333333432674408, 0.3333333432674408, 0.3333333432674408], [0.3333333432674408, 0.3333333432674408, 0.3333333432674408], [0.3333333432674408, 0.3333333432674408, 0.3333333432674408], [0.3333333432674408, 0.3333333432674408, 0.3333333432674408], [0.3333333432674408, 0.3333333432674408, 0.3333333432674408], [0.3333333432674408, 0.3333333432674408, 0.3333333432674408], [0.3333333432674408, 0.3333333432674408, 0.3333333432674408], [0.3333333432674408, 0.3333333432674408, 0.3333333432674408], [0.3333333432674408, 0.3333333432674408, 0.3333333432674408], [0.3333333432674408, 0.3333333432674408, 0.3333333432674408], [0.3333333432674408, 0.3333333432674408, 0.3333333432674408], [0.3333333432674408, 0.3333333432674408, 0.3333333432674408], [0.3333333432674408, 0.3333333432674408, 0.3333333432674408], [0.3333333432674408, 0.3333333432674408, 0.3333333432674408], [0.3333333432674408, 0.3333333432674408, 0.3333333432674408], [0.3333333432674408, 0.3333333432674408, 0.3333333432674408], [0.3333333432674408, 0.3333333432674408, 0.3333333432674408]], "coeff_list_in_victim": [[0.4527597427368164, 0.050244443118572235, 0.4969957768917084]], "victims": {"DPN92": {"clean acc": 91.85000114440918, "prediction": 6, "poisons predictions": [8, 8, 6], "scores": [1.7862704737581225e-07, 6.411961512266486e-31, 1.5234216254907249e-40, 1.1806411086951428e-15, 1.8200403456775214e-36, 2.618620690119465e-20, 0.9962913990020752, 0.0, 0.0037064983043819666, 0.0], "malicious score": 0.0037064983043819666, "camera": {"2": {"prediction": 6, "scores": [4.6350585762411356e-05, 4.688227575429703e-24, 2.8415962438178907e-28, 2.6312421130825214e-09, 2.4396283107813246e-30, 7.345849189349662e-14, 0.9998359680175781, 6.958922442655651e-39, 0.0001181672778329812, 0.0], "malicious score": 0.0001181672778329812}, "4": {"prediction": 6, "scores": [0.0007547390996478498, 8.803423149873317e-22, 1.1708512948382345e-28, 3.757753219701954e-09, 4.807584267156855e-29, 9.368945371032375e-14, 0.9959341883659363, 2.7062597892009687e-37, 0.003310584928840399, 0.0], "malicious score": 0.003310584928840399}}}, "SENet18": {"clean acc": 91.7300018310547, "prediction": 6, "poisons predictions": [6, 8, 6], "scores": [5.085061816068048e-10, 1.9769812685793003e-13, 8.358523605047273e-18, 2.5221803608859762e-14, 1.6222420629041778e-10, 3.945460674767014e-16, 0.9999980926513672, 1.1498376306026071e-17, 1.1461413578217616e-06, 9.865315453444699e-21], "malicious score": 1.1461413578217616e-06, "camera": {"2": {"prediction": 6, "scores": [2.713353808303509e-07, 5.958422774274275e-14, 8.300951338105215e-17, 1.1401419088355458e-12, 2.1876931377562414e-09, 5.7564469209685394e-15, 0.9999885559082031, 1.1447132797950656e-16, 1.1212114259251393e-05, 4.8555821843115235e-20], "malicious score": 1.1212114259251393e-05}, "4": {"prediction": 6, "scores": [1.8097463907906786e-05, 1.483385246234259e-12, 5.390175475015677e-15, 8.280051991271797e-12, 4.844083356658757e-09, 2.8109704844282886e-14, 0.9996777176856995, 9.893120360199206e-15, 0.0003040361625608057, 2.478221482981507e-19], "malicious score": 0.0003040361625608057}}}, "ResNet50": {"clean acc": 93.37000122070313, "prediction": 6, "poisons predictions": [8, 8, 8], "scores": [3.9674596217400197e-19, 4.716020802961136e-28, 9.981335363137226e-29, 1.8329861014103397e-36, 2.7901183658248216e-39, 7.1658963174149625e-31, 0.7990826964378357, 1.1536893331037998e-27, 0.2009168565273285, 6.667400284444168e-34], "malicious score": 0.2009168565273285, "camera": {"2": {"prediction": 8, "scores": [4.273762307142206e-17, 1.0139588935378446e-23, 4.363004103427275e-28, 4.259585981828936e-32, 2.966268589282773e-41, 6.9549004003192005e-28, 0.06238780543208122, 1.9887475337021963e-20, 0.9376122355461121, 5.4294677232842396e-30], "malicious score": 0.9376122355461121}, "4": {"prediction": 8, "scores": [1.2513937707792945e-16, 5.000504396762592e-23, 3.387405396725166e-26, 9.00884029854022e-33, 3.5038066801977726e-41, 5.431154028423093e-27, 0.06177397444844246, 1.9621938017306738e-18, 0.9382258653640747, 1.3618118229078468e-28], "malicious score": 0.9382258653640747}}}, "ResNeXt29_2x64d": {"clean acc": 92.83000144958496, "prediction": 6, "poisons predictions": [8, 8, 8], "scores": [1.67899741428498e-21, 5.955881761110504e-07, 1.234586841395921e-13, 3.740863974144304e-08, 3.023301436780793e-41, 9.128132939720686e-22, 0.9789015650749207, 1.7150468430406422e-22, 0.021098105236887932, 2.436032525243175e-20], "malicious score": 0.021098105236887932, "camera": {"2": {"prediction": 8, "scores": [1.374823094215836e-15, 6.070212839404121e-05, 2.521506132779905e-07, 0.00038112502079457045, 6.610583005973515e-30, 2.827385390023014e-15, 0.25288301706314087, 2.0716064785499715e-16, 0.746674656867981, 5.244830177802973e-13], "malicious score": 0.746674656867981}, "4": {"prediction": 8, "scores": [1.1981852955558064e-13, 0.009162588976323605, 6.764736770747959e-09, 0.005454100202769041, 3.514182739765169e-27, 1.3924770012246244e-17, 0.002109372988343239, 1.0682975771364456e-12, 0.9832738041877747, 9.491174427606833e-15], "malicious score": 0.9832738041877747}}}, "GoogLeNet": {"clean acc": 92.14000244140625, "prediction": 6, "poisons predictions": [6, 8, 6], "scores": [2.242852388187333e-12, 6.951993425374781e-10, 2.582914351151322e-13, 2.4460680947413493e-07, 1.2939210466966777e-11, 5.42468159281384e-09, 0.7087417840957642, 1.2156666784335357e-09, 0.2912575900554657, 3.581233278134553e-15], "malicious score": 0.2912575900554657, "camera": {"2": {"prediction": 8, "scores": [1.676670746686426e-10, 5.609289743802037e-08, 6.494320814454113e-07, 0.0006685212138108909, 1.238652203028323e-07, 0.0010986763518303633, 0.38637447357177734, 0.19316144287586212, 0.41869595646858215, 1.667246375680609e-11], "malicious score": 0.41869595646858215}, "4": {"prediction": 7, "scores": [4.0960995446176485e-13, 1.5819788812265756e-09, 3.456264252577057e-08, 1.0988208487106021e-05, 1.5573351636044563e-11, 3.005711278092349e-06, 0.0007176619255915284, 0.9695928692817688, 0.029675057157874107, 5.7664029462305665e-15], "malicious score": 0.029675057157874107}}}, "MobileNetV2": {"clean acc": 86.91000175476074, "prediction": 6, "poisons predictions": [6, 8, 8], "scores": [1.781415658974432e-14, 2.382413307144116e-16, 1.383277086625112e-11, 7.39590723242145e-06, 1.6153184294405232e-19, 1.100434587203436e-11, 0.9249088168144226, 1.0289273794541008e-26, 0.07508401572704315, 1.4426423827691531e-18], "malicious score": 0.07508401572704315, "camera": {"2": {"prediction": 6, "scores": [1.2167657159611878e-10, 1.643754678540537e-14, 8.102122528441669e-09, 0.0007213731296360493, 3.551190713561338e-14, 6.514564176995918e-08, 0.9989114999771118, 1.3178501770907755e-21, 0.00036688524414785206, 1.0802864679193558e-12], "malicious score": 0.00036688524414785206}, "4": {"prediction": 6,