{"args": "Namespace(device='cuda', dset_path='datasets', end2end=False, eval_poisons_root='attack-results-eps0.20/100-overlap/linear-transfer-learning/mean/800', gpu='1', lr_decay_epoch=[30, 45], model_resume_path='model-chks', num_per_class=50, poison_label=8, retrain_bsize=64, retrain_epochs=60, retrain_lr=0.1, retrain_momentum=0.9, retrain_opt='adam', retrain_wd=0, subset_group=0, target_camera=True, target_index_end=14, target_index_start=13, target_index_step=1, target_label=6, target_net=['DPN92', 'SENet18', 'ResNet50', 'ResNeXt29_2x64d', 'GoogLeNet', 'MobileNetV2', 'ResNet18', 'DenseNet121'], target_print_size=[2, 4], test_chk_name='ckpt-%s-4800.t7', train_data_path='datasets/CIFAR10_TRAIN_Split.pth')", "poison_label": 8, "target_label": 6, "targets": {"13": {}, "13": {"800": {"time": 373.0, "coeffs_time": 0, "poisons_time": 4, "target_loss": 0.007895290851593018, "total_loss": 0.06569841504096985, "coeff_list": [[0.20000000298023224, 0.20000000298023224, 0.20000000298023224, 0.20000000298023224, 0.20000000298023224], [0.20000000298023224, 0.20000000298023224, 0.20000000298023224, 0.20000000298023224, 0.20000000298023224], [0.20000000298023224, 0.20000000298023224, 0.20000000298023224, 0.20000000298023224, 0.20000000298023224], [0.20000000298023224, 0.20000000298023224, 0.20000000298023224, 0.20000000298023224, 0.20000000298023224], [0.20000000298023224, 0.20000000298023224, 0.20000000298023224, 0.20000000298023224, 0.20000000298023224], [0.20000000298023224, 0.20000000298023224, 0.20000000298023224, 0.20000000298023224, 0.20000000298023224], [0.20000000298023224, 0.20000000298023224, 0.20000000298023224, 0.20000000298023224, 0.20000000298023224], [0.20000000298023224, 0.20000000298023224, 0.20000000298023224, 0.20000000298023224, 0.20000000298023224], [0.20000000298023224, 0.20000000298023224, 0.20000000298023224, 0.20000000298023224, 0.20000000298023224], [0.20000000298023224, 0.20000000298023224, 0.20000000298023224, 0.20000000298023224, 0.20000000298023224], [0.20000000298023224, 0.20000000298023224, 0.20000000298023224, 0.20000000298023224, 0.20000000298023224], [0.20000000298023224, 0.20000000298023224, 0.20000000298023224, 0.20000000298023224, 0.20000000298023224], [0.20000000298023224, 0.20000000298023224, 0.20000000298023224, 0.20000000298023224, 0.20000000298023224], [0.20000000298023224, 0.20000000298023224, 0.20000000298023224, 0.20000000298023224, 0.20000000298023224], [0.20000000298023224, 0.20000000298023224, 0.20000000298023224, 0.20000000298023224, 0.20000000298023224], [0.20000000298023224, 0.20000000298023224, 0.20000000298023224, 0.20000000298023224, 0.20000000298023224], [0.20000000298023224, 0.20000000298023224, 0.20000000298023224, 0.20000000298023224, 0.20000000298023224], [0.20000000298023224, 0.20000000298023224, 0.20000000298023224, 0.20000000298023224, 0.20000000298023224]], "coeff_list_in_victim": [[0.0, 0.06846964359283447, 0.0, 0.0, 0.9315303564071655]], "victims": {"DPN92": {"clean acc": 91.93000144958496, "prediction": 6, "poisons predictions": [8, 8, 6, 6, 8], "scores": [1.316289613623489e-18, 1.3281649239997404e-30, 3.6122952073058e-40, 5.281934286650858e-13, 1.2176311714367805e-37, 3.49849222301598e-20, 0.9897192120552063, 1.378343808978424e-34, 0.010281375609338284, 0.0], "malicious score": 0.010281375609338284, "camera": {"2": {"prediction": 6, "scores": [4.013850114928326e-16, 9.360743063083474e-26, 7.323511354612765e-28, 2.495478383934824e-07, 5.0929420489268426e-33, 1.6208199062409112e-13, 0.9999980926513672, 4.167449991699056e-28, 1.8420020069243037e-06, 0.0], "malicious score": 1.8420020069243037e-06}, "4": {"prediction": 6, "scores": [2.684479700164333e-13, 2.5202211077916986e-23, 7.217951134360901e-28, 7.480537078663474e-07, 1.500255345639501e-31, 7.208499205532681e-13, 0.9998703002929688, 7.531383714265285e-27, 0.00012861638970207423, 0.0], "malicious score": 0.00012861638970207423}}}, "SENet18": {"clean acc": 91.06000137329102, "prediction": 6, "poisons predictions": [8, 6, 8, 6, 8], "scores": [1.0898667746062074e-08, 2.0690166513767986e-23, 2.2713393886113773e-15, 1.8610707050968622e-13, 4.156828659063194e-09, 1.5482202213173335e-17, 0.9829803705215454, 1.3552191731021693e-14, 0.017019122838974, 1.807526536819743e-18], "malicious score": 0.017019122838974, "camera": {"2": {"prediction": 6, "scores": [1.8864374169424991e-06, 1.338750724919357e-22, 6.7511299929069995e-15, 4.7345894566008795e-12, 2.289747058625835e-08, 2.4046460691249695e-16, 0.8830778002738953, 6.354635649066451e-14, 0.11692092567682266, 9.951622179626426e-18], "malicious score": 0.11692092567682266}, "4": {"prediction": 8, "scores": [2.9730417736573145e-05, 1.1074574143279273e-21, 8.672232311608685e-14, 5.146460081012494e-12, 1.241170188848173e-08, 1.9038070017676285e-16, 0.3285370171070099, 1.114782528441327e-12, 0.6714335680007935, 9.409471462546921e-18], "malicious score": 0.6714335680007935}}}, "ResNet50": {"clean acc": 91.16000213623047, "prediction": 8, "poisons predictions": [8, 8, 6, 8, 8], "scores": [5.232366699193905e-33, 2.3250664766974807e-14, 6.439961862934712e-29, 5.187102447483316e-40, 7.006492321624085e-45, 1.8128339497221706e-36, 0.40696781873703003, 1.354717780328318e-29, 0.5930332541465759, 1.1723250299733745e-30], "malicious score": 0.5930332541465759, "camera": {"2": {"prediction": 8, "scores": [2.861184395799767e-29, 3.0525898475630697e-10, 1.6999004641831375e-25, 6.822880304915792e-35, 0.0, 5.914442085879827e-30, 0.004433424677699804, 5.939083844274224e-23, 0.9955657124519348, 6.228837811312337e-29], "malicious score": 0.9955657124519348}, "4": {"prediction": 8, "scores": [1.0081214812276877e-27, 9.927060951042677e-09, 1.6300916984758775e-22, 1.2832099261815484e-34, 0.0, 3.877223615770074e-27, 0.09305193275213242, 7.765061065113514e-20, 0.9069485068321228, 1.1976123803049868e-27], "malicious score": 0.9069485068321228}}}, "ResNeXt29_2x64d": {"clean acc": 93.05000076293945, "prediction": 6, "poisons predictions": [8, 8, 8, 8, 8], "scores": [8.002553699082051e-24, 6.103051952699445e-10, 9.96836510905319e-13, 3.1159941293879e-09, 3.2941023650115637e-40, 1.5796963292877918e-24, 0.8688415884971619, 6.841346413327871e-16, 0.13115869462490082, 2.349480842326568e-23], "malicious score": 0.13115869462490082, "camera": {"2": {"prediction": 6, "scores": [2.1448691178393146e-19, 4.089316441024948e-09, 6.480829739530236e-08, 1.2415597439030535e-06, 2.0777421245699442e-29, 6.17832211357761e-19, 0.8219165205955505, 1.6471655636673965e-11, 0.17808209359645844, 1.988143822394473e-17], "malicious score": 0.17808209359645844}, "4": {"prediction": 8, "scores": [5.950736003217501e-17, 5.001391855330439e-06, 2.4465428793973842e-08, 0.0003431800287216902, 1.7492565327944216e-26, 8.679316977421953e-21, 0.09503165632486343, 4.9140101765488e-08, 0.9046205282211304, 1.9129393386185523e-20], "malicious score": 0.9046205282211304}}}, "GoogLeNet": {"clean acc": 92.07000160217285, "prediction": 6, "poisons predictions": [8, 8, 8, 8, 8], "scores": [4.1045846812849007e-17, 2.8699038701063273e-09, 1.0408813568008046e-11, 2.121949819411384e-06, 2.3271975457817007e-09, 3.1227112007314872e-09, 0.5318933129310608, 6.579369937753654e-09, 0.4681045114994049, 3.780747230179094e-15], "malicious score": 0.4681045114994049, "camera": {"2": {"prediction": 8, "scores": [6.273238493340744e-14, 1.8979809723873586e-08, 5.236669267105754e-07, 0.00020760810002684593, 2.6721099288806727e-07, 2.6201994842267595e-05, 0.02872789464890957, 0.010791778564453125, 0.9602457880973816, 6.49327640267483e-12], "malicious score": 0.9602457880973816}, "4": {"prediction": 8, "scores": [4.69761211470388e-15, 9.576305082248382e-09, 2.889264578698203e-07, 4.624761641025543e-05, 4.215825188946809e-10, 1.7419462210455094e-06, 0.0011001934763044119, 0.28428223729133606, 0.7145689725875854, 7.115211604581326e-14], "malicious score": 0.7145689725875854}}}, "MobileNetV2": {"clean acc": 86.83000183105469, "prediction": 6, "poisons predictions": [8, 8, 8, 8, 8],