{"args": "Namespace(device='cuda', dset_path='datasets', end2end=False, eval_poisons_root='attack-results-eps0.05/100-overlap/linear-transfer-learning/mean/800', gpu='1', lr_decay_epoch=[30, 45], model_resume_path='model-chks', num_per_class=50, poison_label=8, retrain_bsize=64, retrain_epochs=60, retrain_lr=0.1, retrain_momentum=0.9, retrain_opt='adam', retrain_wd=0, subset_group=0, target_camera=True, target_index_end=38, target_index_start=37, target_index_step=1, target_label=6, target_net=['DPN92', 'SENet18', 'ResNet50', 'ResNeXt29_2x64d', 'GoogLeNet', 'MobileNetV2', 'ResNet18', 'DenseNet121'], target_print_size=[2, 4], test_chk_name='ckpt-%s-4800.t7', train_data_path='datasets/CIFAR10_TRAIN_Split.pth')", "poison_label": 8, "target_label": 6, "targets": {"37": {}, "37": {"800": {"time": 348.0, "coeffs_time": 0, "poisons_time": 5, "target_loss": 0.01855841837823391, "total_loss": 0.07010718435049057, "coeff_list": [[0.20000000298023224, 0.20000000298023224, 0.20000000298023224, 0.20000000298023224, 0.20000000298023224], [0.20000000298023224, 0.20000000298023224, 0.20000000298023224, 0.20000000298023224, 0.20000000298023224], [0.20000000298023224, 0.20000000298023224, 0.20000000298023224, 0.20000000298023224, 0.20000000298023224], [0.20000000298023224, 0.20000000298023224, 0.20000000298023224, 0.20000000298023224, 0.20000000298023224], [0.20000000298023224, 0.20000000298023224, 0.20000000298023224, 0.20000000298023224, 0.20000000298023224], [0.20000000298023224, 0.20000000298023224, 0.20000000298023224, 0.20000000298023224, 0.20000000298023224], [0.20000000298023224, 0.20000000298023224, 0.20000000298023224, 0.20000000298023224, 0.20000000298023224], [0.20000000298023224, 0.20000000298023224, 0.20000000298023224, 0.20000000298023224, 0.20000000298023224], [0.20000000298023224, 0.20000000298023224, 0.20000000298023224, 0.20000000298023224, 0.20000000298023224], [0.20000000298023224, 0.20000000298023224, 0.20000000298023224, 0.20000000298023224, 0.20000000298023224], [0.20000000298023224, 0.20000000298023224, 0.20000000298023224, 0.20000000298023224, 0.20000000298023224], [0.20000000298023224, 0.20000000298023224, 0.20000000298023224, 0.20000000298023224, 0.20000000298023224], [0.20000000298023224, 0.20000000298023224, 0.20000000298023224, 0.20000000298023224, 0.20000000298023224], [0.20000000298023224, 0.20000000298023224, 0.20000000298023224, 0.20000000298023224, 0.20000000298023224], [0.20000000298023224, 0.20000000298023224, 0.20000000298023224, 0.20000000298023224, 0.20000000298023224], [0.20000000298023224, 0.20000000298023224, 0.20000000298023224, 0.20000000298023224, 0.20000000298023224], [0.20000000298023224, 0.20000000298023224, 0.20000000298023224, 0.20000000298023224, 0.20000000298023224], [0.20000000298023224, 0.20000000298023224, 0.20000000298023224, 0.20000000298023224, 0.20000000298023224]], "coeff_list_in_victim": [[0.0, 0.15506109595298767, 0.4183865189552307, 0.4265523850917816, 0.0]], "victims": {"DPN92": {"clean acc": 93.03000221252441, "prediction": 6, "poisons predictions": [8, 8, 8, 6, 8], "scores": [8.923313375372183e-15, 3.479866727754263e-15, 2.2595092474003995e-37, 6.095864373174831e-13, 2.036258842282635e-35, 9.048897698857306e-14, 0.6757375001907349, 2.4358504958650073e-39, 0.32426196336746216, 0.0], "malicious score": 0.32426196336746216, "camera": {"2": {"prediction": 6, "scores": [9.504469447520319e-23, 5.3828602186300685e-30, 2.6862930521919123e-24, 1.6734448138322477e-07, 1.3752255347063794e-32, 0.0044792210683226585, 0.9955201745033264, 2.785940254323591e-38, 1.4545859627901336e-08, 0.0], "malicious score": 1.4545859627901336e-08}, "4": {"prediction": 6, "scores": [2.0064900224021193e-25, 4.188778610239217e-34, 4.7941383839567754e-23, 4.504365733737359e-07, 1.5559112121816548e-32, 0.31821951270103455, 0.6817807555198669, 2.9457535797650575e-40, 5.691306870225787e-10, 0.0], "malicious score": 5.691306870225787e-10}}}, "SENet18": {"clean acc": 91.64000091552734, "prediction": 6, "poisons predictions": [8, 6, 6, 6, 8], "scores": [8.765321801718073e-11, 4.4151916281029435e-13, 5.198473284327189e-15, 9.937042508290084e-13, 4.289101696031139e-08, 8.478383908838445e-15, 0.9893134236335754, 1.1042932010713134e-14, 0.010686270892620087, 5.534498369579727e-14], "malicious score": 0.010686270892620087, "camera": {"2": {"prediction": 8, "scores": [1.5521908758309166e-10, 1.2728730390767716e-21, 1.9918381180539235e-12, 2.7927313239750617e-10, 9.445716386835556e-08, 2.169609736313305e-08, 0.15275068581104279, 1.3345403230948801e-20, 0.8472495079040527, 9.434137498987027e-12], "malicious score": 0.8472495079040527}, "4": {"prediction": 8, "scores": [1.0562408586656247e-11, 1.2235065401465986e-23, 2.2431902255842795e-12, 1.5570367217776493e-09, 1.6026781679556734e-07, 1.3037158623774303e-06, 0.32287338376045227, 1.5027997144142218e-22, 0.6771257519721985, 1.3529284637048278e-10], "malicious score": 0.6771257519721985}}}, "ResNet50": {"clean acc": 93.26000137329102, "prediction": 8, "poisons predictions": [8, 8, 8, 8, 8], "scores": [2.238623560379398e-25, 1.6168314517089888e-12, 5.0432883006210255e-28, 1.430315289046649e-30, 2.533939507534471e-15, 2.1027232079552476e-14, 0.0028283398132771254, 1.1049463481769412e-14, 0.9971715807914734, 6.377406976040012e-35], "malicious score": 0.9971715807914734, "camera": {"2": {"prediction": 5, "scores": [7.480435283887086e-30, 3.281603165746459e-14, 7.589046223200586e-24, 5.8085946835774355e-37, 6.428443791925409e-16, 0.9999980926513672, 1.221097136294702e-06, 5.014354579615469e-15, 1.337213296110528e-16, 1.6150284216157654e-27], "malicious score": 1.337213296110528e-16}, "4": {"prediction": 5, "scores": [3.691523205485718e-35, 5.858315919878048e-19, 1.5944852587523657e-26, 6.69960795793695e-41, 8.965091012329346e-19, 1.0, 1.599718621458912e-11, 7.419457250370616e-20, 1.12387854527383e-25, 4.291538974569598e-31], "malicious score": 1.12387854527383e-25}}}, "ResNeXt29_2x64d": {"clean acc": 92.92000045776368, "prediction": 8, "poisons predictions": [8, 8, 8, 8, 8], "scores": [7.21904521303259e-30, 1.3763905144514865e-06, 6.988864505097016e-20, 1.6034432115397124e-10, 0.0, 4.9056868461075773e-26, 0.4987567663192749, 1.0819919934980961e-23, 0.5012420415878296, 8.241603796912985e-24], "malicious score": 0.5012420415878296, "camera": {"2": {"prediction": 6, "scores": [9.233146537297205e-25, 1.2706682040174131e-17, 9.836876105340231e-12, 1.9766665734777256e-11, 4.0552505041221085e-31, 6.512582140238976e-10, 1.0, 1.6016111419617245e-19, 5.105205787003797e-07, 4.0321110165997265e-13], "malicious score": 5.105205787003797e-07}, "4": {"prediction": 6, "scores": [3.246467644139406e-28, 7.692055711758782e-22, 9.247912158283356e-11, 3.729217629144799e-11, 3.3472921629954515e-32, 9.124589972486774e-09, 1.0, 1.3189364574899266e-21, 1.867175576479585e-13, 3.8410326826175505e-15], "malicious score": 1.867175576479585e-13}}}, "GoogLeNet": {"clean acc": 92.1400016784668, "prediction": 6, "poisons predictions": [8, 8, 8, 8, 8], "scores": [6.07246405937012e-11, 4.9614953923082794e-08, 2.3267092696954705e-09, 1.4636427295044996e-05, 1.6565680771574165e-10, 3.186927699516673e-08, 0.6288416981697083, 1.0382290156485396e-06, 0.3711429238319397, 3.6814738570301465e-17], "malicious score": 0.3711429238319397, "camera": {"2": {"prediction": 6, "scores": [6.689123144276721e-10, 3.013500560200555e-10, 7.97007160144858e-05, 0.001647588680498302, 0.0003616439353208989, 0.007965808734297752, 0.989916980266571, 3.022025339305401e-06, 2.5297897082054988e-05, 1.0280930837561209e-12], "malicious score": 2.5297897082054988e-05}, "4": {"prediction": 6, "scores": [8.31470337026019e-10, 4.811056501102806e-12, 0.0005857902579009533, 0.004246952477842569, 0.008756379596889019, 0.08548839390277863, 0.900909423828125, 8.856251042743679e-06, 4.2014526115963235e-06, 1.7207963569701445e-12], "malicious score": 4.2014526115963235e-06}}}, "MobileNetV2": {"clean acc": 87.13000144958497, "prediction": 6,