{"args": "Namespace(device='cuda', dset_path='datasets', end2end=False, eval_poisons_root='attack-results-eps0.05/100-overlap/linear-transfer-learning/mean/800', gpu='3', lr_decay_epoch=[30, 45], model_resume_path='model-chks', num_per_class=50, poison_label=8, retrain_bsize=64, retrain_epochs=60, retrain_lr=0.1, retrain_momentum=0.9, retrain_opt='adam', retrain_wd=0, subset_group=0, target_camera=True, target_index_end=32, target_index_start=31, target_index_step=1, target_label=6, target_net=['DPN92', 'SENet18', 'ResNet50', 'ResNeXt29_2x64d', 'GoogLeNet', 'MobileNetV2', 'ResNet18', 'DenseNet121'], target_print_size=[2, 4], test_chk_name='ckpt-%s-4800.t7', train_data_path='datasets/CIFAR10_TRAIN_Split.pth')", "poison_label": 8, "target_label": 6, "targets": {"31": {}, "31": {"800": {"time": 440.0, "coeffs_time": 0, "poisons_time": 8, "target_loss": 0.00283042062073946, "total_loss": 0.08576301485300064, "coeff_list": [[0.20000000298023224, 0.20000000298023224, 0.20000000298023224, 0.20000000298023224, 0.20000000298023224], [0.20000000298023224, 0.20000000298023224, 0.20000000298023224, 0.20000000298023224, 0.20000000298023224], [0.20000000298023224, 0.20000000298023224, 0.20000000298023224, 0.20000000298023224, 0.20000000298023224], [0.20000000298023224, 0.20000000298023224, 0.20000000298023224, 0.20000000298023224, 0.20000000298023224], [0.20000000298023224, 0.20000000298023224, 0.20000000298023224, 0.20000000298023224, 0.20000000298023224], [0.20000000298023224, 0.20000000298023224, 0.20000000298023224, 0.20000000298023224, 0.20000000298023224], [0.20000000298023224, 0.20000000298023224, 0.20000000298023224, 0.20000000298023224, 0.20000000298023224], [0.20000000298023224, 0.20000000298023224, 0.20000000298023224, 0.20000000298023224, 0.20000000298023224], [0.20000000298023224, 0.20000000298023224, 0.20000000298023224, 0.20000000298023224, 0.20000000298023224], [0.20000000298023224, 0.20000000298023224, 0.20000000298023224, 0.20000000298023224, 0.20000000298023224], [0.20000000298023224, 0.20000000298023224, 0.20000000298023224, 0.20000000298023224, 0.20000000298023224], [0.20000000298023224, 0.20000000298023224, 0.20000000298023224, 0.20000000298023224, 0.20000000298023224], [0.20000000298023224, 0.20000000298023224, 0.20000000298023224, 0.20000000298023224, 0.20000000298023224], [0.20000000298023224, 0.20000000298023224, 0.20000000298023224, 0.20000000298023224, 0.20000000298023224], [0.20000000298023224, 0.20000000298023224, 0.20000000298023224, 0.20000000298023224, 0.20000000298023224], [0.20000000298023224, 0.20000000298023224, 0.20000000298023224, 0.20000000298023224, 0.20000000298023224], [0.20000000298023224, 0.20000000298023224, 0.20000000298023224, 0.20000000298023224, 0.20000000298023224], [0.20000000298023224, 0.20000000298023224, 0.20000000298023224, 0.20000000298023224, 0.20000000298023224]], "coeff_list_in_victim": [[0.0, 0.47402718663215637, 0.0, 0.4464130103588104, 0.07955986261367798]], "victims": {"DPN92": {"clean acc": 92.00000114440918, "prediction": 8, "poisons predictions": [8, 8, 8, 8, 8], "scores": [4.561437807830443e-25, 3.9634841999013106e-25, 8.335350661835631e-39, 2.3274123344449015e-15, 9.85531480752719e-20, 3.4227170162021265e-22, 0.00030650317785330117, 3.364755833582821e-39, 0.9996948838233948, 0.0], "malicious score": 0.9996948838233948, "camera": {"2": {"prediction": 3, "scores": [1.2140091881281096e-29, 4.24509688111704e-26, 1.3402819045725283e-17, 0.6446899175643921, 0.0002760137722361833, 0.04759780690073967, 0.0815199539065361, 2.9640339260786354e-31, 0.2259158492088318, 4.5542200090556555e-42], "malicious score": 0.2259158492088318}, "4": {"prediction": 8, "scores": [1.1018448638189752e-28, 8.038851449024874e-29, 1.2850383992089906e-17, 0.021631436422467232, 9.137913536960696e-09, 0.002816159510985017, 0.0040276809595525265, 6.691438115360927e-31, 0.9715245962142944, 2.8571074389118695e-41], "malicious score": 0.9715245962142944}}}, "SENet18": {"clean acc": 91.87000122070313, "prediction": 6, "poisons predictions": [8, 6, 8, 6, 8], "scores": [2.9845948629203534e-11, 1.2842942509863256e-16, 1.5146743237437477e-07, 2.6202742198222495e-09, 2.699691776797408e-07, 3.155890482275936e-08, 0.982905387878418, 9.403734634126621e-17, 0.01709461770951748, 5.83823892008617e-11], "malicious score": 0.01709461770951748, "camera": {"2": {"prediction": 6, "scores": [3.2731926977863646e-12, 5.374124181200614e-21, 9.190728746943932e-07, 2.45997213710325e-08, 5.9267351026903725e-09, 6.700939411530271e-05, 0.9999027252197266, 1.1519751480235054e-18, 2.938957004516851e-05, 1.4883952959010571e-09], "malicious score": 2.938957004516851e-05}, "4": {"prediction": 6, "scores": [7.037821931135668e-13, 4.085407129588855e-22, 8.639584707370584e-12, 1.477153546147747e-07, 6.442229505410069e-08, 6.158270844025537e-05, 0.9999217987060547, 3.978716532056972e-21, 1.5617721146554686e-05, 8.918617927511363e-11], "malicious score": 1.5617721146554686e-05}}}, "ResNet50": {"clean acc": 93.21000137329102, "prediction": 6, "poisons predictions": [8, 8, 8, 6, 8], "scores": [1.4593582553827778e-18, 1.8444157315713416e-17, 8.592341180463196e-15, 4.708780934614687e-11, 1.0137268106595285e-23, 0.0, 0.9779955148696899, 4.428100443859004e-33, 0.022004636004567146, 5.2455729597258945e-27], "malicious score": 0.022004636004567146, "camera": {"2": {"prediction": 8, "scores": [6.517418982970868e-13, 2.407841712676723e-15, 2.0923451908788984e-14, 2.1900521460338496e-05, 5.684496873215039e-09, 3.4522971337887276e-31, 7.87251628935337e-05, 6.519698092291372e-23, 0.9998993873596191, 5.643979050902416e-18], "malicious score": 0.9998993873596191}, "4": {"prediction": 8, "scores": [7.835568999192688e-12, 1.8186568971625218e-16, 7.937800705637172e-15, 1.227509528689552e-06, 1.4834587551415535e-12, 4.854563228099354e-35, 0.02705148234963417, 1.8045585665230993e-24, 0.972947359085083, 9.411507851968056e-20], "malicious score": 0.972947359085083}}}, "ResNeXt29_2x64d": {"clean acc": 92.92000198364258, "prediction": 6, "poisons predictions": [6, 8, 8, 8, 8], "scores": [1.5693877723122756e-26, 2.744340561487259e-22, 1.6861506635379442e-10, 1.362562677704321e-13, 6.656718055938204e-29, 1.3577792560698625e-16, 0.8561826944351196, 2.301199360040376e-24, 0.1438182145357132, 1.9687446262800448e-20], "malicious score": 0.1438182145357132, "camera": {"2": {"prediction": 6, "scores": [1.0109502569314221e-23, 1.0668026345402466e-24, 7.0762545129055e-12, 3.0066240608306316e-09, 2.765654391156773e-14, 1.102757973825419e-08, 0.7355866432189941, 5.811172747259749e-27, 0.2644134759902954, 6.276293116494691e-17], "malicious score": 0.2644134759902954}, "4": {"prediction": 8, "scores": [3.747777186509159e-23, 1.8724807661986235e-26, 1.884161021648012e-10, 1.4236296586034314e-09, 2.2605955507515318e-07, 7.391715189442039e-05, 0.34151872992515564, 4.0669459700266015e-24, 0.6584069728851318, 1.4248674736296908e-14], "malicious score": 0.6584069728851318}}}, "GoogLeNet": {"clean acc": 92.34000167846679, "prediction": 6, "poisons predictions": [8, 8, 8, 6, 6], "scores": [2.3766043386747038e-12, 2.9667197587457395e-09, 4.033779077872168e-06, 0.0008906130096875131, 9.618554841495097e-09, 0.0001005504309432581, 0.9826897978782654, 4.553705679199993e-08, 0.01631542295217514, 1.7896233106551307e-10], "malicious score": 0.01631542295217514, "camera": {"2": {"prediction": 5, "scores": [4.683345378175829e-10, 3.721504882037152e-09, 0.0006055200356058776, 0.4844791293144226, 0.0005816832417622209, 0.4990888833999634, 0.015241867862641811, 1.1032474711352921e-13, 1.1971271196564715e-10, 2.7461430818220833e-06], "malicious score": 1.1971271196564715e-10}, "4": {"prediction": 5, "scores": [9.521583521632238e-11, 4.442989379183082e-11, 0.00013810662494506687, 0.009144388139247894, 0.0015908600762486458, 0.9759490489959717, 0.013169161975383759, 1.704751340092514e-10, 1.6472074548801174e-06, 6.8031313276151195e-06], "malicious score": 1.6472074548801174e-06}}},