{"args": "Namespace(device='cuda', dset_path='datasets', end2end=False, eval_poisons_root='attack-results-10poisons/100-overlap/linear-transfer-learning/mean/800', gpu='1', lr_decay_epoch=[30, 45], model_resume_path='model-chks', num_per_class=50, poison_label=8, retrain_bsize=64, retrain_epochs=60, retrain_lr=0.1, retrain_momentum=0.9, retrain_opt='adam', retrain_wd=0, subset_group=0, target_camera=True, target_index_end=27, target_index_start=26, target_index_step=1, target_label=6, target_net=['DPN92', 'SENet18', 'ResNet50', 'ResNeXt29_2x64d', 'GoogLeNet', 'MobileNetV2', 'ResNet18', 'DenseNet121'], target_print_size=[2, 4], test_chk_name='ckpt-%s-4800.t7', train_data_path='datasets/CIFAR10_TRAIN_Split.pth')", "poison_label": 8, "target_label": 6, "targets": {"26": {}, "26": {"800": {"time": 400.0, "coeffs_time": 0, "poisons_time": 4, "target_loss": 0.007010881323367357, "total_loss": 0.07129769027233124, "coeff_list": [[0.10000000149011612, 0.10000000149011612, 0.10000000149011612, 0.10000000149011612, 0.10000000149011612, 0.10000000149011612, 0.10000000149011612, 0.10000000149011612, 0.10000000149011612, 0.10000000149011612], [0.10000000149011612, 0.10000000149011612, 0.10000000149011612, 0.10000000149011612, 0.10000000149011612, 0.10000000149011612, 0.10000000149011612, 0.10000000149011612, 0.10000000149011612, 0.10000000149011612], [0.10000000149011612, 0.10000000149011612, 0.10000000149011612, 0.10000000149011612, 0.10000000149011612, 0.10000000149011612, 0.10000000149011612, 0.10000000149011612, 0.10000000149011612, 0.10000000149011612], [0.10000000149011612, 0.10000000149011612, 0.10000000149011612, 0.10000000149011612, 0.10000000149011612, 0.10000000149011612, 0.10000000149011612, 0.10000000149011612, 0.10000000149011612, 0.10000000149011612], [0.10000000149011612, 0.10000000149011612, 0.10000000149011612, 0.10000000149011612, 0.10000000149011612, 0.10000000149011612, 0.10000000149011612, 0.10000000149011612, 0.10000000149011612, 0.10000000149011612], [0.10000000149011612, 0.10000000149011612, 0.10000000149011612, 0.10000000149011612, 0.10000000149011612, 0.10000000149011612, 0.10000000149011612, 0.10000000149011612, 0.10000000149011612, 0.10000000149011612], [0.10000000149011612, 0.10000000149011612, 0.10000000149011612, 0.10000000149011612, 0.10000000149011612, 0.10000000149011612, 0.10000000149011612, 0.10000000149011612, 0.10000000149011612, 0.10000000149011612], [0.10000000149011612, 0.10000000149011612, 0.10000000149011612, 0.10000000149011612, 0.10000000149011612, 0.10000000149011612, 0.10000000149011612, 0.10000000149011612, 0.10000000149011612, 0.10000000149011612], [0.10000000149011612, 0.10000000149011612, 0.10000000149011612, 0.10000000149011612, 0.10000000149011612, 0.10000000149011612, 0.10000000149011612, 0.10000000149011612, 0.10000000149011612, 0.10000000149011612], [0.10000000149011612, 0.10000000149011612, 0.10000000149011612, 0.10000000149011612, 0.10000000149011612, 0.10000000149011612, 0.10000000149011612, 0.10000000149011612, 0.10000000149011612, 0.10000000149011612], [0.10000000149011612, 0.10000000149011612, 0.10000000149011612, 0.10000000149011612, 0.10000000149011612, 0.10000000149011612, 0.10000000149011612, 0.10000000149011612, 0.10000000149011612, 0.10000000149011612], [0.10000000149011612, 0.10000000149011612, 0.10000000149011612, 0.10000000149011612, 0.10000000149011612, 0.10000000149011612, 0.10000000149011612, 0.10000000149011612, 0.10000000149011612, 0.10000000149011612], [0.10000000149011612, 0.10000000149011612, 0.10000000149011612, 0.10000000149011612, 0.10000000149011612, 0.10000000149011612, 0.10000000149011612, 0.10000000149011612, 0.10000000149011612, 0.10000000149011612], [0.10000000149011612, 0.10000000149011612, 0.10000000149011612, 0.10000000149011612, 0.10000000149011612, 0.10000000149011612, 0.10000000149011612, 0.10000000149011612, 0.10000000149011612, 0.10000000149011612], [0.10000000149011612, 0.10000000149011612, 0.10000000149011612, 0.10000000149011612, 0.10000000149011612, 0.10000000149011612, 0.10000000149011612, 0.10000000149011612, 0.10000000149011612, 0.10000000149011612], [0.10000000149011612, 0.10000000149011612, 0.10000000149011612, 0.10000000149011612, 0.10000000149011612, 0.10000000149011612, 0.10000000149011612, 0.10000000149011612, 0.10000000149011612, 0.10000000149011612], [0.10000000149011612, 0.10000000149011612, 0.10000000149011612, 0.10000000149011612, 0.10000000149011612, 0.10000000149011612, 0.10000000149011612, 0.10000000149011612, 0.10000000149011612, 0.10000000149011612], [0.10000000149011612, 0.10000000149011612, 0.10000000149011612, 0.10000000149011612, 0.10000000149011612, 0.10000000149011612, 0.10000000149011612, 0.10000000149011612, 0.10000000149011612, 0.10000000149011612]], "coeff_list_in_victim": [[0.0, 0.15767709910869598, 0.29030972719192505, 0.15843552350997925, 0.0, 0.0, 0.06700190156698227, 0.2274775207042694, 0.09909813851118088, 0.0]], "victims": {"DPN92": {"clean acc": 92.07000122070312, "prediction": 6, "poisons predictions": [8, 8, 8, 8, 8, 8, 8, 8, 6, 8], "scores": [2.7720950535048416e-12, 7.6212252767201e-30, 1.1574725315322989e-42, 5.4647364050889e-20, 1.160415258307381e-41, 4.395178625243337e-20, 0.5662509202957153, 4.75720741761536e-32, 0.43375077843666077, 0.0], "malicious score": 0.43375077843666077, "camera": {"2": {"prediction": 6, "scores": [6.11499444288198e-14, 3.1635562155887896e-27, 5.790232516916432e-37, 3.114158982227798e-16, 2.725791244142156e-36, 6.668348271831755e-17, 0.8700023889541626, 4.068704554184784e-29, 0.1299971044063568, 0.0], "malicious score": 0.1299971044063568}, "4": {"prediction": 6, "scores": [7.289409961058757e-13, 2.586249662887977e-26, 2.106833407661002e-37, 1.2261040139522413e-16, 8.701817955966164e-38, 1.340670596742367e-17, 0.9509743452072144, 5.870167544426727e-28, 0.0490257553756237, 0.0], "malicious score": 0.0490257553756237}}}, "SENet18": {"clean acc": 91.50000228881837, "prediction": 6, "poisons predictions": [8, 8, 6, 6, 8, 8, 8, 8, 6, 8], "scores": [3.603432219279057e-08, 6.697851620524704e-15, 3.9506202924199715e-19, 2.656063913188296e-14, 1.9871870904353273e-07, 1.9013992312057193e-14, 0.7748831510543823, 3.088155070747091e-17, 0.22511665523052216, 1.229720182892527e-16], "malicious score": 0.22511665523052216, "camera": {"2": {"prediction": 8, "scores": [3.758756861316215e-09, 3.2744789952438014e-12, 1.5258834370731125e-14, 6.998390582324543e-12, 1.785383210517466e-05, 8.537199809935392e-13, 0.04790158569812775, 7.17331196612575e-15, 0.9520796537399292, 6.403824885192581e-15], "malicious score": 0.9520796537399292}, "4": {"prediction": 8, "scores": [7.592528845634661e-07, 3.762511482929831e-11, 2.764397690724579e-15, 9.946268808569414e-11, 0.00020152390061412007, 1.2240531505058883e-11, 0.007481864653527737, 1.575204132712657e-13, 0.9923163652420044, 1.1319874345609021e-13], "malicious score": 0.9923163652420044}}}, "ResNet50": {"clean acc": 93.05000076293945, "prediction": 8, "poisons predictions": [8, 8, 8, 8, 8, 8, 8, 8, 8, 8], "scores": [2.1533264761666563e-22, 6.63989325875993e-17, 5.943898223251287e-20, 3.17255322327891e-31, 3.92656223908471e-36, 3.473240275625565e-35, 0.1074259802699089, 4.074639931017643e-13, 0.8925742506980896, 4.07696154682717e-33], "malicious score": 0.8925742506980896, "camera": {"2": {"prediction": 6, "scores": [1.4664026504348468e-23, 2.8930161125311096e-19, 2.4669092587919703e-14, 1.8235188194284842e-32, 1.8900952342012886e-30, 2.19836101050104e-30, 0.8534093499183655, 2.5048555894399693e-13, 0.14658989012241364, 2.5670310968624284e-28], "malicious score": 0.14658989012241364}, "4": {"prediction": 6, "scores": [8.38848851417378e-25, 6.527910449859085e-23, 1.600285100353968e-20, 1.6056163003180385e-36, 3.451902865338874e-38, 1.4778721924580149e-35, 1.0, 2.518273404476107e-13, 5.378874234907016e-09, 8.69989105456007e-31], "malicious score": 5.378874234907016e-09}}}, "ResNeXt29_2x64d": {"clean acc": 92.81000137329102, "prediction": 6,