{"args": "Namespace(device='cuda', dset_path='datasets', end2end=False, eval_poisons_root='attack-results-eps0.30/100-overlap/linear-transfer-learning/mean/800', gpu='0', lr_decay_epoch=[30, 45], model_resume_path='model-chks', num_per_class=50, poison_label=8, retrain_bsize=64, retrain_epochs=60, retrain_lr=0.1, retrain_momentum=0.9, retrain_opt='adam', retrain_wd=0, subset_group=0, target_camera=True, target_index_end=33, target_index_start=32, target_index_step=1, target_label=6, target_net=['DPN92', 'SENet18', 'ResNet50', 'ResNeXt29_2x64d', 'GoogLeNet', 'MobileNetV2', 'ResNet18', 'DenseNet121'], target_print_size=[2, 4], test_chk_name='ckpt-%s-4800.t7', train_data_path='datasets/CIFAR10_TRAIN_Split.pth')", "poison_label": 8, "target_label": 6, "targets": {"32": {}, "32": {"800": {"time": 461.0, "coeffs_time": 0, "poisons_time": 6, "target_loss": 0.006339233834296465, "total_loss": 0.0736079290509224, "coeff_list": [[0.20000000298023224, 0.20000000298023224, 0.20000000298023224, 0.20000000298023224, 0.20000000298023224], [0.20000000298023224, 0.20000000298023224, 0.20000000298023224, 0.20000000298023224, 0.20000000298023224], [0.20000000298023224, 0.20000000298023224, 0.20000000298023224, 0.20000000298023224, 0.20000000298023224], [0.20000000298023224, 0.20000000298023224, 0.20000000298023224, 0.20000000298023224, 0.20000000298023224], [0.20000000298023224, 0.20000000298023224, 0.20000000298023224, 0.20000000298023224, 0.20000000298023224], [0.20000000298023224, 0.20000000298023224, 0.20000000298023224, 0.20000000298023224, 0.20000000298023224], [0.20000000298023224, 0.20000000298023224, 0.20000000298023224, 0.20000000298023224, 0.20000000298023224], [0.20000000298023224, 0.20000000298023224, 0.20000000298023224, 0.20000000298023224, 0.20000000298023224], [0.20000000298023224, 0.20000000298023224, 0.20000000298023224, 0.20000000298023224, 0.20000000298023224], [0.20000000298023224, 0.20000000298023224, 0.20000000298023224, 0.20000000298023224, 0.20000000298023224], [0.20000000298023224, 0.20000000298023224, 0.20000000298023224, 0.20000000298023224, 0.20000000298023224], [0.20000000298023224, 0.20000000298023224, 0.20000000298023224, 0.20000000298023224, 0.20000000298023224], [0.20000000298023224, 0.20000000298023224, 0.20000000298023224, 0.20000000298023224, 0.20000000298023224], [0.20000000298023224, 0.20000000298023224, 0.20000000298023224, 0.20000000298023224, 0.20000000298023224], [0.20000000298023224, 0.20000000298023224, 0.20000000298023224, 0.20000000298023224, 0.20000000298023224], [0.20000000298023224, 0.20000000298023224, 0.20000000298023224, 0.20000000298023224, 0.20000000298023224], [0.20000000298023224, 0.20000000298023224, 0.20000000298023224, 0.20000000298023224, 0.20000000298023224], [0.20000000298023224, 0.20000000298023224, 0.20000000298023224, 0.20000000298023224, 0.20000000298023224]], "coeff_list_in_victim": [[0.023683862760663033, 0.17749322950839996, 0.17200477421283722, 0.0, 0.6268181204795837]], "victims": {"DPN92": {"clean acc": 91.90000190734864, "prediction": 8, "poisons predictions": [8, 8, 8, 8, 8], "scores": [5.401624301496951e-21, 4.868180002869038e-18, 2.4130226609443365e-34, 5.5479904524646795e-12, 7.365864378022535e-23, 4.816404504501444e-14, 0.08241616934537888, 3.4345825360601266e-42, 0.9175833463668823, 0.0], "malicious score": 0.9175833463668823, "camera": {"2": {"prediction": 6, "scores": [1.0880345995251361e-16, 6.517682418687794e-16, 1.5134023414708024e-43, 1.8553202153586117e-15, 5.412203792587046e-29, 1.323923870291894e-18, 1.0, 3.2510124372335756e-43, 1.9127194264001446e-06, 0.0], "malicious score": 1.9127194264001446e-06}, "4": {"prediction": 6, "scores": [1.2976094765682652e-17, 5.358924670882762e-17, 1.7003495695963763e-40, 4.583950406755744e-13, 3.538115608664168e-25, 1.6789449799715721e-15, 0.9998092651367188, 4.000707115647353e-42, 0.00018991799151990563, 0.0], "malicious score": 0.00018991799151990563}}}, "SENet18": {"clean acc": 90.92000122070313, "prediction": 6, "poisons predictions": [6, 6, 6, 6, 6], "scores": [2.4458703685744483e-16, 4.636209692908977e-23, 8.812425751148281e-15, 7.141323556808521e-12, 6.057160817363183e-07, 8.584564401567865e-14, 0.9999618530273438, 1.728487593983317e-19, 3.681549060274847e-05, 1.875580946020881e-21], "malicious score": 3.681549060274847e-05, "camera": {"2": {"prediction": 8, "scores": [4.899393737933799e-11, 2.149130840556148e-24, 3.040510280615666e-13, 8.137712725897472e-09, 7.792980795784388e-06, 3.554677602615741e-12, 0.3134174644947052, 9.445619089879366e-17, 0.6865752339363098, 3.065870623419638e-21], "malicious score": 0.6865752339363098}, "4": {"prediction": 6, "scores": [7.418202743704125e-15, 1.5261369632544572e-25, 1.455750527820643e-17, 1.4728138847397432e-11, 1.0280805327056441e-06, 2.279061813402483e-13, 0.8915040493011475, 1.0647435725246327e-20, 0.10849448293447495, 3.2506413354422016e-22], "malicious score": 0.10849448293447495}}}, "ResNet50": {"clean acc": 94.10000190734863, "prediction": 8, "poisons predictions": [6, 8, 8, 8, 8], "scores": [1.548434803078923e-42, 8.230925620014453e-38, 1.0184294649264212e-36, 0.0, 5.068924954465116e-34, 1.8918803270654778e-34, 4.923995220451616e-07, 0.0, 1.0, 1.3315130140295264e-30], "malicious score": 1.0, "camera": {"2": {"prediction": 8, "scores": [1.2919971841074813e-41, 1.2857131609166674e-35, 1.7599567929499522e-36, 5.605193857299268e-45, 7.68408259340548e-36, 2.6774288782033235e-35, 0.0019949041306972504, 0.0, 0.9980068802833557, 9.23664152345062e-31], "malicious score": 0.9980068802833557}, "4": {"prediction": 8, "scores": [1.0396011901668455e-38, 3.0092019420239666e-34, 1.0532285973056896e-31, 4.2232335920418266e-38, 4.151708437353045e-36, 1.3817883196670203e-32, 0.025227585807442665, 0.0, 0.9747728109359741, 6.759527450137957e-31], "malicious score": 0.9747728109359741}}}, "ResNeXt29_2x64d": {"clean acc": 93.15000190734864, "prediction": 6, "poisons predictions": [8, 8, 8, 8, 8], "scores": [5.56760507882007e-22, 8.630381430124387e-15, 4.754462015060801e-12, 1.3035996460075694e-07, 5.201713456985432e-35, 1.8220724251734267e-17, 0.8615870475769043, 4.7859971563745126e-27, 0.13841207325458527, 5.941047733011035e-18], "malicious score": 0.13841207325458527, "camera": {"2": {"prediction": 6, "scores": [1.342879054917432e-21, 4.211982799757867e-14, 4.0581328174162795e-14, 0.00037275845534168184, 9.967746723673359e-30, 3.4710899841130507e-15, 0.9788082242012024, 6.383555215090882e-23, 0.02081971801817417, 4.6128315811615726e-17], "malicious score": 0.02081971801817417}, "4": {"prediction": 6, "scores": [7.608301150382891e-22, 2.3010619017854728e-14, 4.828447212369691e-13, 0.0004894965095445514, 2.9548864347520477e-33, 1.0923019250436237e-15, 0.9989476799964905, 4.009869911381598e-24, 0.0005630122032016516, 4.3443587809830955e-18], "malicious score": 0.0005630122032016516}}}, "GoogLeNet": {"clean acc": 92.30000152587891, "prediction": 6, "poisons predictions": [8, 8, 8, 6, 8], "scores": [2.0608511874878245e-20, 3.579304852507903e-09, 1.9417575458646752e-07, 2.3509121092502028e-05, 2.4380241825383564e-07, 0.00026561939739622176, 0.9884721636772156, 8.117339023172576e-10, 0.01123819313943386, 2.422763378806536e-11], "malicious score": 0.01123819313943386, "camera": {"2": {"prediction": 6, "scores": [1.3674432999818004e-22, 8.231101217281989e-11, 3.2216844209759232e-12, 2.4531982489861548e-05, 4.2183914956694935e-06, 3.438712883507833e-05, 0.9996376633644104, 3.177799532170329e-15, 0.0002987059997394681, 2.746233240813467e-09], "malicious score": 0.0002987059997394681}, "4": {"prediction": 6, "scores": [4.606261061958805e-22, 6.953345677018774e-10, 5.194754782583688e-12, 9.232294360117521e-06, 9.700537702883594e-06, 3.039652801817283e-05, 0.9976614713668823, 1.0781184430451451e-13, 0.002289182972162962, 1.3562363454511228e-09], "malicious score": 0.002289182972162962}}}, "MobileNetV2": {"clean acc": 86.51000137329102, "prediction": 6, "poisons predictions": [8, 8, 6, 8, 8],