{"args": "Namespace(device='cuda', dset_path='datasets', end2end=False, eval_poisons_root='attack-results-10poisons-102flowers/100-overlap/linear-transfer-learning/mean/800', gpu='1', lr_decay_epoch=[30, 45], model_resume_path='model-chks', num_per_class=50, poison_label=8, retrain_bsize=64, retrain_epochs=60, retrain_lr=0.1, retrain_momentum=0.9, retrain_opt='adam', retrain_wd=0, subset_group=0, target_camera=True, target_dset='102flowers', target_index_end=11, target_index_start=1, target_index_step=1, target_label=-1, target_net=['DPN92', 'SENet18', 'ResNet50', 'ResNeXt29_2x64d', 'GoogLeNet', 'MobileNetV2', 'ResNet18', 'DenseNet121'], target_print_size=[2, 4], test_chk_name='ckpt-%s-4800.t7', train_data_path='datasets/CIFAR10_TRAIN_Split.pth')", "poison_label": 8, "target_label": -1, "targets": {"8": {}, "8": {"800": {"time": 385.0, "coeffs_time": 0, "poisons_time": 4, "target_loss": 0.027105001732707024, "total_loss": 0.08476478606462479, "coeff_list": [[0.10000000149011612, 0.10000000149011612, 0.10000000149011612, 0.10000000149011612, 0.10000000149011612, 0.10000000149011612, 0.10000000149011612, 0.10000000149011612, 0.10000000149011612, 0.10000000149011612], [0.10000000149011612, 0.10000000149011612, 0.10000000149011612, 0.10000000149011612, 0.10000000149011612, 0.10000000149011612, 0.10000000149011612, 0.10000000149011612, 0.10000000149011612, 0.10000000149011612], [0.10000000149011612, 0.10000000149011612, 0.10000000149011612, 0.10000000149011612, 0.10000000149011612, 0.10000000149011612, 0.10000000149011612, 0.10000000149011612, 0.10000000149011612, 0.10000000149011612], [0.10000000149011612, 0.10000000149011612, 0.10000000149011612, 0.10000000149011612, 0.10000000149011612, 0.10000000149011612, 0.10000000149011612, 0.10000000149011612, 0.10000000149011612, 0.10000000149011612], [0.10000000149011612, 0.10000000149011612, 0.10000000149011612, 0.10000000149011612, 0.10000000149011612, 0.10000000149011612, 0.10000000149011612, 0.10000000149011612, 0.10000000149011612, 0.10000000149011612], [0.10000000149011612, 0.10000000149011612, 0.10000000149011612, 0.10000000149011612, 0.10000000149011612, 0.10000000149011612, 0.10000000149011612, 0.10000000149011612, 0.10000000149011612, 0.10000000149011612], [0.10000000149011612, 0.10000000149011612, 0.10000000149011612, 0.10000000149011612, 0.10000000149011612, 0.10000000149011612, 0.10000000149011612, 0.10000000149011612, 0.10000000149011612, 0.10000000149011612], [0.10000000149011612, 0.10000000149011612, 0.10000000149011612, 0.10000000149011612, 0.10000000149011612, 0.10000000149011612, 0.10000000149011612, 0.10000000149011612, 0.10000000149011612, 0.10000000149011612], [0.10000000149011612, 0.10000000149011612, 0.10000000149011612, 0.10000000149011612, 0.10000000149011612, 0.10000000149011612, 0.10000000149011612, 0.10000000149011612, 0.10000000149011612, 0.10000000149011612], [0.10000000149011612, 0.10000000149011612, 0.10000000149011612, 0.10000000149011612, 0.10000000149011612, 0.10000000149011612, 0.10000000149011612, 0.10000000149011612, 0.10000000149011612, 0.10000000149011612], [0.10000000149011612, 0.10000000149011612, 0.10000000149011612, 0.10000000149011612, 0.10000000149011612, 0.10000000149011612, 0.10000000149011612, 0.10000000149011612, 0.10000000149011612, 0.10000000149011612], [0.10000000149011612, 0.10000000149011612, 0.10000000149011612, 0.10000000149011612, 0.10000000149011612, 0.10000000149011612, 0.10000000149011612, 0.10000000149011612, 0.10000000149011612, 0.10000000149011612], [0.10000000149011612, 0.10000000149011612, 0.10000000149011612, 0.10000000149011612, 0.10000000149011612, 0.10000000149011612, 0.10000000149011612, 0.10000000149011612, 0.10000000149011612, 0.10000000149011612], [0.10000000149011612, 0.10000000149011612, 0.10000000149011612, 0.10000000149011612, 0.10000000149011612, 0.10000000149011612, 0.10000000149011612, 0.10000000149011612, 0.10000000149011612, 0.10000000149011612], [0.10000000149011612, 0.10000000149011612, 0.10000000149011612, 0.10000000149011612, 0.10000000149011612, 0.10000000149011612, 0.10000000149011612, 0.10000000149011612, 0.10000000149011612, 0.10000000149011612], [0.10000000149011612, 0.10000000149011612, 0.10000000149011612, 0.10000000149011612, 0.10000000149011612, 0.10000000149011612, 0.10000000149011612, 0.10000000149011612, 0.10000000149011612, 0.10000000149011612], [0.10000000149011612, 0.10000000149011612, 0.10000000149011612, 0.10000000149011612, 0.10000000149011612, 0.10000000149011612, 0.10000000149011612, 0.10000000149011612, 0.10000000149011612, 0.10000000149011612], [0.10000000149011612, 0.10000000149011612, 0.10000000149011612, 0.10000000149011612, 0.10000000149011612, 0.10000000149011612, 0.10000000149011612, 0.10000000149011612, 0.10000000149011612, 0.10000000149011612]], "coeff_list_in_victim": [[0.0, 0.0, 0.0, 0.5913807153701782, 0.0038354387506842613, 0.0, 0.0, 0.0, 0.2039497047662735, 0.2008342146873474]], "victims": {"DPN92": {"clean acc": 92.8200023651123, "prediction": 8, "poisons predictions": [8, 8, 8, 8, 8, 8, 8, 8, 8, 8], "scores": [1.1788600694576101e-13, 2.9611964837346883e-24, 6.92422332804199e-08, 0.0009875906398519874, 3.710473733971459e-18, 0.0009726374410092831, 0.002533882623538375, 2.257451378948406e-36, 0.9955049753189087, 3.3902021149042806e-31], "malicious score": 0.9955049753189087, "camera": {"2": {"prediction": 5, "scores": [1.8426902892258473e-27, 1.1210387714598537e-44, 1.6817790039823192e-14, 0.0014581452123820782, 8.693804154475467e-27, 0.9984524250030518, 8.818876813165843e-05, 7.78257849479557e-37, 9.228069627626592e-34, 2.914833088370652e-38], "malicious score": 9.228069627626592e-34}, "4": {"prediction": 3, "scores": [6.641972163689353e-24, 1.9314745161411944e-29, 7.111799864290003e-12, 0.5370141863822937, 1.7406333256204322e-22, 0.4629863500595093, 1.553087543015863e-07, 8.357771605193925e-30, 1.4988119924630076e-26, 4.211016116456394e-34], "malicious score": 1.4988119924630076e-26}}}, "SENet18": {"clean acc": 91.52000160217285, "prediction": 8, "poisons predictions": [8, 8, 6, 8, 8, 8, 8, 8, 8, 8], "scores": [0.006640846375375986, 3.710152410990597e-12, 1.2299390672598776e-11, 3.618700228358307e-09, 3.077126109474193e-07, 1.158376033982833e-10, 5.347240517039609e-07, 3.1512706940434176e-12, 0.9933578968048096, 3.5786353264413706e-13], "malicious score": 0.9933578968048096, "camera": {"2": {"prediction": 2, "scores": [4.155193411570224e-10, 1.0351943222870231e-20, 0.6023112535476685, 0.21690919995307922, 1.951442754943855e-05, 0.002231793012470007, 0.1785242110490799, 3.712611582264603e-18, 3.509829184622504e-06, 4.9097769273321375e-15], "malicious score": 3.509829184622504e-06}, "4": {"prediction": 2, "scores": [7.913281835358887e-11, 5.2972993843753165e-17, 0.9973675012588501, 0.002631034469231963, 1.0925266913375253e-08, 4.679466059087645e-08, 1.539844561193604e-06, 2.795813168650352e-13, 3.101196455190802e-08, 2.054128019857828e-17], "malicious score": 3.101196455190802e-08}}}, "ResNet50": {"clean acc": 92.71000099182129, "prediction": 8, "poisons predictions": [8, 8, 8, 8, 8, 8, 8, 8, 8, 8], "scores": [1.803808359802234e-24, 1.0299543712787405e-42, 7.311119702436795e-35, 7.726963193637262e-15, 5.873382765192538e-39, 8.683123163671014e-29, 2.0142531384754507e-23, 0.0, 1.0, 3.6576552385959943e-40], "malicious score": 1.0, "camera": {"2": {"prediction": 5, "scores": [1.2796105750056922e-29, 5.759874786985299e-37, 4.2569012333118053e-19, 6.215043413249077e-08, 1.961817850054744e-44, 0.9999847412109375, 9.393334998719638e-10, 2.5137151741321e-35, 1.5273682947736233e-05, 8.11638025494888e-36], "malicious score": 1.5273682947736233e-05}, "4": {"prediction": 6, "scores": [1.3317541694506625e-34, 3.7877097490699805e-42, 7.04376136350577e-27, 7.445318276740262e-19, 0.0, 2.1142688893970166e-18, 0.9903168678283691, 2.6624670822171524e-44, 0.009682862088084221, 8.230946919751111e-41], "malicious score": 0.009682862088084221}}}, "ResNeXt29_2x64d": {"clean acc": 92.56000213623047,