{"args": "Namespace(device='cuda', dset_path='datasets', end2end=False, eval_poisons_root='attack-results-7poisons/100-overlap/linear-transfer-learning/mean/800', gpu='2', lr_decay_epoch=[30, 45], model_resume_path='model-chks', num_per_class=50, poison_label=8, retrain_bsize=64, retrain_epochs=60, retrain_lr=0.1, retrain_momentum=0.9, retrain_opt='adam', retrain_wd=0, subset_group=0, target_camera=True, target_index_end=3, target_index_start=2, target_index_step=1, target_label=6, target_net=['DPN92', 'SENet18', 'ResNet50', 'ResNeXt29_2x64d', 'GoogLeNet', 'MobileNetV2', 'ResNet18', 'DenseNet121'], target_print_size=[2, 4], test_chk_name='ckpt-%s-4800.t7', train_data_path='datasets/CIFAR10_TRAIN_Split.pth')", "poison_label": 8, "target_label": 6, "targets": {"2": {}, "2": {"800": {"time": 388.0, "coeffs_time": 0, "poisons_time": 4, "target_loss": 0.003050847677513957, "total_loss": 0.06534495204687119, "coeff_list": [[0.1428571492433548, 0.1428571492433548, 0.1428571492433548, 0.1428571492433548, 0.1428571492433548, 0.1428571492433548, 0.1428571492433548], [0.1428571492433548, 0.1428571492433548, 0.1428571492433548, 0.1428571492433548, 0.1428571492433548, 0.1428571492433548, 0.1428571492433548], [0.1428571492433548, 0.1428571492433548, 0.1428571492433548, 0.1428571492433548, 0.1428571492433548, 0.1428571492433548, 0.1428571492433548], [0.1428571492433548, 0.1428571492433548, 0.1428571492433548, 0.1428571492433548, 0.1428571492433548, 0.1428571492433548, 0.1428571492433548], [0.1428571492433548, 0.1428571492433548, 0.1428571492433548, 0.1428571492433548, 0.1428571492433548, 0.1428571492433548, 0.1428571492433548], [0.1428571492433548, 0.1428571492433548, 0.1428571492433548, 0.1428571492433548, 0.1428571492433548, 0.1428571492433548, 0.1428571492433548], [0.1428571492433548, 0.1428571492433548, 0.1428571492433548, 0.1428571492433548, 0.1428571492433548, 0.1428571492433548, 0.1428571492433548], [0.1428571492433548, 0.1428571492433548, 0.1428571492433548, 0.1428571492433548, 0.1428571492433548, 0.1428571492433548, 0.1428571492433548], [0.1428571492433548, 0.1428571492433548, 0.1428571492433548, 0.1428571492433548, 0.1428571492433548, 0.1428571492433548, 0.1428571492433548], [0.1428571492433548, 0.1428571492433548, 0.1428571492433548, 0.1428571492433548, 0.1428571492433548, 0.1428571492433548, 0.1428571492433548], [0.1428571492433548, 0.1428571492433548, 0.1428571492433548, 0.1428571492433548, 0.1428571492433548, 0.1428571492433548, 0.1428571492433548], [0.1428571492433548, 0.1428571492433548, 0.1428571492433548, 0.1428571492433548, 0.1428571492433548, 0.1428571492433548, 0.1428571492433548], [0.1428571492433548, 0.1428571492433548, 0.1428571492433548, 0.1428571492433548, 0.1428571492433548, 0.1428571492433548, 0.1428571492433548], [0.1428571492433548, 0.1428571492433548, 0.1428571492433548, 0.1428571492433548, 0.1428571492433548, 0.1428571492433548, 0.1428571492433548], [0.1428571492433548, 0.1428571492433548, 0.1428571492433548, 0.1428571492433548, 0.1428571492433548, 0.1428571492433548, 0.1428571492433548], [0.1428571492433548, 0.1428571492433548, 0.1428571492433548, 0.1428571492433548, 0.1428571492433548, 0.1428571492433548, 0.1428571492433548], [0.1428571492433548, 0.1428571492433548, 0.1428571492433548, 0.1428571492433548, 0.1428571492433548, 0.1428571492433548, 0.1428571492433548], [0.1428571492433548, 0.1428571492433548, 0.1428571492433548, 0.1428571492433548, 0.1428571492433548, 0.1428571492433548, 0.1428571492433548]], "coeff_list_in_victim": [[0.0, 0.07848303020000458, 0.0, 0.49544793367385864, 0.19050337374210358, 0.21452520787715912, 0.021040448918938637]], "victims": {"DPN92": {"clean acc": 92.35000190734863, "prediction": 6, "poisons predictions": [8, 8, 8, 8, 8, 6, 6], "scores": [1.0705051428638868e-11, 5.980711718698375e-23, 4.454316354135873e-30, 3.6832408650822046e-11, 3.317433052327561e-24, 2.1571631258825357e-17, 0.9960405826568604, 3.5685186432802927e-40, 0.003959282301366329, 0.0], "malicious score": 0.003959282301366329, "camera": {"2": {"prediction": 6, "scores": [1.1186204146037543e-20, 9.93014350097104e-36, 3.7361654468094735e-19, 2.622062993395957e-06, 3.3780973773285942e-21, 6.888860752951587e-06, 0.9999904632568359, 5.012907138518665e-35, 6.273537116129787e-18, 9.80908925027372e-45], "malicious score": 6.273537116129787e-18}, "4": {"prediction": 6, "scores": [3.574683680573204e-14, 6.220797477499108e-26, 2.7029171598097416e-22, 6.680195951958012e-07, 1.1386833410879299e-20, 2.9849225313682837e-09, 1.0, 2.480625157389134e-33, 2.8996767209577e-09, 7.595037676640509e-43], "malicious score": 2.8996767209577e-09}}}, "SENet18": {"clean acc": 91.26000175476074, "prediction": 6, "poisons predictions": [8, 8, 8, 8, 6, 8, 6], "scores": [3.254409852715412e-09, 2.2439067029478584e-18, 3.5803098766967745e-12, 1.775973292039712e-11, 5.15059537065099e-06, 4.131983383920401e-13, 0.9861615300178528, 3.689762525464074e-13, 0.013833731412887573, 1.0621226662933803e-13], "malicious score": 0.013833731412887573, "camera": {"2": {"prediction": 6, "scores": [9.946623196312523e-16, 3.8503080707217817e-28, 2.970436743798821e-11, 1.0543809748908561e-11, 9.326291205979942e-08, 4.671832343206006e-08, 0.9998226165771484, 2.415032087271381e-25, 0.00017799812485463917, 6.42509830062199e-12], "malicious score": 0.00017799812485463917}, "4": {"prediction": 6, "scores": [1.1355826869119401e-11, 1.78789533929298e-23, 7.727443573912751e-09, 5.6059015068887774e-11, 1.6765685586506152e-06, 2.5636504030757123e-09, 0.9948064684867859, 1.1034645109213508e-20, 0.0051927524618804455, 7.65094931853838e-12], "malicious score": 0.0051927524618804455}}}, "ResNet50": {"clean acc": 92.5400016784668, "prediction": 6, "poisons predictions": [8, 8, 8, 8, 8, 8, 8], "scores": [8.921779215391845e-38, 0.0, 1.1460284690290954e-31, 7.146622168056567e-44, 3.040817667584853e-43, 0.0, 0.9774388670921326, 4.680336870844889e-43, 0.022559579461812973, 8.027448131675725e-15], "malicious score": 0.022559579461812973, "camera": {"2": {"prediction": 5, "scores": [6.39629852023952e-32, 4.83586856083651e-31, 7.743745272132755e-17, 3.4006323012527803e-14, 2.498909384268999e-32, 0.9984686374664307, 0.0015311967581510544, 1.0878436862397589e-16, 2.246464631702791e-28, 6.84789502880534e-10], "malicious score": 2.246464631702791e-28}, "4": {"prediction": 5, "scores": [5.918378096870109e-27, 5.073989549864502e-28, 3.03691837302833e-12, 2.4116991430701666e-14, 4.275264490381334e-31, 0.7203395962715149, 0.2796606123447418, 1.9764391505523986e-16, 1.1821788241414409e-21, 5.664960056606105e-09], "malicious score": 1.1821788241414409e-21}}}, "ResNeXt29_2x64d": {"clean acc": 92.83000183105469, "prediction": 8, "poisons predictions": [8, 8, 8, 8, 8, 8, 8], "scores": [9.92127818007239e-22, 5.241697631497289e-10, 1.8478315123686417e-13, 4.218203564221312e-11, 0.0, 2.030486873541166e-21, 0.019145920872688293, 1.5910208390520876e-20, 0.9808546900749207, 5.481953464739304e-23], "malicious score": 0.9808546900749207, "camera": {"2": {"prediction": 6, "scores": [1.5348149716094562e-22, 4.845204234174765e-19, 5.844830593559891e-05, 1.006673392112134e-05, 1.1289348740461046e-27, 4.7883655497571453e-05, 0.9998798370361328, 8.040280919054644e-17, 3.866737188218394e-06, 4.7607983527653275e-11], "malicious score": 3.866737188218394e-06}, "4": {"prediction": 6, "scores": [3.0725122375035853e-19, 4.345660523054004e-14, 8.886022442311514e-06, 4.112620445084758e-06, 1.649474538098561e-32, 9.753146207325258e-11, 0.9953340888023376, 5.412118287030773e-15, 0.0046524833887815475, 5.454381588857089e-14], "malicious score": 0.0046524833887815475}}}, "GoogLeNet": {"clean acc": 92.43000221252441, "prediction": 8, "poisons predictions": [8, 8, 8, 6, 8, 8, 6], "scores": [4.240383599807274e-09, 2.7979337596795162e-11, 0.0001815500290831551, 0.0001276059920201078, 1.8380940218776232e-06, 0.00027989791124127805, 0.2552807629108429, 1.2515408798208227e-06, 0.7441269159317017, 5.605361952376597e-09],