{"args": "Namespace(device='cuda', dset_path='datasets', end2end=False, eval_poisons_root='attack-results-10poisons/100-overlap/linear-transfer-learning/mean/800', gpu='1', lr_decay_epoch=[30, 45], model_resume_path='model-chks', num_per_class=50, poison_label=8, retrain_bsize=64, retrain_epochs=60, retrain_lr=0.1, retrain_momentum=0.9, retrain_opt='adam', retrain_wd=0, subset_group=0, target_camera=True, target_index_end=42, target_index_start=41, target_index_step=1, target_label=6, target_net=['DPN92', 'SENet18', 'ResNet50', 'ResNeXt29_2x64d', 'GoogLeNet', 'MobileNetV2', 'ResNet18', 'DenseNet121'], target_print_size=[2, 4], test_chk_name='ckpt-%s-4800.t7', train_data_path='datasets/CIFAR10_TRAIN_Split.pth')", "poison_label": 8, "target_label": 6, "targets": {"41": {}, "41": {"800": {"time": 398.0, "coeffs_time": 0, "poisons_time": 4, "target_loss": 0.004171290900558233, "total_loss": 0.06546484678983688, "coeff_list": [[0.10000000149011612, 0.10000000149011612, 0.10000000149011612, 0.10000000149011612, 0.10000000149011612, 0.10000000149011612, 0.10000000149011612, 0.10000000149011612, 0.10000000149011612, 0.10000000149011612], [0.10000000149011612, 0.10000000149011612, 0.10000000149011612, 0.10000000149011612, 0.10000000149011612, 0.10000000149011612, 0.10000000149011612, 0.10000000149011612, 0.10000000149011612, 0.10000000149011612], [0.10000000149011612, 0.10000000149011612, 0.10000000149011612, 0.10000000149011612, 0.10000000149011612, 0.10000000149011612, 0.10000000149011612, 0.10000000149011612, 0.10000000149011612, 0.10000000149011612], [0.10000000149011612, 0.10000000149011612, 0.10000000149011612, 0.10000000149011612, 0.10000000149011612, 0.10000000149011612, 0.10000000149011612, 0.10000000149011612, 0.10000000149011612, 0.10000000149011612], [0.10000000149011612, 0.10000000149011612, 0.10000000149011612, 0.10000000149011612, 0.10000000149011612, 0.10000000149011612, 0.10000000149011612, 0.10000000149011612, 0.10000000149011612, 0.10000000149011612], [0.10000000149011612, 0.10000000149011612, 0.10000000149011612, 0.10000000149011612, 0.10000000149011612, 0.10000000149011612, 0.10000000149011612, 0.10000000149011612, 0.10000000149011612, 0.10000000149011612], [0.10000000149011612, 0.10000000149011612, 0.10000000149011612, 0.10000000149011612, 0.10000000149011612, 0.10000000149011612, 0.10000000149011612, 0.10000000149011612, 0.10000000149011612, 0.10000000149011612], [0.10000000149011612, 0.10000000149011612, 0.10000000149011612, 0.10000000149011612, 0.10000000149011612, 0.10000000149011612, 0.10000000149011612, 0.10000000149011612, 0.10000000149011612, 0.10000000149011612], [0.10000000149011612, 0.10000000149011612, 0.10000000149011612, 0.10000000149011612, 0.10000000149011612, 0.10000000149011612, 0.10000000149011612, 0.10000000149011612, 0.10000000149011612, 0.10000000149011612], [0.10000000149011612, 0.10000000149011612, 0.10000000149011612, 0.10000000149011612, 0.10000000149011612, 0.10000000149011612, 0.10000000149011612, 0.10000000149011612, 0.10000000149011612, 0.10000000149011612], [0.10000000149011612, 0.10000000149011612, 0.10000000149011612, 0.10000000149011612, 0.10000000149011612, 0.10000000149011612, 0.10000000149011612, 0.10000000149011612, 0.10000000149011612, 0.10000000149011612], [0.10000000149011612, 0.10000000149011612, 0.10000000149011612, 0.10000000149011612, 0.10000000149011612, 0.10000000149011612, 0.10000000149011612, 0.10000000149011612, 0.10000000149011612, 0.10000000149011612], [0.10000000149011612, 0.10000000149011612, 0.10000000149011612, 0.10000000149011612, 0.10000000149011612, 0.10000000149011612, 0.10000000149011612, 0.10000000149011612, 0.10000000149011612, 0.10000000149011612], [0.10000000149011612, 0.10000000149011612, 0.10000000149011612, 0.10000000149011612, 0.10000000149011612, 0.10000000149011612, 0.10000000149011612, 0.10000000149011612, 0.10000000149011612, 0.10000000149011612], [0.10000000149011612, 0.10000000149011612, 0.10000000149011612, 0.10000000149011612, 0.10000000149011612, 0.10000000149011612, 0.10000000149011612, 0.10000000149011612, 0.10000000149011612, 0.10000000149011612], [0.10000000149011612, 0.10000000149011612, 0.10000000149011612, 0.10000000149011612, 0.10000000149011612, 0.10000000149011612, 0.10000000149011612, 0.10000000149011612, 0.10000000149011612, 0.10000000149011612], [0.10000000149011612, 0.10000000149011612, 0.10000000149011612, 0.10000000149011612, 0.10000000149011612, 0.10000000149011612, 0.10000000149011612, 0.10000000149011612, 0.10000000149011612, 0.10000000149011612], [0.10000000149011612, 0.10000000149011612, 0.10000000149011612, 0.10000000149011612, 0.10000000149011612, 0.10000000149011612, 0.10000000149011612, 0.10000000149011612, 0.10000000149011612, 0.10000000149011612]], "coeff_list_in_victim": [[0.0, 0.0, 0.0, 0.1714971959590912, 0.0, 0.34890758991241455, 0.09505913406610489, 0.00428648479282856, 0.3802497088909149, 0.0]], "victims": {"DPN92": {"clean acc": 92.26000137329102, "prediction": 8, "poisons predictions": [8, 8, 8, 8, 8, 8, 8, 8, 6, 8], "scores": [4.331682651686027e-18, 9.901774224771172e-36, 1.3935780104356195e-38, 6.829166079546354e-17, 8.209698437442312e-30, 1.1232453167644479e-23, 0.013851817697286606, 4.610271947628648e-43, 0.9861465096473694, 0.0], "malicious score": 0.9861465096473694, "camera": {}}, "SENet18": {"clean acc": 90.85000152587891, "prediction": 8, "poisons predictions": [8, 8, 8, 8, 6, 8, 6, 8, 6, 8], "scores": [1.1559392562609551e-14, 1.4760216144352146e-16, 1.31219633683205e-14, 3.209784216195999e-09, 5.716858595405938e-06, 4.385518337368666e-11, 0.24743853509426117, 4.592315313819043e-21, 0.7525553107261658, 7.267897594246796e-15], "malicious score": 0.7525553107261658, "camera": {}}, "ResNet50": {"clean acc": 92.33000144958496, "prediction": 6, "poisons predictions": [8, 8, 8, 8, 8, 8, 8, 8, 8, 8], "scores": [1.0491798274768702e-36, 9.350864652439504e-42, 0.0, 2.7762338452861806e-30, 0.0, 1.6199749675740887e-22, 0.9913553595542908, 2.0929268784752224e-30, 0.008645229041576385, 4.749720811644408e-31], "malicious score": 0.008645229041576385, "camera": {}}, "ResNeXt29_2x64d": {"clean acc": 92.56000175476075, "prediction": 6, "poisons predictions": [8, 8, 8, 8, 8, 8, 8, 8, 8, 8], "scores": [5.545745017384363e-24, 1.4527951239885544e-15, 1.676990901432036e-17, 8.689415853524451e-11, 3.2446577168536783e-37, 6.96553529687933e-24, 0.8380802273750305, 4.815853831411337e-25, 0.1619195193052292, 6.582455322071942e-21], "malicious score": 0.1619195193052292, "camera": {}}, "GoogLeNet": {"clean acc": 91.66000213623047, "prediction": 8, "poisons predictions": [8, 8, 8, 6, 8, 8, 8, 8, 6, 8], "scores": [4.30694569635362e-13, 3.2266152061311004e-07, 0.0002338561025680974, 0.009342297911643982, 8.354791858344868e-11, 0.0007918568444438279, 0.4851510524749756, 6.305857502830747e-10, 0.5044805407524109, 2.9077764501783676e-11], "malicious score": 0.5044805407524109, "camera": {}}, "MobileNetV2": {"clean acc": 86.25000114440918, "prediction": 8, "poisons predictions": [8, 8, 8, 6, 8, 8, 8, 6, 8, 8], "scores": [7.206458346731281e-11, 8.734610190685999e-08, 9.975445816601258e-12, 2.3507698188041104e-06, 3.8690148524498604e-24, 1.7402275176436888e-08, 0.14407987892627716, 2.28226837354009e-20, 0.8559181690216064, 9.803906824926727e-20], "malicious score": 0.8559181690216064, "camera": {}}, "ResNet18": {"clean acc": 92.71000175476074, "prediction": 8, "poisons predictions": [8, 8, 8, 8, 8, 8, 8, 8, 6, 8], "scores": [4.8374268623356917e-20, 1.629492981519709e-13, 6.583797951265069e-10, 0.0013209154130890965, 2.2759338541359622e-17, 2.289185067638755e-05, 0.038591764867305756, 9.333810712407465e-21, 0.9600640535354614, 1.8303159558180054e-22], "malicious score": 0.9600640535354614, "camera": {}}, "DenseNet121": {"clean acc": 92.89000091552734, "prediction": 8, "poisons predictions": [8, 8, 8, 8, 8, 8, 8, 8, 8, 8],