{"args": "Namespace(device='cuda', dset_path='datasets', end2end=False, eval_poisons_root='attack-results-eps0.20/100-overlap/linear-transfer-learning/mean/800', gpu='1', lr_decay_epoch=[30, 45], model_resume_path='model-chks', num_per_class=50, poison_label=8, retrain_bsize=64, retrain_epochs=60, retrain_lr=0.1, retrain_momentum=0.9, retrain_opt='adam', retrain_wd=0, subset_group=0, target_camera=True, target_index_end=26, target_index_start=25, target_index_step=1, target_label=6, target_net=['DPN92', 'SENet18', 'ResNet50', 'ResNeXt29_2x64d', 'GoogLeNet', 'MobileNetV2', 'ResNet18', 'DenseNet121'], target_print_size=[2, 4], test_chk_name='ckpt-%s-4800.t7', train_data_path='datasets/CIFAR10_TRAIN_Split.pth')", "poison_label": 8, "target_label": 6, "targets": {"25": {}, "25": {"800": {"time": 352.0, "coeffs_time": 0, "poisons_time": 5, "target_loss": 0.011610772460699081, "total_loss": 0.07114467024803162, "coeff_list": [[0.20000000298023224, 0.20000000298023224, 0.20000000298023224, 0.20000000298023224, 0.20000000298023224], [0.20000000298023224, 0.20000000298023224, 0.20000000298023224, 0.20000000298023224, 0.20000000298023224], [0.20000000298023224, 0.20000000298023224, 0.20000000298023224, 0.20000000298023224, 0.20000000298023224], [0.20000000298023224, 0.20000000298023224, 0.20000000298023224, 0.20000000298023224, 0.20000000298023224], [0.20000000298023224, 0.20000000298023224, 0.20000000298023224, 0.20000000298023224, 0.20000000298023224], [0.20000000298023224, 0.20000000298023224, 0.20000000298023224, 0.20000000298023224, 0.20000000298023224], [0.20000000298023224, 0.20000000298023224, 0.20000000298023224, 0.20000000298023224, 0.20000000298023224], [0.20000000298023224, 0.20000000298023224, 0.20000000298023224, 0.20000000298023224, 0.20000000298023224], [0.20000000298023224, 0.20000000298023224, 0.20000000298023224, 0.20000000298023224, 0.20000000298023224], [0.20000000298023224, 0.20000000298023224, 0.20000000298023224, 0.20000000298023224, 0.20000000298023224], [0.20000000298023224, 0.20000000298023224, 0.20000000298023224, 0.20000000298023224, 0.20000000298023224], [0.20000000298023224, 0.20000000298023224, 0.20000000298023224, 0.20000000298023224, 0.20000000298023224], [0.20000000298023224, 0.20000000298023224, 0.20000000298023224, 0.20000000298023224, 0.20000000298023224], [0.20000000298023224, 0.20000000298023224, 0.20000000298023224, 0.20000000298023224, 0.20000000298023224], [0.20000000298023224, 0.20000000298023224, 0.20000000298023224, 0.20000000298023224, 0.20000000298023224], [0.20000000298023224, 0.20000000298023224, 0.20000000298023224, 0.20000000298023224, 0.20000000298023224], [0.20000000298023224, 0.20000000298023224, 0.20000000298023224, 0.20000000298023224, 0.20000000298023224], [0.20000000298023224, 0.20000000298023224, 0.20000000298023224, 0.20000000298023224, 0.20000000298023224]], "coeff_list_in_victim": [[0.8104704022407532, 0.11261997371912003, 0.0, 0.07690959423780441, 0.0]], "victims": {"DPN92": {"clean acc": 92.40000114440917, "prediction": 6, "poisons predictions": [8, 8, 8, 6, 6], "scores": [7.30666048498474e-12, 9.159270564218502e-13, 9.661705475841977e-36, 9.005555192352892e-15, 7.2914316643873345e-34, 8.418624066813539e-17, 0.5219016075134277, 4.909951511719643e-35, 0.47809696197509766, 0.0], "malicious score": 0.47809696197509766, "camera": {"2": {"prediction": 8, "scores": [1.3049183756393568e-14, 4.002191578567929e-20, 1.0961301632378199e-29, 1.7846200862578487e-13, 3.927468860913712e-32, 1.0594388213935879e-11, 0.2759365439414978, 1.4161978311146718e-32, 0.7240622639656067, 0.0], "malicious score": 0.7240622639656067}, "4": {"prediction": 6, "scores": [3.4816309915042753e-16, 7.604728304679836e-23, 3.6527853962017034e-23, 1.2908164537250855e-09, 2.5303366018964253e-30, 9.441372094443068e-05, 0.9951499700546265, 2.4807448612702624e-28, 0.004755082540214062, 0.0], "malicious score": 0.004755082540214062}}}, "SENet18": {"clean acc": 91.24000129699706, "prediction": 6, "poisons predictions": [6, 6, 8, 6, 6], "scores": [2.592602002494341e-14, 7.021641948434798e-12, 6.178944942508702e-12, 2.874734617019925e-10, 6.2363346842175815e-06, 1.0216765627957258e-10, 0.9991706609725952, 1.0422894101622115e-12, 0.0008239895687438548, 5.479796846320772e-13], "malicious score": 0.0008239895687438548, "camera": {"2": {"prediction": 6, "scores": [9.960624989743816e-14, 1.6526191873311724e-11, 1.225073861799153e-11, 1.0941209049875056e-10, 9.377220635542471e-07, 8.852774763257187e-11, 0.9256358742713928, 7.14309091476989e-13, 0.0743638426065445, 1.9831610312270875e-12], "malicious score": 0.0743638426065445}, "4": {"prediction": 6, "scores": [4.16176831495238e-14, 1.1352901176662003e-15, 1.3895283361431421e-11, 2.1380537618131967e-10, 3.495052069979465e-08, 7.735623808180492e-10, 0.9819028973579407, 2.8705959287942447e-15, 0.018096869811415672, 3.997407060311181e-13], "malicious score": 0.018096869811415672}}}, "ResNet50": {"clean acc": 93.48000259399414, "prediction": 8, "poisons predictions": [8, 8, 8, 8, 8], "scores": [1.812649941521392e-33, 5.056319172625958e-17, 8.991284834429475e-28, 1.9708672086379245e-24, 1.050517145612354e-29, 8.583037700212624e-30, 9.73867190623423e-06, 7.21519295486728e-22, 0.9999904632568359, 8.320692205605372e-27], "malicious score": 0.9999904632568359, "camera": {"2": {"prediction": 8, "scores": [2.8225761701697497e-32, 3.8262458166990953e-16, 6.394390633776067e-26, 6.204572773115821e-23, 1.4446190971670707e-26, 3.492686075487099e-23, 2.4049611511145486e-06, 4.250339643297568e-22, 0.9999980926513672, 4.540295645317228e-24], "malicious score": 0.9999980926513672}, "4": {"prediction": 8, "scores": [2.533752695278749e-25, 1.5269442377174869e-09, 6.984573505669397e-20, 8.886747909333836e-18, 8.764533834985504e-19, 0.00019292108481749892, 0.00030737899942323565, 2.991989699709636e-17, 0.9994999170303345, 1.0114673474256593e-15], "malicious score": 0.9994999170303345}}}, "ResNeXt29_2x64d": {"clean acc": 92.57000160217285, "prediction": 6, "poisons predictions": [8, 8, 8, 8, 8], "scores": [6.940415459578368e-32, 2.012873581048755e-20, 1.5569886778301919e-21, 5.503975092633121e-16, 0.0, 2.1783501940088e-31, 0.7655459046363831, 3.1960033203268535e-27, 0.23445291817188263, 4.7252310325371165e-32], "malicious score": 0.23445291817188263, "camera": {"2": {"prediction": 6, "scores": [1.2641637562017627e-27, 2.561320564306467e-19, 1.3060687310850229e-14, 4.289849522159418e-14, 5.183422637715999e-38, 1.1323666629760288e-22, 0.9512664079666138, 2.2864687385294975e-20, 0.048733387142419815, 7.777911356824074e-24], "malicious score": 0.048733387142419815}, "4": {"prediction": 6, "scores": [1.066506101725974e-23, 2.4273173139712274e-24, 1.045205590344267e-05, 6.011530249289132e-13, 3.620989939470713e-29, 4.5223922029435926e-07, 0.9993288516998291, 5.651608303128115e-17, 0.0006605452508665621, 1.1142329633007531e-14], "malicious score": 0.0006605452508665621}}}, "GoogLeNet": {"clean acc": 91.83000144958496, "prediction": 6, "poisons predictions": [6, 8, 6, 8, 8], "scores": [3.7534238465073565e-18, 1.0635575059536606e-10, 8.170497156449741e-13, 1.182558673207268e-08, 4.140756476849611e-13, 1.1462242960336155e-10, 0.663627564907074, 1.429815575833271e-12, 0.33637166023254395, 8.202610812928991e-18], "malicious score": 0.33637166023254395, "camera": {"2": {"prediction": 8, "scores": [8.93107304420198e-16, 1.2609213673187014e-10, 1.0006737483081452e-07, 3.8030552786949556e-06, 1.93585078522851e-12, 4.775484185870482e-08, 0.08067639917135239, 1.3037759240275282e-11, 0.9193193912506104, 1.304315542290796e-15], "malicious score": 0.9193193912506104}, "4": {"prediction": 6, "scores": [1.2764472096492285e-13, 6.376484409931216e-12, 0.010796688497066498, 0.0007234571967273951, 9.30556787182013e-09, 0.173566997051239, 0.5518799424171448, 1.9545108587148974e-10, 0.2630327045917511, 1.045203479321799e-09], "malicious score": 0.2630327045917511}}}, "MobileNetV2": {"clean acc": 87.07000160217285, "prediction": 6,