{"args": "Namespace(device='cuda', dset_path='datasets', end2end=False, eval_poisons_root='attack-results-7poisons/100-overlap/linear-transfer-learning/mean/800', gpu='2', lr_decay_epoch=[30, 45], model_resume_path='model-chks', num_per_class=50, poison_label=8, retrain_bsize=64, retrain_epochs=60, retrain_lr=0.1, retrain_momentum=0.9, retrain_opt='adam', retrain_wd=0, subset_group=0, target_camera=True, target_index_end=43, target_index_start=42, target_index_step=1, target_label=6, target_net=['DPN92', 'SENet18', 'ResNet50', 'ResNeXt29_2x64d', 'GoogLeNet', 'MobileNetV2', 'ResNet18', 'DenseNet121'], target_print_size=[2, 4], test_chk_name='ckpt-%s-4800.t7', train_data_path='datasets/CIFAR10_TRAIN_Split.pth')", "poison_label": 8, "target_label": 6, "targets": {"42": {}, "42": {"800": {"time": 389.0, "coeffs_time": 0, "poisons_time": 4, "target_loss": 0.008810156024992466, "total_loss": 0.06469164043664932, "coeff_list": [[0.1428571492433548, 0.1428571492433548, 0.1428571492433548, 0.1428571492433548, 0.1428571492433548, 0.1428571492433548, 0.1428571492433548], [0.1428571492433548, 0.1428571492433548, 0.1428571492433548, 0.1428571492433548, 0.1428571492433548, 0.1428571492433548, 0.1428571492433548], [0.1428571492433548, 0.1428571492433548, 0.1428571492433548, 0.1428571492433548, 0.1428571492433548, 0.1428571492433548, 0.1428571492433548], [0.1428571492433548, 0.1428571492433548, 0.1428571492433548, 0.1428571492433548, 0.1428571492433548, 0.1428571492433548, 0.1428571492433548], [0.1428571492433548, 0.1428571492433548, 0.1428571492433548, 0.1428571492433548, 0.1428571492433548, 0.1428571492433548, 0.1428571492433548], [0.1428571492433548, 0.1428571492433548, 0.1428571492433548, 0.1428571492433548, 0.1428571492433548, 0.1428571492433548, 0.1428571492433548], [0.1428571492433548, 0.1428571492433548, 0.1428571492433548, 0.1428571492433548, 0.1428571492433548, 0.1428571492433548, 0.1428571492433548], [0.1428571492433548, 0.1428571492433548, 0.1428571492433548, 0.1428571492433548, 0.1428571492433548, 0.1428571492433548, 0.1428571492433548], [0.1428571492433548, 0.1428571492433548, 0.1428571492433548, 0.1428571492433548, 0.1428571492433548, 0.1428571492433548, 0.1428571492433548], [0.1428571492433548, 0.1428571492433548, 0.1428571492433548, 0.1428571492433548, 0.1428571492433548, 0.1428571492433548, 0.1428571492433548], [0.1428571492433548, 0.1428571492433548, 0.1428571492433548, 0.1428571492433548, 0.1428571492433548, 0.1428571492433548, 0.1428571492433548], [0.1428571492433548, 0.1428571492433548, 0.1428571492433548, 0.1428571492433548, 0.1428571492433548, 0.1428571492433548, 0.1428571492433548], [0.1428571492433548, 0.1428571492433548, 0.1428571492433548, 0.1428571492433548, 0.1428571492433548, 0.1428571492433548, 0.1428571492433548], [0.1428571492433548, 0.1428571492433548, 0.1428571492433548, 0.1428571492433548, 0.1428571492433548, 0.1428571492433548, 0.1428571492433548], [0.1428571492433548, 0.1428571492433548, 0.1428571492433548, 0.1428571492433548, 0.1428571492433548, 0.1428571492433548, 0.1428571492433548], [0.1428571492433548, 0.1428571492433548, 0.1428571492433548, 0.1428571492433548, 0.1428571492433548, 0.1428571492433548, 0.1428571492433548], [0.1428571492433548, 0.1428571492433548, 0.1428571492433548, 0.1428571492433548, 0.1428571492433548, 0.1428571492433548, 0.1428571492433548], [0.1428571492433548, 0.1428571492433548, 0.1428571492433548, 0.1428571492433548, 0.1428571492433548, 0.1428571492433548, 0.1428571492433548]], "coeff_list_in_victim": [[0.437023401260376, 0.018644720315933228, 0.471458375453949, 0.0, 0.07113580405712128, 0.0, 0.0017376244068145752]], "victims": {"DPN92": {"clean acc": 91.7300018310547, "prediction": 6, "poisons predictions": [8, 8, 8, 8, 6, 6, 8], "scores": [5.861505264449438e-14, 1.3043685576086261e-10, 9.594636917400327e-29, 3.264213172763514e-13, 4.592270929349072e-25, 1.5684278691346226e-14, 0.8403162956237793, 7.981710913134228e-29, 0.15968307852745056, 2.536350220427919e-43], "malicious score": 0.15968307852745056, "camera": {}}, "SENet18": {"clean acc": 91.2700023651123, "prediction": 6, "poisons predictions": [6, 8, 8, 6, 6, 6, 6], "scores": [5.018134743295377e-07, 1.3385576284538625e-13, 6.010696280978056e-12, 1.2992468212402741e-09, 1.0123217180080246e-05, 1.7304861970462992e-12, 0.7628500461578369, 3.3679056586763054e-14, 0.23713921010494232, 2.6723336796875092e-15], "malicious score": 0.23713921010494232, "camera": {}}, "ResNet50": {"clean acc": 91.80000152587891, "prediction": 8, "poisons predictions": [8, 8, 8, 8, 8, 8, 8], "scores": [1.4915374986736331e-29, 2.1223116580121326e-12, 1.4711704415654103e-31, 9.675789715077404e-22, 4.055127808147214e-23, 3.615852543587335e-38, 0.014418041333556175, 9.864517751636322e-15, 0.9855824112892151, 1.8071915915373856e-15], "malicious score": 0.9855824112892151, "camera": {}}, "ResNeXt29_2x64d": {"clean acc": 92.51000061035157, "prediction": 8, "poisons predictions": [8, 8, 8, 8, 8, 6, 8], "scores": [4.064144726696028e-36, 1.4648215401528903e-29, 8.568738600611692e-12, 1.3787050667790623e-10, 2.9679501474399626e-42, 3.683137999665996e-21, 0.22607620060443878, 1.2391348339338876e-21, 0.7739230394363403, 2.098390743948755e-19], "malicious score": 0.7739230394363403, "camera": {}}, "GoogLeNet": {"clean acc": 92.38000144958497, "prediction": 6, "poisons predictions": [8, 8, 6, 8, 6, 8, 8], "scores": [9.64942792248296e-16, 4.692358168689736e-10, 1.5553126333254857e-16, 9.503435904889557e-08, 6.62310706278646e-10, 2.1297477115211905e-09, 0.9829578399658203, 3.0248605703553366e-11, 0.017042120918631554, 1.0317315518975343e-15], "malicious score": 0.017042120918631554, "camera": {}}, "MobileNetV2": {"clean acc": 87.02000045776367, "prediction": 6, "poisons predictions": [8, 8, 6, 8, 8, 8, 8], "scores": [3.272588236440479e-15, 1.5253725867773542e-20, 7.846365828321675e-16, 1.040999632095918e-05, 1.6747299923320964e-22, 8.146155733475269e-14, 0.9898890852928162, 1.3279498048471896e-26, 0.010099703446030617, 4.54699284405517e-21], "malicious score": 0.010099703446030617, "camera": {}}, "ResNet18": {"clean acc": 92.89000091552734, "prediction": 6, "poisons predictions": [8, 8, 8, 8, 8, 6, 6], "scores": [5.95275697089009e-17, 1.47180507781286e-08, 9.910931797474376e-11, 0.0002880676765926182, 3.681866280156133e-25, 4.496172323342762e-09, 0.7270192503929138, 9.401530118649526e-13, 0.27269306778907776, 3.9946547030296064e-21], "malicious score": 0.27269306778907776, "camera": {}}, "DenseNet121": {"clean acc": 92.97000045776367, "prediction": 6, "poisons predictions": [8, 8, 8, 8, 8, 8, 8], "scores": [6.067307367629837e-07, 1.0577897585628548e-10, 1.6507896438699987e-10, 1.4434776858252008e-05, 3.388604739029688e-07, 5.141726887814002e-06, 0.7863634824752808, 7.638552837711478e-20, 0.21361593902111053, 1.0066190547775022e-08], "malicious score": 0.21361593902111053, "camera": {}}}}}}, "poison_idx_list": [213, 225, 227, 247, 249, 253, 261]}