{"args": "Namespace(device='cuda', dset_path='datasets', end2end=False, eval_poisons_root='attack-results-10poisons/100-overlap/linear-transfer-learning/convex/800', gpu='0', lr_decay_epoch=[30, 45], model_resume_path='model-chks', num_per_class=50, poison_label=8, retrain_bsize=64, retrain_epochs=60, retrain_lr=0.1, retrain_momentum=0.9, retrain_opt='adam', retrain_wd=0, subset_group=0, target_camera=True, target_index_end=22, target_index_start=21, target_index_step=1, target_label=6, target_net=['DPN92', 'SENet18', 'ResNet50', 'ResNeXt29_2x64d', 'GoogLeNet', 'MobileNetV2', 'ResNet18', 'DenseNet121'], target_print_size=[2, 4], test_chk_name='ckpt-%s-4800.t7', train_data_path='datasets/CIFAR10_TRAIN_Split.pth')", "poison_label": 8, "target_label": 6, "targets": {"21": {}, "21": {"800": {"time": 47758.0, "coeffs_time": 45656, "poisons_time": 47358, "target_loss": 0.006652376614511013, "total_loss": 0.0008751510758884251, "coeff_list": [[0.20549935102462769, 0.30572304129600525, 0.008643652312457561, 0.04624147340655327, 0.0333353653550148, 0.20274069905281067, 0.08461469411849976, 0.11320175230503082, 0.0, 0.0], [0.08967018872499466, 0.3317117691040039, 0.08492382615804672, 0.10908079892396927, 0.10122163593769073, 0.041740261018276215, 0.0, 0.11180941760540009, 0.060956548899412155, 0.06888554990291595], [0.04386734962463379, 0.3705272376537323, 0.02982810139656067, 0.08147943764925003, 0.09289057552814484, 0.037146277725696564, 0.06348732113838196, 0.28077372908592224, 0.0, 0.0], [0.016000896692276, 0.6057013869285583, 0.0, 0.0, 0.06581743061542511, 0.1525452435016632, 0.0, 0.11577359586954117, 0.02922910265624523, 0.014932275749742985], [0.14304058253765106, 0.10176616907119751, 0.01146742980927229, 0.058218277990818024, 0.12753461301326752, 0.32893070578575134, 0.10237835347652435, 0.05597535893321037, 0.06613786518573761, 0.004550647921860218], [0.0, 0.19919219613075256, 0.036462701857089996, 0.1484413743019104, 0.07938135415315628, 0.0, 0.07306563854217529, 0.2463737428188324, 0.2170829474925995, 0.0], [0.0, 0.4319421350955963, 0.0, 0.0, 0.0, 0.01750830188393593, 0.3302389681339264, 0.18584084510803223, 0.03446965664625168, 0.0], [0.14503240585327148, 0.2121001034975052, 0.09394706040620804, 0.03977418690919876, 0.0, 0.06570129841566086, 0.20551921427249908, 0.15003260970115662, 0.03599398583173752, 0.05189910903573036], [0.09697259962558746, 0.4092821180820465, 0.02098814584314823, 0.03537548705935478, 0.25917428731918335, 0.07835749536752701, 0.0015455017564818263, 0.09024923294782639, 0.008055241778492928, 0.0], [0.0, 0.6719722747802734, 0.0, 0.059866469353437424, 0.06938613206148148, 0.080190010368824, 0.0, 0.0, 0.07634155452251434, 0.042243536561727524], [0.17856475710868835, 0.13253071904182434, 0.07382180541753769, 0.0, 0.07207154482603073, 0.15126684308052063, 0.21386709809303284, 0.15558332204818726, 0.0, 0.022293955087661743], [0.28168410062789917, 0.0, 0.20705395936965942, 0.20081861317157745, 0.023816529661417007, 0.0, 0.0, 0.0, 0.2838177978992462, 0.002808980643749237], [0.1752973198890686, 0.20931974053382874, 0.013092930428683758, 0.03499668836593628, 0.14348724484443665, 0.23085999488830566, 0.009846299886703491, 0.18309979140758514, 0.0, 0.0], [0.09267634898424149, 0.28077638149261475, 0.1687438040971756, 0.08311942219734192, 0.026751093566417694, 0.2480628341436386, 0.05772344395518303, 0.0, 0.0, 0.04214663803577423], [0.1110546886920929, 0.3489042818546295, 0.004104741383343935, 0.0, 0.03318905457854271, 0.26924392580986023, 0.09869347512722015, 0.11247202754020691, 0.020831696689128876, 0.0015061699086800218], [0.0, 0.4518759548664093, 0.0, 0.0, 0.10525208711624146, 0.24227207899093628, 0.039670977741479874, 0.058660052716732025, 0.042928148061037064, 0.05934066325426102], [0.21491549909114838, 0.017797008156776428, 0.05628720298409462, 0.07670481503009796, 0.09299132227897644, 0.07400961220264435, 0.06287343800067902, 0.3295358419418335, 0.07488533109426498, 0.0], [0.16060741245746613, 0.20849691331386566, 0.11661333590745926, 0.10692692548036575, 0.07188557088375092, 0.0590023435652256, 0.0, 0.0, 0.25190964341163635, 0.024557828903198242]], "coeff_list_in_victim": [[0.04450243338942528, 0.46060124039649963, 0.2022068202495575, 0.26719993352890015, 0.0, 0.0, 0.0, 0.0, 0.0, 0.02548951841890812]], "victims": {"DPN92": {"clean acc": 91.8200008392334, "prediction": 6, "poisons predictions": [8, 6, 8, 6, 8, 8, 6, 8, 8, 8], "scores": [7.620234785721585e-23, 4.541907659603398e-16, 1.120776336283455e-37, 2.6442647018813962e-15, 2.6986159929743193e-33, 5.044223078918024e-16, 0.9992755055427551, 3.0267410639913245e-38, 0.0007247796165756881, 0.0], "malicious score": 0.0007247796165756881, "camera": {"2": {"prediction": 6, "scores": [1.2930750474183361e-22, 2.211177391224983e-16, 2.8008214615229747e-34, 1.212841676048737e-12, 5.581279978698586e-29, 5.25871338662165e-13, 0.999998152256012, 1.1532686361393244e-41, 2.407499096079846e-06, 9.80908925027372e-45], "malicious score": 2.407499096079846e-06}, "4": {"prediction": 6, "scores": [4.688914499728752e-21, 6.188470358243201e-17, 2.3273340661019584e-36, 2.426326283985758e-13, 1.9981581947735113e-31, 2.984169240384006e-14, 0.9999733567237854, 2.1005463980229008e-42, 2.5931678464985453e-05, 0.0], "malicious score": 2.5931678464985453e-05}}}, "SENet18": {"clean acc": 91.25000076293945, "prediction": 6, "poisons predictions": [8, 8, 6, 6, 8, 8, 6, 8, 8, 8], "scores": [1.4603395159795696e-09, 8.876305940264118e-12, 5.03740441287065e-13, 3.057067843315053e-08, 0.0036516522523015738, 6.369613495503523e-13, 0.9848270416259766, 7.12626023881784e-16, 0.011521614156663418, 1.600171465124849e-17], "malicious score": 0.011521614156663418, "camera": {"2": {"prediction": 6, "scores": [7.80454190163482e-09, 2.0980621753818873e-12, 1.1865553027970432e-12, 5.243470582172449e-07, 0.0015773947816342115, 1.4102343424970964e-11, 0.9143111109733582, 3.881520208986706e-17, 0.08411072194576263, 2.2160582862346378e-16], "malicious score": 0.08411072194576263}, "4": {"prediction": 8, "scores": [2.1234275209280895e-06, 1.467950002005669e-12, 2.9615084256445767e-12, 5.154012114871875e-07, 0.001248517190106213, 1.9006824380444348e-13, 0.12104842066764832, 3.419947405307257e-16, 0.8777010440826416, 4.378833187372468e-18], "malicious score": 0.8777010440826416}}}, "ResNet50": {"clean acc": 92.98000144958496, "prediction": 6, "poisons predictions": [6, 8, 8, 6, 8, 8, 6, 8, 8, 8], "scores": [0.0, 2.5130165769546086e-19, 0.0, 1.1140559447151106e-34, 0.0, 1.1314420112590011e-38, 0.6813687086105347, 4.029370232483919e-26, 0.3186306953430176, 0.0], "malicious score": 0.3186306953430176, "camera": {"2": {"prediction": 6, "scores": [0.0, 1.7841081443047588e-22, 2.802596928649634e-45, 1.154319791469787e-18, 5.769041521019526e-38, 1.8442477806844721e-31, 0.9880876541137695, 2.409029489413601e-28, 0.01191210001707077, 0.0], "malicious score": 0.01191210001707077}, "4": {"prediction": 6, "scores": [0.0, 1.667834839944738e-26, 0.0, 7.419941926510784e-19, 7.69452986760757e-42, 4.26410638538956e-39, 0.9997425675392151, 7.69442279272829e-32, 0.00025780635769478977, 0.0], "malicious score": 0.00025780635769478977}}}, "ResNeXt29_2x64d": {"clean acc": 92.85000152587891, "prediction": 8, "poisons predictions": [8, 8, 8, 8, 8, 8, 6, 8, 8, 8], "scores": [5.34243788313128e-30, 7.173145633032618e-08, 3.876538218902953e-22, 6.046543821192074e-10, 2.0087893745789118e-40, 4.4992734114574896e-26, 0.09468183666467667, 2.306444890629643e-25, 0.9053186774253845, 9.832533899921577e-25], "malicious score": 0.9053186774253845, "camera": {"2": {"prediction": 6, "scores": [5.91147956988371e-25, 2.0688874258212309e-07, 1.0985982584302548e-17, 0.07388893514871597, 7.10374791829761e-27, 1.1622876252638162e-16, 0.926093339920044, 1.6761352060397847e-23, 1.823223828978371e-05, 2.5941211998069068e-21], "malicious score": 1.823223828978371e-05}, "4": {"prediction": 6,