{"args": "Namespace(device='cuda', dset_path='datasets', end2end=False, eval_poisons_root='attack-results-10poisons/100-overlap/linear-transfer-learning/convex/800', gpu='1', lr_decay_epoch=[30, 45], model_resume_path='model-chks', num_per_class=50, poison_label=8, retrain_bsize=64, retrain_epochs=60, retrain_lr=0.1, retrain_momentum=0.9, retrain_opt='adam', retrain_wd=0, subset_group=0, target_camera=True, target_index_end=46, target_index_start=45, target_index_step=1, target_label=6, target_net=['DPN92', 'SENet18', 'ResNet50', 'ResNeXt29_2x64d', 'GoogLeNet', 'MobileNetV2', 'ResNet18', 'DenseNet121'], target_print_size=[2, 4], test_chk_name='ckpt-%s-4800.t7', train_data_path='datasets/CIFAR10_TRAIN_Split.pth')", "poison_label": 8, "target_label": 6, "targets": {"45": {}, "45": {"800": {"time": 39806.0, "coeffs_time": 37787, "poisons_time": 39417, "target_loss": 0.01095501333475113, "total_loss": 0.0010804899502545595, "coeff_list": [[0.05003434419631958, 0.42338937520980835, 0.15604688227176666, 0.17746666073799133, 0.0868300050497055, 0.031135421246290207, 0.030044537037611008, 0.03197401016950607, 0.013078796677291393, 0.0], [0.0, 0.0, 0.06766817718744278, 0.16248571872711182, 0.0, 0.014810062944889069, 0.10070496052503586, 0.30539292097091675, 0.0, 0.34893810749053955], [0.013841086998581886, 0.13405530154705048, 0.2898125648498535, 0.0, 0.2142941653728485, 0.0009024832397699356, 0.013589812442660332, 0.21493642032146454, 0.09620251506567001, 0.02236570231616497], [0.0, 0.4345614016056061, 0.08275043964385986, 0.0, 0.08509522676467896, 0.0, 0.03687215968966484, 0.36072078347206116, 0.0, 0.0], [0.021123388782143593, 0.22058798372745514, 0.03724827617406845, 0.02489340491592884, 0.27244436740875244, 0.17480304837226868, 0.19804096221923828, 0.010550451464951038, 0.0, 0.040308188647031784], [0.13289625942707062, 0.20989947021007538, 0.0, 0.0012606007512658834, 0.22249262034893036, 0.08102551102638245, 0.07029805332422256, 0.1256946623325348, 0.15643282234668732, 0.0], [0.12085279822349548, 0.556351363658905, 0.013208840973675251, 0.0, 0.14775480329990387, 0.0, 0.05965295433998108, 0.0, 0.0, 0.10217928886413574], [0.04578862339258194, 0.20157045125961304, 0.06788411736488342, 0.17355166375637054, 0.11951321363449097, 0.06018183007836342, 0.15326948463916779, 0.016009507700800896, 0.1396486461162567, 0.022582396864891052], [0.03233075886964798, 0.33818450570106506, 0.07256297022104263, 0.17461031675338745, 0.15044984221458435, 0.0, 0.11334718018770218, 0.0, 0.1185145229101181, 0.0], [0.0, 0.3529666066169739, 0.13508392870426178, 0.08269774913787842, 0.05180875211954117, 0.0, 0.15968430042266846, 0.004691191948950291, 0.16875404119491577, 0.044313494116067886], [0.042648009955883026, 0.05226515233516693, 0.22222475707530975, 0.04996564984321594, 0.12496168166399002, 0.3031574785709381, 0.04819628968834877, 0.10932662338018417, 0.0472542904317379, 0.0], [0.0, 0.1933431327342987, 0.15787319839000702, 0.1308678686618805, 0.18561388552188873, 0.04135558009147644, 0.0, 0.0, 0.11688316613435745, 0.1740630567073822], [0.16508780419826508, 0.24934712052345276, 0.38085705041885376, 0.04069589078426361, 0.13973557949066162, 0.0, 0.0, 0.0, 0.005180954467505217, 0.019095594063401222], [0.12870879471302032, 0.3502662777900696, 0.08277231454849243, 0.03150247782468796, 0.0, 0.0, 0.17646712064743042, 0.06431043893098831, 0.07080156356096268, 0.0951709896326065], [0.0, 0.10854444652795792, 0.3278982639312744, 0.0, 0.12674707174301147, 0.0, 0.3677646815776825, 0.0, 0.049463901668787, 0.01958155632019043], [0.0, 0.4367719888687134, 0.15379780530929565, 0.0, 0.19503158330917358, 0.012850531376898289, 0.10493315011262894, 0.0, 0.06218908727169037, 0.03442582115530968], [0.19792190194129944, 0.0, 0.01528919953852892, 0.033813875168561935, 0.16172955930233002, 0.24350427091121674, 0.08711176365613937, 0.14864851534366608, 0.1119808629155159, 0.0], [0.018653742969036102, 0.28745102882385254, 0.12646827101707458, 0.061232030391693115, 0.11862161755561829, 0.2103470265865326, 0.024047013372182846, 0.03921174257993698, 0.11396750807762146, 0.0]], "coeff_list_in_victim": [[0.0, 0.0, 0.5083003640174866, 0.0, 0.015020398423075676, 0.06440650671720505, 0.3633072078227997, 0.004258142318576574, 0.034450553357601166, 0.010256856679916382]], "victims": {"DPN92": {"clean acc": 92.23000106811523, "prediction": 6, "poisons predictions": [8, 6, 8, 6, 6, 8, 8, 8, 8, 8], "scores": [2.0397344837469467e-12, 4.916811644216347e-20, 8.636781734661077e-35, 5.239792540828736e-12, 2.629898246264179e-31, 1.2534707261716447e-18, 0.7889435291290283, 1.6255062186167878e-43, 0.21105481684207916, 0.0], "malicious score": 0.21105481684207916, "camera": {}}, "SENet18": {"clean acc": 90.65000076293946, "prediction": 6, "poisons predictions": [6, 6, 8, 8, 8, 8, 6, 8, 8, 8], "scores": [2.29204068918909e-12, 5.703119088096287e-10, 2.6394246431242218e-17, 2.1920723916601936e-11, 3.523870691424236e-05, 1.7786510281378887e-15, 0.9997119307518005, 1.4107963717274893e-15, 0.0002524045994505286, 1.3442963775213707e-17], "malicious score": 0.0002524045994505286, "camera": {}}, "ResNet50": {"clean acc": 92.42000160217285, "prediction": 8, "poisons predictions": [6, 8, 8, 8, 8, 8, 8, 8, 8, 8], "scores": [2.4767025499954687e-39, 5.605193857299268e-45, 0.0, 1.6389031880972375e-28, 1.8783004615809848e-41, 0.0, 0.001718908199109137, 3.936833913773639e-37, 0.9982811212539673, 5.024331593305994e-22], "malicious score": 0.9982811212539673, "camera": {}}, "ResNeXt29_2x64d": {"clean acc": 93.30000152587891, "prediction": 6, "poisons predictions": [8, 8, 8, 8, 6, 8, 8, 8, 3, 8], "scores": [9.743086243344203e-30, 6.390741296651936e-16, 2.8917333525026702e-21, 3.5477263488070676e-13, 1.509198446077828e-42, 3.444554353744494e-28, 0.9548875689506531, 3.7184527410260626e-32, 0.04511100798845291, 2.6931428192543518e-27], "malicious score": 0.04511100798845291, "camera": {}}, "GoogLeNet": {"clean acc": 92.10000190734863, "prediction": 8, "poisons predictions": [8, 8, 8, 8, 8, 8, 8, 8, 8, 8], "scores": [9.146321720832074e-12, 1.758728440659496e-10, 2.2421480139200867e-07, 5.037781011196785e-05, 5.24737975293732e-10, 6.958570884307846e-05, 0.17505086958408356, 4.475450232632738e-09, 0.8248289227485657, 5.947278693824165e-12], "malicious score": 0.8248289227485657, "camera": {}}, "MobileNetV2": {"clean acc": 86.59000091552734, "prediction": 8, "poisons predictions": [8, 6, 8, 6, 8, 8, 8, 8, 3, 8], "scores": [3.999360822272153e-16, 3.699221081404039e-27, 2.048354497705555e-16, 1.028863789542811e-05, 4.380933347248952e-20, 3.750693654177564e-16, 0.2012939155101776, 4.4812876909672416e-26, 0.7986956238746643, 9.674315648465165e-29], "malicious score": 0.7986956238746643, "camera": {}}, "ResNet18": {"clean acc": 92.53000068664551, "prediction": 6, "poisons predictions": [6, 6, 8, 6, 8, 8, 8, 8, 8, 8], "scores": [6.2591613923990375e-21, 6.986987377555209e-12, 2.2229726739930733e-11, 1.2095446436433122e-05, 1.5161848396821348e-18, 1.6131952718101417e-10, 0.958225429058075, 3.835214224705681e-18, 0.041762739419937134, 3.83112207949732e-17], "malicious score": 0.041762739419937134, "camera": {}}, "DenseNet121": {"clean acc": 93.18000144958496, "prediction": 6, "poisons predictions": [8, 8, 8, 8, 8, 8, 8, 8, 8, 8], "scores": [5.258042001798913e-09, 1.3519993284638598e-11, 1.3236097331018049e-12, 0.00021429451589938253, 2.901268392196954e-10, 2.1485824674982723e-08, 0.6272030472755432, 7.25077872273729e-24, 0.3725827634334564, 2.390976305832737e-12], "malicious score": 0.3725827634334564, "camera": {}}}}}}, "poison_idx_list": [213, 225, 227, 247, 249, 253, 261, 271, 273, 281]}