{"args": "Namespace(device='cuda', dset_path='datasets', end2end=False, eval_poisons_root='attack-results-3poisons/100-overlap/linear-transfer-learning/mean/800', gpu='0', lr_decay_epoch=[30, 45], model_resume_path='model-chks', num_per_class=50, poison_label=8, retrain_bsize=64, retrain_epochs=60, retrain_lr=0.1, retrain_momentum=0.9, retrain_opt='adam', retrain_wd=0, subset_group=0, target_camera=True, target_index_end=5, target_index_start=4, target_index_step=1, target_label=6, target_net=['DPN92', 'SENet18', 'ResNet50', 'ResNeXt29_2x64d', 'GoogLeNet', 'MobileNetV2', 'ResNet18', 'DenseNet121'], target_print_size=[2, 4], test_chk_name='ckpt-%s-4800.t7', train_data_path='datasets/CIFAR10_TRAIN_Split.pth')", "poison_label": 8, "target_label": 6, "targets": {"4": {}, "4": {"800": {"time": 339.0, "coeffs_time": 0, "poisons_time": 4, "target_loss": 0.010104217566549778, "total_loss": 0.08619295805692673, "coeff_list": [[0.3333333432674408, 0.3333333432674408, 0.3333333432674408], [0.3333333432674408, 0.3333333432674408, 0.3333333432674408], [0.3333333432674408, 0.3333333432674408, 0.3333333432674408], [0.3333333432674408, 0.3333333432674408, 0.3333333432674408], [0.3333333432674408, 0.3333333432674408, 0.3333333432674408], [0.3333333432674408, 0.3333333432674408, 0.3333333432674408], [0.3333333432674408, 0.3333333432674408, 0.3333333432674408], [0.3333333432674408, 0.3333333432674408, 0.3333333432674408], [0.3333333432674408, 0.3333333432674408, 0.3333333432674408], [0.3333333432674408, 0.3333333432674408, 0.3333333432674408], [0.3333333432674408, 0.3333333432674408, 0.3333333432674408], [0.3333333432674408, 0.3333333432674408, 0.3333333432674408], [0.3333333432674408, 0.3333333432674408, 0.3333333432674408], [0.3333333432674408, 0.3333333432674408, 0.3333333432674408], [0.3333333432674408, 0.3333333432674408, 0.3333333432674408], [0.3333333432674408, 0.3333333432674408, 0.3333333432674408], [0.3333333432674408, 0.3333333432674408, 0.3333333432674408], [0.3333333432674408, 0.3333333432674408, 0.3333333432674408]], "coeff_list_in_victim": [[0.7791293859481812, 0.0, 0.22087058424949646]], "victims": {"DPN92": {"clean acc": 92.12000198364258, "prediction": 8, "poisons predictions": [8, 8, 8], "scores": [4.420970222394384e-14, 1.2864457680266118e-25, 1.366111859885621e-40, 2.0343319043214514e-14, 6.494365965338e-27, 9.493228958959958e-17, 0.0023165936581790447, 8.858873469977901e-37, 0.9976833462715149, 0.0], "malicious score": 0.9976833462715149, "camera": {"2": {"prediction": 6, "scores": [8.844511570948511e-17, 2.610001570881814e-37, 6.903380329859384e-29, 3.17776360780897e-11, 2.219140982099283e-28, 6.987060929830591e-10, 1.0, 4.92265075371711e-34, 2.697179485371083e-15, 8.073721232053866e-41], "malicious score": 2.697179485371083e-15}, "4": {"prediction": 6, "scores": [1.3074327590619633e-13, 1.2617879290223666e-28, 4.1745632789945516e-35, 1.2113754443987546e-09, 1.7413945477977627e-25, 1.7454570774844136e-11, 0.9999847412109375, 2.673028881740135e-36, 1.6157551726792008e-05, 9.80908925027372e-45], "malicious score": 1.6157551726792008e-05}}}, "SENet18": {"clean acc": 91.61000175476075, "prediction": 6, "poisons predictions": [8, 6, 6], "scores": [6.878763114670505e-10, 1.5137137335550837e-15, 3.001008615364424e-17, 3.5355805739697987e-13, 7.453738959384282e-09, 7.047805929660778e-16, 0.9920797944068909, 3.023386933604516e-13, 0.007920758798718452, 1.6700507733746549e-18], "malicious score": 0.007920758798718452, "camera": {"2": {"prediction": 6, "scores": [3.6834676975239233e-10, 3.4155955586030257e-22, 3.744191405757966e-15, 1.5925111164667716e-13, 2.279016385331456e-11, 4.3576105485771625e-15, 0.9999961853027344, 2.6786294638262136e-16, 4.5768724703521e-06, 5.752612706598399e-20], "malicious score": 4.5768724703521e-06}, "4": {"prediction": 6, "scores": [2.1213100720451905e-10, 1.01947069623706e-22, 2.303208728627857e-18, 4.521028191574461e-15, 1.7563968942452268e-12, 2.465194631172667e-16, 0.9999485015869141, 8.150868349508084e-17, 5.193356264499016e-05, 1.837509514041666e-20], "malicious score": 5.193356264499016e-05}}}, "ResNet50": {"clean acc": 93.81000137329102, "prediction": 8, "poisons predictions": [8, 8, 8], "scores": [6.32359837940105e-29, 7.154963877235507e-14, 7.715263968035948e-24, 4.3241357659698225e-19, 9.101679138841751e-28, 5.266265532346282e-19, 3.954996827815194e-06, 4.325048855603046e-39, 0.9999961853027344, 5.714147959055144e-14], "malicious score": 0.9999961853027344, "camera": {"2": {"prediction": 6, "scores": [5.119416018417284e-32, 6.526096574648056e-22, 3.1793401740782366e-22, 3.222657035199206e-26, 9.554846551174428e-32, 1.7411766758948028e-16, 1.0, 1.163069093391058e-37, 1.5483261894821965e-10, 2.2298249611455147e-20], "malicious score": 1.5483261894821965e-10}, "4": {"prediction": 6, "scores": [1.249133711647064e-30, 7.731893061254698e-21, 1.8338654196838293e-23, 2.81797523651774e-22, 2.301395554186773e-29, 1.2501042044761305e-18, 1.0, 2.459839324275784e-41, 5.163854766010445e-08, 1.833534336049329e-18], "malicious score": 5.163854766010445e-08}}}, "ResNeXt29_2x64d": {"clean acc": 93.09000129699707, "prediction": 8, "poisons predictions": [8, 8, 8], "scores": [4.998163726549944e-21, 1.3140599719463353e-10, 2.168962980140382e-13, 2.240950891518878e-07, 1.401298464324817e-45, 5.199962070631462e-22, 0.0007942728698253632, 1.591530718351544e-20, 0.9992049336433411, 1.8391225162361444e-20], "malicious score": 0.9992049336433411, "camera": {"2": {"prediction": 6, "scores": [6.327838512406464e-16, 1.5422467481560092e-20, 0.0004331420350354165, 1.685747895441292e-11, 1.1181809656137872e-35, 1.8791814682117547e-06, 0.9994651079177856, 4.073683935752054e-13, 0.00010031070269178599, 1.1503395214466569e-14], "malicious score": 0.00010031070269178599}, "4": {"prediction": 6, "scores": [4.940950939377404e-21, 1.7637892014976675e-12, 6.589092552827802e-12, 1.897696961350448e-06, 8.407790785948902e-45, 1.815771252780212e-18, 0.9998683929443359, 2.4005639576174387e-19, 0.0001296319387620315, 6.069761508269473e-20], "malicious score": 0.0001296319387620315}}}, "GoogLeNet": {"clean acc": 92.0400016784668, "prediction": 8, "poisons predictions": [8, 8, 6], "scores": [9.814345958147896e-07, 0.0002494639775250107, 1.3998484593713556e-09, 0.0002022387634497136, 5.402587177627538e-08, 4.476414350307323e-09, 0.027521362528204918, 6.848058831110393e-08, 0.972025990486145, 5.259897850606876e-09], "malicious score": 0.972025990486145, "camera": {"2": {"prediction": 6, "scores": [3.050632813028642e-07, 1.3038631152539892e-07, 4.502362216385336e-08, 3.4035354474326596e-05, 2.1578314246539776e-08, 4.559881290333578e-06, 0.9999532699584961, 1.1868899196798566e-09, 7.653220563952345e-06, 4.801697528478144e-08], "malicious score": 7.653220563952345e-06}, "4": {"prediction": 6, "scores": [1.4180355947246426e-06, 1.2821976270060986e-05, 6.870456559227023e-08, 0.00028790810029022396, 2.7494788668036563e-08, 4.780118615599349e-06, 0.9994946718215942, 1.3912720975284287e-09, 0.00019864985370077193, 8.271335616427677e-09], "malicious score": 0.00019864985370077193}}}, "MobileNetV2": {"clean acc": 87.60000190734863, "prediction": 6, "poisons predictions": [8, 8, 8], "scores": [1.2198997093718403e-15, 1.0810712676619094e-13, 2.53395510319774e-18, 7.377189414903285e-10, 1.0828615838399076e-26, 1.2344847597644448e-18, 1.0, 1.5708153344430894e-31, 7.47164163872327e-10, 2.807406519871696e-22], "malicious score": 7.47164163872327e-10, "camera": {"2": {"prediction": 6, "scores": [2.4614779249532148e-05, 4.4684853039989036e-11, 0.1694852113723755, 0.3093191087245941, 1.4490189319956866e-17, 0.017114192247390747, 0.5040525197982788, 4.042879481858108e-06, 3.998742226229979e-09, 6.645632049149246e-21], "malicious score": 3.998742226229979e-09}, "4": {"prediction": 6,