{"args": "Namespace(device='cuda', dset_path='datasets', end2end=False, eval_poisons_root='attack-results-eps0.03/100-overlap/linear-transfer-learning/mean/800', gpu='2', lr_decay_epoch=[30, 45], model_resume_path='model-chks', num_per_class=50, poison_label=8, retrain_bsize=64, retrain_epochs=60, retrain_lr=0.1, retrain_momentum=0.9, retrain_opt='adam', retrain_wd=0, subset_group=0, target_camera=True, target_index_end=2, target_index_start=1, target_index_step=1, target_label=6, target_net=['DPN92', 'SENet18', 'ResNet50', 'ResNeXt29_2x64d', 'GoogLeNet', 'MobileNetV2', 'ResNet18', 'DenseNet121'], target_print_size=[2, 4], test_chk_name='ckpt-%s-4800.t7', train_data_path='datasets/CIFAR10_TRAIN_Split.pth')", "poison_label": 8, "target_label": 6, "targets": {"1": {}, "1": {"800": {"time": 353.0, "coeffs_time": 0, "poisons_time": 4, "target_loss": 0.004035125486552715, "total_loss": 0.10504583269357681, "coeff_list": [[0.20000000298023224, 0.20000000298023224, 0.20000000298023224, 0.20000000298023224, 0.20000000298023224], [0.20000000298023224, 0.20000000298023224, 0.20000000298023224, 0.20000000298023224, 0.20000000298023224], [0.20000000298023224, 0.20000000298023224, 0.20000000298023224, 0.20000000298023224, 0.20000000298023224], [0.20000000298023224, 0.20000000298023224, 0.20000000298023224, 0.20000000298023224, 0.20000000298023224], [0.20000000298023224, 0.20000000298023224, 0.20000000298023224, 0.20000000298023224, 0.20000000298023224], [0.20000000298023224, 0.20000000298023224, 0.20000000298023224, 0.20000000298023224, 0.20000000298023224], [0.20000000298023224, 0.20000000298023224, 0.20000000298023224, 0.20000000298023224, 0.20000000298023224], [0.20000000298023224, 0.20000000298023224, 0.20000000298023224, 0.20000000298023224, 0.20000000298023224], [0.20000000298023224, 0.20000000298023224, 0.20000000298023224, 0.20000000298023224, 0.20000000298023224], [0.20000000298023224, 0.20000000298023224, 0.20000000298023224, 0.20000000298023224, 0.20000000298023224], [0.20000000298023224, 0.20000000298023224, 0.20000000298023224, 0.20000000298023224, 0.20000000298023224], [0.20000000298023224, 0.20000000298023224, 0.20000000298023224, 0.20000000298023224, 0.20000000298023224], [0.20000000298023224, 0.20000000298023224, 0.20000000298023224, 0.20000000298023224, 0.20000000298023224], [0.20000000298023224, 0.20000000298023224, 0.20000000298023224, 0.20000000298023224, 0.20000000298023224], [0.20000000298023224, 0.20000000298023224, 0.20000000298023224, 0.20000000298023224, 0.20000000298023224], [0.20000000298023224, 0.20000000298023224, 0.20000000298023224, 0.20000000298023224, 0.20000000298023224], [0.20000000298023224, 0.20000000298023224, 0.20000000298023224, 0.20000000298023224, 0.20000000298023224], [0.20000000298023224, 0.20000000298023224, 0.20000000298023224, 0.20000000298023224, 0.20000000298023224]], "coeff_list_in_victim": [[0.2478552907705307, 0.0, 0.01089057419449091, 0.4723021388053894, 0.2689519226551056]], "victims": {"DPN92": {"clean acc": 92.30000114440918, "prediction": 6, "poisons predictions": [8, 8, 8, 8, 8], "scores": [1.7338645006788788e-25, 5.63368982879271e-28, 6.102935071827443e-41, 3.2402920136561514e-14, 2.15721795289661e-27, 2.72535473684783e-21, 0.9957176446914673, 3.640012890930145e-41, 0.00428079254925251, 0.0], "malicious score": 0.00428079254925251, "camera": {"2": {"prediction": 6, "scores": [1.8283202008366687e-22, 4.969002293771093e-28, 8.200827522304058e-33, 3.994014008412705e-10, 1.5051721705969101e-18, 8.767025632208398e-15, 1.0, 9.449100562517718e-35, 4.8113159289986385e-11, 5.417859310278155e-38], "malicious score": 4.8113159289986385e-11}, "4": {"prediction": 6, "scores": [8.124442348440306e-19, 1.2069098533338348e-25, 7.058480494650536e-41, 7.084893267256308e-17, 1.1451153809564331e-23, 8.937900583930705e-21, 0.9987267255783081, 3.8025039632122837e-36, 0.001272345776669681, 5.885453550164232e-44], "malicious score": 0.001272345776669681}}}, "SENet18": {"clean acc": 91.59000167846679, "prediction": 8, "poisons predictions": [8, 8, 6, 6, 6], "scores": [1.8485649677657534e-09, 5.760849262903545e-12, 1.1704923304980562e-16, 7.132502487933179e-12, 1.9883832358402742e-09, 5.709028805256366e-10, 0.28736841678619385, 1.314335433837046e-14, 0.7126314640045166, 4.280544235041317e-12], "malicious score": 0.7126314640045166, "camera": {"2": {"prediction": 6, "scores": [0.22547321021556854, 2.4196809000898156e-09, 3.563186690147546e-10, 0.06665671616792679, 0.3484896421432495, 4.477902848520898e-08, 0.3522641062736511, 7.414116112158808e-07, 0.007115038111805916, 1.0713435347198264e-13], "malicious score": 0.007115038111805916}, "4": {"prediction": 8, "scores": [4.500941486185184e-06, 2.554987992009483e-11, 4.7769928529121114e-17, 7.532842682955732e-10, 1.0673650194803486e-06, 2.109947687487651e-13, 0.031227372586727142, 2.82834975058599e-12, 0.9687674641609192, 7.194292535477876e-18], "malicious score": 0.9687674641609192}}}, "ResNet50": {"clean acc": 93.04000129699708, "prediction": 8, "poisons predictions": [8, 8, 8, 8, 8], "scores": [3.3337396150320464e-21, 5.09635466968332e-21, 7.045549312421747e-38, 4.479094563579064e-21, 7.418119281690844e-22, 4.619927406609989e-25, 0.2922453284263611, 9.531160335367418e-22, 0.7077549695968628, 3.416117637003752e-29], "malicious score": 0.7077549695968628, "camera": {"2": {"prediction": 3, "scores": [3.4616627431205416e-07, 1.4359641134584905e-13, 3.332555389662903e-22, 0.9999971389770508, 1.8385117104939563e-13, 3.077936677029652e-16, 1.097207527846857e-25, 5.081384108379964e-15, 2.407756255706772e-06, 1.518583117188139e-23], "malicious score": 2.407756255706772e-06}, "4": {"prediction": 8, "scores": [9.49089735513553e-05, 1.1129059187675233e-17, 2.6817560666069534e-25, 4.386824579270343e-18, 3.98327466881718e-20, 9.966743041223896e-18, 7.157822255976498e-05, 9.558440978151616e-20, 0.9998331069946289, 1.1429266587955806e-27], "malicious score": 0.9998331069946289}}}, "ResNeXt29_2x64d": {"clean acc": 92.61000175476075, "prediction": 8, "poisons predictions": [8, 8, 8, 8, 8], "scores": [6.8526091231278256e-37, 8.849575741123198e-24, 6.628969969517742e-14, 1.8179253675337792e-12, 1.2170837682046766e-40, 4.494592692950409e-25, 0.00010079698404297233, 7.413010669965472e-19, 0.9998989105224609, 1.9573070052215374e-23], "malicious score": 0.9998989105224609, "camera": {"2": {"prediction": 3, "scores": [1.2940865564254467e-22, 2.479558457073528e-16, 3.3316266446223406e-15, 1.0, 4.1149652024024e-16, 3.1367267854439597e-17, 2.828998667270266e-11, 5.540153304968715e-20, 7.85023189845118e-15, 2.318579179050467e-21], "malicious score": 7.85023189845118e-15}, "4": {"prediction": 8, "scores": [3.168576324798677e-22, 4.260676839247209e-16, 5.192505713597084e-12, 6.8383742473088205e-06, 1.7007389888127228e-23, 9.782137835197986e-18, 1.621857882128097e-05, 3.00357849215057e-14, 0.9999771118164062, 1.5913077285529757e-18], "malicious score": 0.9999771118164062}}}, "GoogLeNet": {"clean acc": 91.71000175476074, "prediction": 8, "poisons predictions": [8, 8, 6, 8, 6], "scores": [2.286625207757742e-13, 3.2295261007675435e-06, 9.308978911201854e-16, 2.5625652710914437e-07, 1.9808607532034728e-10, 8.635775650134292e-09, 0.13302533328533173, 9.963414121516578e-11, 0.866970956325531, 5.6612337040462535e-09], "malicious score": 0.866970956325531, "camera": {"2": {"prediction": 3, "scores": [7.663009782277186e-09, 0.0003811722563114017, 3.2965584978228435e-05, 0.9679132699966431, 0.010055188089609146, 0.0006919025909155607, 0.020554928109049797, 2.936877477321964e-11, 0.0003703674883581698, 3.362317535504644e-09], "malicious score": 0.0003703674883581698}, "4": {"prediction": 8, "scores": [7.908804722234208e-10, 0.00039819549419917166, 2.8525471407192526e-07, 0.012269982136785984, 2.7010025860363385e-07, 2.6055238322442165e-06, 0.07541686296463013, 4.584749149216805e-06, 0.9119072556495667, 5.665378721708692e-10], "malicious score": 0.9119072556495667}}}, "MobileNetV2": {"clean acc": 86.99000129699706,