{"args": "Namespace(device='cuda', dset_path='datasets', end2end=False, eval_poisons_root='attack-results-10poisons/100-overlap/linear-transfer-learning/mean/800', gpu='1', lr_decay_epoch=[30, 45], model_resume_path='model-chks', num_per_class=50, poison_label=8, retrain_bsize=64, retrain_epochs=60, retrain_lr=0.1, retrain_momentum=0.9, retrain_opt='adam', retrain_wd=0, subset_group=0, target_camera=True, target_index_end=7, target_index_start=6, target_index_step=1, target_label=6, target_net=['DPN92', 'SENet18', 'ResNet50', 'ResNeXt29_2x64d', 'GoogLeNet', 'MobileNetV2', 'ResNet18', 'DenseNet121'], target_print_size=[2, 4], test_chk_name='ckpt-%s-4800.t7', train_data_path='datasets/CIFAR10_TRAIN_Split.pth')", "poison_label": 8, "target_label": 6, "targets": {"6": {}, "6": {"800": {"time": 436.0, "coeffs_time": 0, "poisons_time": 4, "target_loss": 0.003704132279381156, "total_loss": 0.05996808037161827, "coeff_list": [[0.10000000149011612, 0.10000000149011612, 0.10000000149011612, 0.10000000149011612, 0.10000000149011612, 0.10000000149011612, 0.10000000149011612, 0.10000000149011612, 0.10000000149011612, 0.10000000149011612], [0.10000000149011612, 0.10000000149011612, 0.10000000149011612, 0.10000000149011612, 0.10000000149011612, 0.10000000149011612, 0.10000000149011612, 0.10000000149011612, 0.10000000149011612, 0.10000000149011612], [0.10000000149011612, 0.10000000149011612, 0.10000000149011612, 0.10000000149011612, 0.10000000149011612, 0.10000000149011612, 0.10000000149011612, 0.10000000149011612, 0.10000000149011612, 0.10000000149011612], [0.10000000149011612, 0.10000000149011612, 0.10000000149011612, 0.10000000149011612, 0.10000000149011612, 0.10000000149011612, 0.10000000149011612, 0.10000000149011612, 0.10000000149011612, 0.10000000149011612], [0.10000000149011612, 0.10000000149011612, 0.10000000149011612, 0.10000000149011612, 0.10000000149011612, 0.10000000149011612, 0.10000000149011612, 0.10000000149011612, 0.10000000149011612, 0.10000000149011612], [0.10000000149011612, 0.10000000149011612, 0.10000000149011612, 0.10000000149011612, 0.10000000149011612, 0.10000000149011612, 0.10000000149011612, 0.10000000149011612, 0.10000000149011612, 0.10000000149011612], [0.10000000149011612, 0.10000000149011612, 0.10000000149011612, 0.10000000149011612, 0.10000000149011612, 0.10000000149011612, 0.10000000149011612, 0.10000000149011612, 0.10000000149011612, 0.10000000149011612], [0.10000000149011612, 0.10000000149011612, 0.10000000149011612, 0.10000000149011612, 0.10000000149011612, 0.10000000149011612, 0.10000000149011612, 0.10000000149011612, 0.10000000149011612, 0.10000000149011612], [0.10000000149011612, 0.10000000149011612, 0.10000000149011612, 0.10000000149011612, 0.10000000149011612, 0.10000000149011612, 0.10000000149011612, 0.10000000149011612, 0.10000000149011612, 0.10000000149011612], [0.10000000149011612, 0.10000000149011612, 0.10000000149011612, 0.10000000149011612, 0.10000000149011612, 0.10000000149011612, 0.10000000149011612, 0.10000000149011612, 0.10000000149011612, 0.10000000149011612], [0.10000000149011612, 0.10000000149011612, 0.10000000149011612, 0.10000000149011612, 0.10000000149011612, 0.10000000149011612, 0.10000000149011612, 0.10000000149011612, 0.10000000149011612, 0.10000000149011612], [0.10000000149011612, 0.10000000149011612, 0.10000000149011612, 0.10000000149011612, 0.10000000149011612, 0.10000000149011612, 0.10000000149011612, 0.10000000149011612, 0.10000000149011612, 0.10000000149011612], [0.10000000149011612, 0.10000000149011612, 0.10000000149011612, 0.10000000149011612, 0.10000000149011612, 0.10000000149011612, 0.10000000149011612, 0.10000000149011612, 0.10000000149011612, 0.10000000149011612], [0.10000000149011612, 0.10000000149011612, 0.10000000149011612, 0.10000000149011612, 0.10000000149011612, 0.10000000149011612, 0.10000000149011612, 0.10000000149011612, 0.10000000149011612, 0.10000000149011612], [0.10000000149011612, 0.10000000149011612, 0.10000000149011612, 0.10000000149011612, 0.10000000149011612, 0.10000000149011612, 0.10000000149011612, 0.10000000149011612, 0.10000000149011612, 0.10000000149011612], [0.10000000149011612, 0.10000000149011612, 0.10000000149011612, 0.10000000149011612, 0.10000000149011612, 0.10000000149011612, 0.10000000149011612, 0.10000000149011612, 0.10000000149011612, 0.10000000149011612], [0.10000000149011612, 0.10000000149011612, 0.10000000149011612, 0.10000000149011612, 0.10000000149011612, 0.10000000149011612, 0.10000000149011612, 0.10000000149011612, 0.10000000149011612, 0.10000000149011612], [0.10000000149011612, 0.10000000149011612, 0.10000000149011612, 0.10000000149011612, 0.10000000149011612, 0.10000000149011612, 0.10000000149011612, 0.10000000149011612, 0.10000000149011612, 0.10000000149011612]], "coeff_list_in_victim": [[0.0, 0.026610972359776497, 0.31967276334762573, 0.16948987543582916, 0.17536583542823792, 0.07028976082801819, 0.23857082426548004, 0.0, 0.0, 0.0]], "victims": {"DPN92": {"clean acc": 91.9800018310547, "prediction": 8, "poisons predictions": [8, 8, 8, 8, 8, 8, 8, 8, 8, 8], "scores": [3.3362688086897678e-15, 5.550241798275846e-13, 3.682176560423214e-39, 2.4208923728115438e-15, 1.3248528467087597e-34, 3.450294978137147e-24, 2.3416394867581403e-07, 2.2700071925549598e-36, 1.0, 0.0], "malicious score": 1.0, "camera": {"2": {"prediction": 8, "scores": [1.0294752195636901e-22, 2.301017474337641e-07, 3.4433650224145694e-32, 9.521855526273271e-11, 9.241352662863767e-26, 1.0421047539141788e-19, 3.821646808298586e-18, 5.845989972056627e-35, 1.0, 0.0], "malicious score": 1.0}, "4": {"prediction": 8, "scores": [3.4514045425547765e-22, 1.0944940953550031e-07, 6.937457704202716e-30, 1.4439794249199167e-08, 1.880349166853113e-24, 7.890514906068243e-17, 3.0442453046235404e-18, 4.199630480212421e-32, 1.0, 3.0828566215145976e-44], "malicious score": 1.0}}}, "SENet18": {"clean acc": 91.35000152587891, "prediction": 8, "poisons predictions": [8, 8, 6, 8, 8, 6, 8, 8, 8, 8], "scores": [2.487001229956043e-11, 1.4114990426472573e-11, 5.3779270397852005e-14, 7.797729476011206e-12, 0.00012343899288680404, 3.330689673716747e-13, 0.08837631344795227, 2.8090648614672914e-16, 0.9115008115768433, 9.623228049929905e-14], "malicious score": 0.9115008115768433, "camera": {"2": {"prediction": 8, "scores": [5.970433869517677e-11, 2.0367140862731503e-08, 5.908935118981162e-09, 5.078066411812188e-09, 4.846403385272424e-07, 1.0111641341944977e-12, 1.96181281353347e-06, 2.3200509222109922e-11, 0.9999980926513672, 6.91941686239983e-12], "malicious score": 0.9999980926513672}, "4": {"prediction": 8, "scores": [2.6096301768835373e-13, 1.0464641375662609e-09, 7.901001033983057e-12, 9.230619740785428e-12, 2.4846437796099963e-08, 1.5130188700768037e-14, 1.5944360498565402e-08, 2.6028632984305584e-14, 1.0, 2.7945815149824083e-13], "malicious score": 1.0}}}, "ResNet50": {"clean acc": 92.90000190734864, "prediction": 8, "poisons predictions": [8, 8, 8, 8, 8, 8, 8, 8, 8, 8], "scores": [1.3094047864770012e-31, 3.852302250808573e-30, 2.766927089923758e-17, 3.4163435592901466e-19, 6.3435436180539155e-25, 1.4952206415622307e-25, 9.285519401991404e-12, 2.809167002080061e-27, 1.0, 1.4796931799789285e-29], "malicious score": 1.0, "camera": {"2": {"prediction": 8, "scores": [1.9925545479923573e-25, 1.0296655498831855e-26, 8.654241501215593e-17, 2.478265598922398e-14, 6.47383807427889e-19, 1.054521510390424e-19, 1.4977594902168545e-12, 4.595758187588215e-25, 1.0, 2.1466361177993956e-20], "malicious score": 1.0}, "4": {"prediction": 8, "scores": [2.1067510633601857e-24, 3.7373247795149804e-24, 1.0327046868748111e-14, 2.7040612045510504e-15, 3.0431106527054953e-16, 6.617070850674714e-14, 8.524191769110345e-11, 6.161665918506035e-24, 1.0, 7.382314990050365e-17], "malicious score": 1.0}}}, "ResNeXt29_2x64d": {"clean acc": 92.37000198364258, "prediction": 8, "poisons predictions": [8, 8, 8, 8, 8, 8, 8, 8, 8, 8],