{"args": "Namespace(device='cuda', dset_path='datasets', end2end=False, eval_poisons_root='attack-results-3poisons/100-overlap/linear-transfer-learning/mean/800', gpu='0', lr_decay_epoch=[30, 45], model_resume_path='model-chks', num_per_class=50, poison_label=8, retrain_bsize=64, retrain_epochs=60, retrain_lr=0.1, retrain_momentum=0.9, retrain_opt='adam', retrain_wd=0, subset_group=0, target_camera=True, target_index_end=8, target_index_start=7, target_index_step=1, target_label=6, target_net=['DPN92', 'SENet18', 'ResNet50', 'ResNeXt29_2x64d', 'GoogLeNet', 'MobileNetV2', 'ResNet18', 'DenseNet121'], target_print_size=[2, 4], test_chk_name='ckpt-%s-4800.t7', train_data_path='datasets/CIFAR10_TRAIN_Split.pth')", "poison_label": 8, "target_label": 6, "targets": {"7": {}, "7": {"800": {"time": 336.0, "coeffs_time": 0, "poisons_time": 4, "target_loss": 0.053595561534166336, "total_loss": 0.10183697938919067, "coeff_list": [[0.3333333432674408, 0.3333333432674408, 0.3333333432674408], [0.3333333432674408, 0.3333333432674408, 0.3333333432674408], [0.3333333432674408, 0.3333333432674408, 0.3333333432674408], [0.3333333432674408, 0.3333333432674408, 0.3333333432674408], [0.3333333432674408, 0.3333333432674408, 0.3333333432674408], [0.3333333432674408, 0.3333333432674408, 0.3333333432674408], [0.3333333432674408, 0.3333333432674408, 0.3333333432674408], [0.3333333432674408, 0.3333333432674408, 0.3333333432674408], [0.3333333432674408, 0.3333333432674408, 0.3333333432674408], [0.3333333432674408, 0.3333333432674408, 0.3333333432674408], [0.3333333432674408, 0.3333333432674408, 0.3333333432674408], [0.3333333432674408, 0.3333333432674408, 0.3333333432674408], [0.3333333432674408, 0.3333333432674408, 0.3333333432674408], [0.3333333432674408, 0.3333333432674408, 0.3333333432674408], [0.3333333432674408, 0.3333333432674408, 0.3333333432674408], [0.3333333432674408, 0.3333333432674408, 0.3333333432674408], [0.3333333432674408, 0.3333333432674408, 0.3333333432674408], [0.3333333432674408, 0.3333333432674408, 0.3333333432674408]], "coeff_list_in_victim": [[0.6595190167427063, 0.05920043960213661, 0.2812805771827698]], "victims": {"DPN92": {"clean acc": 92.33000144958496, "prediction": 8, "poisons predictions": [8, 8, 8], "scores": [5.688400596913501e-13, 8.673718766054623e-22, 1.6441322967265275e-20, 0.0009337301016785204, 5.360692593666214e-21, 1.1912949737791223e-08, 0.4677760601043701, 1.2481636354391432e-35, 0.5312905311584473, 2.4278513385089673e-34], "malicious score": 0.5312905311584473, "camera": {"2": {"prediction": 3, "scores": [7.19037269199111e-17, 1.5441038127127381e-24, 2.6792236574387125e-15, 0.9798178672790527, 8.251066226031735e-18, 3.4875838537118398e-06, 4.8672096454538405e-05, 4.395992462188186e-31, 0.020130187273025513, 3.6432296756888356e-28], "malicious score": 0.020130187273025513}, "4": {"prediction": 3, "scores": [8.1978372793454e-15, 3.412168620613001e-23, 5.373792163749884e-15, 0.952215850353241, 1.631332129111667e-19, 0.004659945610910654, 0.002334333024919033, 3.926954593608052e-27, 0.040789645165205, 3.092177291829684e-23], "malicious score": 0.040789645165205}}}, "SENet18": {"clean acc": 91.62000198364258, "prediction": 8, "poisons predictions": [8, 6, 3], "scores": [1.3565142932547847e-11, 4.305512093090392e-15, 8.311733940002952e-11, 0.0004852816346101463, 6.610077463164998e-08, 5.791629398288478e-09, 0.00029021876980550587, 1.7144838354604024e-15, 0.9992240071296692, 5.905961576927843e-16], "malicious score": 0.9992240071296692, "camera": {"2": {"prediction": 8, "scores": [7.866015477864252e-11, 6.539720479557809e-13, 1.5403952602355275e-06, 0.27106723189353943, 2.687140295165591e-06, 8.00066572992364e-08, 1.3720936919980886e-07, 1.877464980357124e-12, 0.7289287447929382, 6.350128078534342e-14], "malicious score": 0.7289287447929382}, "4": {"prediction": 3, "scores": [1.3606493319204271e-12, 1.7171181257107464e-19, 9.714529181081843e-11, 0.747407078742981, 1.6955395976125942e-09, 1.4071083853650634e-07, 6.350088691502295e-15, 4.1955932429475774e-18, 0.2525923252105713, 5.712764246032509e-14], "malicious score": 0.2525923252105713}}}, "ResNet50": {"clean acc": 93.09000282287597, "prediction": 8, "poisons predictions": [8, 8, 8], "scores": [3.6191855645822243e-19, 2.0482693778897433e-30, 9.903952739293781e-31, 4.6924670662438223e-32, 2.7039258380981673e-16, 5.693668294678784e-27, 1.1240582153959622e-07, 0.0, 1.0, 2.12144690304712e-22], "malicious score": 1.0, "camera": {"2": {"prediction": 8, "scores": [5.427621954580842e-16, 2.695015490511949e-33, 2.824187512359823e-20, 1.2453612868322441e-14, 9.936438607398768e-20, 9.680108103982121e-11, 1.0441750279777326e-32, 0.0, 1.0, 8.169042169310364e-18], "malicious score": 1.0}, "4": {"prediction": 8, "scores": [9.739491114643672e-13, 3.0158341638032525e-33, 9.723155094772085e-21, 1.2940679638973052e-09, 5.853063452235307e-20, 8.102400528287035e-09, 1.1138737430907331e-33, 0.0, 1.0, 2.0492669586540287e-14], "malicious score": 1.0}}}, "ResNeXt29_2x64d": {"clean acc": 92.73000106811523, "prediction": 8, "poisons predictions": [8, 8, 8], "scores": [1.7614488026889946e-20, 1.092881803799314e-14, 5.084581999881266e-08, 0.2773943245410919, 5.388281509345616e-16, 2.957863121100246e-11, 0.18574152886867523, 1.0919097752588245e-16, 0.5368636250495911, 2.407097805990797e-15], "malicious score": 0.5368636250495911, "camera": {"2": {"prediction": 3, "scores": [1.8214980055105726e-22, 4.7907197763379096e-23, 1.3652267094599324e-09, 0.9991878271102905, 5.190293195234119e-10, 8.506983562028836e-09, 3.93292731715178e-09, 4.353717916023827e-17, 0.0008121076971292496, 5.034647040577069e-17], "malicious score": 0.0008121076971292496}, "4": {"prediction": 3, "scores": [2.1206954025943702e-21, 3.5171821629692564e-22, 9.820108060054622e-10, 0.9992754459381104, 2.227712014857275e-09, 2.0996555605279354e-08, 3.6874603370762316e-10, 1.1799927049740196e-15, 0.0007244672742672265, 4.262174499377073e-15], "malicious score": 0.0007244672742672265}}}, "GoogLeNet": {"clean acc": 92.41000213623047, "prediction": 3, "poisons predictions": [8, 8, 8], "scores": [4.599717308428897e-12, 4.821716288461175e-07, 0.005965398158878088, 0.8707610368728638, 7.205933627574268e-08, 0.012318592518568039, 0.015955444425344467, 3.586367314234451e-11, 0.09499876946210861, 4.082773702451803e-11], "malicious score": 0.09499876946210861, "camera": {"2": {"prediction": 3, "scores": [1.709371441052307e-14, 5.846245709761888e-09, 0.006338997278362513, 0.989741861820221, 5.73638514467234e-09, 0.003490993520244956, 4.038511463022587e-07, 5.450842939313345e-15, 0.000427347666118294, 3.3316444221498376e-12], "malicious score": 0.000427347666118294}, "4": {"prediction": 3, "scores": [1.0563681616189598e-14, 4.548026844020114e-09, 0.009276135824620724, 0.9750805497169495, 3.98191435380113e-09, 0.015213984996080399, 3.0847917287246673e-07, 7.080928623667566e-15, 0.00042884028516709805, 1.4218615868033524e-11], "malicious score": 0.00042884028516709805}}}, "MobileNetV2": {"clean acc": 87.76000137329102, "prediction": 6, "poisons predictions": [8, 8, 8], "scores": [6.502484748566184e-12, 3.5111622658147044e-15, 3.1290192659128024e-09, 0.00014449728769250214, 2.668758599089458e-22, 4.2503893064654505e-14, 0.9994908571243286, 1.1303382175987797e-22, 0.0003641085932031274, 2.0077845642950546e-17], "malicious score": 0.0003641085932031274, "camera": {"2": {"prediction": 3, "scores": [1.9121412009326377e-08, 6.682793915821364e-15, 0.022891417145729065, 0.8819382190704346, 3.6217728816012595e-09, 6.720355827383173e-07, 0.0018780403770506382, 3.893303013313698e-09, 0.09329148381948471, 7.301002401713608e-20], "malicious score": 0.09329148381948471}, "4": {"prediction": 8, "scores": [9.305142434357094e-09, 4.112313195184106e-16, 0.2454705685377121, 0.272138774394989, 1.997230675385587e-14, 8.330284799740184e-06, 1.7794776763224718e-09, 0.0017307334346696734, 0.4806515872478485, 6.594185494405961e-23], "malicious score": 0.4806515872478485}}},