{"args": "Namespace(device='cuda', dset_path='datasets', end2end=False, eval_poisons_root='attack-results-eps0.01/100-overlap/linear-transfer-learning/mean/800', gpu='1', lr_decay_epoch=[30, 45], model_resume_path='model-chks', num_per_class=50, poison_label=8, retrain_bsize=64, retrain_epochs=60, retrain_lr=0.1, retrain_momentum=0.9, retrain_opt='adam', retrain_wd=0, subset_group=0, target_camera=True, target_index_end=31, target_index_start=30, target_index_step=1, target_label=6, target_net=['DPN92', 'SENet18', 'ResNet50', 'ResNeXt29_2x64d', 'GoogLeNet', 'MobileNetV2', 'ResNet18', 'DenseNet121'], target_print_size=[2, 4], test_chk_name='ckpt-%s-4800.t7', train_data_path='datasets/CIFAR10_TRAIN_Split.pth')", "poison_label": 8, "target_label": 6, "targets": {"30": {}, "30": {"800": {"time": 440.0, "coeffs_time": 0, "poisons_time": 6, "target_loss": 0.03052479773759842, "total_loss": 0.5471755862236023, "coeff_list": [[0.20000000298023224, 0.20000000298023224, 0.20000000298023224, 0.20000000298023224, 0.20000000298023224], [0.20000000298023224, 0.20000000298023224, 0.20000000298023224, 0.20000000298023224, 0.20000000298023224], [0.20000000298023224, 0.20000000298023224, 0.20000000298023224, 0.20000000298023224, 0.20000000298023224], [0.20000000298023224, 0.20000000298023224, 0.20000000298023224, 0.20000000298023224, 0.20000000298023224], [0.20000000298023224, 0.20000000298023224, 0.20000000298023224, 0.20000000298023224, 0.20000000298023224], [0.20000000298023224, 0.20000000298023224, 0.20000000298023224, 0.20000000298023224, 0.20000000298023224], [0.20000000298023224, 0.20000000298023224, 0.20000000298023224, 0.20000000298023224, 0.20000000298023224], [0.20000000298023224, 0.20000000298023224, 0.20000000298023224, 0.20000000298023224, 0.20000000298023224], [0.20000000298023224, 0.20000000298023224, 0.20000000298023224, 0.20000000298023224, 0.20000000298023224], [0.20000000298023224, 0.20000000298023224, 0.20000000298023224, 0.20000000298023224, 0.20000000298023224], [0.20000000298023224, 0.20000000298023224, 0.20000000298023224, 0.20000000298023224, 0.20000000298023224], [0.20000000298023224, 0.20000000298023224, 0.20000000298023224, 0.20000000298023224, 0.20000000298023224], [0.20000000298023224, 0.20000000298023224, 0.20000000298023224, 0.20000000298023224, 0.20000000298023224], [0.20000000298023224, 0.20000000298023224, 0.20000000298023224, 0.20000000298023224, 0.20000000298023224], [0.20000000298023224, 0.20000000298023224, 0.20000000298023224, 0.20000000298023224, 0.20000000298023224], [0.20000000298023224, 0.20000000298023224, 0.20000000298023224, 0.20000000298023224, 0.20000000298023224], [0.20000000298023224, 0.20000000298023224, 0.20000000298023224, 0.20000000298023224, 0.20000000298023224], [0.20000000298023224, 0.20000000298023224, 0.20000000298023224, 0.20000000298023224, 0.20000000298023224]], "coeff_list_in_victim": [[0.0, 0.0, 0.0, 1.0, 0.0]], "victims": {"DPN92": {"clean acc": 92.83000144958496, "prediction": 6, "poisons predictions": [8, 8, 8, 8, 8], "scores": [7.72410997023717e-21, 2.3940715907964722e-26, 0.0, 1.0932304352812145e-17, 8.762824231222367e-35, 2.570226100641138e-20, 1.0, 3.57384778134012e-39, 4.139264486724414e-09, 0.0], "malicious score": 4.139264486724414e-09, "camera": {"2": {"prediction": 8, "scores": [3.2256431436736695e-20, 4.65385924733485e-30, 7.318115952715828e-22, 0.013117639347910881, 6.46910772614072e-16, 0.009851961396634579, 1.654720023225309e-07, 3.648960039497117e-28, 0.9770306944847107, 5.9788794477049685e-33], "malicious score": 0.9770306944847107}, "4": {"prediction": 8, "scores": [5.770101255569234e-22, 1.449142381220935e-37, 1.062048864062076e-22, 0.0005836812197230756, 1.059805472934988e-17, 0.07055293768644333, 5.794651951873675e-05, 1.3017536480311325e-33, 0.9288051128387451, 3.565326821690192e-37], "malicious score": 0.9288051128387451}}}, "SENet18": {"clean acc": 91.7500015258789, "prediction": 6, "poisons predictions": [8, 8, 8, 8, 8], "scores": [4.929746539681271e-22, 5.4019853774665575e-17, 1.8632069391304965e-15, 2.1008960901253843e-13, 9.574167630574393e-13, 2.502953560016251e-14, 1.0, 7.323844218847436e-21, 6.787920225903576e-10, 1.5146760622448381e-18], "malicious score": 6.787920225903576e-10, "camera": {"2": {"prediction": 8, "scores": [6.301062644743782e-13, 1.9555601854492742e-16, 2.860801942006219e-07, 0.04502654820680618, 0.0005215012934058905, 0.01764174923300743, 0.1019933745265007, 1.0350660559130785e-16, 0.8348168134689331, 1.1887045792136064e-09], "malicious score": 0.8348168134689331}, "4": {"prediction": 5, "scores": [2.2375614002704408e-13, 2.1295256929582802e-19, 6.568927801708924e-08, 0.09107973426580429, 0.0005567916086874902, 0.6736431121826172, 0.01014782302081585, 4.6903886971390345e-18, 0.22457264363765717, 3.111664481636467e-09], "malicious score": 0.22457264363765717}}}, "ResNet50": {"clean acc": 94.1900016784668, "prediction": 6, "poisons predictions": [8, 8, 8, 8, 8], "scores": [1.7133737756224214e-36, 1.4064821128718628e-29, 0.0, 2.382207389352189e-44, 0.0, 6.991252181317815e-31, 1.0, 4.525274203291664e-22, 1.5372337738575267e-16, 5.978567591041073e-38], "malicious score": 1.5372337738575267e-16, "camera": {"2": {"prediction": 8, "scores": [5.441089823968989e-26, 2.6282466409909456e-21, 0.0, 1.9862744452963027e-29, 2.5223372357846707e-44, 0.0005676558357663453, 0.022033415734767914, 2.310028005597744e-18, 0.9773997068405151, 2.7489820928358346e-22], "malicious score": 0.9773997068405151}, "4": {"prediction": 5, "scores": [4.437366011176315e-26, 3.8530213286852286e-23, 0.0, 6.992966164928771e-29, 2.802596928649634e-45, 0.9651912450790405, 1.3986735893922742e-06, 4.724194075971565e-21, 0.034806929528713226, 1.597855686444926e-22], "malicious score": 0.034806929528713226}}}, "ResNeXt29_2x64d": {"clean acc": 93.13000106811523, "prediction": 6, "poisons predictions": [8, 8, 8, 8, 8], "scores": [2.7805921034461995e-36, 2.618419630300652e-21, 9.869885154577612e-18, 2.653303271538121e-11, 0.0, 2.012024473072605e-32, 1.0, 4.670888332774785e-34, 6.481348010373145e-12, 6.492098723743964e-31], "malicious score": 6.481348010373145e-12, "camera": {"2": {"prediction": 6, "scores": [4.663282581811494e-28, 2.287533691467639e-27, 1.0150762869143293e-10, 0.000546181108802557, 1.821688003622262e-43, 1.2269555467620279e-16, 0.9994546175003052, 1.4843580230454775e-28, 9.13854317672008e-16, 1.9575334918096582e-28], "malicious score": 9.13854317672008e-16}, "4": {"prediction": 6, "scores": [2.4237530876574208e-33, 1.7588771877714855e-35, 7.740187072009796e-13, 9.204916295857402e-08, 0.0, 8.204903757586988e-16, 1.0, 5.255090474363238e-33, 3.889874345432579e-20, 5.081110066457603e-31], "malicious score": 3.889874345432579e-20}}}, "GoogLeNet": {"clean acc": 91.69000205993652, "prediction": 6, "poisons predictions": [8, 8, 8, 8, 8], "scores": [5.165946411824346e-18, 4.0800682602447347e-13, 1.9182303315212756e-12, 8.238224324941257e-09, 1.3905621310461233e-15, 5.85918380480166e-09, 1.0, 5.700076370108997e-13, 5.3625687002067934e-08, 1.508005574387634e-18], "malicious score": 5.3625687002067934e-08, "camera": {"2": {"prediction": 6, "scores": [3.212299268815291e-14, 1.5912633433146084e-09, 3.0482629881589673e-05, 0.00413284357637167, 3.767457699976884e-12, 0.002176524605602026, 0.9936582446098328, 8.436713133663787e-12, 2.345842858630931e-06, 1.3564308096875033e-12], "malicious score": 2.345842858630931e-06}, "4": {"prediction": 6, "scores": [2.995277569267478e-14, 1.8081417474391515e-09, 4.823408517040662e-07, 0.00048340350622311234, 1.0775136338736502e-10, 0.0005557004478760064, 0.9989534020423889, 3.9678485497240956e-10, 6.6733032326737884e-06, 2.7515088731749904e-12], "malicious score": 6.6733032326737884e-06}}}, "MobileNetV2": {"clean acc": 87.83000221252442, "prediction": 6, "poisons predictions": [8, 8, 8, 6, 8],