{"args": "Namespace(device='cuda', dset_path='datasets', end2end=False, eval_poisons_root='attack-results-eps0.05/100-overlap/linear-transfer-learning/mean/800', gpu='0', lr_decay_epoch=[30, 45], model_resume_path='model-chks', num_per_class=50, poison_label=8, retrain_bsize=64, retrain_epochs=60, retrain_lr=0.1, retrain_momentum=0.9, retrain_opt='adam', retrain_wd=0, subset_group=0, target_camera=True, target_index_end=37, target_index_start=36, target_index_step=1, target_label=6, target_net=['DPN92', 'SENet18', 'ResNet50', 'ResNeXt29_2x64d', 'GoogLeNet', 'MobileNetV2', 'ResNet18', 'DenseNet121'], target_print_size=[2, 4], test_chk_name='ckpt-%s-4800.t7', train_data_path='datasets/CIFAR10_TRAIN_Split.pth')", "poison_label": 8, "target_label": 6, "targets": {"36": {}, "36": {"800": {"time": 356.0, "coeffs_time": 0, "poisons_time": 4, "target_loss": 0.008601568639278412, "total_loss": 0.09232141822576523, "coeff_list": [[0.20000000298023224, 0.20000000298023224, 0.20000000298023224, 0.20000000298023224, 0.20000000298023224], [0.20000000298023224, 0.20000000298023224, 0.20000000298023224, 0.20000000298023224, 0.20000000298023224], [0.20000000298023224, 0.20000000298023224, 0.20000000298023224, 0.20000000298023224, 0.20000000298023224], [0.20000000298023224, 0.20000000298023224, 0.20000000298023224, 0.20000000298023224, 0.20000000298023224], [0.20000000298023224, 0.20000000298023224, 0.20000000298023224, 0.20000000298023224, 0.20000000298023224], [0.20000000298023224, 0.20000000298023224, 0.20000000298023224, 0.20000000298023224, 0.20000000298023224], [0.20000000298023224, 0.20000000298023224, 0.20000000298023224, 0.20000000298023224, 0.20000000298023224], [0.20000000298023224, 0.20000000298023224, 0.20000000298023224, 0.20000000298023224, 0.20000000298023224], [0.20000000298023224, 0.20000000298023224, 0.20000000298023224, 0.20000000298023224, 0.20000000298023224], [0.20000000298023224, 0.20000000298023224, 0.20000000298023224, 0.20000000298023224, 0.20000000298023224], [0.20000000298023224, 0.20000000298023224, 0.20000000298023224, 0.20000000298023224, 0.20000000298023224], [0.20000000298023224, 0.20000000298023224, 0.20000000298023224, 0.20000000298023224, 0.20000000298023224], [0.20000000298023224, 0.20000000298023224, 0.20000000298023224, 0.20000000298023224, 0.20000000298023224], [0.20000000298023224, 0.20000000298023224, 0.20000000298023224, 0.20000000298023224, 0.20000000298023224], [0.20000000298023224, 0.20000000298023224, 0.20000000298023224, 0.20000000298023224, 0.20000000298023224], [0.20000000298023224, 0.20000000298023224, 0.20000000298023224, 0.20000000298023224, 0.20000000298023224], [0.20000000298023224, 0.20000000298023224, 0.20000000298023224, 0.20000000298023224, 0.20000000298023224], [0.20000000298023224, 0.20000000298023224, 0.20000000298023224, 0.20000000298023224, 0.20000000298023224]], "coeff_list_in_victim": [[0.15021465718746185, 0.0, 0.49018535017967224, 0.3595999777317047, 0.0]], "victims": {"DPN92": {"clean acc": 92.01000061035157, "prediction": 6, "poisons predictions": [8, 8, 8, 8, 8], "scores": [3.7486264703731874e-20, 4.140058818162605e-18, 6.572089797683392e-43, 5.019880543154017e-17, 2.753824875952863e-34, 3.313561787667791e-17, 0.5714000463485718, 5.605193857299268e-45, 0.428600937128067, 0.0], "malicious score": 0.428600937128067, "camera": {"2": {"prediction": 3, "scores": [2.1543967420050887e-35, 6.810007394295602e-28, 2.869668207488435e-13, 0.8946673274040222, 1.3715697022576023e-08, 0.10533330589532852, 9.13395661189531e-13, 1.5299739569800613e-38, 2.1593207222281308e-09, 4.707241801359926e-41], "malicious score": 2.1593207222281308e-09}, "4": {"prediction": 3, "scores": [8.223966256162781e-36, 8.371300510736861e-30, 5.4739047496144e-13, 0.9968065023422241, 5.275468993204413e-06, 0.0031890154350548983, 9.595322634185907e-16, 8.157210594558339e-40, 2.0592722405760044e-12, 7.588380107636501e-39], "malicious score": 2.0592722405760044e-12}}}, "SENet18": {"clean acc": 91.33000183105469, "prediction": 6, "poisons predictions": [8, 8, 8, 8, 4], "scores": [9.86361481451455e-15, 1.0636953354258884e-14, 1.7720944372607688e-16, 3.2805495209231594e-08, 0.013254708610475063, 1.6543876728628004e-12, 0.548814594745636, 8.003756794004048e-21, 0.43793049454689026, 1.711548025882664e-17], "malicious score": 0.43793049454689026, "camera": {"2": {"prediction": 3, "scores": [1.1741760552789692e-18, 2.317103167979297e-28, 3.3451614811497166e-09, 0.9659315943717957, 0.015224580653011799, 0.01669667847454548, 0.002093694405630231, 1.2197795951988745e-21, 5.42807683814317e-05, 8.258436712260675e-10], "malicious score": 5.42807683814317e-05}, "4": {"prediction": 3, "scores": [3.1386579229983924e-22, 1.992910393098807e-34, 2.2746141081775306e-10, 0.9994775056838989, 1.4211203051672783e-05, 0.0005090642953291535, 1.1181573444929427e-09, 1.1188016830068605e-24, 1.39766086704185e-07, 2.11073779982085e-12], "malicious score": 1.39766086704185e-07}}}, "ResNet50": {"clean acc": 93.43000144958496, "prediction": 8, "poisons predictions": [8, 8, 8, 8, 8], "scores": [6.703251333944195e-41, 1.6562213591205665e-24, 1.9582878544947504e-28, 1.1546699346036493e-42, 1.6154684103263964e-24, 1.4368386009069893e-31, 6.060945452190936e-07, 1.2655698460689087e-24, 0.9999990463256836, 4.977024273471952e-29], "malicious score": 0.9999990463256836, "camera": {"2": {"prediction": 8, "scores": [2.2341027533592348e-39, 1.1918659060927208e-26, 1.7636456607105425e-37, 0.00021663433290086687, 3.3187991644342317e-17, 6.685408200985503e-26, 0.0, 3.2977976690669697e-18, 0.9997825622558594, 1.232003903914904e-28], "malicious score": 0.9997825622558594}, "4": {"prediction": 3, "scores": [1.3731505820719245e-39, 1.2168652820503251e-29, 6.024091715502478e-34, 1.0, 2.7418808021294813e-15, 9.191248747951357e-27, 0.0, 1.2212408685179315e-22, 1.7465304202879395e-10, 1.7838142055154774e-31], "malicious score": 1.7465304202879395e-10}}}, "ResNeXt29_2x64d": {"clean acc": 92.9400016784668, "prediction": 6, "poisons predictions": [8, 8, 8, 8, 8], "scores": [7.110204663128186e-18, 6.050733915644035e-13, 2.1174586528616146e-09, 0.06749449670314789, 1.5443829582437987e-21, 3.440388599007527e-11, 0.595792829990387, 1.1570386727509376e-20, 0.336712509393692, 3.60917719322007e-11], "malicious score": 0.336712509393692, "camera": {"2": {"prediction": 3, "scores": [1.8109911828154214e-18, 3.3371529063594997e-19, 0.0012529890518635511, 0.7899806499481201, 1.0789079352147013e-10, 0.1515243500471115, 0.05697477608919144, 5.526499137994878e-19, 0.0002670636458788067, 2.0104005216126097e-07], "malicious score": 0.0002670636458788067}, "4": {"prediction": 3, "scores": [2.82351019360981e-19, 3.3619378709186166e-21, 9.049922482518014e-07, 0.9997644424438477, 9.256070370611269e-06, 0.00018625493976287544, 3.7645331758540124e-05, 3.113093831446536e-21, 1.415634528711962e-06, 4.088376512334513e-11], "malicious score": 1.415634528711962e-06}}}, "GoogLeNet": {"clean acc": 92.49000129699706, "prediction": 6, "poisons predictions": [8, 8, 8, 8, 8], "scores": [1.0047462807496327e-13, 5.590949925249333e-08, 2.29306976962107e-07, 0.0004634985525626689, 4.3879932576373903e-08, 0.0003593761648517102, 0.9567863345146179, 4.2102321629045036e-10, 0.042390864342451096, 1.3837614387668395e-09], "malicious score": 0.042390864342451096, "camera": {"2": {"prediction": 5, "scores": [7.040638146278699e-14, 2.220431477573115e-10, 0.0005970782367512584, 0.025461092591285706, 0.0011884118430316448, 0.9668753743171692, 0.0030649572145193815, 3.3201767724033715e-11, 0.0028118977788835764, 1.1880241572725936e-06], "malicious score": 0.0028118977788835764}, "4": {"prediction": 5, "scores": [1.4539933791473877e-14, 8.516938890257286e-12, 0.002469758503139019, 0.019082393497228622, 0.0001318867434747517, 0.9780920743942261, 0.00016314597451128066, 1.474214766103779e-13, 6.04142333031632e-05, 4.618674438461312e-07], "malicious score": 6.04142333031632e-05}}}, "MobileNetV2": {"clean acc": 87.10000228881836, "prediction": 8,