{"args": "Namespace(device='cuda', dset_path='datasets', end2end=False, eval_poisons_root='attack-results-eps0.30/100-overlap/linear-transfer-learning/mean/800', gpu='1', lr_decay_epoch=[30, 45], model_resume_path='model-chks', num_per_class=50, poison_label=8, retrain_bsize=64, retrain_epochs=60, retrain_lr=0.1, retrain_momentum=0.9, retrain_opt='adam', retrain_wd=0, subset_group=0, target_camera=True, target_index_end=2, target_index_start=1, target_index_step=1, target_label=6, target_net=['DPN92', 'SENet18', 'ResNet50', 'ResNeXt29_2x64d', 'GoogLeNet', 'MobileNetV2', 'ResNet18', 'DenseNet121'], target_print_size=[2, 4], test_chk_name='ckpt-%s-4800.t7', train_data_path='datasets/CIFAR10_TRAIN_Split.pth')", "poison_label": 8, "target_label": 6, "targets": {"1": {}, "1": {"800": {"time": 445.0, "coeffs_time": 0, "poisons_time": 6, "target_loss": 0.01467128936201334, "total_loss": 0.07344093918800354, "coeff_list": [[0.20000000298023224, 0.20000000298023224, 0.20000000298023224, 0.20000000298023224, 0.20000000298023224], [0.20000000298023224, 0.20000000298023224, 0.20000000298023224, 0.20000000298023224, 0.20000000298023224], [0.20000000298023224, 0.20000000298023224, 0.20000000298023224, 0.20000000298023224, 0.20000000298023224], [0.20000000298023224, 0.20000000298023224, 0.20000000298023224, 0.20000000298023224, 0.20000000298023224], [0.20000000298023224, 0.20000000298023224, 0.20000000298023224, 0.20000000298023224, 0.20000000298023224], [0.20000000298023224, 0.20000000298023224, 0.20000000298023224, 0.20000000298023224, 0.20000000298023224], [0.20000000298023224, 0.20000000298023224, 0.20000000298023224, 0.20000000298023224, 0.20000000298023224], [0.20000000298023224, 0.20000000298023224, 0.20000000298023224, 0.20000000298023224, 0.20000000298023224], [0.20000000298023224, 0.20000000298023224, 0.20000000298023224, 0.20000000298023224, 0.20000000298023224], [0.20000000298023224, 0.20000000298023224, 0.20000000298023224, 0.20000000298023224, 0.20000000298023224], [0.20000000298023224, 0.20000000298023224, 0.20000000298023224, 0.20000000298023224, 0.20000000298023224], [0.20000000298023224, 0.20000000298023224, 0.20000000298023224, 0.20000000298023224, 0.20000000298023224], [0.20000000298023224, 0.20000000298023224, 0.20000000298023224, 0.20000000298023224, 0.20000000298023224], [0.20000000298023224, 0.20000000298023224, 0.20000000298023224, 0.20000000298023224, 0.20000000298023224], [0.20000000298023224, 0.20000000298023224, 0.20000000298023224, 0.20000000298023224, 0.20000000298023224], [0.20000000298023224, 0.20000000298023224, 0.20000000298023224, 0.20000000298023224, 0.20000000298023224], [0.20000000298023224, 0.20000000298023224, 0.20000000298023224, 0.20000000298023224, 0.20000000298023224], [0.20000000298023224, 0.20000000298023224, 0.20000000298023224, 0.20000000298023224, 0.20000000298023224]], "coeff_list_in_victim": [[0.0, 0.0, 0.20415958762168884, 0.7958403825759888, 0.0]], "victims": {"DPN92": {"clean acc": 92.19000244140625, "prediction": 8, "poisons predictions": [8, 8, 6, 8, 8], "scores": [7.784839908708818e-06, 2.5051075648011185e-14, 1.8801226428416665e-36, 3.327445198715584e-13, 8.402269614705884e-30, 3.6674251869426684e-19, 0.00040144717786461115, 3.2369994525903274e-43, 0.9995918869972229, 8.721681641957661e-42], "malicious score": 0.9995918869972229, "camera": {"2": {"prediction": 6, "scores": [6.992063816824157e-09, 6.674707305508817e-18, 1.0552450628845817e-28, 5.1419178248579556e-08, 1.3351062148002687e-19, 5.759670626721836e-13, 1.0, 1.4936396296835282e-35, 5.535300679187366e-14, 1.3561304669761738e-35], "malicious score": 5.535300679187366e-14}, "4": {"prediction": 6, "scores": [0.12633320689201355, 1.5779383008562853e-12, 2.4723766308774674e-34, 1.3959402210550476e-12, 1.5758271243198638e-23, 8.792336988375606e-17, 0.4521940052509308, 8.376422363334662e-35, 0.4214734733104706, 2.0145768493404504e-37], "malicious score": 0.4214734733104706}}}, "SENet18": {"clean acc": 91.76000137329102, "prediction": 8, "poisons predictions": [6, 8, 8, 8, 8], "scores": [2.8786821017201536e-12, 1.4388093494410725e-10, 5.195242277149887e-15, 1.4240014332631001e-13, 2.520122444060746e-10, 6.908471624628154e-12, 0.0019732429645955563, 1.525371634558681e-10, 0.9980259537696838, 3.494858265631895e-12], "malicious score": 0.9980259537696838, "camera": {"2": {"prediction": 0, "scores": [0.714713454246521, 1.5729759752503014e-06, 4.5036996354497205e-09, 0.013269012793898582, 0.08890261501073837, 1.010540984225372e-09, 0.0005942206480540335, 3.2670714062987827e-06, 0.1825156807899475, 6.875312222754532e-14], "malicious score": 0.1825156807899475}, "4": {"prediction": 8, "scores": [3.602403353397676e-07, 1.517618919422148e-08, 5.007890659436734e-16, 2.108553782964595e-11, 3.643595221092255e-07, 9.57024516499126e-16, 0.00013975203910376877, 2.8480591218738027e-09, 0.9998588562011719, 1.996761886324418e-18], "malicious score": 0.9998588562011719}}}, "ResNet50": {"clean acc": 93.22000122070312, "prediction": 6, "poisons predictions": [8, 8, 8, 8, 8], "scores": [8.253007110180233e-13, 8.171051548538001e-22, 1.8325068730151416e-25, 9.283655920551922e-24, 5.257283943883137e-30, 7.714533832169253e-15, 0.9163039922714233, 1.1888710063369048e-30, 0.08369594067335129, 1.4018784284329216e-25], "malicious score": 0.08369594067335129, "camera": {"2": {"prediction": 0, "scores": [1.0, 3.454408434490262e-29, 5.214046666168366e-29, 4.537165016252603e-15, 3.2714191895253834e-20, 3.784761065206248e-14, 1.4894148137045704e-09, 1.0127476171284226e-33, 8.034106082990361e-20, 2.4427231787567924e-35], "malicious score": 8.034106082990361e-20}, "4": {"prediction": 6, "scores": [5.085869997856207e-05, 3.0106194871937805e-23, 3.0753334706725327e-22, 2.0691781099418308e-27, 1.0959849089995611e-27, 1.0643569528609887e-14, 0.9999489784240723, 9.597555904972289e-31, 2.807913901392567e-08, 9.065494436027395e-30], "malicious score": 2.807913901392567e-08}}}, "ResNeXt29_2x64d": {"clean acc": 93.02000160217285, "prediction": 8, "poisons predictions": [8, 8, 8, 8, 8], "scores": [4.797261858989475e-25, 3.2337469747290015e-05, 1.2820976139744315e-14, 1.5359497007594314e-09, 2.0811038022199332e-38, 2.6262496932519202e-23, 2.5913431045410107e-07, 5.470907947940369e-21, 0.9999675750732422, 8.784831217671749e-16], "malicious score": 0.9999675750732422, "camera": {"2": {"prediction": 3, "scores": [1.0564950340850048e-18, 5.2185793464332164e-08, 1.6238104407644872e-15, 1.0, 1.1056150661304196e-17, 1.8675804696765522e-18, 1.1585103720790357e-07, 3.106616740678369e-21, 1.441479856485739e-13, 3.1225912613921635e-17], "malicious score": 1.441479856485739e-13}, "4": {"prediction": 8, "scores": [1.3027050785481813e-14, 0.0028164898976683617, 4.812506729928723e-12, 0.0028767180629074574, 1.867169707152631e-23, 2.0233012483592428e-16, 0.0035386851523071527, 2.65687321081775e-15, 0.9907681345939636, 8.821823480054114e-12], "malicious score": 0.9907681345939636}}}, "GoogLeNet": {"clean acc": 91.76000061035157, "prediction": 8, "poisons predictions": [8, 6, 6, 8, 8], "scores": [3.139696076910614e-13, 1.6049940313678235e-05, 1.1696186689525226e-14, 1.661625105953135e-06, 3.6278293702451947e-09, 1.240204738905959e-08, 0.044303204864263535, 1.7228539428426615e-10, 0.9556792974472046, 4.3071022304275175e-09], "malicious score": 0.9556792974472046, "camera": {"2": {"prediction": 3, "scores": [5.424495075345703e-09, 9.212521945300978e-08, 2.034186036325991e-05, 0.963266134262085, 0.03420303761959076, 0.00021010420459788293, 0.0023003551177680492, 5.089110466371949e-09, 7.867073215095388e-09, 6.134524138667885e-11], "malicious score": 7.867073215095388e-09}, "4": {"prediction": 8, "scores": [8.612302870858457e-09, 0.000763998890761286, 1.9591018372011604e-06, 0.06351493299007416, 1.55253383127274e-05, 1.973681355593726e-05, 0.38079914450645447, 5.415037230704911e-05, 0.5548307299613953, 2.714844571372055e-09], "malicious score": 0.5548307299613953}}}, "MobileNetV2": {"clean acc": 87.43000106811523,