{"args": "Namespace(device='cuda', dset_path='datasets', end2end=False, eval_poisons_root='attack-results-3poisons/100-overlap/linear-transfer-learning/mean/800', gpu='0', lr_decay_epoch=[30, 45], model_resume_path='model-chks', num_per_class=50, poison_label=8, retrain_bsize=64, retrain_epochs=60, retrain_lr=0.1, retrain_momentum=0.9, retrain_opt='adam', retrain_wd=0, subset_group=0, target_camera=True, target_index_end=21, target_index_start=20, target_index_step=1, target_label=6, target_net=['DPN92', 'SENet18', 'ResNet50', 'ResNeXt29_2x64d', 'GoogLeNet', 'MobileNetV2', 'ResNet18', 'DenseNet121'], target_print_size=[2, 4], test_chk_name='ckpt-%s-4800.t7', train_data_path='datasets/CIFAR10_TRAIN_Split.pth')", "poison_label": 8, "target_label": 6, "targets": {"20": {}, "20": {"800": {"time": 366.0, "coeffs_time": 0, "poisons_time": 4, "target_loss": 0.013884404674172401, "total_loss": 0.08574359118938446, "coeff_list": [[0.3333333432674408, 0.3333333432674408, 0.3333333432674408], [0.3333333432674408, 0.3333333432674408, 0.3333333432674408], [0.3333333432674408, 0.3333333432674408, 0.3333333432674408], [0.3333333432674408, 0.3333333432674408, 0.3333333432674408], [0.3333333432674408, 0.3333333432674408, 0.3333333432674408], [0.3333333432674408, 0.3333333432674408, 0.3333333432674408], [0.3333333432674408, 0.3333333432674408, 0.3333333432674408], [0.3333333432674408, 0.3333333432674408, 0.3333333432674408], [0.3333333432674408, 0.3333333432674408, 0.3333333432674408], [0.3333333432674408, 0.3333333432674408, 0.3333333432674408], [0.3333333432674408, 0.3333333432674408, 0.3333333432674408], [0.3333333432674408, 0.3333333432674408, 0.3333333432674408], [0.3333333432674408, 0.3333333432674408, 0.3333333432674408], [0.3333333432674408, 0.3333333432674408, 0.3333333432674408], [0.3333333432674408, 0.3333333432674408, 0.3333333432674408], [0.3333333432674408, 0.3333333432674408, 0.3333333432674408], [0.3333333432674408, 0.3333333432674408, 0.3333333432674408], [0.3333333432674408, 0.3333333432674408, 0.3333333432674408]], "coeff_list_in_victim": [[0.38296112418174744, 0.39246535301208496, 0.22457359731197357]], "victims": {"DPN92": {"clean acc": 92.28000221252441, "prediction": 8, "poisons predictions": [8, 8, 8], "scores": [2.498221934711215e-18, 1.845270325429027e-10, 2.9290005268817567e-30, 2.114344983816796e-11, 3.9161031941147075e-30, 5.984072947730438e-21, 1.8768406562230666e-06, 9.668959403841238e-44, 1.0, 0.0], "malicious score": 1.0, "camera": {"2": {"prediction": 6, "scores": [2.814127206816116e-16, 1.5459933680461724e-12, 4.4343730235981e-25, 2.521309170333552e-07, 2.8476774273211217e-25, 4.267885195507462e-15, 0.9898928999900818, 2.4587256843602157e-37, 0.010105079971253872, 0.0], "malicious score": 0.010105079971253872}, "4": {"prediction": 6, "scores": [1.1372455779282316e-14, 5.039302655718281e-11, 2.5031638741217055e-25, 1.0730898338806583e-06, 4.031142334551788e-24, 2.4841385865654805e-14, 0.9016808271408081, 2.3029768531404924e-36, 0.09831730276346207, 0.0], "malicious score": 0.09831730276346207}}}, "SENet18": {"clean acc": 91.72000122070312, "prediction": 6, "poisons predictions": [6, 8, 8], "scores": [1.761582990589261e-09, 1.650989947122019e-19, 2.6450506281777697e-12, 3.331511065282622e-12, 2.0919456744650233e-07, 8.040404279874291e-13, 0.9998683929443359, 5.390712832717415e-14, 0.00013099523494020104, 7.786163207235131e-13], "malicious score": 0.00013099523494020104, "camera": {"2": {"prediction": 6, "scores": [8.594859650656872e-07, 1.29654795391103e-21, 1.5033551292731318e-08, 1.016817474663867e-08, 9.916595899994718e-07, 1.0446722480128567e-11, 0.9999885559082031, 2.0450070605556973e-14, 9.526885150989983e-06, 9.730346038725347e-15], "malicious score": 9.526885150989983e-06}, "4": {"prediction": 6, "scores": [2.662179952039878e-07, 2.89007762812592e-22, 8.437023302221291e-11, 6.620555770275871e-10, 9.948294632522448e-08, 4.362798317059102e-12, 1.0, 3.1715505466019603e-15, 4.083806004473445e-07, 3.571655876599949e-15], "malicious score": 4.083806004473445e-07}}}, "ResNet50": {"clean acc": 93.1700008392334, "prediction": 6, "poisons predictions": [8, 8, 8], "scores": [2.0339784463789435e-33, 1.0788083333459716e-34, 2.987746938518903e-32, 5.706466478326695e-30, 8.547920632381384e-44, 0.0, 0.7323192954063416, 2.245690395794031e-12, 0.2676811218261719, 9.88805394310004e-32], "malicious score": 0.2676811218261719, "camera": {"2": {"prediction": 6, "scores": [5.297916461533434e-28, 1.2428052123778077e-26, 6.964556892689737e-30, 3.716269044061067e-17, 9.361136170183005e-40, 1.924324708343269e-38, 0.5607309341430664, 2.8981878008593753e-10, 0.4392690062522888, 2.0723278540137856e-29], "malicious score": 0.4392690062522888}, "4": {"prediction": 6, "scores": [8.205483846704105e-27, 4.3152954332810724e-30, 5.284710389997426e-30, 1.2800900283625834e-20, 3.1695969964563037e-40, 1.881018980601775e-40, 0.9119111895561218, 3.2358547265298743e-12, 0.08809055387973785, 1.5078367942562592e-28], "malicious score": 0.08809055387973785}}}, "ResNeXt29_2x64d": {"clean acc": 92.96000099182129, "prediction": 6, "poisons predictions": [8, 8, 8], "scores": [4.9763246794196535e-28, 4.352990501388376e-08, 1.9621153998978548e-14, 5.008302750297844e-08, 0.0, 7.364742565641868e-30, 0.9999675750732422, 5.7631745267068655e-21, 3.209864007658325e-05, 3.329637051006073e-27], "malicious score": 3.209864007658325e-05, "camera": {"2": {"prediction": 6, "scores": [5.2315724844101374e-24, 2.772226004310596e-09, 4.858033975096987e-10, 1.0964268767565954e-05, 2.165548429887536e-39, 3.249858596097605e-23, 0.9999885559082031, 2.1695087965248897e-17, 4.936935624755279e-07, 5.640585188625835e-23], "malicious score": 4.936935624755279e-07}, "4": {"prediction": 6, "scores": [3.373237467193348e-24, 1.3624641326259734e-07, 2.8082885409480562e-12, 3.570457920432091e-07, 1.681418027343348e-41, 6.892680787534742e-26, 0.9993612170219421, 3.4783486561156036e-18, 0.0006386362947523594, 1.1100321332602675e-23], "malicious score": 0.0006386362947523594}}}, "GoogLeNet": {"clean acc": 91.96000175476074, "prediction": 8, "poisons predictions": [8, 8, 8], "scores": [2.864693074769442e-12, 3.068852834076097e-07, 2.30053521669887e-14, 9.231030162482057e-07, 1.2997090383104482e-11, 1.2436672802706994e-09, 0.1257498562335968, 1.0566529873301533e-09, 0.8742491602897644, 5.390154722708469e-15], "malicious score": 0.8742491602897644, "camera": {"2": {"prediction": 6, "scores": [1.741240832076052e-11, 3.6976254591536417e-07, 1.2094586443467392e-10, 1.7990258129430003e-05, 1.1269475803932227e-11, 7.187004769093619e-08, 0.9999170303344727, 1.4257314079335615e-11, 6.50123693048954e-05, 5.805649879028416e-14], "malicious score": 6.50123693048954e-05}, "4": {"prediction": 6, "scores": [6.719884737549364e-08, 4.30430009146221e-06, 2.096325934022869e-12, 3.3268588595092297e-05, 1.4895512601142968e-09, 1.122945469944625e-08, 0.9980330467224121, 6.749746703400838e-13, 0.001929393969476223, 1.3597427350742208e-10], "malicious score": 0.001929393969476223}}}, "MobileNetV2": {"clean acc": 86.83000144958496, "prediction": 6, "poisons predictions": [8, 8, 8], "scores": [2.6157760853184886e-12, 7.140181171539224e-19, 4.469085691793939e-13, 3.059180642139836e-07, 9.260201508117891e-25, 2.253863735186476e-13, 0.9997825622558594, 3.2495511783509914e-29, 0.00021636509336531162, 7.349230223090112e-28], "malicious score": 0.00021636509336531162, "camera": {"2": {"prediction": 6, "scores": [1.3031419693332325e-11, 5.751612161716071e-32, 1.5547993825748563e-05, 0.027003681287169456, 1.6914865970275666e-23, 6.620569365622941e-06, 0.9729710221290588, 4.555539542331532e-19, 3.9499309423263185e-06, 3.6483680045885116e-32], "malicious score": 3.9499309423263185e-06}, "4": {"prediction": 6, "scores": [1.8283975722344081e-10, 4.810677423024801e-32, 0.0025790829677134752, 0.10397496819496155, 6.058608060152575e-21, 7.030012056929991e-06, 0.8934361338615417, 1.0160378577997047e-16, 2.106298097714898e-06, 9.829470972197431e-30],