{"args": "Namespace(device='cuda', dset_path='datasets', end2end=False, eval_poisons_root='attack-results-10poisons/100-overlap/linear-transfer-learning/convex/800', gpu='0', lr_decay_epoch=[30, 45], model_resume_path='model-chks', num_per_class=50, poison_label=8, retrain_bsize=64, retrain_epochs=60, retrain_lr=0.1, retrain_momentum=0.9, retrain_opt='adam', retrain_wd=0, subset_group=0, target_camera=True, target_index_end=4, target_index_start=3, target_index_step=1, target_label=6, target_net=['DPN92', 'SENet18', 'ResNet50', 'ResNeXt29_2x64d', 'GoogLeNet', 'MobileNetV2', 'ResNet18', 'DenseNet121'], target_print_size=[2, 4], test_chk_name='ckpt-%s-4800.t7', train_data_path='datasets/CIFAR10_TRAIN_Split.pth')", "poison_label": 8, "target_label": 6, "targets": {"3": {}, "3": {"800": {"time": 36584.0, "coeffs_time": 34521, "poisons_time": 36172, "target_loss": 0.009673303924500942, "total_loss": 0.0010715665994212031, "coeff_list": [[0.04384996369481087, 0.05439789965748787, 0.06207866594195366, 0.31205809116363525, 0.025212429463863373, 0.0, 0.18910527229309082, 0.30162179470062256, 0.011675894260406494, 0.0], [0.05149196460843086, 0.0, 0.10572229325771332, 0.2766076922416687, 0.0735340341925621, 0.05850200355052948, 0.16247707605361938, 0.0, 0.0, 0.27166497707366943], [0.00424179807305336, 0.09125348925590515, 0.11695417016744614, 0.0, 0.08313040435314178, 0.023055532947182655, 0.40047502517700195, 0.280889630317688, 0.0, 0.0], [0.09783118963241577, 0.35394197702407837, 0.0, 0.0, 0.1404552161693573, 0.16553588211536407, 0.0, 0.07894562929868698, 0.08330730348825455, 0.07998274266719818], [0.05898293852806091, 0.0, 0.07010230422019958, 0.06858618557453156, 0.33576536178588867, 0.0, 0.1858915388584137, 0.10659375041723251, 0.16276347637176514, 0.011314593255519867], [0.0, 0.0, 0.10675764828920364, 0.2960156202316284, 0.13525435328483582, 0.031878575682640076, 0.022680509835481644, 0.0, 0.28301846981048584, 0.12439480423927307], [0.0, 0.11682216078042984, 0.4087374806404114, 0.10419867932796478, 0.12168917804956436, 0.0, 0.09216190129518509, 0.011723577044904232, 0.14466699957847595, 0.0], [0.14834003150463104, 0.17298024892807007, 0.05974753201007843, 0.2078169733285904, 0.10002594441175461, 0.01676732301712036, 0.06645268201828003, 0.042037393897771835, 0.07502610236406326, 0.11080581694841385], [0.0, 0.04414926841855049, 0.3223351836204529, 0.12695077061653137, 0.08629477769136429, 0.024338498711586, 0.1265096664428711, 0.2486906349658966, 0.020731141790747643, 0.0], [0.04402179643511772, 0.108600914478302, 0.05307585000991821, 0.06302963197231293, 0.26373201608657837, 0.189921036362648, 0.21349677443504333, 0.06338909268379211, 0.0007328481879085302, 0.0], [0.08409222960472107, 0.03076780028641224, 0.08967525511980057, 0.19013097882270813, 0.09840428084135056, 0.015771035104990005, 0.016421349719166756, 0.24911923706531525, 0.22561778128147125, 0.0], [0.00990714505314827, 0.28547796607017517, 0.011592993512749672, 0.1547607183456421, 0.04593721777200699, 0.12444280087947845, 0.010941639542579651, 0.14719006419181824, 0.09950724989175797, 0.11024215072393417], [0.0010531859006732702, 0.06670776009559631, 0.1709432452917099, 0.020615845918655396, 0.33545586466789246, 0.08973246067762375, 0.19212540984153748, 0.09173093736171722, 0.03163537755608559, 0.0], [0.01683315820991993, 0.15093687176704407, 0.18113115429878235, 0.0, 0.07296816259622574, 0.057676054537296295, 0.24728739261627197, 0.2478751838207245, 0.0, 0.025292061269283295], [0.004605761729180813, 0.2672787606716156, 0.02397540770471096, 0.00033308996353298426, 0.0007843232597224414, 0.0809621587395668, 0.3928290903568268, 0.2254611700773239, 0.0037701367400586605, 0.0], [0.00856455322355032, 0.06665381044149399, 0.00916801393032074, 0.07887634634971619, 0.22082599997520447, 0.22503703832626343, 0.13995575904846191, 0.23092246055603027, 0.019996045157313347, 0.0], [0.025967827066779137, 0.1482514888048172, 0.08083567768335342, 0.0, 0.27612096071243286, 0.21100729703903198, 0.0, 0.11083512753248215, 0.1469816118478775, 0.0], [0.0, 0.0, 0.13688397407531738, 0.22222208976745605, 0.21647270023822784, 0.0819927379488945, 0.20449042320251465, 0.0, 0.10293830931186676, 0.03499985113739967]], "coeff_list_in_victim": [[0.0, 0.0, 0.09777216613292694, 0.18499183654785156, 0.015030305832624435, 0.10805685818195343, 0.3343255817890167, 0.23589803278446198, 0.0, 0.02392519637942314]], "victims": {"DPN92": {"clean acc": 91.04000129699708, "prediction": 6, "poisons predictions": [8, 8, 6, 8, 6, 6, 8, 8, 8, 8], "scores": [1.550260245695989e-12, 2.708385201867665e-16, 1.3959630372374819e-36, 1.6451397535921508e-12, 3.5467496771009927e-33, 5.156717524642867e-16, 0.575926661491394, 5.421331515625136e-31, 0.4240740239620209, 0.0], "malicious score": 0.4240740239620209, "camera": {"2": {"prediction": 3, "scores": [8.327944622989425e-24, 2.219332158858128e-31, 2.009972727536405e-13, 0.9434010982513428, 7.777551380705461e-10, 0.05656137689948082, 3.7724577850895e-05, 5.0343268352932584e-37, 1.0525845819953084e-11, 2.976410076033471e-29], "malicious score": 1.0525845819953084e-11}, "4": {"prediction": 6, "scores": [1.9066026535341507e-11, 1.1534233484658587e-23, 3.089093072882211e-20, 4.744154466607142e-06, 4.0527210048849816e-20, 2.365587761232746e-06, 0.999992311000824, 5.371028012229155e-29, 1.2577375585465234e-08, 1.229391134149474e-32], "malicious score": 1.2577375585465234e-08}}}, "SENet18": {"clean acc": 90.86000137329101, "prediction": 6, "poisons predictions": [6, 6, 8, 6, 6, 6, 6, 8, 3, 8], "scores": [1.636870372578869e-08, 6.524602386148715e-11, 8.702705778240727e-10, 3.6506244782685826e-07, 4.466402606340125e-05, 2.7447983885764415e-09, 0.9970460534095764, 2.2232779853248452e-11, 0.002908445196226239, 1.2120034142970582e-10], "malicious score": 0.002908445196226239, "camera": {"2": {"prediction": 8, "scores": [1.5180560808403243e-08, 8.648672259587396e-15, 2.3182785753306234e-06, 0.32469114661216736, 0.003801459912210703, 9.782323468243703e-05, 0.014361276291310787, 6.94025390000734e-14, 0.6570461988449097, 1.6018521620253523e-08], "malicious score": 0.6570461988449097}, "4": {"prediction": 8, "scores": [4.017796527477913e-06, 6.240775257682074e-11, 2.4930926212363147e-09, 0.0015262676170095801, 0.0002656877913977951, 1.3408750874077668e-06, 0.04980703815817833, 3.412360116694657e-10, 0.9483959078788757, 5.815572468037544e-09], "malicious score": 0.9483959078788757}}}, "ResNet50": {"clean acc": 90.94000091552735, "prediction": 8, "poisons predictions": [6, 8, 6, 8, 8, 6, 6, 8, 8, 8], "scores": [6.654261939631399e-40, 1.014411305303401e-31, 6.875891304749012e-41, 1.9244774498758805e-39, 4.640727534750289e-28, 1.5941703206914555e-32, 0.08529549837112427, 2.8443789455152138e-31, 0.9147036075592041, 3.081540073581395e-33], "malicious score": 0.9147036075592041, "camera": {"2": {"prediction": 8, "scores": [3.293666945172659e-22, 3.568144247407222e-14, 0.0, 9.041896191774867e-06, 1.1967427815059734e-15, 7.004177099423359e-11, 2.615005894686737e-21, 4.173443562987449e-15, 0.9999909400939941, 2.1161597679337115e-23], "malicious score": 0.9999909400939941}, "4": {"prediction": 8, "scores": [1.6677214430327876e-32, 7.608295026940151e-31, 0.0, 3.711585082201581e-29, 1.7517004608566512e-26, 1.4982566890821424e-27, 2.218134963899443e-12, 5.813784409263186e-21, 1.0, 1.4964295400846028e-26], "malicious score": 1.0}}}, "ResNeXt29_2x64d": {"clean acc": 91.99000205993653, "prediction": 8, "poisons predictions": [8, 8, 8, 8, 8, 8, 8, 8, 8, 8], "scores": [2.990619516385235e-25, 4.655291547952981e-25, 1.3516874126762573e-22, 1.571935669738428e-13, 0.0, 1.150390963663867e-31, 0.13963954150676727, 1.1751813944093026e-23, 0.860358715057373, 1.481408303409393e-24], "malicious score": 0.860358715057373, "camera": {"2": {"prediction": 3,