{"args": "Namespace(device='cuda', dset_path='datasets', end2end=False, eval_poisons_root='attack-results-eps0.30/100-overlap/linear-transfer-learning/mean/800', gpu='0', lr_decay_epoch=[30, 45], model_resume_path='model-chks', num_per_class=50, poison_label=8, retrain_bsize=64, retrain_epochs=60, retrain_lr=0.1, retrain_momentum=0.9, retrain_opt='adam', retrain_wd=0, subset_group=0, target_camera=True, target_index_end=29, target_index_start=28, target_index_step=1, target_label=6, target_net=['DPN92', 'SENet18', 'ResNet50', 'ResNeXt29_2x64d', 'GoogLeNet', 'MobileNetV2', 'ResNet18', 'DenseNet121'], target_print_size=[2, 4], test_chk_name='ckpt-%s-4800.t7', train_data_path='datasets/CIFAR10_TRAIN_Split.pth')", "poison_label": 8, "target_label": 6, "targets": {"28": {}, "28": {"800": {"time": 488.0, "coeffs_time": 0, "poisons_time": 5, "target_loss": 0.0052252598106861115, "total_loss": 0.06481894850730896, "coeff_list": [[0.20000000298023224, 0.20000000298023224, 0.20000000298023224, 0.20000000298023224, 0.20000000298023224], [0.20000000298023224, 0.20000000298023224, 0.20000000298023224, 0.20000000298023224, 0.20000000298023224], [0.20000000298023224, 0.20000000298023224, 0.20000000298023224, 0.20000000298023224, 0.20000000298023224], [0.20000000298023224, 0.20000000298023224, 0.20000000298023224, 0.20000000298023224, 0.20000000298023224], [0.20000000298023224, 0.20000000298023224, 0.20000000298023224, 0.20000000298023224, 0.20000000298023224], [0.20000000298023224, 0.20000000298023224, 0.20000000298023224, 0.20000000298023224, 0.20000000298023224], [0.20000000298023224, 0.20000000298023224, 0.20000000298023224, 0.20000000298023224, 0.20000000298023224], [0.20000000298023224, 0.20000000298023224, 0.20000000298023224, 0.20000000298023224, 0.20000000298023224], [0.20000000298023224, 0.20000000298023224, 0.20000000298023224, 0.20000000298023224, 0.20000000298023224], [0.20000000298023224, 0.20000000298023224, 0.20000000298023224, 0.20000000298023224, 0.20000000298023224], [0.20000000298023224, 0.20000000298023224, 0.20000000298023224, 0.20000000298023224, 0.20000000298023224], [0.20000000298023224, 0.20000000298023224, 0.20000000298023224, 0.20000000298023224, 0.20000000298023224], [0.20000000298023224, 0.20000000298023224, 0.20000000298023224, 0.20000000298023224, 0.20000000298023224], [0.20000000298023224, 0.20000000298023224, 0.20000000298023224, 0.20000000298023224, 0.20000000298023224], [0.20000000298023224, 0.20000000298023224, 0.20000000298023224, 0.20000000298023224, 0.20000000298023224], [0.20000000298023224, 0.20000000298023224, 0.20000000298023224, 0.20000000298023224, 0.20000000298023224], [0.20000000298023224, 0.20000000298023224, 0.20000000298023224, 0.20000000298023224, 0.20000000298023224], [0.20000000298023224, 0.20000000298023224, 0.20000000298023224, 0.20000000298023224, 0.20000000298023224]], "coeff_list_in_victim": [[0.0, 0.2795780897140503, 0.3217637240886688, 0.0, 0.39865821599960327]], "victims": {"DPN92": {"clean acc": 92.13000106811523, "prediction": 8, "poisons predictions": [8, 8, 8, 8, 8], "scores": [2.7515956180224066e-10, 3.369698964306167e-10, 3.1758467876071924e-40, 9.58480148548213e-13, 8.469894768769029e-27, 5.0988401868734545e-15, 0.3694496154785156, 1.6056526094604995e-29, 0.6305501461029053, 1.401298464324817e-45], "malicious score": 0.6305501461029053, "camera": {"2": {"prediction": 6, "scores": [1.0379208216431215e-16, 1.447235149498738e-07, 5.449089736364545e-25, 0.0005727615207433701, 2.178177749929608e-14, 9.636082722863648e-07, 0.9994203448295593, 5.389939589836393e-26, 5.493257958733011e-06, 6.836523928789134e-30], "malicious score": 5.493257958733011e-06}, "4": {"prediction": 6, "scores": [3.7301699383321126e-19, 3.360842715238732e-09, 9.415393251185406e-26, 1.359347379548126e-06, 3.967286331537593e-15, 1.9816033258734933e-08, 0.9999980926513672, 2.5605012842244546e-33, 1.7540928709536274e-09, 2.7693649571884818e-33], "malicious score": 1.7540928709536274e-09}}}, "SENet18": {"clean acc": 91.03000144958496, "prediction": 6, "poisons predictions": [6, 6, 6, 8, 8], "scores": [1.266085540705808e-18, 1.2411892912737343e-19, 3.0256336630861197e-15, 8.7911089811845e-14, 7.4056781540488e-11, 3.495526249366627e-15, 0.9986162185668945, 1.6496858774992835e-20, 0.0013843490742146969, 1.096708755606394e-19], "malicious score": 0.0013843490742146969, "camera": {"2": {"prediction": 6, "scores": [1.0221757860990319e-17, 5.3309803306867946e-21, 5.167607191971005e-16, 1.1205345679110579e-11, 7.813981128812486e-10, 2.3212404220984695e-12, 0.9443534016609192, 7.9421031616972205e-22, 0.0556471012532711, 4.7584779038252145e-17], "malicious score": 0.0556471012532711}, "4": {"prediction": 6, "scores": [9.012435696352841e-21, 8.409926992564518e-24, 2.870406722809652e-17, 4.485495308514942e-11, 1.5334658889920583e-11, 4.6335327935631554e-11, 0.9999523162841797, 2.0050603845747292e-24, 4.7371086111525074e-05, 1.0483428209052568e-15], "malicious score": 4.7371086111525074e-05}}}, "ResNet50": {"clean acc": 93.18000068664551, "prediction": 8, "poisons predictions": [8, 8, 8, 8, 6], "scores": [1.7629945859033744e-28, 9.739421942545068e-12, 1.903253644628592e-25, 4.495302537603059e-22, 1.0823516194075683e-22, 1.6635114570350916e-29, 0.10557889938354492, 4.371203376799855e-19, 0.8944216370582581, 1.1161827844243944e-19], "malicious score": 0.8944216370582581, "camera": {"2": {"prediction": 6, "scores": [2.857186691151392e-33, 1.004131334829926e-13, 2.1112508981898517e-29, 1.3608584009185276e-25, 1.1278538254941957e-28, 1.2470806227799518e-24, 1.0, 2.4155885221437924e-22, 2.201466600126878e-07, 4.705493945702442e-19], "malicious score": 2.201466600126878e-07}, "4": {"prediction": 6, "scores": [4.887882317106497e-27, 2.330524282671137e-13, 1.0064399841488663e-24, 9.75113219336965e-12, 2.009500964066102e-17, 2.9789138352498412e-05, 0.999969482421875, 2.9029647977895747e-27, 9.75686028135292e-20, 2.8095339165497453e-14], "malicious score": 9.75686028135292e-20}}}, "ResNeXt29_2x64d": {"clean acc": 93.35000114440918, "prediction": 8, "poisons predictions": [8, 8, 8, 6, 8], "scores": [3.3152476551846092e-22, 1.2083956058006606e-10, 2.8102867064937057e-16, 5.497531319065274e-09, 4.163549207589611e-39, 1.0327727104403638e-27, 0.4429972171783447, 2.678437480634413e-22, 0.5570022463798523, 2.168661417195754e-20], "malicious score": 0.5570022463798523, "camera": {"2": {"prediction": 6, "scores": [7.713837259446314e-20, 5.851564233161355e-10, 1.3280743929448054e-14, 0.013358603231608868, 4.567402152420852e-21, 8.991179416432216e-21, 0.9865867495536804, 2.095820611390609e-21, 5.441936809802428e-05, 4.658068805077787e-15], "malicious score": 5.441936809802428e-05}, "4": {"prediction": 6, "scores": [7.911631007309375e-20, 3.331463251966815e-14, 1.454148884638684e-10, 0.35904988646507263, 4.857987345729953e-10, 8.711191083797878e-14, 0.6409503817558289, 2.186036208637524e-21, 6.52274536605546e-08, 1.2528757396238106e-14], "malicious score": 6.52274536605546e-08}}}, "GoogLeNet": {"clean acc": 92.17000236511231, "prediction": 6, "poisons predictions": [8, 8, 6, 8, 8], "scores": [6.0565216036811975e-12, 4.0463664419121415e-08, 1.5547784171232593e-09, 0.00011417210043873638, 4.4831949708168395e-07, 1.4092967148826574e-06, 0.983576774597168, 2.7568292093604896e-09, 0.016307566314935684, 2.0228827293800045e-14], "malicious score": 0.016307566314935684, "camera": {"2": {"prediction": 3, "scores": [4.3065266522139545e-13, 9.530518951805789e-08, 4.844889645028161e-08, 0.5010733008384705, 0.012753434479236603, 0.002676378469914198, 0.4834960103034973, 9.597884908851351e-16, 3.041479317289486e-07, 1.9164359343903925e-07], "malicious score": 3.041479317289486e-07}, "4": {"prediction": 3, "scores": [1.8276530462657536e-12, 1.4044069018837035e-07, 1.214795153359205e-09, 0.8069483041763306, 0.00012858191621489823, 0.033352117985486984, 0.15956540405750275, 2.5068874917330174e-20, 9.142107160187152e-07, 4.381173766887514e-06],