{"args": "Namespace(device='cuda', dset_path='datasets', end2end=False, eval_poisons_root='attack-results-eps0.01/100-overlap/linear-transfer-learning/mean/800', gpu='1', lr_decay_epoch=[30, 45], model_resume_path='model-chks', num_per_class=50, poison_label=8, retrain_bsize=64, retrain_epochs=60, retrain_lr=0.1, retrain_momentum=0.9, retrain_opt='adam', retrain_wd=0, subset_group=0, target_camera=True, target_index_end=8, target_index_start=7, target_index_step=1, target_label=6, target_net=['DPN92', 'SENet18', 'ResNet50', 'ResNeXt29_2x64d', 'GoogLeNet', 'MobileNetV2', 'ResNet18', 'DenseNet121'], target_print_size=[2, 4], test_chk_name='ckpt-%s-4800.t7', train_data_path='datasets/CIFAR10_TRAIN_Split.pth')", "poison_label": 8, "target_label": 6, "targets": {"7": {}, "7": {"800": {"time": 340.0, "coeffs_time": 0, "poisons_time": 4, "target_loss": 0.05585095286369324, "total_loss": 0.4878539443016052, "coeff_list": [[0.20000000298023224, 0.20000000298023224, 0.20000000298023224, 0.20000000298023224, 0.20000000298023224], [0.20000000298023224, 0.20000000298023224, 0.20000000298023224, 0.20000000298023224, 0.20000000298023224], [0.20000000298023224, 0.20000000298023224, 0.20000000298023224, 0.20000000298023224, 0.20000000298023224], [0.20000000298023224, 0.20000000298023224, 0.20000000298023224, 0.20000000298023224, 0.20000000298023224], [0.20000000298023224, 0.20000000298023224, 0.20000000298023224, 0.20000000298023224, 0.20000000298023224], [0.20000000298023224, 0.20000000298023224, 0.20000000298023224, 0.20000000298023224, 0.20000000298023224], [0.20000000298023224, 0.20000000298023224, 0.20000000298023224, 0.20000000298023224, 0.20000000298023224], [0.20000000298023224, 0.20000000298023224, 0.20000000298023224, 0.20000000298023224, 0.20000000298023224], [0.20000000298023224, 0.20000000298023224, 0.20000000298023224, 0.20000000298023224, 0.20000000298023224], [0.20000000298023224, 0.20000000298023224, 0.20000000298023224, 0.20000000298023224, 0.20000000298023224], [0.20000000298023224, 0.20000000298023224, 0.20000000298023224, 0.20000000298023224, 0.20000000298023224], [0.20000000298023224, 0.20000000298023224, 0.20000000298023224, 0.20000000298023224, 0.20000000298023224], [0.20000000298023224, 0.20000000298023224, 0.20000000298023224, 0.20000000298023224, 0.20000000298023224], [0.20000000298023224, 0.20000000298023224, 0.20000000298023224, 0.20000000298023224, 0.20000000298023224], [0.20000000298023224, 0.20000000298023224, 0.20000000298023224, 0.20000000298023224, 0.20000000298023224], [0.20000000298023224, 0.20000000298023224, 0.20000000298023224, 0.20000000298023224, 0.20000000298023224], [0.20000000298023224, 0.20000000298023224, 0.20000000298023224, 0.20000000298023224, 0.20000000298023224], [0.20000000298023224, 0.20000000298023224, 0.20000000298023224, 0.20000000298023224, 0.20000000298023224]], "coeff_list_in_victim": [[0.0, 0.09400060772895813, 0.10540838539600372, 0.7926817536354065, 0.007909297943115234]], "victims": {"DPN92": {"clean acc": 92.27000198364257, "prediction": 6, "poisons predictions": [8, 8, 8, 8, 8], "scores": [7.497928902403195e-20, 4.159176564781142e-20, 6.387519162253527e-25, 2.3840401297547942e-07, 2.490394119193111e-23, 4.192536248726064e-11, 1.0, 9.789165245738244e-31, 1.4614540688739908e-09, 0.0], "malicious score": 1.4614540688739908e-09, "camera": {"2": {"prediction": 6, "scores": [2.96798643989331e-21, 8.60805827570735e-22, 9.382021473919349e-17, 0.09612545371055603, 1.5009987962523963e-17, 1.1558784535736777e-05, 0.903862476348877, 3.918894527486985e-24, 9.833589054153435e-09, 7.9858598183407e-41], "malicious score": 9.833589054153435e-09}, "4": {"prediction": 3, "scores": [1.638180910580028e-17, 4.717967829339742e-19, 9.910447610275374e-17, 0.7432665824890137, 1.5483316632253597e-18, 0.02407577447593212, 0.23265434801578522, 1.209700956812477e-21, 2.8281210688874125e-06, 4.608733371025286e-32], "malicious score": 2.8281210688874125e-06}}}, "SENet18": {"clean acc": 91.53000183105469, "prediction": 6, "poisons predictions": [8, 8, 3, 8, 3], "scores": [2.57193931137243e-15, 2.4862353628299217e-24, 1.5825320360818296e-06, 0.005113255698233843, 8.666480425745249e-06, 5.685191126758582e-07, 0.9941273927688599, 1.1791366160534191e-17, 0.0007488506962545216, 4.697419753521559e-13], "malicious score": 0.0007488506962545216, "camera": {"2": {"prediction": 3, "scores": [1.6826911229412406e-13, 5.828596112106714e-21, 0.0011366285616531968, 0.898845911026001, 4.427365638548508e-05, 1.1039523997169454e-06, 9.616111128707416e-06, 6.505315525899644e-15, 0.09996228665113449, 9.191734829869236e-13], "malicious score": 0.09996228665113449}, "4": {"prediction": 3, "scores": [5.721304556308363e-17, 5.5444733736051465e-25, 4.420500854251941e-09, 0.9894530773162842, 1.2296383467003125e-08, 4.445202250735747e-07, 4.640475083730368e-15, 2.2840702378705205e-21, 0.010546895675361156, 1.3630844669404885e-14], "malicious score": 0.010546895675361156}}}, "ResNet50": {"clean acc": 93.10000076293946, "prediction": 6, "poisons predictions": [8, 8, 8, 8, 8], "scores": [5.605193857299268e-45, 1.0911370006312648e-13, 1.134522374297041e-25, 8.750902932466396e-19, 1.1525078359423045e-24, 2.08955196291715e-23, 0.9999446868896484, 1.5880451135029083e-33, 5.626694837701507e-05, 7.285040866119844e-18], "malicious score": 5.626694837701507e-05, "camera": {"2": {"prediction": 8, "scores": [4.599201689760482e-41, 8.859526827442732e-12, 5.0760868867505665e-18, 1.8438173210455489e-10, 2.312210938465446e-21, 5.321899062930846e-13, 6.916510550056265e-13, 3.558287979939095e-30, 1.0, 1.8469658749646536e-23], "malicious score": 1.0}, "4": {"prediction": 8, "scores": [1.6445186157912076e-38, 2.8447227212735626e-11, 4.5848433848835033e-20, 6.952056992304279e-07, 1.654021144014371e-20, 1.6524756281215136e-13, 2.3255231968626403e-14, 2.542051437537398e-31, 0.9999990463256836, 2.016421086015179e-23], "malicious score": 0.9999990463256836}}}, "ResNeXt29_2x64d": {"clean acc": 93.31000137329102, "prediction": 6, "poisons predictions": [8, 8, 8, 8, 8], "scores": [2.758684549488942e-25, 2.45701896328665e-11, 8.023736297775586e-13, 0.14110566675662994, 2.0923192134371973e-16, 7.072363797081845e-17, 0.8588748574256897, 1.2902372617843664e-14, 1.889086706796661e-05, 2.3564485414689104e-21], "malicious score": 1.889086706796661e-05, "camera": {"2": {"prediction": 3, "scores": [4.592356224934449e-26, 7.695648462505068e-19, 7.085235610021501e-12, 0.9999980926513672, 1.4460719080511275e-11, 2.75177645427116e-12, 1.0084669384013978e-06, 1.2812255596739153e-13, 1.5775278825458372e-06, 1.1938034582459386e-20], "malicious score": 1.5775278825458372e-06}, "4": {"prediction": 3, "scores": [2.866368500394202e-25, 1.1737820071146643e-18, 5.00501723399438e-12, 1.0, 3.792310562800161e-11, 1.7709432878487696e-11, 3.055384638628311e-07, 1.0615824625609394e-12, 4.90779314077372e-07, 9.821318072092173e-19], "malicious score": 4.90779314077372e-07}}}, "GoogLeNet": {"clean acc": 91.72000198364258, "prediction": 6, "poisons predictions": [8, 8, 8, 6, 8], "scores": [5.231199926903664e-14, 1.4159078887132637e-07, 0.0012266197009012103, 0.3475417494773865, 2.3421373729348716e-09, 0.009766495786607265, 0.4758839011192322, 3.9147518560156414e-11, 0.16558127105236053, 4.655624410293546e-12], "malicious score": 0.16558127105236053, "camera": {"2": {"prediction": 3, "scores": [3.3357851528768856e-15, 1.9118129301887166e-08, 0.003311124863103032, 0.9740233421325684, 3.948649740515009e-10, 0.009953729808330536, 0.0004269303462933749, 2.6179745356161646e-14, 0.012285027652978897, 5.0597182693623566e-12], "malicious score": 0.012285027652978897}, "4": {"prediction": 3, "scores": [3.2768106956825417e-15, 1.1063880478445753e-08, 0.005198200233280659, 0.9551180005073547, 1.6881522568734653e-10, 0.031942445784807205, 0.00022133471793495119, 2.2564391896845795e-14, 0.007520186249166727, 2.283406623504458e-11], "malicious score": 0.007520186249166727}}}, "MobileNetV2": {"clean acc": 87.55000114440918,