{"args": "Namespace(device='cuda', dset_path='datasets', end2end=False, eval_poisons_root='attack-results-eps0.01/100-overlap/linear-transfer-learning/mean/800', gpu='1', lr_decay_epoch=[30, 45], model_resume_path='model-chks', num_per_class=50, poison_label=8, retrain_bsize=64, retrain_epochs=60, retrain_lr=0.1, retrain_momentum=0.9, retrain_opt='adam', retrain_wd=0, subset_group=0, target_camera=True, target_index_end=12, target_index_start=11, target_index_step=1, target_label=6, target_net=['DPN92', 'SENet18', 'ResNet50', 'ResNeXt29_2x64d', 'GoogLeNet', 'MobileNetV2', 'ResNet18', 'DenseNet121'], target_print_size=[2, 4], test_chk_name='ckpt-%s-4800.t7', train_data_path='datasets/CIFAR10_TRAIN_Split.pth')", "poison_label": 8, "target_label": 6, "targets": {"11": {}, "11": {"800": {"time": 337.0, "coeffs_time": 0, "poisons_time": 4, "target_loss": 0.04427899047732353, "total_loss": 0.5107450485229492, "coeff_list": [[0.20000000298023224, 0.20000000298023224, 0.20000000298023224, 0.20000000298023224, 0.20000000298023224], [0.20000000298023224, 0.20000000298023224, 0.20000000298023224, 0.20000000298023224, 0.20000000298023224], [0.20000000298023224, 0.20000000298023224, 0.20000000298023224, 0.20000000298023224, 0.20000000298023224], [0.20000000298023224, 0.20000000298023224, 0.20000000298023224, 0.20000000298023224, 0.20000000298023224], [0.20000000298023224, 0.20000000298023224, 0.20000000298023224, 0.20000000298023224, 0.20000000298023224], [0.20000000298023224, 0.20000000298023224, 0.20000000298023224, 0.20000000298023224, 0.20000000298023224], [0.20000000298023224, 0.20000000298023224, 0.20000000298023224, 0.20000000298023224, 0.20000000298023224], [0.20000000298023224, 0.20000000298023224, 0.20000000298023224, 0.20000000298023224, 0.20000000298023224], [0.20000000298023224, 0.20000000298023224, 0.20000000298023224, 0.20000000298023224, 0.20000000298023224], [0.20000000298023224, 0.20000000298023224, 0.20000000298023224, 0.20000000298023224, 0.20000000298023224], [0.20000000298023224, 0.20000000298023224, 0.20000000298023224, 0.20000000298023224, 0.20000000298023224], [0.20000000298023224, 0.20000000298023224, 0.20000000298023224, 0.20000000298023224, 0.20000000298023224], [0.20000000298023224, 0.20000000298023224, 0.20000000298023224, 0.20000000298023224, 0.20000000298023224], [0.20000000298023224, 0.20000000298023224, 0.20000000298023224, 0.20000000298023224, 0.20000000298023224], [0.20000000298023224, 0.20000000298023224, 0.20000000298023224, 0.20000000298023224, 0.20000000298023224], [0.20000000298023224, 0.20000000298023224, 0.20000000298023224, 0.20000000298023224, 0.20000000298023224], [0.20000000298023224, 0.20000000298023224, 0.20000000298023224, 0.20000000298023224, 0.20000000298023224], [0.20000000298023224, 0.20000000298023224, 0.20000000298023224, 0.20000000298023224, 0.20000000298023224]], "coeff_list_in_victim": [[0.09012353420257568, 0.04970027506351471, 0.038954589515924454, 0.7789807915687561, 0.04224086180329323]], "victims": {"DPN92": {"clean acc": 93.0100025177002, "prediction": 6, "poisons predictions": [8, 8, 8, 8, 8], "scores": [2.102015226054197e-16, 2.593172769379955e-20, 7.295462324313709e-35, 1.9639385324377013e-18, 6.95521331772446e-37, 1.1097084159205478e-19, 1.0, 3.2235079058764614e-32, 3.4385269631620474e-10, 0.0], "malicious score": 3.4385269631620474e-10, "camera": {"2": {"prediction": 6, "scores": [1.0228292822087037e-13, 4.705981051685659e-18, 1.9345149561568253e-34, 2.3938565634428442e-15, 1.1631397171160491e-30, 2.2639842375708987e-17, 0.9990562796592712, 1.5430038198893575e-30, 0.0009428527555428445, 3.684293922402809e-41], "malicious score": 0.0009428527555428445}, "4": {"prediction": 6, "scores": [4.4264881338259773e-14, 3.942913967640698e-18, 7.284957261908196e-33, 1.3063627362210149e-14, 1.1275208982225739e-31, 2.403563984534852e-16, 0.9999809265136719, 1.620815997580457e-29, 1.8491364244255237e-05, 3.1445137539448895e-42], "malicious score": 1.8491364244255237e-05}}}, "SENet18": {"clean acc": 91.6200008392334, "prediction": 8, "poisons predictions": [8, 8, 8, 8, 8], "scores": [3.338057955049045e-11, 1.23006830108352e-05, 1.1326209303774704e-08, 7.250184239637747e-07, 1.3549042705562897e-06, 8.426412900774949e-10, 0.20609498023986816, 2.4923485852923477e-07, 0.7938901782035828, 6.006539016167878e-11], "malicious score": 0.7938901782035828, "camera": {"2": {"prediction": 8, "scores": [2.935158366357271e-11, 1.4198440201340645e-09, 7.390141970597952e-11, 4.1019015384335944e-07, 3.5799092756860773e-07, 5.856393061470788e-12, 0.00011834772158181295, 4.341520920547737e-09, 0.9998817443847656, 9.046563445461262e-15], "malicious score": 0.9998817443847656}, "4": {"prediction": 8, "scores": [4.668805272944887e-11, 5.243860528025834e-07, 5.713767237125467e-10, 1.4070808447286254e-06, 1.2933026027894812e-06, 8.814813462487692e-11, 0.0002190241211792454, 2.1202272648679354e-07, 0.9997768402099609, 9.414270578378403e-13], "malicious score": 0.9997768402099609}}}, "ResNet50": {"clean acc": 93.6500015258789, "prediction": 6, "poisons predictions": [8, 8, 8, 8, 8], "scores": [1.933701480201717e-36, 2.0146486776474116e-27, 2.955018597510456e-35, 4.948405267070227e-41, 5.558653672229439e-28, 0.0, 0.9998779296875, 6.685132763663116e-32, 0.0001235970703419298, 5.115103732386307e-40], "malicious score": 0.0001235970703419298, "camera": {"2": {"prediction": 6, "scores": [7.928890863236737e-33, 3.0125059152364875e-29, 1.427468470950356e-32, 2.0956937709453478e-35, 1.5769087906715802e-24, 0.0, 0.9844870567321777, 4.223623349645755e-29, 0.015513773076236248, 2.2210192780133425e-37], "malicious score": 0.015513773076236248}, "4": {"prediction": 6, "scores": [1.1144247974744696e-28, 1.1439004513459216e-25, 3.2463579142808244e-27, 6.3192785787211e-30, 7.591651830770531e-24, 0.0, 0.6515730619430542, 4.809045567368827e-24, 0.34842684864997864, 1.6591297548226275e-32], "malicious score": 0.34842684864997864}}}, "ResNeXt29_2x64d": {"clean acc": 93.42000312805176, "prediction": 6, "poisons predictions": [8, 8, 8, 8, 8], "scores": [4.796550405060579e-24, 6.697459808968631e-10, 8.401299596064228e-17, 1.528381262695666e-12, 0.0, 9.770959189232709e-31, 1.0, 2.9464272878721776e-22, 2.3734640919315098e-09, 4.91442866138445e-28], "malicious score": 2.3734640919315098e-09, "camera": {"2": {"prediction": 6, "scores": [1.974593889276805e-15, 7.090318783486982e-12, 4.669998762696359e-11, 7.376373400980185e-10, 1.632659847277166e-39, 2.2039213640548905e-21, 1.0, 4.304707411790501e-15, 2.445419795549242e-07, 6.028335188437695e-22], "malicious score": 2.445419795549242e-07}, "4": {"prediction": 6, "scores": [1.940898071602082e-15, 4.18300116766801e-10, 3.493975386792414e-10, 1.7447798761338618e-09, 8.26766093951642e-43, 3.40799472600904e-22, 0.9999961853027344, 7.0940415407240096e-15, 3.632501602623961e-06, 3.5374634158597384e-20], "malicious score": 3.632501602623961e-06}}}, "GoogLeNet": {"clean acc": 91.5800006866455, "prediction": 6, "poisons predictions": [8, 8, 8, 8, 8], "scores": [8.993222833098002e-13, 8.521188754606612e-10, 5.465915914326658e-12, 1.6950101766610715e-08, 4.443995518799149e-12, 6.260799434443243e-09, 0.9986638426780701, 1.274950284235743e-10, 0.0013361150631681085, 6.500847109465523e-16], "malicious score": 0.0013361150631681085, "camera": {"2": {"prediction": 6, "scores": [1.0962552046689389e-11, 2.889367634040241e-10, 2.2220849604792647e-09, 3.6768716427104664e-07, 3.068559642493973e-11, 2.87674083665479e-07, 0.9997358918190002, 1.219879475211627e-10, 0.00026375273591838777, 2.385808056378034e-14], "malicious score": 0.00026375273591838777}, "4": {"prediction": 6, "scores": [1.0982202994225254e-11, 2.267225740482104e-09, 1.5280425813557486e-09, 4.143802811995556e-07, 4.7535031466594546e-11, 1.3581507118942682e-07, 0.9997215867042542, 1.1887561768286758e-10, 0.000278325576800853, 3.9752567421646665e-14], "malicious score": 0.000278325576800853}}}, "MobileNetV2": {"clean acc": 87.1400016784668, "prediction": 6,