{"args": "Namespace(device='cuda', dset_path='datasets', end2end=False, eval_poisons_root='attack-results-7poisons/100-overlap/linear-transfer-learning/mean/800', gpu='2', lr_decay_epoch=[30, 45], model_resume_path='model-chks', num_per_class=50, poison_label=8, retrain_bsize=64, retrain_epochs=60, retrain_lr=0.1, retrain_momentum=0.9, retrain_opt='adam', retrain_wd=0, subset_group=0, target_camera=True, target_index_end=15, target_index_start=14, target_index_step=1, target_label=6, target_net=['DPN92', 'SENet18', 'ResNet50', 'ResNeXt29_2x64d', 'GoogLeNet', 'MobileNetV2', 'ResNet18', 'DenseNet121'], target_print_size=[2, 4], test_chk_name='ckpt-%s-4800.t7', train_data_path='datasets/CIFAR10_TRAIN_Split.pth')", "poison_label": 8, "target_label": 6, "targets": {"14": {}, "14": {"800": {"time": 379.0, "coeffs_time": 0, "poisons_time": 4, "target_loss": 0.07349919527769089, "total_loss": 0.08568573743104935, "coeff_list": [[0.1428571492433548, 0.1428571492433548, 0.1428571492433548, 0.1428571492433548, 0.1428571492433548, 0.1428571492433548, 0.1428571492433548], [0.1428571492433548, 0.1428571492433548, 0.1428571492433548, 0.1428571492433548, 0.1428571492433548, 0.1428571492433548, 0.1428571492433548], [0.1428571492433548, 0.1428571492433548, 0.1428571492433548, 0.1428571492433548, 0.1428571492433548, 0.1428571492433548, 0.1428571492433548], [0.1428571492433548, 0.1428571492433548, 0.1428571492433548, 0.1428571492433548, 0.1428571492433548, 0.1428571492433548, 0.1428571492433548], [0.1428571492433548, 0.1428571492433548, 0.1428571492433548, 0.1428571492433548, 0.1428571492433548, 0.1428571492433548, 0.1428571492433548], [0.1428571492433548, 0.1428571492433548, 0.1428571492433548, 0.1428571492433548, 0.1428571492433548, 0.1428571492433548, 0.1428571492433548], [0.1428571492433548, 0.1428571492433548, 0.1428571492433548, 0.1428571492433548, 0.1428571492433548, 0.1428571492433548, 0.1428571492433548], [0.1428571492433548, 0.1428571492433548, 0.1428571492433548, 0.1428571492433548, 0.1428571492433548, 0.1428571492433548, 0.1428571492433548], [0.1428571492433548, 0.1428571492433548, 0.1428571492433548, 0.1428571492433548, 0.1428571492433548, 0.1428571492433548, 0.1428571492433548], [0.1428571492433548, 0.1428571492433548, 0.1428571492433548, 0.1428571492433548, 0.1428571492433548, 0.1428571492433548, 0.1428571492433548], [0.1428571492433548, 0.1428571492433548, 0.1428571492433548, 0.1428571492433548, 0.1428571492433548, 0.1428571492433548, 0.1428571492433548], [0.1428571492433548, 0.1428571492433548, 0.1428571492433548, 0.1428571492433548, 0.1428571492433548, 0.1428571492433548, 0.1428571492433548], [0.1428571492433548, 0.1428571492433548, 0.1428571492433548, 0.1428571492433548, 0.1428571492433548, 0.1428571492433548, 0.1428571492433548], [0.1428571492433548, 0.1428571492433548, 0.1428571492433548, 0.1428571492433548, 0.1428571492433548, 0.1428571492433548, 0.1428571492433548], [0.1428571492433548, 0.1428571492433548, 0.1428571492433548, 0.1428571492433548, 0.1428571492433548, 0.1428571492433548, 0.1428571492433548], [0.1428571492433548, 0.1428571492433548, 0.1428571492433548, 0.1428571492433548, 0.1428571492433548, 0.1428571492433548, 0.1428571492433548], [0.1428571492433548, 0.1428571492433548, 0.1428571492433548, 0.1428571492433548, 0.1428571492433548, 0.1428571492433548, 0.1428571492433548], [0.1428571492433548, 0.1428571492433548, 0.1428571492433548, 0.1428571492433548, 0.1428571492433548, 0.1428571492433548, 0.1428571492433548]], "coeff_list_in_victim": [[0.0, 0.0, 0.0, 0.7097868919372559, 0.0, 0.0, 0.29021313786506653]], "victims": {"DPN92": {"clean acc": 92.52000160217285, "prediction": 8, "poisons predictions": [8, 6, 8, 8, 8, 8, 8], "scores": [3.7497050215841993e-32, 1.6711328794187044e-27, 1.0732489218677868e-22, 3.9201995605253614e-07, 7.834886236169374e-22, 4.020615597255528e-05, 0.04632873460650444, 1.0888373363236271e-36, 0.9536299109458923, 0.0], "malicious score": 0.9536299109458923, "camera": {"2": {"prediction": 5, "scores": [5.628305155303514e-33, 2.7929083510672924e-39, 4.868906846473289e-17, 0.0004749324289150536, 8.108612437961514e-21, 0.9995137453079224, 3.5514965475158533e-06, 4.596694374444235e-37, 6.918995950400131e-06, 8.35454144430456e-42], "malicious score": 6.918995950400131e-06}, "4": {"prediction": 8, "scores": [4.3711191055444474e-27, 1.8902437726061944e-33, 9.691489183051006e-22, 0.00027945489273406565, 1.8977340787492084e-20, 0.11582377552986145, 0.13241349160671234, 2.184763009767505e-34, 0.7514838576316833, 4.484155085839415e-44], "malicious score": 0.7514838576316833}}}, "SENet18": {"clean acc": 90.7900016784668, "prediction": 8, "poisons predictions": [8, 8, 5, 8, 8, 8, 8], "scores": [7.027560499674179e-13, 5.33897829479313e-21, 8.287065953470655e-16, 3.145385861491601e-12, 1.0372788045165393e-10, 9.969445269319976e-10, 0.03170936182141304, 2.6525814221952034e-21, 0.9682908654212952, 2.3174624112082265e-12], "malicious score": 0.9682908654212952, "camera": {"2": {"prediction": 8, "scores": [2.720420733740922e-21, 9.355643080202852e-40, 2.265466189210058e-13, 1.5527836449372862e-13, 3.1017048738452013e-12, 7.01857345575263e-07, 0.013768396340310574, 1.3081952652381424e-33, 0.9862311482429504, 1.0851099207544179e-13], "malicious score": 0.9862311482429504}, "4": {"prediction": 8, "scores": [3.9316431697367425e-21, 1.0522374831468024e-37, 3.7844307223568185e-13, 2.101610552251998e-12, 4.517348300980828e-11, 3.5625911550596356e-05, 0.05680041015148163, 3.325350973190178e-32, 0.9431635737419128, 1.4149600761903525e-11], "malicious score": 0.9431635737419128}}}, "ResNet50": {"clean acc": 94.05000190734863, "prediction": 8, "poisons predictions": [8, 8, 8, 8, 8, 8, 8], "scores": [9.944179867792568e-34, 1.446737100880638e-33, 1.0521914219057606e-33, 6.523419928181444e-26, 9.695229019263713e-36, 1.6815581571897805e-44, 2.5396086130058393e-05, 0.0, 0.9999752044677734, 2.8324851988817294e-27], "malicious score": 0.9999752044677734, "camera": {"2": {"prediction": 8, "scores": [7.674890147025422e-27, 5.026031220704909e-32, 2.6997164110866554e-19, 7.329114041773404e-17, 8.745859345222731e-35, 2.233148267823902e-17, 2.6532734409556724e-07, 1.2501391378094812e-38, 1.0, 7.658711003057196e-21], "malicious score": 1.0}, "4": {"prediction": 8, "scores": [3.759116205681035e-31, 2.1142931795439147e-33, 1.0333186445572355e-23, 5.758562590895099e-20, 5.55389652441573e-39, 2.365963182518525e-26, 0.00011694818385876715, 1.042005538071934e-41, 0.999882698059082, 1.5247760302815313e-24], "malicious score": 0.999882698059082}}}, "ResNeXt29_2x64d": {"clean acc": 92.88000106811523, "prediction": 8, "poisons predictions": [8, 8, 8, 8, 8, 8, 8], "scores": [5.791903993832031e-32, 3.3991408654705323e-29, 2.137607148580689e-12, 3.8049116402082486e-14, 1.8284030258633067e-38, 7.351402257942523e-17, 0.005525163374841213, 7.28087741489008e-32, 0.994474470615387, 1.449539394037105e-16], "malicious score": 0.994474470615387, "camera": {"2": {"prediction": 8, "scores": [1.0285770720565162e-28, 5.305435712874549e-37, 3.839317841425327e-08, 5.9537483450278206e-12, 4.3113698253217556e-27, 0.0010188710875809193, 0.020469648763537407, 8.25000021424048e-32, 0.9785114526748657, 3.7816744093838173e-13], "malicious score": 0.9785114526748657}, "4": {"prediction": 8, "scores": [7.027968888425071e-30, 7.893539271127074e-36, 1.3080808658472165e-10, 2.9228661591745864e-12, 1.9995805869485148e-27, 1.8520457842896576e-06, 0.012009146623313427, 7.282710598330187e-32, 0.9879896640777588, 1.89313503567122e-13], "malicious score": 0.9879896640777588}}}, "GoogLeNet": {"clean acc": 92.5000015258789, "prediction": 8, "poisons predictions": [8, 8, 8, 6, 8, 8, 8], "scores": [1.4665695144844976e-13, 1.9327766054288986e-09, 3.6395476854522713e-06, 0.007270528003573418, 1.5366551087137026e-10, 0.01703735999763012, 0.011661029420793056, 1.4781150478940241e-12, 0.9640275835990906, 3.862396860676576e-11], "malicious score": 0.9640275835990906, "camera": {"2": {"prediction": 5,