{"args": "Namespace(device='cuda', dset_path='datasets', end2end=False, eval_poisons_root='attack-results-eps0.01/100-overlap/linear-transfer-learning/mean/800', gpu='1', lr_decay_epoch=[30, 45], model_resume_path='model-chks', num_per_class=50, poison_label=8, retrain_bsize=64, retrain_epochs=60, retrain_lr=0.1, retrain_momentum=0.9, retrain_opt='adam', retrain_wd=0, subset_group=0, target_camera=True, target_index_end=41, target_index_start=40, target_index_step=1, target_label=6, target_net=['DPN92', 'SENet18', 'ResNet50', 'ResNeXt29_2x64d', 'GoogLeNet', 'MobileNetV2', 'ResNet18', 'DenseNet121'], target_print_size=[2, 4], test_chk_name='ckpt-%s-4800.t7', train_data_path='datasets/CIFAR10_TRAIN_Split.pth')", "poison_label": 8, "target_label": 6, "targets": {"40": {}, "40": {"800": {"time": 562.0, "coeffs_time": 0, "poisons_time": 23, "target_loss": 0.01682445965707302, "total_loss": 0.48974573612213135, "coeff_list": [[0.20000000298023224, 0.20000000298023224, 0.20000000298023224, 0.20000000298023224, 0.20000000298023224], [0.20000000298023224, 0.20000000298023224, 0.20000000298023224, 0.20000000298023224, 0.20000000298023224], [0.20000000298023224, 0.20000000298023224, 0.20000000298023224, 0.20000000298023224, 0.20000000298023224], [0.20000000298023224, 0.20000000298023224, 0.20000000298023224, 0.20000000298023224, 0.20000000298023224], [0.20000000298023224, 0.20000000298023224, 0.20000000298023224, 0.20000000298023224, 0.20000000298023224], [0.20000000298023224, 0.20000000298023224, 0.20000000298023224, 0.20000000298023224, 0.20000000298023224], [0.20000000298023224, 0.20000000298023224, 0.20000000298023224, 0.20000000298023224, 0.20000000298023224], [0.20000000298023224, 0.20000000298023224, 0.20000000298023224, 0.20000000298023224, 0.20000000298023224], [0.20000000298023224, 0.20000000298023224, 0.20000000298023224, 0.20000000298023224, 0.20000000298023224], [0.20000000298023224, 0.20000000298023224, 0.20000000298023224, 0.20000000298023224, 0.20000000298023224], [0.20000000298023224, 0.20000000298023224, 0.20000000298023224, 0.20000000298023224, 0.20000000298023224], [0.20000000298023224, 0.20000000298023224, 0.20000000298023224, 0.20000000298023224, 0.20000000298023224], [0.20000000298023224, 0.20000000298023224, 0.20000000298023224, 0.20000000298023224, 0.20000000298023224], [0.20000000298023224, 0.20000000298023224, 0.20000000298023224, 0.20000000298023224, 0.20000000298023224], [0.20000000298023224, 0.20000000298023224, 0.20000000298023224, 0.20000000298023224, 0.20000000298023224], [0.20000000298023224, 0.20000000298023224, 0.20000000298023224, 0.20000000298023224, 0.20000000298023224], [0.20000000298023224, 0.20000000298023224, 0.20000000298023224, 0.20000000298023224, 0.20000000298023224], [0.20000000298023224, 0.20000000298023224, 0.20000000298023224, 0.20000000298023224, 0.20000000298023224]], "coeff_list_in_victim": [[0.08480249345302582, 0.0, 0.0022974275052547455, 0.9129000902175903, 0.0]], "victims": {"DPN92": {"clean acc": 92.6500015258789, "prediction": 6, "poisons predictions": [8, 8, 8, 8, 8], "scores": [1.3625403060504434e-19, 2.138893710496331e-29, 2.7683121999020774e-38, 8.67602414459432e-17, 1.4463662622940199e-27, 7.202389289506275e-19, 1.0, 0.0, 6.390687423696306e-10, 0.0], "malicious score": 6.390687423696306e-10, "camera": {}}, "SENet18": {"clean acc": 91.27000198364257, "prediction": 6, "poisons predictions": [8, 8, 8, 8, 8], "scores": [1.1778975502810182e-29, 1.8892724457883367e-16, 6.88238856860813e-24, 1.9621712610589817e-18, 6.309093059184839e-14, 1.0825484730048884e-17, 1.0, 7.587212839017609e-19, 6.709566848514883e-14, 2.2989760264532325e-27], "malicious score": 6.709566848514883e-14, "camera": {}}, "ResNet50": {"clean acc": 94.09000167846679, "prediction": 6, "poisons predictions": [8, 8, 8, 8, 8], "scores": [0.0, 2.2445926508365358e-32, 6.842100050811469e-32, 1.401298464324817e-45, 2.2361150179540052e-39, 8.955222180842575e-32, 1.0, 2.847741029231605e-26, 1.1200158266382477e-14, 4.6268086708061453e-39], "malicious score": 1.1200158266382477e-14, "camera": {}}, "ResNeXt29_2x64d": {"clean acc": 93.67000122070313, "prediction": 6, "poisons predictions": [8, 8, 8, 8, 8], "scores": [5.52977044337179e-33, 2.1470139713182704e-19, 1.2264336331478814e-20, 4.522449689042807e-12, 6.137687273742699e-43, 6.678440988767554e-21, 1.0, 1.8325064288296807e-33, 5.769665344448893e-13, 2.7223343320144236e-26], "malicious score": 5.769665344448893e-13, "camera": {}}, "GoogLeNet": {"clean acc": 91.81000213623047, "prediction": 6, "poisons predictions": [8, 8, 8, 8, 8], "scores": [5.052149313799048e-19, 2.8859654666035794e-09, 2.520287771644455e-16, 3.584122865163408e-08, 3.5489462930915483e-12, 6.19855486383436e-11, 0.9998111724853516, 8.867696345022519e-15, 0.00018924992764368653, 3.359067039278296e-13], "malicious score": 0.00018924992764368653, "camera": {}}, "MobileNetV2": {"clean acc": 87.31000175476075, "prediction": 6, "poisons predictions": [8, 8, 8, 6, 6], "scores": [9.640367931024185e-14, 1.2938250332581479e-22, 3.69037813206948e-15, 1.0954646967320514e-08, 3.432715631343295e-32, 1.04010428199873e-13, 0.9980887770652771, 1.9802083479060068e-20, 0.001910530962049961, 1.0035598005986099e-26], "malicious score": 0.001910530962049961, "camera": {}}, "ResNet18": {"clean acc": 92.60000190734863, "prediction": 6, "poisons predictions": [8, 8, 8, 8, 8], "scores": [1.3302428324464166e-24, 1.0920282456083896e-09, 2.3161504346003436e-19, 2.9259692269079096e-07, 1.0361358887169093e-25, 3.381945060370456e-14, 0.9999780654907227, 1.4898584270242056e-16, 2.1655800082953647e-05, 4.748228164098463e-19], "malicious score": 2.1655800082953647e-05, "camera": {}}, "DenseNet121": {"clean acc": 93.0400016784668, "prediction": 6, "poisons predictions": [8, 8, 8, 8, 8], "scores": [8.655320726802529e-08, 2.355739381343369e-09, 4.833670130821588e-10, 2.392136480011686e-07, 2.5269550008033548e-08, 4.015731519757537e-06, 0.9988038539886475, 2.3759229502730047e-17, 0.0011916968505829573, 1.3218809727377767e-13], "malicious score": 0.0011916968505829573, "camera": {}}}}}}, "poison_idx_list": [213, 225, 227, 247, 249]}