{"args": "Namespace(device='cuda', dset_path='datasets', end2end=False, eval_poisons_root='attack-results-3poisons/100-overlap/linear-transfer-learning/mean/800', gpu='0', lr_decay_epoch=[30, 45], model_resume_path='model-chks', num_per_class=50, poison_label=8, retrain_bsize=64, retrain_epochs=60, retrain_lr=0.1, retrain_momentum=0.9, retrain_opt='adam', retrain_wd=0, subset_group=0, target_camera=True, target_index_end=2, target_index_start=1, target_index_step=1, target_label=6, target_net=['DPN92', 'SENet18', 'ResNet50', 'ResNeXt29_2x64d', 'GoogLeNet', 'MobileNetV2', 'ResNet18', 'DenseNet121'], target_print_size=[2, 4], test_chk_name='ckpt-%s-4800.t7', train_data_path='datasets/CIFAR10_TRAIN_Split.pth')", "poison_label": 8, "target_label": 6, "targets": {"1": {}, "1": {"800": {"time": 344.0, "coeffs_time": 0, "poisons_time": 4, "target_loss": 0.02952888421714306, "total_loss": 0.09127291291952133, "coeff_list": [[0.3333333432674408, 0.3333333432674408, 0.3333333432674408], [0.3333333432674408, 0.3333333432674408, 0.3333333432674408], [0.3333333432674408, 0.3333333432674408, 0.3333333432674408], [0.3333333432674408, 0.3333333432674408, 0.3333333432674408], [0.3333333432674408, 0.3333333432674408, 0.3333333432674408], [0.3333333432674408, 0.3333333432674408, 0.3333333432674408], [0.3333333432674408, 0.3333333432674408, 0.3333333432674408], [0.3333333432674408, 0.3333333432674408, 0.3333333432674408], [0.3333333432674408, 0.3333333432674408, 0.3333333432674408], [0.3333333432674408, 0.3333333432674408, 0.3333333432674408], [0.3333333432674408, 0.3333333432674408, 0.3333333432674408], [0.3333333432674408, 0.3333333432674408, 0.3333333432674408], [0.3333333432674408, 0.3333333432674408, 0.3333333432674408], [0.3333333432674408, 0.3333333432674408, 0.3333333432674408], [0.3333333432674408, 0.3333333432674408, 0.3333333432674408], [0.3333333432674408, 0.3333333432674408, 0.3333333432674408], [0.3333333432674408, 0.3333333432674408, 0.3333333432674408], [0.3333333432674408, 0.3333333432674408, 0.3333333432674408]], "coeff_list_in_victim": [[0.0, 0.0, 1.0]], "victims": {"DPN92": {"clean acc": 92.55000114440918, "prediction": 6, "poisons predictions": [8, 8, 8], "scores": [3.8730824103438977e-13, 1.8646077198670183e-15, 0.0, 1.4977385465860798e-17, 1.2896919337877123e-35, 1.8966012792224765e-24, 0.9992983341217041, 1.1549389839087996e-36, 0.0006998339085839689, 0.0], "malicious score": 0.0006998339085839689, "camera": {"2": {"prediction": 6, "scores": [4.864291681581055e-14, 2.385923218476339e-24, 1.4359777987199276e-39, 7.812899632808623e-12, 8.265189791346007e-23, 1.7889046001924185e-16, 1.0, 5.170445212637887e-39, 7.464589656027559e-14, 0.0], "malicious score": 7.464589656027559e-14}, "4": {"prediction": 6, "scores": [1.8134235446609637e-08, 2.7029330062961444e-18, 0.0, 1.4347175789105888e-18, 2.3744212881525107e-30, 1.4159504201527128e-23, 0.999908447265625, 2.2191319419792636e-36, 9.303013939643279e-05, 0.0], "malicious score": 9.303013939643279e-05}}}, "SENet18": {"clean acc": 91.58000144958496, "prediction": 8, "poisons predictions": [6, 8, 8], "scores": [9.530479042273056e-20, 3.199642804579233e-17, 3.601816128811803e-20, 5.7928600203380545e-15, 2.1168226893575337e-11, 1.1956346083010806e-14, 5.807813795399852e-05, 9.622309866215081e-14, 0.9999427795410156, 7.277524970725289e-15], "malicious score": 0.9999427795410156, "camera": {"2": {"prediction": 8, "scores": [8.071925350350284e-08, 6.004631470865607e-13, 8.120041097847697e-12, 0.009918924421072006, 0.1076536625623703, 3.026395800631576e-11, 0.0003946335054934025, 4.1615570012254466e-07, 0.8820324540138245, 7.964696463401999e-17], "malicious score": 0.8820324540138245}, "4": {"prediction": 8, "scores": [3.652075725711114e-15, 3.4294860550845244e-15, 1.836087151128987e-20, 2.424167420619905e-12, 4.84702482594912e-08, 2.0865781912111914e-18, 2.6600204364513047e-05, 6.757981327321083e-12, 0.9999732971191406, 7.849095829882939e-22], "malicious score": 0.9999732971191406}}}, "ResNet50": {"clean acc": 93.77000160217285, "prediction": 8, "poisons predictions": [8, 8, 8], "scores": [1.9796238802302398e-23, 1.4836079335223282e-39, 6.825724819726184e-42, 0.0, 1.8929370240408575e-39, 9.06353990777482e-34, 0.0004494460590649396, 7.974554428294783e-30, 0.9995499849319458, 3.925315066394579e-23], "malicious score": 0.9995499849319458, "camera": {"2": {"prediction": 0, "scores": [0.9715542197227478, 0.0, 2.85538384180075e-40, 0.02844681404531002, 2.0138443240264956e-17, 7.441659243300634e-18, 2.8852946124831553e-31, 1.163806724584152e-28, 2.7369344217368343e-25, 8.340994588707125e-28], "malicious score": 2.7369344217368343e-25}, "4": {"prediction": 6, "scores": [0.4678496718406677, 1.3156664272337056e-34, 4.43965935017434e-30, 1.4629344315431039e-36, 3.937051319860101e-26, 3.862866943871111e-23, 0.5256388783454895, 2.1134856269051113e-19, 0.00651099719107151, 2.4388336754523577e-18], "malicious score": 0.00651099719107151}}}, "ResNeXt29_2x64d": {"clean acc": 93.01000137329102, "prediction": 8, "poisons predictions": [8, 8, 8], "scores": [1.8487953272124437e-19, 0.00028295861557126045, 2.613301285439573e-13, 2.998696291278691e-10, 1.2494397497459366e-40, 1.838759119541963e-26, 2.854946160368854e-06, 2.1683007819583172e-17, 0.9997139573097229, 3.1053938852896104e-15], "malicious score": 0.9997139573097229, "camera": {"2": {"prediction": 3, "scores": [1.5141491576178834e-12, 4.205388748346195e-08, 1.6127458187810938e-14, 1.0, 1.5026486907021946e-17, 3.3003414562457234e-17, 2.707816690872278e-07, 1.5636335739794016e-18, 9.818340903483807e-15, 4.154443819887147e-16], "malicious score": 9.818340903483807e-15}, "4": {"prediction": 8, "scores": [1.505853886030195e-09, 0.12228774279356003, 7.887469150036353e-11, 0.000270959542831406, 1.293340116515404e-24, 2.0125455263876954e-18, 0.007605741266161203, 5.526800805205623e-13, 0.869835615158081, 2.4591146827179777e-11], "malicious score": 0.869835615158081}}}, "GoogLeNet": {"clean acc": 91.85000114440918, "prediction": 6, "poisons predictions": [6, 8, 8], "scores": [9.812370360684497e-11, 0.00010369130177423358, 1.941958048632276e-14, 5.6246585700137075e-06, 5.6487108324176916e-09, 6.967106713773319e-08, 0.57366544008255, 6.967042914807209e-11, 0.4262251853942871, 8.505713910977875e-10], "malicious score": 0.4262251853942871, "camera": {"2": {"prediction": 3, "scores": [4.4099280671616725e-07, 3.4868706279667094e-05, 5.269498433335684e-05, 0.9771820902824402, 0.006243539042770863, 0.0038280156441032887, 0.0126577103510499, 2.162791279403109e-09, 8.602149819125771e-07, 2.3815574512475735e-10], "malicious score": 8.602149819125771e-07}, "4": {"prediction": 8, "scores": [1.4517013369186316e-07, 0.002665386302396655, 4.007322331744945e-06, 0.09561601281166077, 8.156403964676429e-06, 4.9512174882693216e-05, 0.24838855862617493, 1.4142899090074934e-05, 0.6532540917396545, 2.0478604922935517e-10], "malicious score": 0.6532540917396545}}}, "MobileNetV2": {"clean acc": 87.3900016784668, "prediction": 6, "poisons predictions": [6, 8, 8], "scores": [3.519435054499809e-08, 1.6170652594738044e-09, 5.318198138815067e-12, 0.0008971758070401847, 2.6222699454518626e-27, 2.605880980360094e-16, 0.6347221732139587, 1.087444511328132e-25, 0.36438044905662537, 3.4774225721179164e-09], "malicious score": 0.36438044905662537, "camera": {"2": {"prediction": 3, "scores": [6.756845687050372e-05, 3.636916885273872e-14, 1.9467352103674784e-06, 0.8990808129310608, 1.4301406984186462e-15, 3.6283313420426566e-07, 0.10058587789535522, 1.5724588565789585e-15, 0.00026390820858068764, 2.4025720302134346e-10], "malicious score": 0.00026390820858068764}, "4": {"prediction": 6, "scores": [0.00403939001262188, 1.8282049485396357e-11, 1.599208587776957e-08, 0.032259803265333176, 2.0440159769052257e-22, 1.6147559678270085e-10, 0.9042418599128723, 7.41023612524521e-20, 0.05945851653814316, 1.0306721448527512e-10], "malicious score": 0.05945851653814316}}}, "ResNet18": {"clean acc": 92.86000137329101,