{"args": "Namespace(device='cuda', dset_path='datasets', end2end=False, eval_poisons_root='attack-results-eps0.05/100-overlap/linear-transfer-learning/mean/800', gpu='2', lr_decay_epoch=[30, 45], model_resume_path='model-chks', num_per_class=50, poison_label=8, retrain_bsize=64, retrain_epochs=60, retrain_lr=0.1, retrain_momentum=0.9, retrain_opt='adam', retrain_wd=0, subset_group=0, target_camera=True, target_index_end=19, target_index_start=18, target_index_step=1, target_label=6, target_net=['DPN92', 'SENet18', 'ResNet50', 'ResNeXt29_2x64d', 'GoogLeNet', 'MobileNetV2', 'ResNet18', 'DenseNet121'], target_print_size=[2, 4], test_chk_name='ckpt-%s-4800.t7', train_data_path='datasets/CIFAR10_TRAIN_Split.pth')", "poison_label": 8, "target_label": 6, "targets": {"18": {}, "18": {"800": {"time": 444.0, "coeffs_time": 0, "poisons_time": 7, "target_loss": 0.00870837364345789, "total_loss": 0.09774307161569595, "coeff_list": [[0.20000000298023224, 0.20000000298023224, 0.20000000298023224, 0.20000000298023224, 0.20000000298023224], [0.20000000298023224, 0.20000000298023224, 0.20000000298023224, 0.20000000298023224, 0.20000000298023224], [0.20000000298023224, 0.20000000298023224, 0.20000000298023224, 0.20000000298023224, 0.20000000298023224], [0.20000000298023224, 0.20000000298023224, 0.20000000298023224, 0.20000000298023224, 0.20000000298023224], [0.20000000298023224, 0.20000000298023224, 0.20000000298023224, 0.20000000298023224, 0.20000000298023224], [0.20000000298023224, 0.20000000298023224, 0.20000000298023224, 0.20000000298023224, 0.20000000298023224], [0.20000000298023224, 0.20000000298023224, 0.20000000298023224, 0.20000000298023224, 0.20000000298023224], [0.20000000298023224, 0.20000000298023224, 0.20000000298023224, 0.20000000298023224, 0.20000000298023224], [0.20000000298023224, 0.20000000298023224, 0.20000000298023224, 0.20000000298023224, 0.20000000298023224], [0.20000000298023224, 0.20000000298023224, 0.20000000298023224, 0.20000000298023224, 0.20000000298023224], [0.20000000298023224, 0.20000000298023224, 0.20000000298023224, 0.20000000298023224, 0.20000000298023224], [0.20000000298023224, 0.20000000298023224, 0.20000000298023224, 0.20000000298023224, 0.20000000298023224], [0.20000000298023224, 0.20000000298023224, 0.20000000298023224, 0.20000000298023224, 0.20000000298023224], [0.20000000298023224, 0.20000000298023224, 0.20000000298023224, 0.20000000298023224, 0.20000000298023224], [0.20000000298023224, 0.20000000298023224, 0.20000000298023224, 0.20000000298023224, 0.20000000298023224], [0.20000000298023224, 0.20000000298023224, 0.20000000298023224, 0.20000000298023224, 0.20000000298023224], [0.20000000298023224, 0.20000000298023224, 0.20000000298023224, 0.20000000298023224, 0.20000000298023224], [0.20000000298023224, 0.20000000298023224, 0.20000000298023224, 0.20000000298023224, 0.20000000298023224]], "coeff_list_in_victim": [[0.0, 0.09846322983503342, 0.0, 0.3735497295856476, 0.5279871225357056]], "victims": {"DPN92": {"clean acc": 91.89000129699707, "prediction": 8, "poisons predictions": [8, 8, 8, 8, 8], "scores": [1.2044293725921307e-05, 5.700882252806011e-20, 2.7901982291682994e-28, 1.0911525013341996e-15, 3.0953308334214144e-29, 1.1092881774732153e-21, 3.302281781358829e-09, 1.5212405444454652e-28, 0.9999885559082031, 0.0], "malicious score": 0.9999885559082031, "camera": {"2": {"prediction": 3, "scores": [1.5507473777320868e-13, 9.523062981023956e-28, 2.8581997879584264e-11, 0.9972590804100037, 9.204632922429597e-16, 0.0011875524651259184, 0.0015534877311438322, 3.6347934091976395e-26, 7.753404862587132e-11, 6.266618355390564e-35], "malicious score": 7.753404862587132e-11}, "4": {"prediction": 8, "scores": [2.244084134872537e-05, 3.502635092490467e-18, 5.65637484868989e-17, 3.822514190687798e-05, 9.60063866006047e-22, 1.6243102696211764e-10, 9.80510321824113e-07, 1.897257383609482e-19, 0.99993896484375, 1.8023333140745587e-35], "malicious score": 0.99993896484375}}}, "SENet18": {"clean acc": 91.6500015258789, "prediction": 6, "poisons predictions": [8, 8, 8, 6, 8], "scores": [1.211889752994466e-07, 2.557345446518866e-09, 2.437244017716722e-10, 6.5328147336174425e-09, 1.7326490706182085e-05, 2.6727774507517843e-11, 0.998513400554657, 7.10726033689886e-15, 0.001469777780584991, 1.7441672315942025e-17], "malicious score": 0.001469777780584991, "camera": {"2": {"prediction": 6, "scores": [5.207912226468103e-11, 1.2414089728668404e-16, 9.757439647928301e-12, 1.433857732990873e-06, 0.0002551045618019998, 9.083835902856663e-05, 0.9996357560157776, 5.623526860411336e-23, 1.6786460037110373e-05, 3.167226897415887e-12], "malicious score": 1.6786460037110373e-05}, "4": {"prediction": 6, "scores": [1.659881121440776e-08, 3.2763093453513914e-12, 1.7144979880256983e-10, 5.398333158268542e-08, 0.00012148075620643795, 2.054967325193502e-07, 0.9994375109672546, 8.10212760045304e-19, 0.00044079081271775067, 5.58834188234443e-14], "malicious score": 0.00044079081271775067}}}, "ResNet50": {"clean acc": 93.54000129699708, "prediction": 8, "poisons predictions": [8, 8, 8, 8, 8], "scores": [4.445100691772242e-22, 4.542841465525338e-40, 8.561520699298788e-30, 1.1093869547407663e-26, 5.785984125814691e-25, 1.8942662344079928e-16, 0.053874872624874115, 1.1554886652018178e-23, 0.9461256861686707, 9.762250551123217e-14], "malicious score": 0.9461256861686707, "camera": {"2": {"prediction": 6, "scores": [5.24345785723865e-25, 1.2989787445268282e-36, 1.0172431929088501e-39, 1.9824260191282614e-17, 3.2444505166167404e-20, 5.401502356505716e-09, 1.0, 9.316654918850404e-23, 1.770268056588975e-07, 2.8649292783771135e-15], "malicious score": 1.770268056588975e-07}, "4": {"prediction": 6, "scores": [2.202751830431246e-22, 1.3142218548791404e-34, 4.579275225597783e-40, 1.5596438833617114e-16, 2.4728324188349904e-24, 6.239838967303513e-06, 0.9759336709976196, 1.0233100471742376e-19, 0.024060441181063652, 4.627099148279967e-09], "malicious score": 0.024060441181063652}}}, "ResNeXt29_2x64d": {"clean acc": 92.80000152587891, "prediction": 8, "poisons predictions": [8, 8, 8, 8, 8], "scores": [9.757273033983438e-08, 2.085167372101182e-09, 3.6321813240647316e-05, 0.0915498360991478, 1.4911654241487448e-32, 1.6623370990956387e-15, 0.003819755744189024, 6.6543636920157745e-12, 0.9045937657356262, 1.3020407235025955e-12], "malicious score": 0.9045937657356262, "camera": {"2": {"prediction": 6, "scores": [1.1404505864880083e-16, 6.413903790045909e-28, 1.706124130862463e-10, 0.010790564119815826, 2.5735370214889207e-24, 4.611238637153292e-06, 0.9892049431800842, 1.8450090897120348e-22, 9.451796712921928e-14, 1.4461813054479357e-16], "malicious score": 9.451796712921928e-14}, "4": {"prediction": 6, "scores": [2.3691682296544947e-12, 7.498615203817673e-20, 1.2545954177767271e-06, 0.28018152713775635, 9.210953710665849e-24, 6.813406230321561e-07, 0.7198163270950317, 2.9102798458895823e-14, 9.703025938279097e-08, 2.0684075654510414e-13], "malicious score": 9.703025938279097e-08}}}, "GoogLeNet": {"clean acc": 91.63000106811523, "prediction": 8, "poisons predictions": [8, 8, 6, 8, 8], "scores": [6.587321621509545e-08, 4.234013431414496e-06, 1.0836695452098866e-07, 6.838703848188743e-05, 1.7129436974752665e-12, 3.5889972878067056e-06, 0.0033273573499172926, 7.21548655713271e-17, 0.9965963959693909, 8.97805484470493e-13], "malicious score": 0.9965963959693909, "camera": {"2": {"prediction": 6, "scores": [1.0195951460900687e-07, 8.435185350208485e-08, 4.097268515579344e-07, 0.04989682137966156, 3.777749668643082e-07, 0.0001785278582246974, 0.9294477105140686, 5.024768320306368e-16, 0.020475851371884346, 1.5471410819145603e-08], "malicious score": 0.020475851371884346}, "4": {"prediction": 6, "scores": [2.929314177890774e-07, 2.458590870446642e-06, 6.625783157687692e-07, 0.020427778363227844, 1.981802721928716e-09, 4.629993327398552e-06, 0.5776155591011047, 3.0944864726212273e-14, 0.40194860100746155, 1.4590059160823898e-09], "malicious score": 0.40194860100746155}}},