{"args": "Namespace(device='cuda', dset_path='datasets', end2end=False, eval_poisons_root='attack-results-3poisons/100-overlap/linear-transfer-learning/mean/800', gpu='0', lr_decay_epoch=[30, 45], model_resume_path='model-chks', num_per_class=50, poison_label=8, retrain_bsize=64, retrain_epochs=60, retrain_lr=0.1, retrain_momentum=0.9, retrain_opt='adam', retrain_wd=0, subset_group=0, target_camera=True, target_index_end=7, target_index_start=6, target_index_step=1, target_label=6, target_net=['DPN92', 'SENet18', 'ResNet50', 'ResNeXt29_2x64d', 'GoogLeNet', 'MobileNetV2', 'ResNet18', 'DenseNet121'], target_print_size=[2, 4], test_chk_name='ckpt-%s-4800.t7', train_data_path='datasets/CIFAR10_TRAIN_Split.pth')", "poison_label": 8, "target_label": 6, "targets": {"6": {}, "6": {"800": {"time": 361.0, "coeffs_time": 0, "poisons_time": 4, "target_loss": 0.01305817998945713, "total_loss": 0.07954880595207214, "coeff_list": [[0.3333333432674408, 0.3333333432674408, 0.3333333432674408], [0.3333333432674408, 0.3333333432674408, 0.3333333432674408], [0.3333333432674408, 0.3333333432674408, 0.3333333432674408], [0.3333333432674408, 0.3333333432674408, 0.3333333432674408], [0.3333333432674408, 0.3333333432674408, 0.3333333432674408], [0.3333333432674408, 0.3333333432674408, 0.3333333432674408], [0.3333333432674408, 0.3333333432674408, 0.3333333432674408], [0.3333333432674408, 0.3333333432674408, 0.3333333432674408], [0.3333333432674408, 0.3333333432674408, 0.3333333432674408], [0.3333333432674408, 0.3333333432674408, 0.3333333432674408], [0.3333333432674408, 0.3333333432674408, 0.3333333432674408], [0.3333333432674408, 0.3333333432674408, 0.3333333432674408], [0.3333333432674408, 0.3333333432674408, 0.3333333432674408], [0.3333333432674408, 0.3333333432674408, 0.3333333432674408], [0.3333333432674408, 0.3333333432674408, 0.3333333432674408], [0.3333333432674408, 0.3333333432674408, 0.3333333432674408], [0.3333333432674408, 0.3333333432674408, 0.3333333432674408], [0.3333333432674408, 0.3333333432674408, 0.3333333432674408]], "coeff_list_in_victim": [[0.5874525308609009, 0.3034089505672455, 0.10913853347301483]], "victims": {"DPN92": {"clean acc": 92.55000114440918, "prediction": 8, "poisons predictions": [8, 8, 8], "scores": [3.1135190488361473e-15, 9.28028570320084e-18, 1.0471552881927311e-31, 3.5083257642325866e-14, 3.2260305002527707e-24, 6.6923398848804326e-21, 5.169861651665997e-06, 5.123843269933816e-35, 0.9999942779541016, 0.0], "malicious score": 0.9999942779541016, "camera": {"2": {"prediction": 8, "scores": [1.8270833310322307e-25, 7.909930780573664e-15, 1.266874342919335e-31, 1.1742181637352318e-15, 5.079197942114947e-21, 2.309211544153389e-23, 1.3954434570168773e-18, 9.123115536668492e-38, 1.0, 0.0], "malicious score": 1.0}, "4": {"prediction": 8, "scores": [2.4978577599393637e-27, 3.357473431491332e-16, 7.233041260030542e-32, 4.2660438517592492e-16, 2.2350016254399335e-21, 4.1245213776246096e-23, 1.2817862817620713e-19, 3.77447969790472e-37, 1.0, 0.0], "malicious score": 1.0}}}, "SENet18": {"clean acc": 91.83000106811524, "prediction": 8, "poisons predictions": [8, 8, 6], "scores": [1.322134415837617e-11, 5.975143125243736e-17, 1.321630674501863e-14, 4.4402290411095155e-14, 9.543526175548322e-06, 3.446022891072007e-15, 0.01578707993030548, 1.0102185032240512e-14, 0.984203577041626, 3.926034979973361e-15], "malicious score": 0.984203577041626, "camera": {"2": {"prediction": 8, "scores": [3.002310577926437e-08, 9.611772315565315e-12, 9.414981718691706e-07, 4.7410694037353096e-08, 9.087591934076045e-06, 1.054602238870217e-11, 0.000132862085592933, 3.7797317986587586e-07, 0.9998569488525391, 2.96974722591159e-10], "malicious score": 0.9998569488525391}, "4": {"prediction": 8, "scores": [7.875964637416022e-12, 9.179225305203098e-13, 2.6417054654892524e-10, 9.791500943379106e-12, 1.2287878803363128e-07, 1.8190611912822022e-14, 1.5824875276848616e-07, 5.076385839464237e-11, 1.0, 8.180013090497429e-12], "malicious score": 1.0}}}, "ResNet50": {"clean acc": 93.52000122070312, "prediction": 8, "poisons predictions": [8, 8, 8], "scores": [8.096014568512988e-33, 2.7783336759876125e-21, 6.585120501250157e-35, 5.8364970634272595e-09, 4.276656648940916e-21, 2.2161659280899897e-33, 7.046724870285459e-10, 5.935792764429071e-14, 1.0, 8.824535773543862e-30], "malicious score": 1.0, "camera": {"2": {"prediction": 8, "scores": [1.4008492191743608e-29, 3.2066057628215206e-18, 5.378428340946335e-37, 4.821932452614419e-05, 1.366684661865093e-18, 6.742846244904308e-29, 4.983315192788607e-13, 4.470694783343179e-14, 0.9999523162841797, 2.3584324020055182e-24], "malicious score": 0.9999523162841797}, "4": {"prediction": 8, "scores": [4.1071280602815245e-29, 1.571979012414339e-15, 2.75858648903147e-35, 1.4008240896146162e-06, 8.20618290968624e-17, 1.2403152530491632e-24, 3.328064213103943e-11, 8.107810755240974e-13, 0.9999990463256836, 1.3833202301046405e-21], "malicious score": 0.9999990463256836}}}, "ResNeXt29_2x64d": {"clean acc": 92.91000137329101, "prediction": 8, "poisons predictions": [8, 8, 8], "scores": [9.818039132990774e-23, 1.1998118427600235e-12, 6.240158807431853e-14, 4.344501121522626e-06, 1.7236918025090548e-29, 2.4674600295514025e-25, 0.05640989914536476, 1.2249302960298641e-24, 0.9435864090919495, 5.253972189813888e-24], "malicious score": 0.9435864090919495, "camera": {"2": {"prediction": 8, "scores": [7.011402591849672e-20, 4.855884583321313e-10, 7.03448665420256e-15, 1.6663056157995015e-05, 2.2396039161965107e-19, 1.1359824818768953e-24, 3.4283537786450324e-08, 4.405402199298496e-27, 0.9999828338623047, 9.212019303839539e-14], "malicious score": 0.9999828338623047}, "4": {"prediction": 8, "scores": [1.2089266462888807e-20, 1.2754597725206374e-12, 6.279032876326321e-14, 6.529411621158943e-06, 3.986414188371167e-16, 7.891943624054472e-21, 2.1389116227510385e-05, 5.7856063353968e-26, 0.9999713897705078, 5.506204520111524e-11], "malicious score": 0.9999713897705078}}}, "GoogLeNet": {"clean acc": 92.0700023651123, "prediction": 8, "poisons predictions": [8, 8, 8], "scores": [2.8197264967388946e-08, 5.810023822050425e-07, 1.6035374983403017e-07, 8.262688061222434e-05, 3.0104245070106117e-06, 2.0556758499878924e-06, 0.4314729571342468, 8.157609045156278e-06, 0.5684306025505066, 1.9118561970467085e-16], "malicious score": 0.5684306025505066, "camera": {"2": {"prediction": 8, "scores": [6.364110049617011e-06, 2.5311459467047825e-05, 1.0986870968565654e-08, 0.0008149328641593456, 0.009842288680374622, 1.404340764565859e-06, 0.0008411103626713157, 3.226072294637561e-06, 0.9884651303291321, 9.948009430105209e-12], "malicious score": 0.9884651303291321}, "4": {"prediction": 8, "scores": [1.73536264469476e-07, 2.006528575293487e-06, 1.1915858522115741e-08, 0.00014454041956923902, 0.008458434604108334, 8.9123313955497e-06, 0.0007169217569753528, 1.2970582247362472e-05, 0.9906559586524963, 1.0946609937945162e-11], "malicious score": 0.9906559586524963}}}, "MobileNetV2": {"clean acc": 87.53000144958496, "prediction": 8, "poisons predictions": [8, 8, 6], "scores": [5.659254125435845e-14, 5.5909412516319534e-11, 2.0144744702171385e-17, 4.4380223584994383e-07, 3.76912534032625e-23, 1.0871188457360799e-14, 0.30776137113571167, 7.473198000267944e-28, 0.6922386288642883, 1.6026814619755798e-18], "malicious score": 0.6922386288642883, "camera": {"2": {"prediction": 6, "scores": [1.416128725395538e-06, 2.1400133846327662e-05, 5.633796922900614e-13, 3.681587622850202e-05, 4.786047182485029e-14, 3.552504210801999e-07, 0.8445486426353455, 4.26604910771656e-21, 0.15539130568504333, 2.195698050461159e-13], "malicious score": 0.15539130568504333}, "4": {"prediction": 6, "scores": [2.2938298371855126e-08, 8.122147052147533e-12, 1.9438907948587936e-12, 0.007676154840737581, 2.5571850562224442e-16, 1.1522353560167176e-07, 0.9571952223777771, 2.9434503161424908e-22, 0.03512836620211601, 7.875280695580564e-14], "malicious score": 0.03512836620211601}}},