{"args": "Namespace(device='cuda', dset_path='datasets', end2end=False, eval_poisons_root='attack-results-7poisons/100-overlap/linear-transfer-learning/mean/800', gpu='2', lr_decay_epoch=[30, 45], model_resume_path='model-chks', num_per_class=50, poison_label=8, retrain_bsize=64, retrain_epochs=60, retrain_lr=0.1, retrain_momentum=0.9, retrain_opt='adam', retrain_wd=0, subset_group=0, target_camera=True, target_index_end=6, target_index_start=5, target_index_step=1, target_label=6, target_net=['DPN92', 'SENet18', 'ResNet50', 'ResNeXt29_2x64d', 'GoogLeNet', 'MobileNetV2', 'ResNet18', 'DenseNet121'], target_print_size=[2, 4], test_chk_name='ckpt-%s-4800.t7', train_data_path='datasets/CIFAR10_TRAIN_Split.pth')", "poison_label": 8, "target_label": 6, "targets": {"5": {}, "5": {"800": {"time": 367.0, "coeffs_time": 0, "poisons_time": 4, "target_loss": 0.0156237268820405, "total_loss": 0.07145668566226959, "coeff_list": [[0.1428571492433548, 0.1428571492433548, 0.1428571492433548, 0.1428571492433548, 0.1428571492433548, 0.1428571492433548, 0.1428571492433548], [0.1428571492433548, 0.1428571492433548, 0.1428571492433548, 0.1428571492433548, 0.1428571492433548, 0.1428571492433548, 0.1428571492433548], [0.1428571492433548, 0.1428571492433548, 0.1428571492433548, 0.1428571492433548, 0.1428571492433548, 0.1428571492433548, 0.1428571492433548], [0.1428571492433548, 0.1428571492433548, 0.1428571492433548, 0.1428571492433548, 0.1428571492433548, 0.1428571492433548, 0.1428571492433548], [0.1428571492433548, 0.1428571492433548, 0.1428571492433548, 0.1428571492433548, 0.1428571492433548, 0.1428571492433548, 0.1428571492433548], [0.1428571492433548, 0.1428571492433548, 0.1428571492433548, 0.1428571492433548, 0.1428571492433548, 0.1428571492433548, 0.1428571492433548], [0.1428571492433548, 0.1428571492433548, 0.1428571492433548, 0.1428571492433548, 0.1428571492433548, 0.1428571492433548, 0.1428571492433548], [0.1428571492433548, 0.1428571492433548, 0.1428571492433548, 0.1428571492433548, 0.1428571492433548, 0.1428571492433548, 0.1428571492433548], [0.1428571492433548, 0.1428571492433548, 0.1428571492433548, 0.1428571492433548, 0.1428571492433548, 0.1428571492433548, 0.1428571492433548], [0.1428571492433548, 0.1428571492433548, 0.1428571492433548, 0.1428571492433548, 0.1428571492433548, 0.1428571492433548, 0.1428571492433548], [0.1428571492433548, 0.1428571492433548, 0.1428571492433548, 0.1428571492433548, 0.1428571492433548, 0.1428571492433548, 0.1428571492433548], [0.1428571492433548, 0.1428571492433548, 0.1428571492433548, 0.1428571492433548, 0.1428571492433548, 0.1428571492433548, 0.1428571492433548], [0.1428571492433548, 0.1428571492433548, 0.1428571492433548, 0.1428571492433548, 0.1428571492433548, 0.1428571492433548, 0.1428571492433548], [0.1428571492433548, 0.1428571492433548, 0.1428571492433548, 0.1428571492433548, 0.1428571492433548, 0.1428571492433548, 0.1428571492433548], [0.1428571492433548, 0.1428571492433548, 0.1428571492433548, 0.1428571492433548, 0.1428571492433548, 0.1428571492433548, 0.1428571492433548], [0.1428571492433548, 0.1428571492433548, 0.1428571492433548, 0.1428571492433548, 0.1428571492433548, 0.1428571492433548, 0.1428571492433548], [0.1428571492433548, 0.1428571492433548, 0.1428571492433548, 0.1428571492433548, 0.1428571492433548, 0.1428571492433548, 0.1428571492433548], [0.1428571492433548, 0.1428571492433548, 0.1428571492433548, 0.1428571492433548, 0.1428571492433548, 0.1428571492433548, 0.1428571492433548]], "coeff_list_in_victim": [[0.0, 0.0, 0.07949566096067429, 0.318278044462204, 0.2916589677333832, 0.09034412354230881, 0.22022321820259094]], "victims": {"DPN92": {"clean acc": 92.51000137329102, "prediction": 8, "poisons predictions": [8, 8, 8, 8, 8, 8, 8], "scores": [5.91185982549193e-26, 8.016645777692643e-30, 2.382207389352189e-44, 8.83254928288927e-23, 2.9453656651943565e-33, 5.166496895474079e-26, 1.877360912618675e-16, 1.7850160228108817e-40, 1.0, 0.0], "malicious score": 1.0, "camera": {"2": {"prediction": 3, "scores": [1.5500237996544466e-23, 2.6256652380969535e-18, 4.861537838962704e-10, 0.9998197555541992, 1.7426420549637722e-12, 0.00018070361693389714, 6.462935006624829e-18, 1.7744999032974914e-19, 6.619385040096404e-09, 1.3222150804792498e-11], "malicious score": 6.619385040096404e-09}, "4": {"prediction": 3, "scores": [2.2293696303154768e-24, 2.93847356460002e-19, 1.0287929362584602e-13, 0.9999771118164062, 2.424084153893058e-12, 2.2365378754329868e-05, 2.4976036999213927e-17, 3.935514520406333e-21, 3.5741612691708724e-07, 7.036771610281073e-14], "malicious score": 3.5741612691708724e-07}}}, "SENet18": {"clean acc": 91.82000160217285, "prediction": 8, "poisons predictions": [6, 8, 8, 8, 8, 8, 8], "scores": [3.5335009224146674e-11, 1.043458155436383e-06, 6.701727884221779e-25, 9.751906083406838e-21, 2.8567522870021165e-17, 1.768050281044697e-23, 2.596575257030054e-07, 1.5641684453747418e-13, 1.0, 2.444314671126362e-22], "malicious score": 1.0, "camera": {"2": {"prediction": 6, "scores": [0.040631186217069626, 4.3577853131582245e-11, 1.8982452942850614e-08, 3.541277692420408e-05, 2.375865726378379e-08, 9.725504429569654e-11, 0.9578837752342224, 2.062702092464619e-10, 0.0014497390948235989, 5.001786474150699e-14], "malicious score": 0.0014497390948235989}, "4": {"prediction": 8, "scores": [0.048883408308029175, 1.9870041612080058e-08, 3.3072689552271495e-12, 8.980637900002364e-10, 2.780060036344789e-11, 3.3046281047033202e-15, 0.20084252953529358, 1.5705085842920852e-10, 0.7502736449241638, 2.5275557444658153e-17], "malicious score": 0.7502736449241638}}}, "ResNet50": {"clean acc": 93.4500015258789, "prediction": 8, "poisons predictions": [8, 8, 8, 8, 8, 8, 8], "scores": [2.075323025665054e-42, 1.5006792520639653e-38, 4.4025995152157103e-41, 2.6200077387481105e-41, 5.244070857672752e-35, 2.6021929464412518e-33, 5.801095781521326e-08, 3.869875759697999e-29, 1.0, 5.441382066819697e-41], "malicious score": 1.0, "camera": {"2": {"prediction": 3, "scores": [1.0785811949088572e-28, 2.2857616407273573e-13, 9.222941420999886e-13, 0.9899381995201111, 1.7804273333421605e-10, 3.247702165927093e-23, 1.226776145946129e-11, 1.1056336307103433e-14, 0.010062209330499172, 6.421037369078302e-25], "malicious score": 0.010062209330499172}, "4": {"prediction": 8, "scores": [8.517879447926071e-35, 1.159332273337311e-19, 4.345609806841257e-22, 0.00014142987492959946, 6.053026894845095e-18, 9.118051854484976e-27, 7.262352852421827e-08, 4.7906720937982657e-20, 0.9998588562011719, 7.484635014872066e-29], "malicious score": 0.9998588562011719}}}, "ResNeXt29_2x64d": {"clean acc": 93.29000129699708, "prediction": 8, "poisons predictions": [8, 8, 8, 8, 8, 8, 8], "scores": [1.4140190991577314e-14, 4.103586638245019e-15, 3.0002766529793373e-24, 1.0929074350162979e-13, 4.7868857766705365e-37, 3.947075457812546e-29, 1.5523846314327572e-12, 9.09281390149995e-24, 1.0, 4.2256830068439796e-23], "malicious score": 1.0, "camera": {"2": {"prediction": 3, "scores": [4.545340232670059e-12, 5.022062765647206e-10, 2.2235380203738941e-10, 0.9999589920043945, 1.8048987158181262e-06, 3.548034435696401e-11, 7.628197636222467e-06, 2.06583881945388e-15, 3.142282002954744e-05, 1.5962059419453306e-13], "malicious score": 3.142282002954744e-05}, "4": {"prediction": 3, "scores": [7.926027022209237e-12, 2.0888267115992676e-08, 1.5194231506657219e-12, 0.9992897510528564, 4.4442222254734154e-13, 2.6468193956019626e-14, 2.1777358583108253e-08, 5.218515724985561e-17, 0.0007102692034095526, 4.368616471177311e-13], "malicious score": 0.0007102692034095526}}}, "GoogLeNet": {"clean acc": 91.90000114440917, "prediction": 8, "poisons predictions": [8, 8, 8, 8, 8, 8, 8], "scores": [9.727859997025155e-15, 3.634528411566862e-08, 2.8081621675366184e-18, 1.0909129599667722e-08, 1.0139661332786432e-09, 3.2614126785519837e-13, 4.401077546845045e-08, 6.958028039372524e-14, 1.0, 1.997293606545436e-12], "malicious score": 1.0, "camera": {"2": {"prediction": 3,