{"args": "Namespace(device='cuda', dset_path='datasets', end2end=False, eval_poisons_root='attack-results-eps0.30/100-overlap/linear-transfer-learning/mean/800', gpu='3', lr_decay_epoch=[30, 45], model_resume_path='model-chks', num_per_class=50, poison_label=8, retrain_bsize=64, retrain_epochs=60, retrain_lr=0.1, retrain_momentum=0.9, retrain_opt='adam', retrain_wd=0, subset_group=0, target_camera=True, target_index_end=36, target_index_start=35, target_index_step=1, target_label=6, target_net=['DPN92', 'SENet18', 'ResNet50', 'ResNeXt29_2x64d', 'GoogLeNet', 'MobileNetV2', 'ResNet18', 'DenseNet121'], target_print_size=[2, 4], test_chk_name='ckpt-%s-4800.t7', train_data_path='datasets/CIFAR10_TRAIN_Split.pth')", "poison_label": 8, "target_label": 6, "targets": {"35": {}, "35": {"800": {"time": 491.0, "coeffs_time": 0, "poisons_time": 6, "target_loss": 0.006822020281106234, "total_loss": 0.0703098401427269, "coeff_list": [[0.20000000298023224, 0.20000000298023224, 0.20000000298023224, 0.20000000298023224, 0.20000000298023224], [0.20000000298023224, 0.20000000298023224, 0.20000000298023224, 0.20000000298023224, 0.20000000298023224], [0.20000000298023224, 0.20000000298023224, 0.20000000298023224, 0.20000000298023224, 0.20000000298023224], [0.20000000298023224, 0.20000000298023224, 0.20000000298023224, 0.20000000298023224, 0.20000000298023224], [0.20000000298023224, 0.20000000298023224, 0.20000000298023224, 0.20000000298023224, 0.20000000298023224], [0.20000000298023224, 0.20000000298023224, 0.20000000298023224, 0.20000000298023224, 0.20000000298023224], [0.20000000298023224, 0.20000000298023224, 0.20000000298023224, 0.20000000298023224, 0.20000000298023224], [0.20000000298023224, 0.20000000298023224, 0.20000000298023224, 0.20000000298023224, 0.20000000298023224], [0.20000000298023224, 0.20000000298023224, 0.20000000298023224, 0.20000000298023224, 0.20000000298023224], [0.20000000298023224, 0.20000000298023224, 0.20000000298023224, 0.20000000298023224, 0.20000000298023224], [0.20000000298023224, 0.20000000298023224, 0.20000000298023224, 0.20000000298023224, 0.20000000298023224], [0.20000000298023224, 0.20000000298023224, 0.20000000298023224, 0.20000000298023224, 0.20000000298023224], [0.20000000298023224, 0.20000000298023224, 0.20000000298023224, 0.20000000298023224, 0.20000000298023224], [0.20000000298023224, 0.20000000298023224, 0.20000000298023224, 0.20000000298023224, 0.20000000298023224], [0.20000000298023224, 0.20000000298023224, 0.20000000298023224, 0.20000000298023224, 0.20000000298023224], [0.20000000298023224, 0.20000000298023224, 0.20000000298023224, 0.20000000298023224, 0.20000000298023224], [0.20000000298023224, 0.20000000298023224, 0.20000000298023224, 0.20000000298023224, 0.20000000298023224], [0.20000000298023224, 0.20000000298023224, 0.20000000298023224, 0.20000000298023224, 0.20000000298023224]], "coeff_list_in_victim": [[0.1509040892124176, 0.14549070596694946, 0.0, 0.29196661710739136, 0.4116385579109192]], "victims": {"DPN92": {"clean acc": 92.83000183105469, "prediction": 6, "poisons predictions": [8, 8, 8, 8, 8], "scores": [5.852405801255321e-16, 4.0938239714142596e-18, 4.4999325855089406e-38, 1.1366057186519638e-18, 1.1261441592388908e-33, 5.659264521441783e-18, 0.6491653323173523, 4.203895392974451e-45, 0.3508348762989044, 0.0], "malicious score": 0.3508348762989044, "camera": {"2": {"prediction": 6, "scores": [4.353069016360678e-10, 1.9350050780995765e-16, 2.2578223220673286e-28, 2.1947707540270756e-11, 8.207758697962e-22, 3.3773928098668193e-11, 0.9999866485595703, 3.193636776079243e-36, 1.3590720300271641e-05, 6.908401429121348e-43], "malicious score": 1.3590720300271641e-05}, "4": {"prediction": 6, "scores": [1.683336358759141e-13, 6.504939866787537e-16, 1.6455294027330487e-30, 1.0846573205575138e-12, 2.955790617166435e-24, 3.2374229165521573e-12, 0.9998779296875, 1.7710946830872004e-38, 0.00012319625238887966, 0.0], "malicious score": 0.00012319625238887966}}}, "SENet18": {"clean acc": 90.76000099182129, "prediction": 6, "poisons predictions": [8, 8, 6, 8, 8], "scores": [9.047165150377623e-08, 1.1057718326060173e-12, 6.932232618434339e-19, 8.564922046334217e-14, 1.3487391758992828e-10, 8.438485603899126e-19, 0.874445915222168, 4.71530236906276e-20, 0.1255539357662201, 5.693214699658282e-26], "malicious score": 0.1255539357662201, "camera": {"2": {"prediction": 8, "scores": [3.6829078453592956e-07, 6.4173236257564995e-15, 1.8007868953708597e-20, 7.465091912683963e-13, 6.220183812466473e-10, 3.60149020672576e-18, 0.011750840581953526, 1.4882649736925413e-20, 0.9882497191429138, 2.4143504621454636e-25], "malicious score": 0.9882497191429138}, "4": {"prediction": 8, "scores": [2.162997816412826e-07, 6.892368078180444e-14, 1.961270273963804e-21, 8.700700750152723e-13, 7.869845886077087e-10, 6.0718055491112736e-18, 0.048991262912750244, 6.274559795710238e-20, 0.9510088562965393, 7.051161710798478e-25], "malicious score": 0.9510088562965393}}}, "ResNet50": {"clean acc": 93.85000190734863, "prediction": 8, "poisons predictions": [8, 6, 8, 8, 8], "scores": [6.508873567617515e-20, 8.879383489835715e-28, 5.5250557309870305e-15, 1.5632984247920104e-27, 2.8743902566871874e-28, 1.3856221893349479e-22, 0.06876757740974426, 4.094017707039887e-15, 0.9312317371368408, 5.481164502859887e-21], "malicious score": 0.9312317371368408, "camera": {"2": {"prediction": 8, "scores": [7.505702941221389e-15, 6.103982180430143e-29, 1.9577351892396955e-13, 6.97306592085275e-22, 1.066006421451389e-22, 2.158553752407144e-10, 0.24705065786838531, 2.704578402868644e-14, 0.7529494166374207, 2.7514992847620275e-15], "malicious score": 0.7529494166374207}, "4": {"prediction": 6, "scores": [6.97526536631343e-17, 7.322585463792001e-29, 1.2471739136224458e-12, 8.823643127582778e-19, 2.269387903087853e-25, 2.0164118926478602e-17, 0.9815733432769775, 1.5449844366095117e-13, 0.018426312133669853, 1.2359548665081046e-18], "malicious score": 0.018426312133669853}}}, "ResNeXt29_2x64d": {"clean acc": 92.96000099182129, "prediction": 8, "poisons predictions": [8, 8, 8, 8, 8], "scores": [1.2948678221177833e-28, 7.740480714664904e-21, 6.6633710268243496e-15, 3.430836170714713e-10, 1.401298464324817e-45, 2.3738433661911406e-21, 0.10526421666145325, 7.314368800307156e-24, 0.89473557472229, 1.664338703504064e-19], "malicious score": 0.89473557472229, "camera": {"2": {"prediction": 6, "scores": [6.954739104302656e-21, 3.256184116709165e-25, 3.235028245285321e-08, 0.0026273936964571476, 4.00709520863672e-20, 1.6361283883270517e-07, 0.9972809553146362, 3.1007725529387298e-18, 9.156425949186087e-05, 8.745999757753253e-11], "malicious score": 9.156425949186087e-05}, "4": {"prediction": 6, "scores": [1.872998884371235e-22, 1.0069848281893895e-25, 3.047986467663577e-07, 0.0009622542420402169, 2.11294341162917e-21, 8.662009776116975e-08, 0.9990286827087402, 1.0201818341452483e-16, 8.262109076895285e-06, 1.380810465967386e-10], "malicious score": 8.262109076895285e-06}}}, "GoogLeNet": {"clean acc": 92.57000198364258, "prediction": 6, "poisons predictions": [8, 8, 6, 8, 8], "scores": [4.6026791183711654e-14, 7.249938960285363e-08, 2.891175909791599e-10, 1.1753282933568698e-06, 4.3413117545298974e-10, 1.887886114104731e-08, 0.7189121246337891, 5.652960410884589e-08, 0.28108683228492737, 3.21023348251188e-15], "malicious score": 0.28108683228492737, "camera": {"2": {"prediction": 6, "scores": [2.144028288242339e-10, 1.2138461791266764e-08, 2.9104417080816347e-06, 0.0003743396664503962, 0.00012195319141028449, 0.0001860834308899939, 0.9977632761001587, 3.7243260067043593e-06, 0.0015476939734071493, 1.4699399683570924e-11], "malicious score": 0.0015476939734071493}, "4": {"prediction": 6, "scores": [6.097716515746088e-12, 4.482730986410388e-08, 6.944516144358204e-07, 3.837782423943281e-05, 2.8520628347905586e-07, 1.8053799067274667e-05, 0.6262714862823486, 3.340574403409846e-05, 0.37363722920417786, 5.908742462326644e-13], "malicious score": 0.37363722920417786}}},