{"args": "Namespace(device='cuda', dset_path='datasets', end2end=False, eval_poisons_root='attack-results-eps0.05/100-overlap/linear-transfer-learning/mean/800', gpu='2', lr_decay_epoch=[30, 45], model_resume_path='model-chks', num_per_class=50, poison_label=8, retrain_bsize=64, retrain_epochs=60, retrain_lr=0.1, retrain_momentum=0.9, retrain_opt='adam', retrain_wd=0, subset_group=0, target_camera=True, target_index_end=35, target_index_start=34, target_index_step=1, target_label=6, target_net=['DPN92', 'SENet18', 'ResNet50', 'ResNeXt29_2x64d', 'GoogLeNet', 'MobileNetV2', 'ResNet18', 'DenseNet121'], target_print_size=[2, 4], test_chk_name='ckpt-%s-4800.t7', train_data_path='datasets/CIFAR10_TRAIN_Split.pth')", "poison_label": 8, "target_label": 6, "targets": {"34": {}, "34": {"800": {"time": 450.0, "coeffs_time": 0, "poisons_time": 6, "target_loss": 0.016504278406500816, "total_loss": 0.0908443033695221, "coeff_list": [[0.20000000298023224, 0.20000000298023224, 0.20000000298023224, 0.20000000298023224, 0.20000000298023224], [0.20000000298023224, 0.20000000298023224, 0.20000000298023224, 0.20000000298023224, 0.20000000298023224], [0.20000000298023224, 0.20000000298023224, 0.20000000298023224, 0.20000000298023224, 0.20000000298023224], [0.20000000298023224, 0.20000000298023224, 0.20000000298023224, 0.20000000298023224, 0.20000000298023224], [0.20000000298023224, 0.20000000298023224, 0.20000000298023224, 0.20000000298023224, 0.20000000298023224], [0.20000000298023224, 0.20000000298023224, 0.20000000298023224, 0.20000000298023224, 0.20000000298023224], [0.20000000298023224, 0.20000000298023224, 0.20000000298023224, 0.20000000298023224, 0.20000000298023224], [0.20000000298023224, 0.20000000298023224, 0.20000000298023224, 0.20000000298023224, 0.20000000298023224], [0.20000000298023224, 0.20000000298023224, 0.20000000298023224, 0.20000000298023224, 0.20000000298023224], [0.20000000298023224, 0.20000000298023224, 0.20000000298023224, 0.20000000298023224, 0.20000000298023224], [0.20000000298023224, 0.20000000298023224, 0.20000000298023224, 0.20000000298023224, 0.20000000298023224], [0.20000000298023224, 0.20000000298023224, 0.20000000298023224, 0.20000000298023224, 0.20000000298023224], [0.20000000298023224, 0.20000000298023224, 0.20000000298023224, 0.20000000298023224, 0.20000000298023224], [0.20000000298023224, 0.20000000298023224, 0.20000000298023224, 0.20000000298023224, 0.20000000298023224], [0.20000000298023224, 0.20000000298023224, 0.20000000298023224, 0.20000000298023224, 0.20000000298023224], [0.20000000298023224, 0.20000000298023224, 0.20000000298023224, 0.20000000298023224, 0.20000000298023224], [0.20000000298023224, 0.20000000298023224, 0.20000000298023224, 0.20000000298023224, 0.20000000298023224], [0.20000000298023224, 0.20000000298023224, 0.20000000298023224, 0.20000000298023224, 0.20000000298023224]], "coeff_list_in_victim": [[0.0, 0.0, 0.3511887192726135, 0.4745177924633026, 0.1742934286594391]], "victims": {"DPN92": {"clean acc": 91.85000190734863, "prediction": 8, "poisons predictions": [8, 8, 8, 8, 8], "scores": [5.526774293120382e-26, 6.47083544153081e-31, 3.665927530455417e-27, 1.740321081689089e-11, 4.583400188469862e-24, 5.696708221886886e-20, 0.0010122532257810235, 6.902237166305186e-32, 0.9989877343177795, 0.0], "malicious score": 0.9989877343177795, "camera": {"2": {"prediction": 6, "scores": [2.040610797095266e-30, 1.401298464324817e-45, 1.7502679687390807e-37, 4.6605605416321525e-21, 1.3240242609446742e-34, 1.3637567714104349e-27, 1.0, 5.605193857299268e-45, 8.321894063613444e-13, 0.0], "malicious score": 8.321894063613444e-13}, "4": {"prediction": 6, "scores": [3.8675990528353716e-31, 7.2727390298458e-43, 1.0273807353087739e-36, 1.3021744582480421e-20, 4.9223341049263575e-33, 1.0398058791891754e-26, 1.0, 9.853650541439249e-41, 1.0608554035229645e-09, 0.0], "malicious score": 1.0608554035229645e-09}}}, "SENet18": {"clean acc": 91.72000122070312, "prediction": 6, "poisons predictions": [8, 8, 8, 8, 8], "scores": [5.648190803952957e-10, 2.351014484003669e-15, 2.354885492335257e-13, 1.5092778415937147e-10, 7.689213155082086e-10, 1.8825685801915348e-11, 0.9999809265136719, 7.150239170799986e-19, 1.99115584109677e-05, 2.7204235852522133e-19], "malicious score": 1.99115584109677e-05, "camera": {"2": {"prediction": 6, "scores": [2.782615198898092e-16, 8.513494083351493e-20, 3.8261358787088203e-20, 2.112796843742001e-15, 3.3554270473246106e-11, 8.386419000656203e-15, 1.0, 6.278566131366992e-25, 7.557829917459458e-09, 9.715031316817697e-22], "malicious score": 7.557829917459458e-09}, "4": {"prediction": 6, "scores": [4.813998253304884e-14, 6.221725004101303e-18, 4.049948012162344e-16, 1.1954426164251242e-11, 8.085064173712908e-09, 5.51508595736383e-11, 0.9999980926513672, 7.884085913106198e-22, 1.5086620805959683e-06, 1.2503576112567861e-17], "malicious score": 1.5086620805959683e-06}}}, "ResNet50": {"clean acc": 93.70000114440919, "prediction": 8, "poisons predictions": [8, 8, 8, 8, 8], "scores": [3.4203082920438685e-26, 1.07725217008073e-22, 4.2583002848827244e-33, 3.372197828729927e-15, 0.0, 5.734169522888479e-26, 0.013291467912495136, 1.401298464324817e-45, 0.9867090582847595, 2.3209118107704912e-24], "malicious score": 0.9867090582847595, "camera": {"2": {"prediction": 6, "scores": [5.687746231204751e-33, 9.538873421419917e-29, 1.847771078193166e-36, 1.278302159686789e-23, 0.0, 4.354766464711627e-31, 1.0, 0.0, 5.813988613462273e-12, 1.4514117413399527e-28], "malicious score": 5.813988613462273e-12}, "4": {"prediction": 6, "scores": [3.9247211889480435e-28, 6.682304255190588e-24, 2.1138738586684573e-33, 6.518094821989891e-19, 0.0, 6.504407764068035e-27, 1.0, 0.0, 1.8958093050969183e-07, 2.2391894103067132e-23], "malicious score": 1.8958093050969183e-07}}}, "ResNeXt29_2x64d": {"clean acc": 92.35000152587891, "prediction": 8, "poisons predictions": [8, 8, 8, 8, 8], "scores": [6.7675446807877875e-18, 3.6798130764736925e-08, 6.353642612033639e-10, 0.0019038304453715682, 3.8412711259402307e-28, 1.0919133983099075e-17, 8.253666237578727e-06, 1.1500250697294116e-19, 0.9980887770652771, 4.200631157387763e-21], "malicious score": 0.9980887770652771, "camera": {"2": {"prediction": 6, "scores": [4.954671449054908e-29, 8.346740182699208e-13, 1.0456169110962906e-19, 7.229887261789303e-12, 4.13987006613945e-40, 6.723390497717214e-25, 1.0, 2.9693514459042874e-42, 3.0864484301673656e-09, 3.088699677415108e-23], "malicious score": 3.0864484301673656e-09}, "4": {"prediction": 6, "scores": [6.031911513017341e-26, 4.286672145720205e-12, 3.2481813079745077e-18, 1.757172601868362e-10, 3.32496704571494e-34, 1.0739625973867643e-20, 1.0, 4.321872078353259e-36, 4.3617941969387175e-07, 7.711483672109659e-20], "malicious score": 4.3617941969387175e-07}}}, "GoogLeNet": {"clean acc": 91.71000213623047, "prediction": 6, "poisons predictions": [8, 8, 8, 8, 8], "scores": [1.690693538708226e-15, 3.8512687483560626e-10, 5.369983901992725e-10, 7.388532452523577e-08, 1.0158771610382922e-12, 2.2003614930099502e-08, 0.6631473898887634, 7.878798896854278e-06, 0.33684420585632324, 8.380010448638951e-18], "malicious score": 0.33684420585632324, "camera": {"2": {"prediction": 6, "scores": [2.607770393228063e-16, 2.5217753232831264e-11, 1.1746909868437516e-11, 3.3759555151391396e-08, 2.2886432332613893e-11, 4.678535781010851e-09, 0.9994736909866333, 8.044006016838523e-10, 0.0005259921308606863, 2.40271814272768e-18], "malicious score": 0.0005259921308606863}, "4": {"prediction": 6, "scores": [4.1357086687037435e-15, 1.763073714800001e-11, 9.875090078992343e-09, 3.445637730692397e-06, 1.4295785000228989e-08, 1.0983860192936845e-05, 0.9998760223388672, 2.529667586514961e-10, 0.00010959350765915588, 1.7444326758380042e-14], "malicious score": 0.00010959350765915588}}}, "MobileNetV2": {"clean acc": 86.55000114440918, "prediction": 8, "poisons predictions": [8, 8, 8, 6, 8],