{"args": "Namespace(device='cuda', dset_path='datasets', end2end=False, eval_poisons_root='attack-results-3poisons/100-overlap/linear-transfer-learning/mean/800', gpu='0', lr_decay_epoch=[30, 45], model_resume_path='model-chks', num_per_class=50, poison_label=8, retrain_bsize=64, retrain_epochs=60, retrain_lr=0.1, retrain_momentum=0.9, retrain_opt='adam', retrain_wd=0, subset_group=0, target_camera=True, target_index_end=16, target_index_start=15, target_index_step=1, target_label=6, target_net=['DPN92', 'SENet18', 'ResNet50', 'ResNeXt29_2x64d', 'GoogLeNet', 'MobileNetV2', 'ResNet18', 'DenseNet121'], target_print_size=[2, 4], test_chk_name='ckpt-%s-4800.t7', train_data_path='datasets/CIFAR10_TRAIN_Split.pth')", "poison_label": 8, "target_label": 6, "targets": {"15": {}, "15": {"800": {"time": 362.0, "coeffs_time": 0, "poisons_time": 4, "target_loss": 0.04423060640692711, "total_loss": 0.11762545257806778, "coeff_list": [[0.3333333432674408, 0.3333333432674408, 0.3333333432674408], [0.3333333432674408, 0.3333333432674408, 0.3333333432674408], [0.3333333432674408, 0.3333333432674408, 0.3333333432674408], [0.3333333432674408, 0.3333333432674408, 0.3333333432674408], [0.3333333432674408, 0.3333333432674408, 0.3333333432674408], [0.3333333432674408, 0.3333333432674408, 0.3333333432674408], [0.3333333432674408, 0.3333333432674408, 0.3333333432674408], [0.3333333432674408, 0.3333333432674408, 0.3333333432674408], [0.3333333432674408, 0.3333333432674408, 0.3333333432674408], [0.3333333432674408, 0.3333333432674408, 0.3333333432674408], [0.3333333432674408, 0.3333333432674408, 0.3333333432674408], [0.3333333432674408, 0.3333333432674408, 0.3333333432674408], [0.3333333432674408, 0.3333333432674408, 0.3333333432674408], [0.3333333432674408, 0.3333333432674408, 0.3333333432674408], [0.3333333432674408, 0.3333333432674408, 0.3333333432674408], [0.3333333432674408, 0.3333333432674408, 0.3333333432674408], [0.3333333432674408, 0.3333333432674408, 0.3333333432674408], [0.3333333432674408, 0.3333333432674408, 0.3333333432674408]], "coeff_list_in_victim": [[0.0, 0.08968532085418701, 0.910314679145813]], "victims": {"DPN92": {"clean acc": 91.63000144958497, "prediction": 8, "poisons predictions": [8, 8, 8], "scores": [1.3031247192429873e-07, 2.0220547458649207e-09, 2.1777159044532685e-40, 1.4514368595897054e-09, 8.821284538982369e-27, 4.544276066553721e-11, 0.006932209245860577, 6.8086616446343905e-34, 0.9930680394172668, 1.3133540668376325e-35], "malicious score": 0.9930680394172668, "camera": {"2": {"prediction": 6, "scores": [2.4615240943638705e-13, 1.6677662668853482e-13, 3.3056173066744513e-34, 0.0006449398351833224, 1.670482361321603e-20, 5.444623184303055e-06, 0.999340295791626, 9.501812523016574e-40, 9.421623872185592e-06, 1.0078433388620978e-37], "malicious score": 9.421623872185592e-06}, "4": {"prediction": 6, "scores": [1.0371886726215362e-12, 3.792143634967927e-15, 5.344069847847616e-37, 6.995539365561854e-07, 9.936147821593962e-25, 1.2276048266812722e-07, 0.9999828338623047, 1.1553256021551068e-38, 1.6137993952725083e-05, 1.3813355664020457e-39], "malicious score": 1.6137993952725083e-05}}}, "SENet18": {"clean acc": 91.61000137329101, "prediction": 6, "poisons predictions": [8, 8, 8], "scores": [8.49333136373337e-13, 1.4124638958445956e-10, 4.68779279758169e-19, 4.932846716683556e-16, 3.433627947940776e-12, 1.3800190325423102e-16, 1.0, 7.833356461043033e-16, 4.968358613410828e-09, 4.885612007097981e-18], "malicious score": 4.968358613410828e-09, "camera": {"2": {"prediction": 6, "scores": [6.076806613464214e-08, 1.061946530711566e-09, 3.996286856988718e-09, 2.3936634534038603e-05, 8.440300007350743e-05, 2.56733012626853e-09, 0.9782642126083374, 4.3358104107917017e-13, 0.02162708342075348, 3.1174322563491674e-13], "malicious score": 0.02162708342075348}, "4": {"prediction": 3, "scores": [2.958844974587649e-11, 9.475963763661e-11, 2.9959996027173474e-05, 0.8692368865013123, 0.12404504418373108, 0.0002747830585576594, 0.006411469075828791, 1.425068559251369e-14, 2.1469461444212357e-06, 4.138267784004057e-10], "malicious score": 2.1469461444212357e-06}}}, "ResNet50": {"clean acc": 93.8900016784668, "prediction": 6, "poisons predictions": [8, 8, 8], "scores": [5.439079584515356e-25, 5.499056925658343e-26, 3.5332377251253316e-30, 2.768580031897727e-09, 3.472188342168133e-38, 2.0886970940756845e-25, 0.9054896831512451, 6.223413114295401e-17, 0.09451079368591309, 1.0733788748690084e-24], "malicious score": 0.09451079368591309, "camera": {"2": {"prediction": 6, "scores": [8.180303978685876e-32, 7.948862624181719e-37, 3.358046466937537e-33, 5.411141534850117e-10, 0.0, 2.3120251828470215e-29, 1.0, 1.71114161653808e-19, 1.277022541532058e-12, 6.795369690605001e-36], "malicious score": 1.277022541532058e-12}, "4": {"prediction": 6, "scores": [2.1529010290745146e-28, 2.6327635367031825e-35, 3.444862602217517e-32, 3.5732803098653676e-06, 8.407790785948902e-44, 8.958294578928495e-25, 0.9999961853027344, 1.4292503079724043e-17, 1.6258613457578063e-16, 1.1221352826922053e-32], "malicious score": 1.6258613457578063e-16}}}, "ResNeXt29_2x64d": {"clean acc": 92.87000122070313, "prediction": 8, "poisons predictions": [8, 8, 8], "scores": [2.4506354033522273e-22, 9.763332364798316e-10, 5.896532617917245e-15, 8.053781253014591e-11, 7.322835113633781e-37, 4.6541705642807107e-26, 3.856845069094561e-06, 1.7628121049472964e-14, 0.9999961853027344, 1.1017517634163716e-14], "malicious score": 0.9999961853027344, "camera": {"2": {"prediction": 6, "scores": [1.844450018207732e-18, 2.1636721928008917e-11, 1.5677456758567132e-05, 0.2159000039100647, 3.514769586507375e-21, 2.1676465892963952e-14, 0.4654909074306488, 1.611779633370336e-11, 0.3185933232307434, 5.793426177159999e-14], "malicious score": 0.3185933232307434}, "4": {"prediction": 3, "scores": [6.84347264903919e-20, 2.90998301843981e-12, 5.663858974003233e-05, 0.9998912811279297, 1.0481698541304495e-17, 1.3496300431403707e-13, 5.0755348638631403e-05, 5.933879825220992e-14, 1.2296337672523805e-06, 3.3700391652638495e-14], "malicious score": 1.2296337672523805e-06}}}, "GoogLeNet": {"clean acc": 91.28000068664551, "prediction": 8, "poisons predictions": [8, 8, 6], "scores": [1.0781528325828037e-14, 8.210854929302513e-08, 7.435100528223701e-19, 3.3637270746567083e-10, 7.398335585926275e-15, 2.6968453512021817e-11, 0.002421292709186673, 8.723643608970017e-18, 0.9975786805152893, 1.9209360664629305e-12], "malicious score": 0.9975786805152893, "camera": {"2": {"prediction": 6, "scores": [2.1341517442152735e-09, 0.00044850812992081046, 0.0008439222001470625, 0.09812124818563461, 2.0217317597825968e-08, 0.006430825684219599, 0.651404857635498, 4.907484481009305e-07, 0.24275022745132446, 2.3035355845024696e-09], "malicious score": 0.24275022745132446}, "4": {"prediction": 6, "scores": [3.4164632234379155e-10, 2.9660918698937166e-07, 0.05700583755970001, 0.015845755115151405, 4.251672791610872e-09, 0.1363133043050766, 0.7908335328102112, 1.941789093962143e-07, 1.0231450460196356e-06, 1.0715869303012937e-09], "malicious score": 1.0231450460196356e-06}}}, "MobileNetV2": {"clean acc": 87.11000175476075, "prediction": 6, "poisons predictions": [8, 8, 6], "scores": [4.408464633343101e-07, 7.893497968325391e-05, 5.791510066660566e-12, 0.006725441198796034, 2.3369566499370077e-24, 3.828303452024784e-09, 0.6789848208427429, 4.7452502655689085e-30, 0.31414246559143066, 6.784869765397161e-05], "malicious score": 0.31414246559143066, "camera": {"2": {"prediction": 3, "scores": [3.978875562360429e-10, 4.38173597093707e-20, 0.0018088690703734756, 0.9385104179382324, 9.041740023580953e-21, 0.00014726280642207712, 0.007259820122271776, 3.3065750658367588e-12, 0.05227339640259743, 2.4887441251019764e-21], "malicious score": 0.05227339640259743}, "4": {"prediction": 3,