{"args": "Namespace(device='cuda', dset_path='datasets', end2end=False, eval_poisons_root='attack-results-eps0.01/100-overlap/linear-transfer-learning/mean/800', gpu='1', lr_decay_epoch=[30, 45], model_resume_path='model-chks', num_per_class=50, poison_label=8, retrain_bsize=64, retrain_epochs=60, retrain_lr=0.1, retrain_momentum=0.9, retrain_opt='adam', retrain_wd=0, subset_group=0, target_camera=True, target_index_end=44, target_index_start=43, target_index_step=1, target_label=6, target_net=['DPN92', 'SENet18', 'ResNet50', 'ResNeXt29_2x64d', 'GoogLeNet', 'MobileNetV2', 'ResNet18', 'DenseNet121'], target_print_size=[2, 4], test_chk_name='ckpt-%s-4800.t7', train_data_path='datasets/CIFAR10_TRAIN_Split.pth')", "poison_label": 8, "target_label": 6, "targets": {"43": {}, "43": {"800": {"time": 429.0, "coeffs_time": 0, "poisons_time": 6, "target_loss": 0.024574974551796913, "total_loss": 0.508266031742096, "coeff_list": [[0.20000000298023224, 0.20000000298023224, 0.20000000298023224, 0.20000000298023224, 0.20000000298023224], [0.20000000298023224, 0.20000000298023224, 0.20000000298023224, 0.20000000298023224, 0.20000000298023224], [0.20000000298023224, 0.20000000298023224, 0.20000000298023224, 0.20000000298023224, 0.20000000298023224], [0.20000000298023224, 0.20000000298023224, 0.20000000298023224, 0.20000000298023224, 0.20000000298023224], [0.20000000298023224, 0.20000000298023224, 0.20000000298023224, 0.20000000298023224, 0.20000000298023224], [0.20000000298023224, 0.20000000298023224, 0.20000000298023224, 0.20000000298023224, 0.20000000298023224], [0.20000000298023224, 0.20000000298023224, 0.20000000298023224, 0.20000000298023224, 0.20000000298023224], [0.20000000298023224, 0.20000000298023224, 0.20000000298023224, 0.20000000298023224, 0.20000000298023224], [0.20000000298023224, 0.20000000298023224, 0.20000000298023224, 0.20000000298023224, 0.20000000298023224], [0.20000000298023224, 0.20000000298023224, 0.20000000298023224, 0.20000000298023224, 0.20000000298023224], [0.20000000298023224, 0.20000000298023224, 0.20000000298023224, 0.20000000298023224, 0.20000000298023224], [0.20000000298023224, 0.20000000298023224, 0.20000000298023224, 0.20000000298023224, 0.20000000298023224], [0.20000000298023224, 0.20000000298023224, 0.20000000298023224, 0.20000000298023224, 0.20000000298023224], [0.20000000298023224, 0.20000000298023224, 0.20000000298023224, 0.20000000298023224, 0.20000000298023224], [0.20000000298023224, 0.20000000298023224, 0.20000000298023224, 0.20000000298023224, 0.20000000298023224], [0.20000000298023224, 0.20000000298023224, 0.20000000298023224, 0.20000000298023224, 0.20000000298023224], [0.20000000298023224, 0.20000000298023224, 0.20000000298023224, 0.20000000298023224, 0.20000000298023224], [0.20000000298023224, 0.20000000298023224, 0.20000000298023224, 0.20000000298023224, 0.20000000298023224]], "coeff_list_in_victim": [[0.21137653291225433, 0.0, 0.0, 0.7886234521865845, 0.0]], "victims": {"DPN92": {"clean acc": 92.69000053405762, "prediction": 6, "poisons predictions": [8, 8, 8, 8, 8], "scores": [4.369765358847849e-21, 2.8481890782493247e-13, 0.0, 1.193036787682437e-23, 5.427628849280572e-36, 1.4188532113471772e-24, 0.9999961853027344, 1.2730796548390963e-41, 2.2021229142410448e-06, 0.0], "malicious score": 2.2021229142410448e-06, "camera": {}}, "SENet18": {"clean acc": 91.64000129699707, "prediction": 6, "poisons predictions": [8, 8, 8, 8, 8], "scores": [2.898534974336358e-22, 6.359211391647384e-20, 2.967515410617662e-18, 3.983026321279946e-15, 5.6354688277027165e-11, 1.8101772370926692e-17, 1.0, 8.444659408572583e-21, 9.634877784492346e-09, 1.888228191245325e-23], "malicious score": 9.634877784492346e-09, "camera": {}}, "ResNet50": {"clean acc": 93.36000137329101, "prediction": 6, "poisons predictions": [8, 8, 8, 8, 8], "scores": [0.0, 4.011087001327142e-20, 0.0, 1.757008447042899e-25, 2.6624670822171524e-44, 2.547334852062423e-29, 1.0, 1.6934562822465827e-30, 4.0010739675837986e-14, 1.6808673960261125e-30], "malicious score": 4.0010739675837986e-14, "camera": {}}, "ResNeXt29_2x64d": {"clean acc": 93.30000267028808, "prediction": 6, "poisons predictions": [8, 8, 8, 8, 8], "scores": [1.3945243307604394e-31, 9.854989047042295e-10, 3.574123783938792e-22, 5.971503504078723e-15, 4.203895392974451e-44, 3.380933476831432e-36, 1.0, 1.186670161177702e-28, 6.592251050596687e-11, 5.550238802819925e-29], "malicious score": 6.592251050596687e-11, "camera": {}}, "GoogLeNet": {"clean acc": 91.71000137329102, "prediction": 6, "poisons predictions": [8, 8, 8, 8, 8], "scores": [4.3334390869987217e-16, 1.0825420421189946e-10, 8.391543211173913e-14, 6.73643252291356e-10, 4.0674611065610964e-15, 4.735908280123491e-12, 0.9999752044677734, 2.3594029507911785e-10, 2.420775308564771e-05, 3.597982825219216e-21], "malicious score": 2.420775308564771e-05, "camera": {}}, "MobileNetV2": {"clean acc": 87.89000129699707, "prediction": 6, "poisons predictions": [8, 8, 8, 6, 8], "scores": [5.505620915766118e-13, 1.6230202945499705e-12, 2.4961617703098176e-20, 4.8834476018555506e-08, 6.56671821479553e-17, 8.550597657468471e-20, 0.9974340796470642, 3.467055474767256e-29, 0.002565668663010001, 1.1503997798714982e-31], "malicious score": 0.002565668663010001, "camera": {}}, "ResNet18": {"clean acc": 92.81000175476075, "prediction": 6, "poisons predictions": [8, 8, 8, 8, 8], "scores": [5.3520521105567294e-20, 6.811806674278387e-11, 1.5177503961201662e-14, 6.563468105014181e-06, 2.2988334655076303e-29, 3.887906108168693e-10, 0.9999895095825195, 3.6130176406459344e-20, 3.5860275602317415e-06, 3.27041028767201e-19], "malicious score": 3.5860275602317415e-06, "camera": {}}, "DenseNet121": {"clean acc": 93.1400016784668, "prediction": 6, "poisons predictions": [8, 8, 8, 8, 8], "scores": [5.865915309044567e-09, 3.1984183097161223e-12, 5.014921811152817e-10, 1.489147933853019e-07, 1.4217187072063098e-06, 3.8928686763028963e-07, 0.9997406601905823, 3.5947789944481277e-25, 0.00025708452449180186, 4.579801381882076e-12], "malicious score": 0.00025708452449180186, "camera": {}}}}}}, "poison_idx_list": [213, 225, 227, 247, 249]}