{"args": "Namespace(device='cuda', dset_path='datasets', end2end=False, eval_poisons_root='attack-results-eps0.03/100-overlap/linear-transfer-learning/mean/800', gpu='0', lr_decay_epoch=[30, 45], model_resume_path='model-chks', num_per_class=50, poison_label=8, retrain_bsize=64, retrain_epochs=60, retrain_lr=0.1, retrain_momentum=0.9, retrain_opt='adam', retrain_wd=0, subset_group=0, target_camera=True, target_index_end=47, target_index_start=46, target_index_step=1, target_label=6, target_net=['DPN92', 'SENet18', 'ResNet50', 'ResNeXt29_2x64d', 'GoogLeNet', 'MobileNetV2', 'ResNet18', 'DenseNet121'], target_print_size=[2, 4], test_chk_name='ckpt-%s-4800.t7', train_data_path='datasets/CIFAR10_TRAIN_Split.pth')", "poison_label": 8, "target_label": 6, "targets": {"46": {}, "46": {"800": {"time": 338.0, "coeffs_time": 0, "poisons_time": 4, "target_loss": 0.018774688243865967, "total_loss": 0.10425571352243423, "coeff_list": [[0.20000000298023224, 0.20000000298023224, 0.20000000298023224, 0.20000000298023224, 0.20000000298023224], [0.20000000298023224, 0.20000000298023224, 0.20000000298023224, 0.20000000298023224, 0.20000000298023224], [0.20000000298023224, 0.20000000298023224, 0.20000000298023224, 0.20000000298023224, 0.20000000298023224], [0.20000000298023224, 0.20000000298023224, 0.20000000298023224, 0.20000000298023224, 0.20000000298023224], [0.20000000298023224, 0.20000000298023224, 0.20000000298023224, 0.20000000298023224, 0.20000000298023224], [0.20000000298023224, 0.20000000298023224, 0.20000000298023224, 0.20000000298023224, 0.20000000298023224], [0.20000000298023224, 0.20000000298023224, 0.20000000298023224, 0.20000000298023224, 0.20000000298023224], [0.20000000298023224, 0.20000000298023224, 0.20000000298023224, 0.20000000298023224, 0.20000000298023224], [0.20000000298023224, 0.20000000298023224, 0.20000000298023224, 0.20000000298023224, 0.20000000298023224], [0.20000000298023224, 0.20000000298023224, 0.20000000298023224, 0.20000000298023224, 0.20000000298023224], [0.20000000298023224, 0.20000000298023224, 0.20000000298023224, 0.20000000298023224, 0.20000000298023224], [0.20000000298023224, 0.20000000298023224, 0.20000000298023224, 0.20000000298023224, 0.20000000298023224], [0.20000000298023224, 0.20000000298023224, 0.20000000298023224, 0.20000000298023224, 0.20000000298023224], [0.20000000298023224, 0.20000000298023224, 0.20000000298023224, 0.20000000298023224, 0.20000000298023224], [0.20000000298023224, 0.20000000298023224, 0.20000000298023224, 0.20000000298023224, 0.20000000298023224], [0.20000000298023224, 0.20000000298023224, 0.20000000298023224, 0.20000000298023224, 0.20000000298023224], [0.20000000298023224, 0.20000000298023224, 0.20000000298023224, 0.20000000298023224, 0.20000000298023224], [0.20000000298023224, 0.20000000298023224, 0.20000000298023224, 0.20000000298023224, 0.20000000298023224]], "coeff_list_in_victim": [[0.06698570400476456, 0.0, 0.0, 0.4065970778465271, 0.5264171957969666]], "victims": {"DPN92": {"clean acc": 91.9500015258789, "prediction": 8, "poisons predictions": [8, 8, 8, 8, 6], "scores": [1.5239363590491273e-12, 1.2093804899179504e-17, 2.4730591739882242e-39, 2.746581199712032e-15, 6.38562686530524e-30, 3.473129851208276e-15, 0.3811365067958832, 1.2015278979002683e-37, 0.6188627481460571, 0.0], "malicious score": 0.6188627481460571, "camera": {}}, "SENet18": {"clean acc": 91.4400016784668, "prediction": 6, "poisons predictions": [8, 8, 8, 6, 6], "scores": [3.229231770873753e-09, 5.0729396134123125e-15, 1.2063688874350449e-14, 1.3711962121298882e-11, 2.984397497129976e-06, 9.181247613305327e-15, 0.9979383945465088, 2.185864473340778e-18, 0.002058303914964199, 8.844734036004378e-20], "malicious score": 0.002058303914964199, "camera": {}}, "ResNet50": {"clean acc": 91.79000129699708, "prediction": 8, "poisons predictions": [8, 8, 8, 6, 8], "scores": [1.2074032858300505e-24, 7.198075035325102e-12, 7.507886887461274e-28, 4.2067271715407236e-20, 2.8076923545732256e-32, 0.0, 4.309501644428337e-09, 8.400773922784951e-20, 1.0, 0.0], "malicious score": 1.0, "camera": {}}, "ResNeXt29_2x64d": {"clean acc": 92.45000114440919, "prediction": 8, "poisons predictions": [8, 8, 8, 8, 8], "scores": [1.560309185073467e-25, 0.002977079479023814, 2.803107654554219e-20, 3.864878905801561e-08, 0.0, 1.7360564561291396e-31, 0.04819291830062866, 1.3569666591806136e-23, 0.9488310217857361, 1.890119780780283e-27], "malicious score": 0.9488310217857361, "camera": {}}, "GoogLeNet": {"clean acc": 91.47000160217286, "prediction": 6, "poisons predictions": [8, 8, 8, 6, 8], "scores": [1.3190864204623716e-15, 1.0129338479103467e-09, 4.1612469026119925e-09, 6.501261395897018e-07, 7.830290777756377e-13, 3.5407520471153475e-08, 0.9901090860366821, 4.810532345800311e-07, 0.009889539331197739, 3.5714750483006e-17], "malicious score": 0.009889539331197739, "camera": {}}, "MobileNetV2": {"clean acc": 86.72000198364258, "prediction": 8, "poisons predictions": [8, 6, 8, 6, 6], "scores": [3.2576721764598915e-08, 1.1872373743837539e-11, 7.626185100084726e-11, 7.033040310489014e-05, 4.130347797180571e-15, 5.876466414173054e-12, 0.03724720701575279, 3.520669681252042e-16, 0.9626816511154175, 1.7850426756336492e-20], "malicious score": 0.9626816511154175, "camera": {}}, "ResNet18": {"clean acc": 92.14000091552734, "prediction": 6, "poisons predictions": [8, 8, 8, 8, 8], "scores": [1.472717920209151e-19, 2.1048808973334358e-15, 1.2081294081464633e-12, 0.00010490188287803903, 1.3659365125439558e-22, 3.083681088256185e-10, 0.9714440107345581, 1.0155753842056026e-11, 0.02845088392496109, 1.667538357666867e-23], "malicious score": 0.02845088392496109, "camera": {}}, "DenseNet121": {"clean acc": 92.82000045776367, "prediction": 6, "poisons predictions": [8, 8, 8, 8, 8], "scores": [5.981042505709411e-08, 1.9640188497760391e-07, 3.161710259921846e-12, 2.1966359327052487e-06, 2.3627267182746436e-06, 4.1865973798849154e-08, 0.9838380217552185, 8.309025944372713e-18, 0.016156859695911407, 1.3184469791968634e-12], "malicious score": 0.016156859695911407, "camera": {}}}}}}, "poison_idx_list": [213, 225, 227, 247, 249]}