{"args": "Namespace(device='cuda', dset_path='datasets', end2end=False, eval_poisons_root='attack-results-7poisons/100-overlap/linear-transfer-learning/mean/800', gpu='2', lr_decay_epoch=[30, 45], model_resume_path='model-chks', num_per_class=50, poison_label=8, retrain_bsize=64, retrain_epochs=60, retrain_lr=0.1, retrain_momentum=0.9, retrain_opt='adam', retrain_wd=0, subset_group=0, target_camera=True, target_index_end=46, target_index_start=45, target_index_step=1, target_label=6, target_net=['DPN92', 'SENet18', 'ResNet50', 'ResNeXt29_2x64d', 'GoogLeNet', 'MobileNetV2', 'ResNet18', 'DenseNet121'], target_print_size=[2, 4], test_chk_name='ckpt-%s-4800.t7', train_data_path='datasets/CIFAR10_TRAIN_Split.pth')", "poison_label": 8, "target_label": 6, "targets": {"45": {}, "45": {"800": {"time": 378.0, "coeffs_time": 0, "poisons_time": 4, "target_loss": 0.00857430137693882, "total_loss": 0.07102523744106293, "coeff_list": [[0.1428571492433548, 0.1428571492433548, 0.1428571492433548, 0.1428571492433548, 0.1428571492433548, 0.1428571492433548, 0.1428571492433548], [0.1428571492433548, 0.1428571492433548, 0.1428571492433548, 0.1428571492433548, 0.1428571492433548, 0.1428571492433548, 0.1428571492433548], [0.1428571492433548, 0.1428571492433548, 0.1428571492433548, 0.1428571492433548, 0.1428571492433548, 0.1428571492433548, 0.1428571492433548], [0.1428571492433548, 0.1428571492433548, 0.1428571492433548, 0.1428571492433548, 0.1428571492433548, 0.1428571492433548, 0.1428571492433548], [0.1428571492433548, 0.1428571492433548, 0.1428571492433548, 0.1428571492433548, 0.1428571492433548, 0.1428571492433548, 0.1428571492433548], [0.1428571492433548, 0.1428571492433548, 0.1428571492433548, 0.1428571492433548, 0.1428571492433548, 0.1428571492433548, 0.1428571492433548], [0.1428571492433548, 0.1428571492433548, 0.1428571492433548, 0.1428571492433548, 0.1428571492433548, 0.1428571492433548, 0.1428571492433548], [0.1428571492433548, 0.1428571492433548, 0.1428571492433548, 0.1428571492433548, 0.1428571492433548, 0.1428571492433548, 0.1428571492433548], [0.1428571492433548, 0.1428571492433548, 0.1428571492433548, 0.1428571492433548, 0.1428571492433548, 0.1428571492433548, 0.1428571492433548], [0.1428571492433548, 0.1428571492433548, 0.1428571492433548, 0.1428571492433548, 0.1428571492433548, 0.1428571492433548, 0.1428571492433548], [0.1428571492433548, 0.1428571492433548, 0.1428571492433548, 0.1428571492433548, 0.1428571492433548, 0.1428571492433548, 0.1428571492433548], [0.1428571492433548, 0.1428571492433548, 0.1428571492433548, 0.1428571492433548, 0.1428571492433548, 0.1428571492433548, 0.1428571492433548], [0.1428571492433548, 0.1428571492433548, 0.1428571492433548, 0.1428571492433548, 0.1428571492433548, 0.1428571492433548, 0.1428571492433548], [0.1428571492433548, 0.1428571492433548, 0.1428571492433548, 0.1428571492433548, 0.1428571492433548, 0.1428571492433548, 0.1428571492433548], [0.1428571492433548, 0.1428571492433548, 0.1428571492433548, 0.1428571492433548, 0.1428571492433548, 0.1428571492433548, 0.1428571492433548], [0.1428571492433548, 0.1428571492433548, 0.1428571492433548, 0.1428571492433548, 0.1428571492433548, 0.1428571492433548, 0.1428571492433548], [0.1428571492433548, 0.1428571492433548, 0.1428571492433548, 0.1428571492433548, 0.1428571492433548, 0.1428571492433548, 0.1428571492433548], [0.1428571492433548, 0.1428571492433548, 0.1428571492433548, 0.1428571492433548, 0.1428571492433548, 0.1428571492433548, 0.1428571492433548]], "coeff_list_in_victim": [[0.3667323887348175, 0.0, 0.0, 0.0, 0.10750354081392288, 0.0, 0.5257640480995178]], "victims": {"DPN92": {"clean acc": 92.31000175476075, "prediction": 6, "poisons predictions": [8, 8, 8, 6, 6, 8, 6], "scores": [7.871906682055396e-09, 4.109311791010973e-19, 1.2298711211590877e-37, 7.488857996999342e-15, 4.291263062535573e-30, 5.3852167720888825e-17, 0.911132276058197, 2.34308313622824e-40, 0.08886701613664627, 0.0], "malicious score": 0.08886701613664627, "camera": {}}, "SENet18": {"clean acc": 90.9900016784668, "prediction": 6, "poisons predictions": [8, 8, 8, 8, 6, 8, 6], "scores": [4.387813168360566e-10, 9.599590100606292e-08, 3.1338594862732752e-15, 6.144235120686403e-10, 0.00014703869237564504, 2.4337828166643913e-14, 0.9983686208724976, 1.1741992198433665e-13, 0.0014843868557363749, 1.0150882819850646e-13], "malicious score": 0.0014843868557363749, "camera": {}}, "ResNet50": {"clean acc": 91.83000183105469, "prediction": 8, "poisons predictions": [8, 8, 8, 8, 6, 8, 8], "scores": [2.9952298600497494e-34, 1.0818024144587588e-42, 9.566500404989666e-28, 0.0, 1.1090126038312638e-37, 2.2656344405266363e-32, 0.2210700958967209, 8.424907563391039e-20, 0.7789285182952881, 4.1638482117682e-33], "malicious score": 0.7789285182952881, "camera": {}}, "ResNeXt29_2x64d": {"clean acc": 92.89000129699707, "prediction": 6, "poisons predictions": [8, 8, 8, 8, 8, 8, 8], "scores": [1.1200185995607771e-24, 1.7489402926901408e-29, 3.0175419573409993e-15, 8.729837408516516e-10, 0.0, 6.631727309350456e-29, 0.9277887940406799, 6.472126096712194e-29, 0.07221020758152008, 5.528195859914635e-23], "malicious score": 0.07221020758152008, "camera": {}}, "GoogLeNet": {"clean acc": 92.63000144958497, "prediction": 8, "poisons predictions": [8, 8, 8, 8, 6, 8, 6], "scores": [1.8081715663057114e-14, 3.356756712868947e-12, 1.1232266672323021e-07, 2.9315920983208343e-05, 1.784016163963731e-11, 2.1167765225982293e-05, 0.45424404740333557, 2.451726821561806e-09, 0.5457055568695068, 3.710301835500413e-19], "malicious score": 0.5457055568695068, "camera": {}}, "MobileNetV2": {"clean acc": 86.91000137329101, "prediction": 8, "poisons predictions": [8, 8, 8, 8, 8, 6, 8], "scores": [1.1670287999865359e-11, 1.611159189530913e-33, 1.0181058093310872e-16, 1.908209128487215e-07, 9.120614401096333e-22, 1.3210597160618985e-16, 0.0135774752125144, 1.4290637461922439e-26, 0.9864230155944824, 1.5897868068986548e-23], "malicious score": 0.9864230155944824, "camera": {}}, "ResNet18": {"clean acc": 92.76000175476074, "prediction": 6, "poisons predictions": [8, 6, 8, 8, 8, 8, 6], "scores": [1.3414532750379647e-17, 1.455895293211995e-09, 3.762279984081962e-12, 8.848442121234257e-06, 2.24130876401468e-23, 6.290309939593897e-11, 0.9764159321784973, 2.2855503947760702e-11, 0.023575030267238617, 3.191390829043611e-24], "malicious score": 0.023575030267238617, "camera": {}}, "DenseNet121": {"clean acc": 92.95000190734864, "prediction": 8, "poisons predictions": [8, 8, 8, 8, 6, 8, 8], "scores": [5.185968876553204e-10, 1.9942320093457172e-13, 9.831137504079379e-08, 0.00015537966100964695, 1.8812757573982708e-08, 1.098149823519634e-06, 0.2789955735206604, 1.4207137213327958e-20, 0.7208477854728699, 4.327168506325363e-13], "malicious score": 0.7208477854728699, "camera": {}}}}}}, "poison_idx_list": [213, 225, 227, 247, 249, 253, 261]}