{"args": "Namespace(device='cuda', dset_path='datasets', end2end=False, eval_poisons_root='attack-results-10poisons/100-overlap/linear-transfer-learning/mean/800', gpu='1', lr_decay_epoch=[30, 45], model_resume_path='model-chks', num_per_class=50, poison_label=8, retrain_bsize=64, retrain_epochs=60, retrain_lr=0.1, retrain_momentum=0.9, retrain_opt='adam', retrain_wd=0, subset_group=0, target_camera=True, target_index_end=12, target_index_start=11, target_index_step=1, target_label=6, target_net=['DPN92', 'SENet18', 'ResNet50', 'ResNeXt29_2x64d', 'GoogLeNet', 'MobileNetV2', 'ResNet18', 'DenseNet121'], target_print_size=[2, 4], test_chk_name='ckpt-%s-4800.t7', train_data_path='datasets/CIFAR10_TRAIN_Split.pth')", "poison_label": 8, "target_label": 6, "targets": {"11": {}, "11": {"800": {"time": 402.0, "coeffs_time": 0, "poisons_time": 5, "target_loss": 0.025644907727837563, "total_loss": 0.0766771212220192, "coeff_list": [[0.10000000149011612, 0.10000000149011612, 0.10000000149011612, 0.10000000149011612, 0.10000000149011612, 0.10000000149011612, 0.10000000149011612, 0.10000000149011612, 0.10000000149011612, 0.10000000149011612], [0.10000000149011612, 0.10000000149011612, 0.10000000149011612, 0.10000000149011612, 0.10000000149011612, 0.10000000149011612, 0.10000000149011612, 0.10000000149011612, 0.10000000149011612, 0.10000000149011612], [0.10000000149011612, 0.10000000149011612, 0.10000000149011612, 0.10000000149011612, 0.10000000149011612, 0.10000000149011612, 0.10000000149011612, 0.10000000149011612, 0.10000000149011612, 0.10000000149011612], [0.10000000149011612, 0.10000000149011612, 0.10000000149011612, 0.10000000149011612, 0.10000000149011612, 0.10000000149011612, 0.10000000149011612, 0.10000000149011612, 0.10000000149011612, 0.10000000149011612], [0.10000000149011612, 0.10000000149011612, 0.10000000149011612, 0.10000000149011612, 0.10000000149011612, 0.10000000149011612, 0.10000000149011612, 0.10000000149011612, 0.10000000149011612, 0.10000000149011612], [0.10000000149011612, 0.10000000149011612, 0.10000000149011612, 0.10000000149011612, 0.10000000149011612, 0.10000000149011612, 0.10000000149011612, 0.10000000149011612, 0.10000000149011612, 0.10000000149011612], [0.10000000149011612, 0.10000000149011612, 0.10000000149011612, 0.10000000149011612, 0.10000000149011612, 0.10000000149011612, 0.10000000149011612, 0.10000000149011612, 0.10000000149011612, 0.10000000149011612], [0.10000000149011612, 0.10000000149011612, 0.10000000149011612, 0.10000000149011612, 0.10000000149011612, 0.10000000149011612, 0.10000000149011612, 0.10000000149011612, 0.10000000149011612, 0.10000000149011612], [0.10000000149011612, 0.10000000149011612, 0.10000000149011612, 0.10000000149011612, 0.10000000149011612, 0.10000000149011612, 0.10000000149011612, 0.10000000149011612, 0.10000000149011612, 0.10000000149011612], [0.10000000149011612, 0.10000000149011612, 0.10000000149011612, 0.10000000149011612, 0.10000000149011612, 0.10000000149011612, 0.10000000149011612, 0.10000000149011612, 0.10000000149011612, 0.10000000149011612], [0.10000000149011612, 0.10000000149011612, 0.10000000149011612, 0.10000000149011612, 0.10000000149011612, 0.10000000149011612, 0.10000000149011612, 0.10000000149011612, 0.10000000149011612, 0.10000000149011612], [0.10000000149011612, 0.10000000149011612, 0.10000000149011612, 0.10000000149011612, 0.10000000149011612, 0.10000000149011612, 0.10000000149011612, 0.10000000149011612, 0.10000000149011612, 0.10000000149011612], [0.10000000149011612, 0.10000000149011612, 0.10000000149011612, 0.10000000149011612, 0.10000000149011612, 0.10000000149011612, 0.10000000149011612, 0.10000000149011612, 0.10000000149011612, 0.10000000149011612], [0.10000000149011612, 0.10000000149011612, 0.10000000149011612, 0.10000000149011612, 0.10000000149011612, 0.10000000149011612, 0.10000000149011612, 0.10000000149011612, 0.10000000149011612, 0.10000000149011612], [0.10000000149011612, 0.10000000149011612, 0.10000000149011612, 0.10000000149011612, 0.10000000149011612, 0.10000000149011612, 0.10000000149011612, 0.10000000149011612, 0.10000000149011612, 0.10000000149011612], [0.10000000149011612, 0.10000000149011612, 0.10000000149011612, 0.10000000149011612, 0.10000000149011612, 0.10000000149011612, 0.10000000149011612, 0.10000000149011612, 0.10000000149011612, 0.10000000149011612], [0.10000000149011612, 0.10000000149011612, 0.10000000149011612, 0.10000000149011612, 0.10000000149011612, 0.10000000149011612, 0.10000000149011612, 0.10000000149011612, 0.10000000149011612, 0.10000000149011612], [0.10000000149011612, 0.10000000149011612, 0.10000000149011612, 0.10000000149011612, 0.10000000149011612, 0.10000000149011612, 0.10000000149011612, 0.10000000149011612, 0.10000000149011612, 0.10000000149011612]], "coeff_list_in_victim": [[0.0, 0.0, 0.0, 0.0, 0.0, 0.12943421304225922, 0.5099889636039734, 0.3605768382549286, 0.0, 0.0]], "victims": {"DPN92": {"clean acc": 92.1200008392334, "prediction": 8, "poisons predictions": [8, 8, 8, 8, 8, 8, 8, 8, 8, 8], "scores": [1.7563061401706427e-16, 3.588864621472841e-15, 1.088878859599722e-36, 1.4358735431371164e-17, 5.189475599275727e-31, 8.203391054189337e-26, 0.004463069140911102, 1.1354183504893979e-33, 0.9955353736877441, 0.0], "malicious score": 0.9955353736877441, "camera": {"2": {"prediction": 8, "scores": [2.769527534011388e-15, 2.4104320982481044e-16, 6.511098562283347e-38, 1.3767439531819719e-15, 8.749260922038108e-28, 1.7540560858013027e-24, 0.0059548430144786835, 8.002208098936454e-34, 0.9940440058708191, 0.0], "malicious score": 0.9940440058708191}, "4": {"prediction": 8, "scores": [2.396021791414263e-15, 6.748011323474328e-16, 4.261917848658365e-36, 8.340126956022861e-15, 1.0321110572079695e-27, 2.4195899086449992e-23, 0.005737803410738707, 6.628049582492835e-32, 0.9942639470100403, 0.0], "malicious score": 0.9942639470100403}}}, "SENet18": {"clean acc": 91.2400016784668, "prediction": 8, "poisons predictions": [8, 8, 8, 8, 8, 8, 8, 8, 8, 6], "scores": [1.985007644367265e-12, 1.5172622047643358e-09, 1.322447023680603e-15, 4.346087725815018e-12, 1.479007749605188e-10, 3.10572727745765e-14, 6.184628631444866e-08, 6.737971292025691e-11, 1.0, 2.294933279598909e-15], "malicious score": 1.0, "camera": {"2": {"prediction": 8, "scores": [1.4821112392926494e-10, 1.4187787229780202e-11, 5.654395967966868e-15, 4.654365781675551e-11, 1.433717478072083e-09, 8.853938835893214e-15, 1.2979273655844281e-08, 2.0032005568215716e-11, 1.0, 1.8251263759949725e-17], "malicious score": 1.0}, "4": {"prediction": 8, "scores": [1.4527870226266337e-11, 9.39883726402968e-10, 3.0690862415220285e-15, 4.306145023891261e-11, 8.355385827663042e-10, 2.2071010451663216e-14, 7.867925200244485e-10, 4.1537592809781643e-10, 1.0, 9.336754180333507e-16], "malicious score": 1.0}}}, "ResNet50": {"clean acc": 92.92000160217285, "prediction": 8, "poisons predictions": [8, 8, 8, 8, 8, 8, 8, 8, 8, 8], "scores": [3.4795642167649533e-41, 6.755157547717229e-20, 4.8126614848310815e-39, 4.524317957935268e-25, 1.0059142083555365e-24, 5.842797191022068e-29, 0.28695598244667053, 0.0, 0.7130441069602966, 8.560029644775185e-35], "malicious score": 0.7130441069602966, "camera": {"2": {"prediction": 8, "scores": [2.626201477960426e-40, 1.3882780631217736e-22, 7.312409789370836e-40, 1.3902018739885541e-22, 1.6768587808164896e-22, 8.501066330104925e-27, 0.32551121711730957, 0.0, 0.6744884252548218, 1.614710174293755e-32], "malicious score": 0.6744884252548218}, "4": {"prediction": 8, "scores": [1.8903344989017503e-36, 1.4608113015263038e-19, 1.4302298024597647e-35, 1.6494421887983556e-18, 4.1798015944188772e-22, 1.7901310832645363e-26, 0.0006768180173821747, 3.2229864679470793e-44, 0.9993231296539307, 1.1419013929989516e-29], "malicious score": 0.9993231296539307}}}, "ResNeXt29_2x64d": {"clean acc": 92.57000274658203, "prediction": 8, "poisons predictions": [8, 8, 8, 8, 8, 8, 8, 8, 8, 8],