{"args": "Namespace(device='cuda', dset_path='datasets', end2end=False, eval_poisons_root='attack-results-eps0.20/100-overlap/linear-transfer-learning/mean/800', gpu='1', lr_decay_epoch=[30, 45], model_resume_path='model-chks', num_per_class=50, poison_label=8, retrain_bsize=64, retrain_epochs=60, retrain_lr=0.1, retrain_momentum=0.9, retrain_opt='adam', retrain_wd=0, subset_group=0, target_camera=True, target_index_end=15, target_index_start=14, target_index_step=1, target_label=6, target_net=['DPN92', 'SENet18', 'ResNet50', 'ResNeXt29_2x64d', 'GoogLeNet', 'MobileNetV2', 'ResNet18', 'DenseNet121'], target_print_size=[2, 4], test_chk_name='ckpt-%s-4800.t7', train_data_path='datasets/CIFAR10_TRAIN_Split.pth')", "poison_label": 8, "target_label": 6, "targets": {"14": {}, "14": {"800": {"time": 333.0, "coeffs_time": 0, "poisons_time": 4, "target_loss": 0.04300787299871445, "total_loss": 0.08615235239267349, "coeff_list": [[0.20000000298023224, 0.20000000298023224, 0.20000000298023224, 0.20000000298023224, 0.20000000298023224], [0.20000000298023224, 0.20000000298023224, 0.20000000298023224, 0.20000000298023224, 0.20000000298023224], [0.20000000298023224, 0.20000000298023224, 0.20000000298023224, 0.20000000298023224, 0.20000000298023224], [0.20000000298023224, 0.20000000298023224, 0.20000000298023224, 0.20000000298023224, 0.20000000298023224], [0.20000000298023224, 0.20000000298023224, 0.20000000298023224, 0.20000000298023224, 0.20000000298023224], [0.20000000298023224, 0.20000000298023224, 0.20000000298023224, 0.20000000298023224, 0.20000000298023224], [0.20000000298023224, 0.20000000298023224, 0.20000000298023224, 0.20000000298023224, 0.20000000298023224], [0.20000000298023224, 0.20000000298023224, 0.20000000298023224, 0.20000000298023224, 0.20000000298023224], [0.20000000298023224, 0.20000000298023224, 0.20000000298023224, 0.20000000298023224, 0.20000000298023224], [0.20000000298023224, 0.20000000298023224, 0.20000000298023224, 0.20000000298023224, 0.20000000298023224], [0.20000000298023224, 0.20000000298023224, 0.20000000298023224, 0.20000000298023224, 0.20000000298023224], [0.20000000298023224, 0.20000000298023224, 0.20000000298023224, 0.20000000298023224, 0.20000000298023224], [0.20000000298023224, 0.20000000298023224, 0.20000000298023224, 0.20000000298023224, 0.20000000298023224], [0.20000000298023224, 0.20000000298023224, 0.20000000298023224, 0.20000000298023224, 0.20000000298023224], [0.20000000298023224, 0.20000000298023224, 0.20000000298023224, 0.20000000298023224, 0.20000000298023224], [0.20000000298023224, 0.20000000298023224, 0.20000000298023224, 0.20000000298023224, 0.20000000298023224], [0.20000000298023224, 0.20000000298023224, 0.20000000298023224, 0.20000000298023224, 0.20000000298023224], [0.20000000298023224, 0.20000000298023224, 0.20000000298023224, 0.20000000298023224, 0.20000000298023224]], "coeff_list_in_victim": [[0.0, 0.2936140298843384, 0.02247815951704979, 0.6839078068733215, 0.0]], "victims": {"DPN92": {"clean acc": 92.49000129699706, "prediction": 8, "poisons predictions": [6, 8, 8, 8, 8], "scores": [1.1335491171552246e-25, 8.289485977530477e-27, 7.098214025022184e-14, 1.5001450265117455e-05, 2.615270472929306e-17, 0.0005274981376715004, 0.0023294873535633087, 3.0705139846408246e-38, 0.9971278309822083, 2.542235673978083e-41], "malicious score": 0.9971278309822083, "camera": {"2": {"prediction": 5, "scores": [4.504396551221017e-31, 5.20200329483356e-38, 3.599589972879541e-13, 0.00016684929141774774, 4.796894404859831e-18, 0.9985952973365784, 0.001220516860485077, 7.984811086569999e-38, 1.820760007831268e-05, 1.9277210522468347e-36], "malicious score": 1.820760007831268e-05}, "4": {"prediction": 6, "scores": [5.651070964436304e-24, 1.73480440770872e-32, 1.3406559556455248e-16, 4.928031194140203e-05, 9.480738862582652e-18, 0.02715025097131729, 0.7945006489753723, 3.967317200047175e-37, 0.17830047011375427, 9.639491498434951e-39], "malicious score": 0.17830047011375427}}}, "SENet18": {"clean acc": 90.48000221252441, "prediction": 8, "poisons predictions": [8, 8, 5, 8, 8], "scores": [3.413750185310427e-12, 1.3003718467085622e-21, 9.466369914779438e-15, 4.3882064648670394e-10, 4.826191890572318e-09, 3.250769964324718e-08, 0.2459324151277542, 6.21827492100805e-21, 0.7540668845176697, 3.6647564865578686e-14], "malicious score": 0.7540668845176697, "camera": {"2": {"prediction": 8, "scores": [1.387087072481507e-22, 1.054250958463446e-36, 4.297074577674226e-13, 2.9249016403332107e-12, 7.407486429800159e-11, 7.644083552804659e-07, 0.25336578488349915, 1.2323680735929315e-32, 0.7466333508491516, 7.54816978506493e-15], "malicious score": 0.7466333508491516}, "4": {"prediction": 6, "scores": [9.842000309670319e-23, 7.509721998484365e-35, 3.820789171160577e-13, 1.6140529884856036e-11, 4.935148401052913e-10, 1.9705723389051855e-05, 0.6340742111206055, 2.5676833269559483e-31, 0.3659060299396515, 1.8166393953369941e-12], "malicious score": 0.3659060299396515}}}, "ResNet50": {"clean acc": 93.56000213623047, "prediction": 8, "poisons predictions": [8, 8, 8, 8, 8], "scores": [3.632504557014532e-27, 5.014343114300841e-27, 3.509487550590858e-23, 7.151539412459217e-29, 1.2856621530464105e-23, 1.1538436714790802e-19, 0.00537650054320693, 3.8166615931108506e-27, 0.9946243166923523, 6.075428940992668e-15], "malicious score": 0.9946243166923523, "camera": {"2": {"prediction": 8, "scores": [1.1837184327966856e-27, 4.784322567991588e-25, 6.62297975251476e-14, 7.12517471168619e-23, 3.058002635916102e-33, 0.2080523818731308, 2.6309362510801293e-07, 1.1442747134601545e-27, 0.7919467687606812, 5.240086186843645e-22], "malicious score": 0.7919467687606812}, "4": {"prediction": 8, "scores": [3.066091906673524e-29, 6.537918945100373e-26, 6.209141138529758e-16, 1.5855161506160598e-24, 2.949278408343664e-33, 5.937770097830253e-08, 7.086274854373187e-05, 9.683883909170124e-28, 0.9999294281005859, 8.158717550512689e-22], "malicious score": 0.9999294281005859}}}, "ResNeXt29_2x64d": {"clean acc": 92.87000122070313, "prediction": 8, "poisons predictions": [8, 8, 8, 8, 8], "scores": [8.75949076342395e-33, 0.0, 9.255490254420073e-13, 9.427147485056567e-18, 2.0346853701996344e-42, 3.2044267413156025e-12, 4.864801303483546e-05, 3.9098296865588605e-32, 0.9999523162841797, 1.3251628640396327e-24], "malicious score": 0.9999523162841797, "camera": {"2": {"prediction": 8, "scores": [1.3938828898242692e-28, 0.0, 9.802909595180154e-10, 4.32962457999988e-15, 4.527450835434994e-29, 0.060967180877923965, 5.4029253078624606e-05, 1.1253563006071731e-29, 0.9389795660972595, 1.7908059596163844e-20], "malicious score": 0.9389795660972595}, "4": {"prediction": 8, "scores": [2.521694405044999e-29, 0.0, 2.6215012799424287e-11, 9.613976417266815e-15, 2.7517540193246566e-28, 0.002688838867470622, 0.0001855758746387437, 1.0722506631816564e-29, 0.9971259236335754, 1.3072112126966658e-20], "malicious score": 0.9971259236335754}}}, "GoogLeNet": {"clean acc": 92.35000152587891, "prediction": 8, "poisons predictions": [8, 6, 8, 8, 8], "scores": [4.0113154768303683e-13, 1.708544330319972e-13, 0.00012695501209236681, 0.1272374987602234, 9.328136485464711e-09, 0.08486396074295044, 0.03580259904265404, 1.0128473580672814e-12, 0.7519691586494446, 1.8921839789465267e-11], "malicious score": 0.7519691586494446, "camera": {"2": {"prediction": 5, "scores": [5.028471654230883e-15, 5.096301629957714e-19, 0.00140932179056108, 0.0068566990084946156, 5.243380396535713e-09, 0.991479218006134, 2.4680441583768697e-06, 8.506698526199261e-15, 0.00025184170226566494, 2.713366337170342e-11], "malicious score": 0.00025184170226566494}, "4": {"prediction": 5, "scores": [6.868133449119962e-13, 2.0871853996834482e-16, 0.0031097158789634705, 0.10075604915618896, 2.3472290422432707e-07, 0.8908084630966187, 0.00039046816527843475, 1.613648993072092e-12, 0.004934624768793583, 9.046758897568452e-10], "malicious score": 0.004934624768793583}}}, "MobileNetV2": {"clean acc": 87.6200008392334, "prediction": 6,