{"args": "Namespace(device='cuda', dset_path='datasets', end2end=False, eval_poisons_root='attack-results-10poisons/100-overlap/linear-transfer-learning/convex/800', gpu='0', lr_decay_epoch=[30, 45], model_resume_path='model-chks', num_per_class=50, poison_label=8, retrain_bsize=64, retrain_epochs=60, retrain_lr=0.1, retrain_momentum=0.9, retrain_opt='adam', retrain_wd=0, subset_group=0, target_camera=True, target_index_end=31, target_index_start=30, target_index_step=1, target_label=6, target_net=['DPN92', 'SENet18', 'ResNet50', 'ResNeXt29_2x64d', 'GoogLeNet', 'MobileNetV2', 'ResNet18', 'DenseNet121'], target_print_size=[2, 4], test_chk_name='ckpt-%s-4800.t7', train_data_path='datasets/CIFAR10_TRAIN_Split.pth')", "poison_label": 8, "target_label": 6, "targets": {"30": {}, "30": {"800": {"time": 43975.0, "coeffs_time": 41941, "poisons_time": 43577, "target_loss": 0.002332692965865135, "total_loss": 0.0009819907136261463, "coeff_list": [[0.0, 0.13037677109241486, 0.015272454358637333, 0.0, 0.47846898436546326, 0.0, 0.06121895834803581, 0.23948372900485992, 0.05575400963425636, 0.01942506618797779], [0.34009942412376404, 0.06783651560544968, 0.0, 0.23658668994903564, 0.14378668367862701, 0.0, 0.015630215406417847, 0.0336734801530838, 0.0, 0.16238699853420258], [0.0, 0.09768287092447281, 0.08466647565364838, 0.150030255317688, 0.6487926244735718, 0.014748598448932171, 0.0, 0.0, 0.0, 0.004079245030879974], [0.0, 0.39872902631759644, 0.0, 0.0, 0.10514038801193237, 0.0, 0.0, 0.3663078844547272, 0.12982268631458282, 0.0], [0.20338551700115204, 0.032701343297958374, 0.009390395134687424, 0.03221555054187775, 0.21235176920890808, 0.2563812732696533, 0.013865790329873562, 0.17262545228004456, 0.0, 0.06708294153213501], [0.0, 0.1098470464348793, 0.10326273739337921, 0.11781083792448044, 0.14574700593948364, 0.08102015405893326, 0.21270892024040222, 0.0, 0.09813349694013596, 0.13146977126598358], [0.0, 0.0, 0.23748840391635895, 0.07872500270605087, 0.06858941912651062, 0.0, 0.5388932824134827, 0.019046667963266373, 0.012997270561754704, 0.044259920716285706], [0.18911972641944885, 0.2106831669807434, 0.028228262439370155, 0.2649330794811249, 0.0068705519661307335, 0.08766893297433853, 0.19388532638549805, 0.0, 0.0, 0.01861095055937767], [0.057110950350761414, 0.0, 0.1017134040594101, 0.23177959024906158, 0.45653873682022095, 0.009029600769281387, 0.028403354808688164, 0.013165364041924477, 0.10225897282361984, 0.0], [0.02781340293586254, 0.08229756355285645, 0.000767143617849797, 0.11202432960271835, 0.5416631102561951, 0.0, 0.18356648087501526, 0.0, 0.05186794698238373, 0.0], [0.12989281117916107, 0.12172570824623108, 0.032023631036281586, 0.012891613878309727, 0.18304555118083954, 0.2558191418647766, 0.05420871078968048, 0.20027709007263184, 0.0, 0.01011580415070057], [0.003217857563868165, 0.002120954915881157, 0.03552063927054405, 0.0, 0.18053855001926422, 0.13295012712478638, 0.246148020029068, 0.016133137047290802, 0.27821245789527893, 0.10515818744897842], [0.0, 0.07305072993040085, 0.0, 0.1498364806175232, 0.28522932529449463, 0.013962969183921814, 0.13753078877925873, 0.03979219123721123, 0.30059751868247986, 0.0], [0.0, 0.014019175432622433, 0.30302345752716064, 0.22859345376491547, 0.11039388179779053, 0.0, 0.06254640966653824, 0.1284518539905548, 0.12355048209428787, 0.02942129597067833], [0.03475025296211243, 0.0031273115891963243, 0.04415234178304672, 0.0, 0.3944768011569977, 0.0, 0.0415368489921093, 0.4653451144695282, 0.0, 0.01661141775548458], [0.0, 0.12137266993522644, 0.0, 0.09267425537109375, 0.6161019206047058, 0.0, 0.10935356467962265, 0.060497574508190155, 0.0, 0.0], [0.0, 0.04271860420703888, 0.1184944435954094, 0.06382757425308228, 0.19459769129753113, 0.06839753687381744, 0.06862541288137436, 0.1796167492866516, 0.26372194290161133, 0.0], [0.036843299865722656, 0.0, 0.13544690608978271, 0.13176792860031128, 0.26004213094711304, 0.1696586310863495, 0.11287014931440353, 0.014561984688043594, 0.13880890607833862, 0.0]], "coeff_list_in_victim": [[0.0, 0.10608786344528198, 0.0, 0.3698555529117584, 0.0, 0.17296703159809113, 0.04226495325565338, 0.3088245391845703, 0.0, 0.0]], "victims": {"DPN92": {"clean acc": 92.48000144958496, "prediction": 8, "poisons predictions": [8, 8, 8, 8, 8, 6, 8, 8, 8, 8], "scores": [9.037880036380508e-13, 1.705144985227661e-21, 1.3348698545715605e-37, 4.329449559276055e-12, 2.922816862359143e-30, 2.338292560333528e-18, 0.1286643147468567, 7.54879482731779e-42, 0.8713341951370239, 0.0], "malicious score": 0.8713341951370239, "camera": {"2": {"prediction": 3, "scores": [1.9115031139682644e-19, 8.080682384527527e-25, 5.587632179659551e-20, 0.9869499802589417, 1.1537518285816927e-18, 0.012803093530237675, 9.893505193758756e-06, 1.2116773834942704e-29, 0.00023694601259194314, 1.6316137830585794e-32], "malicious score": 0.00023694601259194314}, "4": {"prediction": 3, "scores": [1.294720543109045e-19, 2.905965637384173e-28, 1.8545662044547082e-19, 0.5009065866470337, 8.152157357981322e-21, 0.48002949357032776, 0.013296387158334255, 5.977882011360937e-31, 0.005767708644270897, 5.193205472238245e-36], "malicious score": 0.005767708644270897}}}, "SENet18": {"clean acc": 90.92000160217285, "prediction": 8, "poisons predictions": [8, 6, 8, 8, 8, 8, 6, 8, 8, 6], "scores": [2.2297701879336884e-12, 5.154651051972489e-24, 2.1790494755813405e-11, 5.254781054730984e-10, 2.1237686098629638e-07, 1.2965397852560123e-11, 0.09830342233181, 2.2227637431522377e-16, 0.9016963243484497, 1.6018151391764408e-16], "malicious score": 0.9016963243484497, "camera": {"2": {"prediction": 8, "scores": [5.4690186569988225e-14, 7.032803303604692e-28, 1.748109122734487e-11, 6.530401464033275e-08, 9.726502980811347e-08, 5.571912264912271e-09, 2.3373870135401376e-05, 2.788719558657198e-20, 0.9999770522117615, 3.156814206198809e-14], "malicious score": 0.9999770522117615}, "4": {"prediction": 8, "scores": [3.4466179910097594e-13, 4.507755553599961e-28, 1.0306386299951953e-10, 2.4190801468648715e-06, 3.366773171364912e-06, 4.859711680182954e-06, 0.0004337066784501076, 2.6845775195367718e-20, 0.999555766582489, 5.7554017975081084e-12], "malicious score": 0.999555766582489}}}, "ResNet50": {"clean acc": 93.00000076293945, "prediction": 6, "poisons predictions": [8, 6, 8, 8, 8, 8, 8, 8, 8, 8], "scores": [7.006492321624085e-45, 6.417946966607662e-42, 2.3774490537514014e-22, 4.469791481387375e-10, 6.537279084216689e-31, 2.103065893409257e-31, 0.5772265195846558, 8.550946140197887e-30, 0.42277297377586365, 1.3194155085218242e-27], "malicious score": 0.42277297377586365, "camera": {"2": {"prediction": 8, "scores": [4.954991369852553e-42, 3.1240316229697284e-33, 7.296804368518151e-26, 0.004439398646354675, 3.0824971434494193e-30, 3.1897869541981086e-15, 0.37135642766952515, 1.7676082955298998e-27, 0.6242045164108276, 4.431003586049235e-27], "malicious score": 0.6242045164108276}, "4": {"prediction": 3, "scores": [6.21202615727513e-40, 2.7371572157202135e-30, 1.3068631830720826e-26, 0.5038174986839294, 2.4110059750190284e-28, 9.525148447764309e-10, 0.025837887078523636, 3.726828208636061e-26, 0.47034507989883423, 1.1135887946190348e-26], "malicious score": 0.47034507989883423}}}, "ResNeXt29_2x64d": {"clean acc": 92.46000213623047, "prediction": 8, "poisons predictions": [8, 8, 8, 8, 8, 8, 8, 8, 8, 8], "scores": [8.051475712631238e-19, 1.1657436581767429e-21, 9.268760728075036e-16, 2.2565986579348163e-10, 0.0, 1.6733875609026212e-31, 0.19091267883777618, 3.056380871966963e-26, 0.8090881705284119, 1.725659508705438e-21], "malicious score": 0.8090881705284119, "camera": {"2": {"prediction": 8, "scores": [8.057874058066912e-17, 1.578076955621554e-23, 1.6990672757621894e-10, 3.08193702949211e-05, 9.377713387523005e-35, 6.317512519034944e-17, 0.010846545919775963, 1.5846039907513528e-23, 0.9891228675842285, 2.7892730588092696e-20], "malicious score": 0.9891228675842285}, "4": {"prediction": 8,