{"args": "Namespace(device='cuda', dset_path='datasets', end2end=False, eval_poisons_root='attack-results-eps0.05/100-overlap/linear-transfer-learning/mean/800', gpu='2', lr_decay_epoch=[30, 45], model_resume_path='model-chks', num_per_class=50, poison_label=8, retrain_bsize=64, retrain_epochs=60, retrain_lr=0.1, retrain_momentum=0.9, retrain_opt='adam', retrain_wd=0, subset_group=0, target_camera=True, target_index_end=11, target_index_start=10, target_index_step=1, target_label=6, target_net=['DPN92', 'SENet18', 'ResNet50', 'ResNeXt29_2x64d', 'GoogLeNet', 'MobileNetV2', 'ResNet18', 'DenseNet121'], target_print_size=[2, 4], test_chk_name='ckpt-%s-4800.t7', train_data_path='datasets/CIFAR10_TRAIN_Split.pth')", "poison_label": 8, "target_label": 6, "targets": {"10": {}, "10": {"800": {"time": 452.0, "coeffs_time": 0, "poisons_time": 6, "target_loss": 0.010103817097842693, "total_loss": 0.08761007338762283, "coeff_list": [[0.20000000298023224, 0.20000000298023224, 0.20000000298023224, 0.20000000298023224, 0.20000000298023224], [0.20000000298023224, 0.20000000298023224, 0.20000000298023224, 0.20000000298023224, 0.20000000298023224], [0.20000000298023224, 0.20000000298023224, 0.20000000298023224, 0.20000000298023224, 0.20000000298023224], [0.20000000298023224, 0.20000000298023224, 0.20000000298023224, 0.20000000298023224, 0.20000000298023224], [0.20000000298023224, 0.20000000298023224, 0.20000000298023224, 0.20000000298023224, 0.20000000298023224], [0.20000000298023224, 0.20000000298023224, 0.20000000298023224, 0.20000000298023224, 0.20000000298023224], [0.20000000298023224, 0.20000000298023224, 0.20000000298023224, 0.20000000298023224, 0.20000000298023224], [0.20000000298023224, 0.20000000298023224, 0.20000000298023224, 0.20000000298023224, 0.20000000298023224], [0.20000000298023224, 0.20000000298023224, 0.20000000298023224, 0.20000000298023224, 0.20000000298023224], [0.20000000298023224, 0.20000000298023224, 0.20000000298023224, 0.20000000298023224, 0.20000000298023224], [0.20000000298023224, 0.20000000298023224, 0.20000000298023224, 0.20000000298023224, 0.20000000298023224], [0.20000000298023224, 0.20000000298023224, 0.20000000298023224, 0.20000000298023224, 0.20000000298023224], [0.20000000298023224, 0.20000000298023224, 0.20000000298023224, 0.20000000298023224, 0.20000000298023224], [0.20000000298023224, 0.20000000298023224, 0.20000000298023224, 0.20000000298023224, 0.20000000298023224], [0.20000000298023224, 0.20000000298023224, 0.20000000298023224, 0.20000000298023224, 0.20000000298023224], [0.20000000298023224, 0.20000000298023224, 0.20000000298023224, 0.20000000298023224, 0.20000000298023224], [0.20000000298023224, 0.20000000298023224, 0.20000000298023224, 0.20000000298023224, 0.20000000298023224], [0.20000000298023224, 0.20000000298023224, 0.20000000298023224, 0.20000000298023224, 0.20000000298023224]], "coeff_list_in_victim": [[0.0, 0.7465429902076721, 0.21575728058815002, 0.037699662148952484, 0.0]], "victims": {"DPN92": {"clean acc": 91.75000228881837, "prediction": 8, "poisons predictions": [8, 8, 8, 8, 6], "scores": [1.9156080938728715e-24, 3.291681723432485e-30, 1.6264450885878854e-40, 2.0738224437949308e-14, 4.0921605617920304e-37, 2.527174500152664e-21, 0.31485608220100403, 9.80908925027372e-45, 0.685145378112793, 0.0], "malicious score": 0.685145378112793, "camera": {"2": {"prediction": 6, "scores": [7.770764277022772e-24, 8.62138317966508e-26, 1.533509493077088e-30, 6.073156555430614e-08, 5.977435101574291e-28, 8.948674388845924e-15, 0.9094603061676025, 1.9663484161457218e-37, 0.09053890407085419, 0.0], "malicious score": 0.09053890407085419}, "4": {"prediction": 6, "scores": [4.528669018865628e-25, 7.301230617753539e-26, 2.595414649285067e-31, 2.0562483769026585e-06, 6.018617141204502e-29, 1.0478661531141895e-13, 0.9996529221534729, 1.315412881446349e-38, 0.0003448948555160314, 0.0], "malicious score": 0.0003448948555160314}}}, "SENet18": {"clean acc": 91.16000099182129, "prediction": 6, "poisons predictions": [8, 6, 8, 6, 6], "scores": [7.896406618856933e-12, 5.380533796284226e-10, 4.063482366160355e-19, 1.5409848147952127e-13, 2.7408356118030497e-07, 5.868722699844093e-17, 0.9988943338394165, 3.2135506885264546e-17, 0.0011056819930672646, 4.291062293345385e-17], "malicious score": 0.0011056819930672646, "camera": {"2": {"prediction": 6, "scores": [2.373214957884784e-09, 1.1555276321299074e-13, 1.992575861286411e-19, 1.3999016518478208e-13, 6.060725699086333e-09, 3.1014247021336666e-17, 0.9901742339134216, 1.1565014803353955e-18, 0.009826418943703175, 6.207808517475711e-18], "malicious score": 0.009826418943703175}, "4": {"prediction": 6, "scores": [2.1438997919176472e-06, 1.5335074876610122e-10, 1.8042864294645633e-13, 2.121485209727325e-09, 1.3538992789108306e-06, 1.032358606153222e-13, 0.778098464012146, 7.533100391306918e-14, 0.22189724445343018, 4.179449873616429e-15], "malicious score": 0.22189724445343018}}}, "ResNet50": {"clean acc": 92.46000099182129, "prediction": 8, "poisons predictions": [8, 8, 8, 8, 8], "scores": [2.972619236973943e-22, 3.686729968854009e-32, 7.017140999577078e-24, 3.010435154984124e-31, 5.050619215458345e-22, 0.0, 0.1548752635717392, 6.338325187864726e-40, 0.8451238870620728, 4.655141458488293e-21], "malicious score": 0.8451238870620728, "camera": {"2": {"prediction": 6, "scores": [7.84691024341337e-22, 6.313681838527852e-32, 1.085118468884363e-20, 1.1103025942216225e-24, 5.7058584429319525e-22, 9.248569864543793e-44, 0.9999828338623047, 2.7116386453303103e-40, 1.6905136362765916e-05, 5.482293798266478e-21], "malicious score": 1.6905136362765916e-05}, "4": {"prediction": 6, "scores": [7.559870896818583e-22, 1.3967663981555368e-30, 2.2746371477131482e-20, 1.1138187198395156e-25, 1.323158794464355e-22, 1.401298464324817e-45, 0.9992983341217041, 1.5844770403604358e-38, 0.0007014161674305797, 2.1247684997073053e-21], "malicious score": 0.0007014161674305797}}}, "ResNeXt29_2x64d": {"clean acc": 93.1200023651123, "prediction": 6, "poisons predictions": [8, 8, 8, 8, 8], "scores": [1.7626852334060572e-28, 2.0020833879641486e-09, 2.199650596301832e-17, 7.916459371717921e-13, 0.0, 7.691596433735015e-27, 0.9999427795410156, 4.130083314012074e-21, 5.543799852603115e-05, 5.835624907538549e-29], "malicious score": 5.543799852603115e-05, "camera": {"2": {"prediction": 6, "scores": [7.705090975574399e-23, 1.8282476921260837e-10, 7.174550667107815e-13, 7.5608435068375e-09, 1.451611401852749e-35, 1.748156268739209e-18, 1.0, 2.2224996409262617e-17, 1.2391991877080955e-09, 7.166229557548788e-22], "malicious score": 1.2391991877080955e-09}, "4": {"prediction": 6, "scores": [9.53856093928644e-26, 1.0736997402283066e-10, 7.080280643462916e-15, 1.867708245006927e-11, 6.488011889823903e-43, 1.91761332307368e-22, 1.0, 1.5597307290542233e-19, 8.274400897789747e-08, 5.286158109177358e-24], "malicious score": 8.274400897789747e-08}}}, "GoogLeNet": {"clean acc": 91.78000068664551, "prediction": 6, "poisons predictions": [8, 8, 8, 6, 6], "scores": [3.1949088085745614e-18, 4.683937682159467e-09, 1.1394985399704183e-08, 2.1210635168245062e-06, 2.045347398393904e-13, 3.465214959419427e-08, 0.9063493013381958, 7.707234180998057e-05, 0.09357153624296188, 1.9722816746192581e-16], "malicious score": 0.09357153624296188, "camera": {"2": {"prediction": 6, "scores": [3.9451186322750006e-14, 2.230570217420791e-08, 5.696949756384129e-06, 0.00023536299704574049, 2.7506025235268794e-11, 8.90132287167944e-06, 0.858691394329071, 1.780399543349631e-07, 0.14105884730815887, 4.851264653665463e-14], "malicious score": 0.14105884730815887}, "4": {"prediction": 6, "scores": [1.7458207934319646e-14, 2.129098106706806e-07, 2.0947807570337318e-05, 0.0015601838240399957, 7.032994846223328e-12, 3.540605757734738e-05, 0.5682782530784607, 3.4466399512211865e-08, 0.4301050901412964, 4.970687151272489e-14], "malicious score": 0.4301050901412964}}}, "MobileNetV2": {"clean acc": 86.78000221252441, "prediction": 6, "poisons predictions": [8, 6, 6, 6, 6],