{"args": "Namespace(device='cuda', dset_path='datasets', end2end=False, eval_poisons_root='attack-results-eps0.05/100-overlap/linear-transfer-learning/mean/800', gpu='2', lr_decay_epoch=[30, 45], model_resume_path='model-chks', num_per_class=50, poison_label=8, retrain_bsize=64, retrain_epochs=60, retrain_lr=0.1, retrain_momentum=0.9, retrain_opt='adam', retrain_wd=0, subset_group=0, target_camera=True, target_index_end=3, target_index_start=2, target_index_step=1, target_label=6, target_net=['DPN92', 'SENet18', 'ResNet50', 'ResNeXt29_2x64d', 'GoogLeNet', 'MobileNetV2', 'ResNet18', 'DenseNet121'], target_print_size=[2, 4], test_chk_name='ckpt-%s-4800.t7', train_data_path='datasets/CIFAR10_TRAIN_Split.pth')", "poison_label": 8, "target_label": 6, "targets": {"2": {}, "2": {"800": {"time": 468.0, "coeffs_time": 0, "poisons_time": 5, "target_loss": 0.0031962094362825155, "total_loss": 0.07757005840539932, "coeff_list": [[0.20000000298023224, 0.20000000298023224, 0.20000000298023224, 0.20000000298023224, 0.20000000298023224], [0.20000000298023224, 0.20000000298023224, 0.20000000298023224, 0.20000000298023224, 0.20000000298023224], [0.20000000298023224, 0.20000000298023224, 0.20000000298023224, 0.20000000298023224, 0.20000000298023224], [0.20000000298023224, 0.20000000298023224, 0.20000000298023224, 0.20000000298023224, 0.20000000298023224], [0.20000000298023224, 0.20000000298023224, 0.20000000298023224, 0.20000000298023224, 0.20000000298023224], [0.20000000298023224, 0.20000000298023224, 0.20000000298023224, 0.20000000298023224, 0.20000000298023224], [0.20000000298023224, 0.20000000298023224, 0.20000000298023224, 0.20000000298023224, 0.20000000298023224], [0.20000000298023224, 0.20000000298023224, 0.20000000298023224, 0.20000000298023224, 0.20000000298023224], [0.20000000298023224, 0.20000000298023224, 0.20000000298023224, 0.20000000298023224, 0.20000000298023224], [0.20000000298023224, 0.20000000298023224, 0.20000000298023224, 0.20000000298023224, 0.20000000298023224], [0.20000000298023224, 0.20000000298023224, 0.20000000298023224, 0.20000000298023224, 0.20000000298023224], [0.20000000298023224, 0.20000000298023224, 0.20000000298023224, 0.20000000298023224, 0.20000000298023224], [0.20000000298023224, 0.20000000298023224, 0.20000000298023224, 0.20000000298023224, 0.20000000298023224], [0.20000000298023224, 0.20000000298023224, 0.20000000298023224, 0.20000000298023224, 0.20000000298023224], [0.20000000298023224, 0.20000000298023224, 0.20000000298023224, 0.20000000298023224, 0.20000000298023224], [0.20000000298023224, 0.20000000298023224, 0.20000000298023224, 0.20000000298023224, 0.20000000298023224], [0.20000000298023224, 0.20000000298023224, 0.20000000298023224, 0.20000000298023224, 0.20000000298023224], [0.20000000298023224, 0.20000000298023224, 0.20000000298023224, 0.20000000298023224, 0.20000000298023224]], "coeff_list_in_victim": [[0.5893158912658691, 0.0, 0.02734709531068802, 0.2910606861114502, 0.09227633476257324]], "victims": {"DPN92": {"clean acc": 92.4800018310547, "prediction": 6, "poisons predictions": [8, 8, 8, 6, 6], "scores": [1.3260971343243e-07, 4.869699261889071e-12, 3.529581582107233e-33, 8.242490315225805e-15, 1.129936671620804e-23, 3.3631889848262774e-17, 0.9917335510253906, 5.8907814438710227e-36, 0.008266093209385872, 0.0], "malicious score": 0.008266093209385872, "camera": {"2": {"prediction": 6, "scores": [2.5618458078395667e-21, 2.2927315837945458e-27, 7.158153221310587e-19, 1.5635901945643127e-05, 4.378463437638657e-19, 0.0020677594002336264, 0.9979164600372314, 9.65528208155247e-31, 1.3399772387328018e-14, 0.0], "malicious score": 1.3399772387328018e-14}, "4": {"prediction": 6, "scores": [3.54276991857555e-13, 6.730654824291699e-17, 4.3238958739996335e-23, 6.702287578264077e-07, 1.1445287647517264e-18, 2.5187230789924797e-07, 0.9999980926513672, 1.7978007140820696e-28, 6.446319957831292e-07, 0.0], "malicious score": 6.446319957831292e-07}}}, "SENet18": {"clean acc": 91.61000175476075, "prediction": 6, "poisons predictions": [8, 8, 6, 6, 6], "scores": [8.65572133079695e-07, 9.038618187240388e-10, 1.5193181185802623e-13, 3.977475467042968e-12, 5.78138212858903e-07, 6.373465665822364e-13, 0.9794992804527283, 7.916998762298733e-14, 0.02049846202135086, 4.319681006122178e-13], "malicious score": 0.02049846202135086, "camera": {"2": {"prediction": 6, "scores": [3.4680231234505976e-13, 6.741558343017688e-22, 2.2919359552592278e-12, 1.248042467982824e-12, 4.946591580790027e-09, 7.370038446197213e-08, 0.9759076237678528, 8.565486375628745e-27, 0.024092817679047585, 1.5891408198034918e-12], "malicious score": 0.024092817679047585}, "4": {"prediction": 6, "scores": [5.924460366735218e-10, 2.075432759637652e-18, 3.3672062360601274e-10, 3.4597134185299083e-12, 9.050254590192708e-08, 1.993984977133323e-09, 0.6662630438804626, 8.079430592432991e-22, 0.33373746275901794, 1.5170738200832173e-13], "malicious score": 0.33373746275901794}}}, "ResNet50": {"clean acc": 92.11000137329101, "prediction": 6, "poisons predictions": [8, 8, 6, 8, 8], "scores": [7.906561941118073e-20, 3.846632046854934e-16, 2.8865268547509935e-24, 2.950069579035178e-40, 7.7815162732050075e-28, 1.5497010671917898e-20, 0.9998512268066406, 2.977328221137154e-15, 0.00014913914492353797, 2.4055549835856905e-38], "malicious score": 0.00014913914492353797, "camera": {"2": {"prediction": 5, "scores": [8.951965819056843e-27, 2.739448351600021e-20, 6.207529108244227e-24, 3.23980625341437e-39, 6.18080948193435e-30, 0.9999961853027344, 5.3793851293448824e-06, 7.731171465077459e-17, 2.328513625815045e-30, 1.0584084372460881e-38], "malicious score": 2.328513625815045e-30}, "4": {"prediction": 5, "scores": [7.722827467787594e-25, 4.44544645569167e-19, 2.0812022539373298e-20, 1.5526527114565406e-40, 1.363889984072643e-30, 0.9999923706054688, 8.8278420662391e-06, 1.657662933064673e-16, 1.9546159486851546e-28, 9.528496048374247e-39], "malicious score": 1.9546159486851546e-28}}}, "ResNeXt29_2x64d": {"clean acc": 92.84000244140626, "prediction": 6, "poisons predictions": [8, 8, 6, 6, 8], "scores": [1.6849701641883341e-22, 1.0900054323763689e-13, 5.16420135820983e-11, 2.8465857448978227e-10, 2.7150297876139763e-40, 1.9215128524101628e-18, 0.5212360620498657, 1.903820934227059e-24, 0.4787631034851074, 1.3824120934305501e-22], "malicious score": 0.4787631034851074, "camera": {"2": {"prediction": 6, "scores": [1.979249335383328e-20, 2.104344651057418e-21, 9.6020674391184e-05, 2.468494813001598e-07, 4.549102488463115e-24, 5.106579192215577e-05, 0.9996605515480042, 1.795367448719895e-21, 0.00019188143778592348, 9.12843913245052e-16], "malicious score": 0.00019188143778592348}, "4": {"prediction": 6, "scores": [1.2418909213789383e-18, 7.057272052241937e-17, 1.2646506547753233e-05, 3.6700157579616643e-07, 3.1979180798775633e-27, 9.942517920080718e-10, 0.9139641523361206, 2.766006148388772e-19, 0.08602315187454224, 4.511806358589246e-17], "malicious score": 0.08602315187454224}}}, "GoogLeNet": {"clean acc": 92.30000114440918, "prediction": 8, "poisons predictions": [8, 8, 8, 6, 8], "scores": [1.9043172597090104e-14, 5.761044310874375e-13, 2.021682848862838e-05, 1.1497118975967169e-05, 7.056618045453433e-08, 2.269159995194059e-05, 0.00416665431112051, 5.512514889005615e-09, 0.9957784414291382, 3.591108964015599e-12], "malicious score": 0.9957784414291382, "camera": {"2": {"prediction": 6, "scores": [2.5403925949559032e-17, 2.8869298444866853e-12, 0.0069302464835345745, 0.0009202258079312742, 6.673795951428474e-07, 0.18713772296905518, 0.8016263246536255, 4.0641273812980216e-07, 0.0033844145946204662, 2.9158071790380546e-11], "malicious score": 0.0033844145946204662}, "4": {"prediction": 5, "scores": [7.882485960170559e-16, 9.908988506026478e-14, 0.054699331521987915, 0.006925822701305151, 2.0779853571184503e-07, 0.6115711331367493, 0.16918253898620605, 1.4357055988512002e-07, 0.15762074291706085, 1.209903982557492e-10], "malicious score": 0.15762074291706085}}},