{"args": "Namespace(device='cuda', dset_path='datasets', end2end=False, eval_poisons_root='attack-results-eps0.05/100-overlap/linear-transfer-learning/mean/800', gpu='3', lr_decay_epoch=[30, 45], model_resume_path='model-chks', num_per_class=50, poison_label=8, retrain_bsize=64, retrain_epochs=60, retrain_lr=0.1, retrain_momentum=0.9, retrain_opt='adam', retrain_wd=0, subset_group=0, target_camera=True, target_index_end=40, target_index_start=39, target_index_step=1, target_label=6, target_net=['DPN92', 'SENet18', 'ResNet50', 'ResNeXt29_2x64d', 'GoogLeNet', 'MobileNetV2', 'ResNet18', 'DenseNet121'], target_print_size=[2, 4], test_chk_name='ckpt-%s-4800.t7', train_data_path='datasets/CIFAR10_TRAIN_Split.pth')", "poison_label": 8, "target_label": 6, "targets": {"39": {}, "39": {"800": {"time": 470.0, "coeffs_time": 0, "poisons_time": 6, "target_loss": 0.009018250741064548, "total_loss": 0.09247875213623047, "coeff_list": [[0.20000000298023224, 0.20000000298023224, 0.20000000298023224, 0.20000000298023224, 0.20000000298023224], [0.20000000298023224, 0.20000000298023224, 0.20000000298023224, 0.20000000298023224, 0.20000000298023224], [0.20000000298023224, 0.20000000298023224, 0.20000000298023224, 0.20000000298023224, 0.20000000298023224], [0.20000000298023224, 0.20000000298023224, 0.20000000298023224, 0.20000000298023224, 0.20000000298023224], [0.20000000298023224, 0.20000000298023224, 0.20000000298023224, 0.20000000298023224, 0.20000000298023224], [0.20000000298023224, 0.20000000298023224, 0.20000000298023224, 0.20000000298023224, 0.20000000298023224], [0.20000000298023224, 0.20000000298023224, 0.20000000298023224, 0.20000000298023224, 0.20000000298023224], [0.20000000298023224, 0.20000000298023224, 0.20000000298023224, 0.20000000298023224, 0.20000000298023224], [0.20000000298023224, 0.20000000298023224, 0.20000000298023224, 0.20000000298023224, 0.20000000298023224], [0.20000000298023224, 0.20000000298023224, 0.20000000298023224, 0.20000000298023224, 0.20000000298023224], [0.20000000298023224, 0.20000000298023224, 0.20000000298023224, 0.20000000298023224, 0.20000000298023224], [0.20000000298023224, 0.20000000298023224, 0.20000000298023224, 0.20000000298023224, 0.20000000298023224], [0.20000000298023224, 0.20000000298023224, 0.20000000298023224, 0.20000000298023224, 0.20000000298023224], [0.20000000298023224, 0.20000000298023224, 0.20000000298023224, 0.20000000298023224, 0.20000000298023224], [0.20000000298023224, 0.20000000298023224, 0.20000000298023224, 0.20000000298023224, 0.20000000298023224], [0.20000000298023224, 0.20000000298023224, 0.20000000298023224, 0.20000000298023224, 0.20000000298023224], [0.20000000298023224, 0.20000000298023224, 0.20000000298023224, 0.20000000298023224, 0.20000000298023224], [0.20000000298023224, 0.20000000298023224, 0.20000000298023224, 0.20000000298023224, 0.20000000298023224]], "coeff_list_in_victim": [[0.06917043030261993, 0.32235461473464966, 0.3578112721443176, 0.250663697719574, 0.0]], "victims": {"DPN92": {"clean acc": 92.11000137329101, "prediction": 8, "poisons predictions": [8, 8, 8, 8, 6], "scores": [4.688963528565182e-08, 4.163787099397548e-13, 1.9705420315446262e-26, 1.1995590631919129e-10, 2.364702268480215e-24, 1.5470037750819898e-10, 0.1884705126285553, 7.610360323494772e-30, 0.8115286231040955, 0.0], "malicious score": 0.8115286231040955, "camera": {"2": {"prediction": 6, "scores": [5.636519462975942e-12, 3.2476700586571617e-20, 1.4412133750980536e-24, 2.4926882780107462e-09, 5.0199416139228757e-23, 2.7669345854519634e-06, 0.9909318685531616, 3.3145968896532835e-33, 0.009066276252269745, 1.7025776341546527e-42], "malicious score": 0.009066276252269745}, "4": {"prediction": 5, "scores": [4.426206751631569e-19, 8.323248691792825e-23, 3.8904053860800564e-14, 0.0010088705457746983, 4.0590465965597775e-14, 0.9989400506019592, 5.059253817307763e-05, 6.073397619417853e-35, 8.23362178437037e-09, 2.399503190212934e-33], "malicious score": 8.23362178437037e-09}}}, "SENet18": {"clean acc": 90.9900016784668, "prediction": 6, "poisons predictions": [8, 8, 8, 6, 8], "scores": [4.701895761627384e-08, 4.270386913934622e-18, 1.2077907033877788e-12, 5.3170094993504335e-09, 3.967408304106357e-07, 1.1305186387727817e-12, 0.5685679912567139, 3.5820593722453717e-19, 0.4314314126968384, 5.787917888022687e-13], "malicious score": 0.4314314126968384, "camera": {"2": {"prediction": 6, "scores": [3.675780860246114e-11, 1.1387383351839398e-30, 1.5901927883489277e-16, 6.2388796386037004e-12, 1.4710606066614673e-09, 1.1301332265845065e-11, 0.9999904632568359, 2.0298988650225503e-28, 9.249143658962566e-06, 1.0844312779570778e-13], "malicious score": 9.249143658962566e-06}, "4": {"prediction": 8, "scores": [1.3658494026458357e-05, 1.0293299429393846e-22, 1.1867535931742168e-06, 0.0044654360972344875, 2.8814720280934125e-05, 1.8855471353163011e-06, 0.013225490227341652, 1.161786089114813e-17, 0.9822635054588318, 1.626865975268288e-09], "malicious score": 0.9822635054588318}}}, "ResNet50": {"clean acc": 92.64000244140625, "prediction": 6, "poisons predictions": [8, 8, 8, 8, 8], "scores": [5.461786373758731e-39, 1.0596698805184795e-36, 3.153958984660421e-23, 5.586519711853535e-29, 9.9174996185586e-36, 3.2256253417129116e-16, 1.0, 2.0175398813675772e-20, 2.5905784184487857e-08, 3.6836964374562456e-23], "malicious score": 2.5905784184487857e-08, "camera": {"2": {"prediction": 6, "scores": [5.275031817669977e-34, 1.5938053296955252e-32, 3.348102790497527e-21, 4.282916218672963e-18, 3.1557136201814876e-32, 6.398919886801621e-14, 0.9994908571243286, 2.928126062464622e-17, 0.0005085610901005566, 1.1649924101594828e-21], "malicious score": 0.0005085610901005566}, "4": {"prediction": 6, "scores": [2.1630438909783814e-27, 3.494225098123462e-27, 4.2182251361176e-16, 1.0536246541903438e-08, 7.248357716322886e-28, 1.6512786693567705e-09, 0.8393375873565674, 7.395733803150506e-09, 0.160662442445755, 8.890710931648578e-19], "malicious score": 0.160662442445755}}}, "ResNeXt29_2x64d": {"clean acc": 93.06000137329102, "prediction": 6, "poisons predictions": [8, 8, 8, 6, 8], "scores": [5.264022672176856e-24, 4.4414426021537057e-13, 2.4714202595532697e-07, 0.00010017275053542107, 3.7928545110298616e-29, 1.6195043353248173e-12, 0.5066782236099243, 8.142729951071746e-16, 0.493221640586853, 1.2726409552923923e-12], "malicious score": 0.493221640586853, "camera": {"2": {"prediction": 6, "scores": [1.8928047197157532e-26, 3.295255691345806e-19, 1.719629993957028e-10, 2.2587811088214949e-07, 1.0840256453573197e-21, 1.6513645562099555e-08, 0.9999485015869141, 1.6134754605344386e-21, 5.104042429593392e-05, 1.5663220054307203e-08], "malicious score": 5.104042429593392e-05}, "4": {"prediction": 3, "scores": [6.8215980637275845e-22, 8.066028470719909e-16, 8.411852547851595e-09, 0.8748171329498291, 3.607447412604857e-16, 3.253798865898716e-07, 0.12408462166786194, 3.860069324590617e-15, 0.0010979253565892577, 9.573090764547487e-09], "malicious score": 0.0010979253565892577}}}, "GoogLeNet": {"clean acc": 92.31000061035157, "prediction": 6, "poisons predictions": [6, 8, 6, 6, 8], "scores": [6.903689859366624e-12, 6.1824083630313e-09, 2.631512188600027e-06, 0.0006225078250281513, 3.994094299741846e-08, 1.9288236217107624e-05, 0.967551052570343, 9.078717084776144e-07, 0.03180350363254547, 2.864183499748374e-13], "malicious score": 0.03180350363254547, "camera": {"2": {"prediction": 6, "scores": [3.16756100515736e-11, 6.065258961740483e-09, 8.998685188998934e-06, 0.008500692434608936, 1.3935628828676272e-07, 0.0034872465766966343, 0.9878346920013428, 2.545068378267956e-09, 0.00016798992874100804, 1.2804817102474164e-11], "malicious score": 0.00016798992874100804}, "4": {"prediction": 6, "scores": [2.0681403638256324e-12, 6.955140019471173e-09, 1.377925855194917e-06, 0.00964501965790987, 2.007808141968326e-09, 0.00021574263519141823, 0.9901043772697449, 8.546809371345887e-10, 3.361045310157351e-05, 1.4528416447320835e-12], "malicious score": 3.361045310157351e-05}}},