{"args": "Namespace(device='cuda', dset_path='datasets', end2end=False, eval_poisons_root='attack-results-eps0.30/100-overlap/linear-transfer-learning/mean/800', gpu='2', lr_decay_epoch=[30, 45], model_resume_path='model-chks', num_per_class=50, poison_label=8, retrain_bsize=64, retrain_epochs=60, retrain_lr=0.1, retrain_momentum=0.9, retrain_opt='adam', retrain_wd=0, subset_group=0, target_camera=True, target_index_end=11, target_index_start=10, target_index_step=1, target_label=6, target_net=['DPN92', 'SENet18', 'ResNet50', 'ResNeXt29_2x64d', 'GoogLeNet', 'MobileNetV2', 'ResNet18', 'DenseNet121'], target_print_size=[2, 4], test_chk_name='ckpt-%s-4800.t7', train_data_path='datasets/CIFAR10_TRAIN_Split.pth')", "poison_label": 8, "target_label": 6, "targets": {"10": {}, "10": {"800": {"time": 464.0, "coeffs_time": 0, "poisons_time": 6, "target_loss": 0.007033270783722401, "total_loss": 0.06239373981952667, "coeff_list": [[0.20000000298023224, 0.20000000298023224, 0.20000000298023224, 0.20000000298023224, 0.20000000298023224], [0.20000000298023224, 0.20000000298023224, 0.20000000298023224, 0.20000000298023224, 0.20000000298023224], [0.20000000298023224, 0.20000000298023224, 0.20000000298023224, 0.20000000298023224, 0.20000000298023224], [0.20000000298023224, 0.20000000298023224, 0.20000000298023224, 0.20000000298023224, 0.20000000298023224], [0.20000000298023224, 0.20000000298023224, 0.20000000298023224, 0.20000000298023224, 0.20000000298023224], [0.20000000298023224, 0.20000000298023224, 0.20000000298023224, 0.20000000298023224, 0.20000000298023224], [0.20000000298023224, 0.20000000298023224, 0.20000000298023224, 0.20000000298023224, 0.20000000298023224], [0.20000000298023224, 0.20000000298023224, 0.20000000298023224, 0.20000000298023224, 0.20000000298023224], [0.20000000298023224, 0.20000000298023224, 0.20000000298023224, 0.20000000298023224, 0.20000000298023224], [0.20000000298023224, 0.20000000298023224, 0.20000000298023224, 0.20000000298023224, 0.20000000298023224], [0.20000000298023224, 0.20000000298023224, 0.20000000298023224, 0.20000000298023224, 0.20000000298023224], [0.20000000298023224, 0.20000000298023224, 0.20000000298023224, 0.20000000298023224, 0.20000000298023224], [0.20000000298023224, 0.20000000298023224, 0.20000000298023224, 0.20000000298023224, 0.20000000298023224], [0.20000000298023224, 0.20000000298023224, 0.20000000298023224, 0.20000000298023224, 0.20000000298023224], [0.20000000298023224, 0.20000000298023224, 0.20000000298023224, 0.20000000298023224, 0.20000000298023224], [0.20000000298023224, 0.20000000298023224, 0.20000000298023224, 0.20000000298023224, 0.20000000298023224], [0.20000000298023224, 0.20000000298023224, 0.20000000298023224, 0.20000000298023224, 0.20000000298023224], [0.20000000298023224, 0.20000000298023224, 0.20000000298023224, 0.20000000298023224, 0.20000000298023224]], "coeff_list_in_victim": [[0.0, 0.6399908661842346, 0.0, 0.3600090742111206, 0.0]], "victims": {"DPN92": {"clean acc": 92.30000114440918, "prediction": 8, "poisons predictions": [8, 8, 8, 8, 8], "scores": [1.0161989472123878e-08, 1.4889062269797695e-28, 2.167808724310492e-42, 2.0188517445826466e-17, 3.846826591235437e-29, 7.651936038411218e-21, 0.07762022316455841, 7.216687091272808e-43, 0.9223789572715759, 0.0], "malicious score": 0.9223789572715759, "camera": {"2": {"prediction": 6, "scores": [2.816612942879715e-09, 1.5268197716717326e-23, 7.832690609617349e-33, 4.5424910360969406e-11, 2.465083548603531e-22, 1.3076035124338003e-15, 0.9993212223052979, 1.097072218089466e-35, 0.0006794391665607691, 0.0], "malicious score": 0.0006794391665607691}, "4": {"prediction": 6, "scores": [2.88547541416051e-09, 8.834773239553269e-23, 5.4131011596847394e-33, 2.951970667908199e-09, 6.574217216084282e-23, 4.589625663027619e-14, 0.9999961853027344, 7.5265206837599e-37, 5.166165010450641e-06, 0.0], "malicious score": 5.166165010450641e-06}}}, "SENet18": {"clean acc": 91.64000205993652, "prediction": 6, "poisons predictions": [8, 6, 6, 6, 6], "scores": [1.8159218771998792e-20, 2.5661127834865046e-19, 5.823017893630166e-21, 2.151118435396622e-14, 2.0656591459555784e-06, 1.5457307054585694e-16, 0.9526118636131287, 1.6412318008333074e-19, 0.04738633707165718, 2.581656954762448e-18], "malicious score": 0.04738633707165718, "camera": {"2": {"prediction": 6, "scores": [2.2898838829353934e-18, 2.75615378509738e-22, 4.482307966388377e-21, 4.4282109988406926e-14, 7.394750412004214e-08, 1.0706229108520379e-16, 0.9189003705978394, 1.2168383380422663e-20, 0.08110036700963974, 3.2076825451839115e-18], "malicious score": 0.08110036700963974}, "4": {"prediction": 6, "scores": [3.768766796173129e-15, 6.360521309695544e-20, 1.3552443511565264e-15, 1.3690801270449526e-10, 6.466278591688024e-06, 5.788897600210799e-14, 0.9508329033851624, 8.844781562700448e-17, 0.04916031286120415, 4.835075291768768e-16], "malicious score": 0.04916031286120415}}}, "ResNet50": {"clean acc": 92.96000137329102, "prediction": 8, "poisons predictions": [8, 8, 8, 8, 8], "scores": [3.1393020145771998e-31, 2.5033879895337677e-29, 8.878767199808473e-41, 1.1403804243849057e-32, 1.4914127623946597e-36, 1.3587281532793121e-30, 0.14744684100151062, 2.6031547395925144e-34, 0.8525536060333252, 1.5054677411502867e-37], "malicious score": 0.8525536060333252, "camera": {"2": {"prediction": 6, "scores": [1.3465200331889602e-30, 1.153332313840359e-28, 5.0531004792353266e-39, 6.278539014273375e-26, 2.6765388989751268e-36, 4.519330508121525e-26, 0.9740833044052124, 1.3002164173343637e-31, 0.025917576625943184, 1.5959521497221113e-33], "malicious score": 0.025917576625943184}, "4": {"prediction": 6, "scores": [5.2088949540304075e-30, 1.4936685461756287e-27, 1.1898007673639653e-38, 3.967594796922534e-27, 2.0186231266821576e-37, 6.060415815454657e-27, 0.9153127074241638, 1.0716408355203594e-30, 0.084686778485775, 1.1165490488470597e-34], "malicious score": 0.084686778485775}}}, "ResNeXt29_2x64d": {"clean acc": 93.12000198364258, "prediction": 8, "poisons predictions": [8, 8, 8, 6, 8], "scores": [2.3835010087409062e-26, 5.953710544700242e-17, 1.1136337721938654e-14, 7.396050438757129e-11, 1.2611686178923354e-44, 6.192184505668387e-30, 0.33193010091781616, 3.913290706135328e-25, 0.6680700182914734, 6.77367091409419e-24], "malicious score": 0.6680700182914734, "camera": {"2": {"prediction": 6, "scores": [3.7708513679868734e-23, 1.7745751767332337e-18, 2.386110840163491e-12, 3.94785359958405e-09, 4.627013924485305e-34, 3.6230755692247593e-22, 0.9999885559082031, 5.796445524245467e-21, 1.2242110642546322e-05, 1.082263054334527e-18], "malicious score": 1.2242110642546322e-05}, "4": {"prediction": 6, "scores": [4.867364476370006e-25, 1.875455022312904e-18, 1.1622893945038848e-13, 4.611992385217256e-11, 2.2879840806109883e-40, 8.757951642393557e-26, 0.999142050743103, 9.078534730254544e-24, 0.000857610662933439, 1.4005457009055605e-20], "malicious score": 0.000857610662933439}}}, "GoogLeNet": {"clean acc": 92.1900016784668, "prediction": 6, "poisons predictions": [8, 8, 6, 6, 8], "scores": [4.502760740220796e-14, 2.125365217153785e-09, 1.7003983998620242e-08, 6.866837907182344e-07, 4.957112736785063e-13, 1.2213364186663966e-07, 0.5599347352981567, 4.6135330194374546e-05, 0.44001784920692444, 2.056056508737934e-17], "malicious score": 0.44001784920692444, "camera": {"2": {"prediction": 6, "scores": [1.0629105928749993e-10, 8.777945481597271e-09, 9.129077625402715e-06, 0.00013541150838136673, 6.616676651027831e-11, 2.9704515327466652e-05, 0.765691876411438, 1.7924128314916743e-06, 0.2341318428516388, 5.053046197613098e-15], "malicious score": 0.2341318428516388}, "4": {"prediction": 6, "scores": [3.025974609771609e-11, 8.287921815508525e-08, 2.7151038011652417e-05, 0.0009156125015579164, 2.023480168145131e-11, 0.00013384042540565133, 0.834831178188324, 3.6509413803287316e-07, 0.1640918105840683, 4.072522128420941e-15], "malicious score": 0.1640918105840683}}}, "MobileNetV2": {"clean acc": 87.7900016784668, "prediction": 6,