{"args": "Namespace(device='cuda', dset_path='datasets', end2end=False, eval_poisons_root='attack-results-eps0.30/100-overlap/linear-transfer-learning/mean/800', gpu='0', lr_decay_epoch=[30, 45], model_resume_path='model-chks', num_per_class=50, poison_label=8, retrain_bsize=64, retrain_epochs=60, retrain_lr=0.1, retrain_momentum=0.9, retrain_opt='adam', retrain_wd=0, subset_group=0, target_camera=True, target_index_end=45, target_index_start=44, target_index_step=1, target_label=6, target_net=['DPN92', 'SENet18', 'ResNet50', 'ResNeXt29_2x64d', 'GoogLeNet', 'MobileNetV2', 'ResNet18', 'DenseNet121'], target_print_size=[2, 4], test_chk_name='ckpt-%s-4800.t7', train_data_path='datasets/CIFAR10_TRAIN_Split.pth')", "poison_label": 8, "target_label": 6, "targets": {"44": {}, "44": {"800": {"time": 449.0, "coeffs_time": 0, "poisons_time": 6, "target_loss": 0.015456175431609154, "total_loss": 0.08100230991840363, "coeff_list": [[0.20000000298023224, 0.20000000298023224, 0.20000000298023224, 0.20000000298023224, 0.20000000298023224], [0.20000000298023224, 0.20000000298023224, 0.20000000298023224, 0.20000000298023224, 0.20000000298023224], [0.20000000298023224, 0.20000000298023224, 0.20000000298023224, 0.20000000298023224, 0.20000000298023224], [0.20000000298023224, 0.20000000298023224, 0.20000000298023224, 0.20000000298023224, 0.20000000298023224], [0.20000000298023224, 0.20000000298023224, 0.20000000298023224, 0.20000000298023224, 0.20000000298023224], [0.20000000298023224, 0.20000000298023224, 0.20000000298023224, 0.20000000298023224, 0.20000000298023224], [0.20000000298023224, 0.20000000298023224, 0.20000000298023224, 0.20000000298023224, 0.20000000298023224], [0.20000000298023224, 0.20000000298023224, 0.20000000298023224, 0.20000000298023224, 0.20000000298023224], [0.20000000298023224, 0.20000000298023224, 0.20000000298023224, 0.20000000298023224, 0.20000000298023224], [0.20000000298023224, 0.20000000298023224, 0.20000000298023224, 0.20000000298023224, 0.20000000298023224], [0.20000000298023224, 0.20000000298023224, 0.20000000298023224, 0.20000000298023224, 0.20000000298023224], [0.20000000298023224, 0.20000000298023224, 0.20000000298023224, 0.20000000298023224, 0.20000000298023224], [0.20000000298023224, 0.20000000298023224, 0.20000000298023224, 0.20000000298023224, 0.20000000298023224], [0.20000000298023224, 0.20000000298023224, 0.20000000298023224, 0.20000000298023224, 0.20000000298023224], [0.20000000298023224, 0.20000000298023224, 0.20000000298023224, 0.20000000298023224, 0.20000000298023224], [0.20000000298023224, 0.20000000298023224, 0.20000000298023224, 0.20000000298023224, 0.20000000298023224], [0.20000000298023224, 0.20000000298023224, 0.20000000298023224, 0.20000000298023224, 0.20000000298023224], [0.20000000298023224, 0.20000000298023224, 0.20000000298023224, 0.20000000298023224, 0.20000000298023224]], "coeff_list_in_victim": [[0.0, 0.0, 0.0, 0.62904953956604, 0.37095049023628235]], "victims": {"DPN92": {"clean acc": 92.22000160217286, "prediction": 6, "poisons predictions": [8, 8, 8, 8, 8], "scores": [4.884110134964438e-15, 2.845839934245679e-19, 2.2609968949074516e-33, 1.1992999475463062e-11, 2.817707129158333e-29, 1.5575613445002264e-18, 1.0, 0.0, 8.684888541665714e-08, 0.0], "malicious score": 8.684888541665714e-08, "camera": {}}, "SENet18": {"clean acc": 91.11000175476075, "prediction": 6, "poisons predictions": [8, 8, 8, 8, 6], "scores": [1.519629933000033e-07, 1.6353667230221145e-15, 1.373176745922411e-12, 5.976950878672227e-11, 1.2190852771709615e-08, 5.823949856447255e-14, 0.831878662109375, 1.249097170241484e-20, 0.16812096536159515, 1.2593377321408455e-17], "malicious score": 0.16812096536159515, "camera": {}}, "ResNet50": {"clean acc": 93.67000236511231, "prediction": 6, "poisons predictions": [8, 8, 8, 8, 6], "scores": [3.3590245228637325e-40, 4.175004878587405e-37, 6.249791150888684e-43, 4.808800911597606e-34, 2.401124918620574e-41, 9.303502181453365e-18, 0.780484139919281, 9.323566274391451e-20, 0.21951670944690704, 2.561930457603024e-31], "malicious score": 0.21951670944690704, "camera": {}}, "ResNeXt29_2x64d": {"clean acc": 93.12000122070313, "prediction": 6, "poisons predictions": [8, 8, 8, 8, 8], "scores": [5.335697643169369e-22, 3.7059178479694646e-26, 1.2291389239749151e-08, 3.1616609330598067e-09, 3.279038406520072e-43, 1.5398181167969851e-21, 0.9869894981384277, 9.626287495215952e-19, 0.013011015020310879, 6.636777021590407e-25], "malicious score": 0.013011015020310879, "camera": {}}, "GoogLeNet": {"clean acc": 91.5400016784668, "prediction": 8, "poisons predictions": [8, 8, 8, 8, 8], "scores": [1.883577061684294e-12, 7.897446607785241e-08, 7.254061074490892e-06, 5.404465991887264e-05, 2.419116851282155e-10, 1.3098892850393895e-05, 0.3233659565448761, 4.143093974562362e-06, 0.6765554547309875, 4.968887268199892e-21], "malicious score": 0.6765554547309875, "camera": {}}, "MobileNetV2": {"clean acc": 87.18000106811523, "prediction": 6, "poisons predictions": [8, 8, 8, 6, 6], "scores": [7.896271310425806e-12, 5.561082705440867e-09, 2.5930428364517866e-06, 0.00015768255980219692, 1.2867215297758012e-16, 8.551588507543784e-06, 0.9995261430740356, 2.427026461748749e-12, 0.0003049997612833977, 3.5965302508271333e-20], "malicious score": 0.0003049997612833977, "camera": {}}, "ResNet18": {"clean acc": 92.49000129699706, "prediction": 6, "poisons predictions": [8, 8, 8, 8, 8], "scores": [5.514829299762374e-20, 3.160862252116203e-05, 2.1001563155209624e-08, 0.001328072976320982, 3.6365760716478393e-22, 1.4285372884614844e-08, 0.9336963295936584, 6.78495159497439e-15, 0.06494399160146713, 6.22578160122284e-19], "malicious score": 0.06494399160146713, "camera": {}}, "DenseNet121": {"clean acc": 93.1200008392334, "prediction": 6, "poisons predictions": [8, 8, 8, 8, 8], "scores": [2.078779856584667e-11, 9.793830243326473e-13, 1.7586881950748534e-10, 4.222221105010249e-05, 2.2652654058097355e-11, 0.0005675792344845831, 0.9274021983146667, 2.2587790290829983e-20, 0.0719880685210228, 1.7666770824043e-13], "malicious score": 0.0719880685210228, "camera": {}}}}}}, "poison_idx_list": [213, 225, 227, 247, 249]}