{"args": "Namespace(device='cuda', dset_path='datasets', end2end=False, eval_poisons_root='attack-results-eps0.20/100-overlap/linear-transfer-learning/mean/800', gpu='1', lr_decay_epoch=[30, 45], model_resume_path='model-chks', num_per_class=50, poison_label=8, retrain_bsize=64, retrain_epochs=60, retrain_lr=0.1, retrain_momentum=0.9, retrain_opt='adam', retrain_wd=0, subset_group=0, target_camera=True, target_index_end=30, target_index_start=29, target_index_step=1, target_label=6, target_net=['DPN92', 'SENet18', 'ResNet50', 'ResNeXt29_2x64d', 'GoogLeNet', 'MobileNetV2', 'ResNet18', 'DenseNet121'], target_print_size=[2, 4], test_chk_name='ckpt-%s-4800.t7', train_data_path='datasets/CIFAR10_TRAIN_Split.pth')", "poison_label": 8, "target_label": 6, "targets": {"29": {}, "29": {"800": {"time": 349.0, "coeffs_time": 0, "poisons_time": 4, "target_loss": 0.006670517381280661, "total_loss": 0.07760391384363174, "coeff_list": [[0.20000000298023224, 0.20000000298023224, 0.20000000298023224, 0.20000000298023224, 0.20000000298023224], [0.20000000298023224, 0.20000000298023224, 0.20000000298023224, 0.20000000298023224, 0.20000000298023224], [0.20000000298023224, 0.20000000298023224, 0.20000000298023224, 0.20000000298023224, 0.20000000298023224], [0.20000000298023224, 0.20000000298023224, 0.20000000298023224, 0.20000000298023224, 0.20000000298023224], [0.20000000298023224, 0.20000000298023224, 0.20000000298023224, 0.20000000298023224, 0.20000000298023224], [0.20000000298023224, 0.20000000298023224, 0.20000000298023224, 0.20000000298023224, 0.20000000298023224], [0.20000000298023224, 0.20000000298023224, 0.20000000298023224, 0.20000000298023224, 0.20000000298023224], [0.20000000298023224, 0.20000000298023224, 0.20000000298023224, 0.20000000298023224, 0.20000000298023224], [0.20000000298023224, 0.20000000298023224, 0.20000000298023224, 0.20000000298023224, 0.20000000298023224], [0.20000000298023224, 0.20000000298023224, 0.20000000298023224, 0.20000000298023224, 0.20000000298023224], [0.20000000298023224, 0.20000000298023224, 0.20000000298023224, 0.20000000298023224, 0.20000000298023224], [0.20000000298023224, 0.20000000298023224, 0.20000000298023224, 0.20000000298023224, 0.20000000298023224], [0.20000000298023224, 0.20000000298023224, 0.20000000298023224, 0.20000000298023224, 0.20000000298023224], [0.20000000298023224, 0.20000000298023224, 0.20000000298023224, 0.20000000298023224, 0.20000000298023224], [0.20000000298023224, 0.20000000298023224, 0.20000000298023224, 0.20000000298023224, 0.20000000298023224], [0.20000000298023224, 0.20000000298023224, 0.20000000298023224, 0.20000000298023224, 0.20000000298023224], [0.20000000298023224, 0.20000000298023224, 0.20000000298023224, 0.20000000298023224, 0.20000000298023224], [0.20000000298023224, 0.20000000298023224, 0.20000000298023224, 0.20000000298023224, 0.20000000298023224]], "coeff_list_in_victim": [[0.0, 0.0, 0.28878816962242126, 0.7112118005752563, 0.0]], "victims": {"DPN92": {"clean acc": 92.06000099182128, "prediction": 8, "poisons predictions": [8, 8, 8, 8, 8], "scores": [1.6417897086284938e-07, 7.356797115942726e-11, 1.1216046204612059e-32, 4.4439485321874986e-14, 9.571051201187145e-23, 5.714866775036985e-18, 0.0014782289508730173, 1.222252877979878e-36, 0.9985209703445435, 0.0], "malicious score": 0.9985209703445435, "camera": {"2": {"prediction": 6, "scores": [1.2156822770670317e-10, 7.463151049975987e-18, 1.135113738790185e-28, 3.570502116190255e-09, 8.442349054347632e-19, 2.7604609136727687e-12, 1.0, 2.3673589557085896e-29, 2.419653366558805e-09, 1.3259058043472133e-39], "malicious score": 2.419653366558805e-09}, "4": {"prediction": 6, "scores": [1.3016881409561032e-12, 5.784636564573689e-18, 2.858920913891817e-25, 1.0396003062851378e-06, 4.615047493466973e-14, 8.980055588025948e-10, 1.0, 8.797416272514459e-29, 1.2574981854418521e-11, 8.98668731541782e-36], "malicious score": 1.2574981854418521e-11}}}, "SENet18": {"clean acc": 91.4800033569336, "prediction": 8, "poisons predictions": [8, 8, 8, 8, 8], "scores": [8.347855739998522e-09, 1.782297478506039e-16, 1.8132632168769286e-13, 1.120995183072522e-13, 2.870289961265371e-07, 3.6926152519622967e-16, 0.013731366023421288, 2.04796473020092e-15, 0.9862687587738037, 1.2613641012058998e-21], "malicious score": 0.9862687587738037, "camera": {"2": {"prediction": 6, "scores": [0.03856334462761879, 1.6257513320598257e-14, 1.5701145895594126e-12, 8.301396903220848e-09, 2.339661841688212e-05, 7.377586497443744e-13, 0.9613146185874939, 7.262244496356821e-15, 9.787819726625457e-05, 3.623329739451115e-19], "malicious score": 9.787819726625457e-05}, "4": {"prediction": 0, "scores": [0.980536699295044, 1.5700237096474963e-17, 1.633837731773724e-09, 5.256440999801271e-06, 4.300742602936225e-06, 1.2706017661623381e-11, 0.019453657791018486, 3.3515359952288753e-16, 5.364795521885235e-13, 1.57339769147816e-19], "malicious score": 5.364795521885235e-13}}}, "ResNet50": {"clean acc": 92.79000205993653, "prediction": 6, "poisons predictions": [8, 8, 8, 8, 8], "scores": [3.200954558446926e-36, 9.32017621607079e-41, 1.486709425815512e-21, 1.4326262066841187e-36, 1.0254541014200538e-29, 3.7992417651464065e-21, 0.9784722328186035, 2.699928610635272e-37, 0.021528882905840874, 2.032435084216533e-18], "malicious score": 0.021528882905840874, "camera": {"2": {"prediction": 6, "scores": [4.899046735317103e-34, 3.6573889918877726e-43, 2.7781583204914214e-25, 8.356396558922107e-31, 1.2808259797407136e-30, 2.8483284037209683e-18, 1.0, 1.9684001879404605e-34, 3.992267974539665e-11, 2.5135642739176952e-18], "malicious score": 3.992267974539665e-11}, "4": {"prediction": 6, "scores": [4.026828818662729e-29, 6.601053235642522e-39, 1.6899589205529518e-22, 6.707565632414118e-23, 1.0559870033215325e-26, 2.9408315566734365e-17, 1.0, 2.2991642120021325e-31, 4.150688681647807e-09, 2.0050607908868155e-16], "malicious score": 4.150688681647807e-09}}}, "ResNeXt29_2x64d": {"clean acc": 93.11000175476075, "prediction": 6, "poisons predictions": [8, 8, 8, 8, 8], "scores": [5.546179444978134e-20, 3.529042805894278e-05, 1.1411509515113494e-09, 3.568444526536041e-06, 4.705840502895601e-41, 1.0029971979432555e-26, 0.8579776287078857, 1.0715645006245707e-20, 0.14198443293571472, 4.98265102044902e-20], "malicious score": 0.14198443293571472, "camera": {"2": {"prediction": 6, "scores": [3.1600215485866454e-20, 5.2630937802389255e-11, 2.1929441769430458e-13, 0.025206856429576874, 3.0708873953904437e-24, 1.7427754588545514e-19, 0.9747932553291321, 4.823607871886473e-27, 9.162259395623096e-09, 2.6636366022246823e-19], "malicious score": 9.162259395623096e-09}, "4": {"prediction": 6, "scores": [1.9017870763426107e-18, 2.875858717832358e-10, 3.409490910628345e-14, 0.18839898705482483, 1.8914069688154175e-16, 5.531060294610557e-17, 0.811599850654602, 4.1296159646100434e-26, 4.6160545252860175e-07, 6.854815750929735e-19], "malicious score": 4.6160545252860175e-07}}}, "GoogLeNet": {"clean acc": 91.76000099182129, "prediction": 8, "poisons predictions": [8, 8, 8, 8, 8], "scores": [5.7477914788828244e-11, 9.151959545761201e-08, 5.990575857595104e-08, 9.043274985742755e-06, 6.651698723075805e-12, 7.804575119507717e-08, 0.002254008548334241, 8.589456228946801e-06, 0.9977280497550964, 9.501303399791333e-18], "malicious score": 0.9977280497550964, "camera": {"2": {"prediction": 6, "scores": [1.6670159697085296e-09, 5.451198035189009e-07, 0.00015156448353081942, 0.04979867860674858, 3.5085840011106484e-08, 1.905975841509644e-05, 0.9451909065246582, 4.731484537501274e-08, 0.004839503671973944, 1.7201055507796818e-14], "malicious score": 0.004839503671973944}, "4": {"prediction": 6, "scores": [2.392201436940411e-10, 2.3455854147869104e-08, 1.4166548680805136e-05, 0.0045255981385707855, 6.753855696928213e-09, 5.568577034864575e-05, 0.9953654408454895, 1.9577839349693704e-09, 3.899724833900109e-05, 7.740946860563484e-15], "malicious score": 3.899724833900109e-05}}}, "MobileNetV2": {"clean acc": 87.10000114440918, "prediction": 8,