{"args": "Namespace(device='cuda', dset_path='datasets', end2end=False, eval_poisons_root='attack-results-eps0.01/100-overlap/linear-transfer-learning/mean/800', gpu='1', lr_decay_epoch=[30, 45], model_resume_path='model-chks', num_per_class=50, poison_label=8, retrain_bsize=64, retrain_epochs=60, retrain_lr=0.1, retrain_momentum=0.9, retrain_opt='adam', retrain_wd=0, subset_group=0, target_camera=True, target_index_end=23, target_index_start=22, target_index_step=1, target_label=6, target_net=['DPN92', 'SENet18', 'ResNet50', 'ResNeXt29_2x64d', 'GoogLeNet', 'MobileNetV2', 'ResNet18', 'DenseNet121'], target_print_size=[2, 4], test_chk_name='ckpt-%s-4800.t7', train_data_path='datasets/CIFAR10_TRAIN_Split.pth')", "poison_label": 8, "target_label": 6, "targets": {"22": {}, "22": {"800": {"time": 459.0, "coeffs_time": 0, "poisons_time": 7, "target_loss": 0.02585521712899208, "total_loss": 0.5047689080238342, "coeff_list": [[0.20000000298023224, 0.20000000298023224, 0.20000000298023224, 0.20000000298023224, 0.20000000298023224], [0.20000000298023224, 0.20000000298023224, 0.20000000298023224, 0.20000000298023224, 0.20000000298023224], [0.20000000298023224, 0.20000000298023224, 0.20000000298023224, 0.20000000298023224, 0.20000000298023224], [0.20000000298023224, 0.20000000298023224, 0.20000000298023224, 0.20000000298023224, 0.20000000298023224], [0.20000000298023224, 0.20000000298023224, 0.20000000298023224, 0.20000000298023224, 0.20000000298023224], [0.20000000298023224, 0.20000000298023224, 0.20000000298023224, 0.20000000298023224, 0.20000000298023224], [0.20000000298023224, 0.20000000298023224, 0.20000000298023224, 0.20000000298023224, 0.20000000298023224], [0.20000000298023224, 0.20000000298023224, 0.20000000298023224, 0.20000000298023224, 0.20000000298023224], [0.20000000298023224, 0.20000000298023224, 0.20000000298023224, 0.20000000298023224, 0.20000000298023224], [0.20000000298023224, 0.20000000298023224, 0.20000000298023224, 0.20000000298023224, 0.20000000298023224], [0.20000000298023224, 0.20000000298023224, 0.20000000298023224, 0.20000000298023224, 0.20000000298023224], [0.20000000298023224, 0.20000000298023224, 0.20000000298023224, 0.20000000298023224, 0.20000000298023224], [0.20000000298023224, 0.20000000298023224, 0.20000000298023224, 0.20000000298023224, 0.20000000298023224], [0.20000000298023224, 0.20000000298023224, 0.20000000298023224, 0.20000000298023224, 0.20000000298023224], [0.20000000298023224, 0.20000000298023224, 0.20000000298023224, 0.20000000298023224, 0.20000000298023224], [0.20000000298023224, 0.20000000298023224, 0.20000000298023224, 0.20000000298023224, 0.20000000298023224], [0.20000000298023224, 0.20000000298023224, 0.20000000298023224, 0.20000000298023224, 0.20000000298023224], [0.20000000298023224, 0.20000000298023224, 0.20000000298023224, 0.20000000298023224, 0.20000000298023224]], "coeff_list_in_victim": [[0.0, 0.0, 0.05334625020623207, 0.9466537237167358, 0.0]], "victims": {"DPN92": {"clean acc": 92.44000053405762, "prediction": 6, "poisons predictions": [8, 8, 8, 8, 8], "scores": [6.189819787607296e-16, 1.44700357075629e-31, 0.0, 2.5977172544288817e-20, 1.129576088346964e-28, 5.2668427331616075e-21, 1.0, 0.0, 5.347974493807861e-11, 0.0], "malicious score": 5.347974493807861e-11, "camera": {"2": {"prediction": 6, "scores": [1.293958319196694e-22, 4.120378004500692e-41, 5.669383976833674e-38, 5.013453018922235e-16, 1.7621817953185943e-27, 5.1253445254193994e-14, 1.0, 0.0, 7.631343557079617e-09, 0.0], "malicious score": 7.631343557079617e-09}, "4": {"prediction": 6, "scores": [2.757884268749267e-18, 3.326793883322263e-34, 4.5962589629854e-43, 1.4866558153029718e-17, 1.6274609696304057e-25, 1.0164210905775005e-17, 1.0, 0.0, 2.013861255534266e-08, 0.0], "malicious score": 2.013861255534266e-08}}}, "SENet18": {"clean acc": 91.47000122070312, "prediction": 6, "poisons predictions": [8, 8, 8, 8, 8], "scores": [1.3600843311552795e-26, 7.287749982792357e-22, 1.2962859258727519e-21, 1.251508967260121e-15, 7.901830231804574e-12, 2.7777974012255624e-18, 1.0, 7.629847267858071e-27, 1.1880586514578795e-09, 5.361926399534896e-26], "malicious score": 1.1880586514578795e-09, "camera": {"2": {"prediction": 6, "scores": [7.416915836909036e-26, 4.9516746635428424e-26, 5.000828776366819e-23, 3.232153318758282e-16, 2.9661963857341433e-11, 2.9917288400316613e-16, 1.0, 4.2286996796819845e-30, 1.6687863535480574e-07, 1.8727469143094983e-24], "malicious score": 1.6687863535480574e-07}, "4": {"prediction": 6, "scores": [2.5260404705945655e-26, 6.285471326693231e-24, 6.70127771680191e-22, 3.3775484266698916e-18, 1.88433063640428e-13, 2.3827107116615536e-18, 1.0, 1.4008872562907625e-28, 1.3288606881545206e-09, 4.0272825860539613e-25], "malicious score": 1.3288606881545206e-09}}}, "ResNet50": {"clean acc": 93.89000129699707, "prediction": 6, "poisons predictions": [8, 8, 8, 8, 8], "scores": [3.0721198793203602e-30, 7.11922117788516e-39, 8.262301836090232e-35, 1.7831633717163917e-36, 1.9935637892092546e-27, 3.774745653801207e-26, 1.0, 2.720527963800984e-26, 1.8203217801250195e-17, 9.762114159949427e-34], "malicious score": 1.8203217801250195e-17, "camera": {"2": {"prediction": 6, "scores": [1.679691480979968e-26, 1.7076294762432043e-31, 7.073346054863988e-29, 7.71357868997146e-26, 2.6027110699162567e-24, 3.689576075216472e-11, 1.0, 9.989228240116136e-20, 7.725660111645993e-09, 3.0684118096621602e-27], "malicious score": 7.725660111645993e-09}, "4": {"prediction": 6, "scores": [5.042891944238471e-25, 5.383799391596601e-32, 1.9370000919064437e-30, 1.324391967053375e-28, 1.701549306734566e-24, 3.1918056984092116e-16, 1.0, 4.617399727453427e-21, 1.3492389427938178e-09, 2.111236953253348e-27], "malicious score": 1.3492389427938178e-09}}}, "ResNeXt29_2x64d": {"clean acc": 92.9400016784668, "prediction": 6, "poisons predictions": [8, 8, 8, 8, 8], "scores": [5.051425072517417e-31, 6.220460687077856e-35, 4.2818205132966155e-26, 2.9584326101498052e-15, 1.401298464324817e-45, 1.5247481105024432e-30, 1.0, 4.498117668579498e-36, 1.7314402949580865e-12, 6.301013475068024e-36], "malicious score": 1.7314402949580865e-12, "camera": {"2": {"prediction": 6, "scores": [2.5126605008559106e-35, 1.4377322243972623e-42, 4.162820890117452e-23, 8.436949095231793e-17, 0.0, 3.0687426305005675e-25, 1.0, 9.250748603396125e-38, 2.7327231054202414e-15, 3.403812712276605e-36], "malicious score": 2.7327231054202414e-15}, "4": {"prediction": 6, "scores": [1.120718701796869e-33, 8.394930789682101e-38, 9.574108983827962e-25, 1.6796329951884736e-12, 0.0, 1.618229971999518e-26, 1.0, 8.775631408626413e-36, 1.9870474758871062e-14, 6.107131093044087e-35], "malicious score": 1.9870474758871062e-14}}}, "GoogLeNet": {"clean acc": 91.78000183105469, "prediction": 6, "poisons predictions": [8, 8, 8, 8, 8], "scores": [1.5908002962605663e-15, 3.460375042063646e-11, 1.2402832233471273e-11, 2.1574517727884768e-09, 6.362157111055656e-17, 8.758352376680989e-11, 0.9999923706054688, 5.740191100223058e-10, 7.621485565323383e-06, 2.6455190849877835e-20], "malicious score": 7.621485565323383e-06, "camera": {"2": {"prediction": 6, "scores": [1.741576988959631e-14, 1.982840454328727e-11, 2.953201487798651e-07, 2.6058419280161615e-06, 5.889007814383063e-13, 9.743887403601548e-07, 0.9999828338623047, 2.6325547644590053e-11, 1.379606965201674e-05, 9.943630628909874e-15], "malicious score": 1.379606965201674e-05}, "4": {"prediction": 6, "scores": [1.3354267778403761e-12, 1.784882464050952e-09, 1.5225245064698356e-08, 1.0365447451476939e-05, 7.324357093052569e-11, 4.11156349855446e-07, 0.9994860887527466, 4.490528435208141e-11, 0.000503219838719815, 6.403824885192581e-15], "malicious score": 0.000503219838719815}}}, "MobileNetV2": {"clean acc": 87.88000144958497, "prediction": 6, "poisons predictions": [8, 8, 8, 6, 6],