{"args": "Namespace(device='cuda', dset_path='datasets', end2end=False, eval_poisons_root='attack-results-10poisons/100-overlap/linear-transfer-learning/convex/800', gpu='0', lr_decay_epoch=[30, 45], model_resume_path='model-chks', num_per_class=50, poison_label=8, retrain_bsize=64, retrain_epochs=60, retrain_lr=0.1, retrain_momentum=0.9, retrain_opt='adam', retrain_wd=0, subset_group=0, target_camera=True, target_index_end=28, target_index_start=27, target_index_step=1, target_label=6, target_net=['DPN92', 'SENet18', 'ResNet50', 'ResNeXt29_2x64d', 'GoogLeNet', 'MobileNetV2', 'ResNet18', 'DenseNet121'], target_print_size=[2, 4], test_chk_name='ckpt-%s-4800.t7', train_data_path='datasets/CIFAR10_TRAIN_Split.pth')", "poison_label": 8, "target_label": 6, "targets": {"27": {}, "27": {"800": {"time": 29931.0, "coeffs_time": 27899, "poisons_time": 29537, "target_loss": 0.013079284690320492, "total_loss": 0.0009358901879750192, "coeff_list": [[0.2584052085876465, 0.013709895312786102, 0.29276224970817566, 0.08128833770751953, 0.26041775941848755, 0.0, 0.020239684730768204, 0.05056652054190636, 0.022610237821936607, 0.0], [0.0583956278860569, 0.0, 0.05135904625058174, 0.09956123679876328, 0.0, 0.0, 0.21670475602149963, 0.3999325633049011, 0.0, 0.17404669523239136], [0.0, 0.048221055418252945, 0.29421189427375793, 0.15066374838352203, 0.2903080880641937, 0.04030822962522507, 0.04024611413478851, 0.0, 0.1360408514738083, 0.0], [0.11363063752651215, 0.5013286471366882, 0.0789530947804451, 0.03376530483365059, 0.0043831439688801765, 0.01136463787406683, 0.020756928250193596, 0.06356069445610046, 0.146854966878891, 0.0254018884152174], [0.29378843307495117, 0.11117631196975708, 0.030183440074324608, 0.00022618996445089579, 0.05632970482110977, 0.0, 0.010008655488491058, 0.20371635258197784, 0.2945708632469177, 0.0], [0.0, 0.15842512249946594, 0.18523336946964264, 0.0037503978237509727, 0.08933509141206741, 0.1125827431678772, 0.11807874590158463, 0.1387735903263092, 0.19382095336914062, 0.0], [0.04407631233334541, 0.364245742559433, 0.009750635363161564, 0.16843543946743011, 0.01637100614607334, 0.3019442558288574, 0.0709415078163147, 0.024235082790255547, 0.0, 0.0], [0.06141110882163048, 0.06529808044433594, 0.16059470176696777, 0.14444968104362488, 0.2360895574092865, 0.03856641799211502, 0.0, 0.1346207857131958, 0.10451257973909378, 0.054457105696201324], [0.16080227494239807, 0.3984808325767517, 0.0, 0.00505848741158843, 0.0, 0.0, 0.27794206142425537, 0.09921344369649887, 0.05850286781787872, 0.0], [0.014827370643615723, 0.18259382247924805, 0.0589296817779541, 0.09970100224018097, 0.022063858807086945, 0.000400880235247314, 0.08913855254650116, 0.07051622122526169, 0.3854764997959137, 0.07635219395160675], [0.28042250871658325, 0.0, 0.026964059099555016, 0.07837982475757599, 0.09775649011135101, 0.14052942395210266, 0.12472686916589737, 0.1366293728351593, 0.0, 0.11459152400493622], [0.0, 0.1642511785030365, 0.16706717014312744, 0.0, 0.0, 0.12992636859416962, 0.049014944583177567, 0.30636101961135864, 0.18337932229042053, 0.0], [0.16805696487426758, 0.22263847291469574, 0.2585909962654114, 0.05268436297774315, 0.05549928918480873, 0.08817154169082642, 0.0, 0.030613593757152557, 0.11237803846597672, 0.011366765946149826], [0.1760825216770172, 0.007390964776277542, 0.0, 0.04681730270385742, 0.05882783234119415, 0.028944676741957664, 0.3754674792289734, 0.17607270181179047, 0.10809781402349472, 0.02229871042072773], [0.10180472582578659, 0.2815409004688263, 0.23999245464801788, 0.051662981510162354, 0.16340655088424683, 0.0, 0.0, 0.056733209639787674, 0.07688172906637192, 0.027977431192994118], [0.20677593350410461, 0.19798052310943604, 0.0, 0.15081056952476501, 0.002512157429009676, 0.0, 0.017844408750534058, 0.03436994552612305, 0.38970646262168884, 0.0], [0.04398318752646446, 0.02126048319041729, 0.05849369615316391, 0.18530809879302979, 0.08005206286907196, 0.13075990974903107, 0.11800343543291092, 0.1013975739479065, 0.26074153184890747, 0.0], [0.06101106107234955, 0.0, 0.1422519087791443, 0.0, 0.08260054141283035, 0.06486362218856812, 0.21684372425079346, 0.33488303422927856, 0.08487585186958313, 0.012670258991420269]], "coeff_list_in_victim": [[0.0, 0.5666067004203796, 0.19601976871490479, 0.001615850254893303, 0.22092822194099426, 0.0, 0.0, 0.0, 0.0, 0.014829544350504875]], "victims": {"DPN92": {"clean acc": 91.60000152587891, "prediction": 8, "poisons predictions": [8, 8, 8, 8, 8, 8, 8, 8, 8, 8], "scores": [1.968589769022087e-17, 3.1492718909064737e-37, 1.061490537166432e-36, 5.147716211391514e-16, 5.450588597730311e-39, 5.3026490715894266e-20, 0.00011781710054492578, 1.1834271744488117e-31, 0.9998817443847656, 0.0], "malicious score": 0.9998817443847656, "camera": {"2": {"prediction": 3, "scores": [8.454419652694726e-15, 2.3942575921864773e-08, 1.600983901006714e-09, 0.9996353387832642, 1.4589441472808249e-21, 2.7505750566092502e-08, 7.345999961214274e-15, 3.1140742789330725e-17, 0.00036461936542764306, 4.6401988669805546e-27], "malicious score": 0.00036461936542764306}, "4": {"prediction": 8, "scores": [1.4101736542804916e-13, 1.639468830793773e-17, 2.7065468756743273e-16, 0.12044082581996918, 1.8492759966965194e-18, 1.2454678710582812e-07, 5.298389504915235e-10, 4.012272387268449e-24, 0.8795590996742249, 3.6706600059891085e-33], "malicious score": 0.8795590996742249}}}, "SENet18": {"clean acc": 91.08000183105469, "prediction": 8, "poisons predictions": [8, 6, 8, 8, 8, 8, 8, 6, 8, 8], "scores": [5.762314125583872e-22, 1.2479286648711956e-15, 2.0687714328057317e-16, 2.0168229586392528e-10, 2.259611846966436e-06, 1.1588571153576567e-15, 0.245917409658432, 1.0288719745968344e-12, 0.7540798187255859, 1.0114348872040615e-18], "malicious score": 0.7540798187255859, "camera": {"2": {"prediction": 8, "scores": [4.475570686152401e-16, 1.625661263175339e-18, 2.4901078976569124e-09, 2.769206162156479e-07, 7.788395350871724e-08, 1.466148730200345e-11, 3.115977960987948e-06, 1.2673388483740015e-15, 0.9999961853027344, 4.1651773176332174e-13], "malicious score": 0.9999961853027344}, "4": {"prediction": 8, "scores": [3.892522372878151e-17, 8.143482058969102e-22, 5.337161800429398e-15, 9.769950182203502e-09, 4.3567574548042387e-10, 8.250641652090412e-14, 2.1813960360272944e-10, 5.273040141563091e-19, 1.0, 2.245244526967959e-16], "malicious score": 1.0}}}, "ResNet50": {"clean acc": 92.23000144958496, "prediction": 8, "poisons predictions": [8, 8, 8, 8, 8, 8, 8, 8, 8, 8], "scores": [0.0, 6.664715626175262e-41, 0.0, 0.0, 0.0, 1.5160645406975625e-24, 4.488641206989996e-05, 0.0, 0.9999542832374573, 5.882248276108874e-36], "malicious score": 0.9999542832374573, "camera": {"2": {"prediction": 8, "scores": [1.401298464324817e-45, 8.93781663598995e-32, 0.0, 9.364935931098868e-38, 0.0, 6.01887300850229e-13, 1.4116846975309222e-15, 0.0, 1.0, 1.625355354274067e-28], "malicious score": 1.0}, "4": {"prediction": 8, "scores": [1.5414283107572988e-44, 5.967336698559484e-30, 0.0, 2.4566600601853323e-32, 0.0, 0.0004301961453165859, 1.691160939594891e-19, 0.0, 0.9995689988136292, 4.144310347862531e-25], "malicious score": 0.9995689988136292}}}, "ResNeXt29_2x64d": {"clean acc": 92.41000213623047, "prediction": 8, "poisons predictions": [8, 8, 8, 8, 8, 8, 8, 8, 8, 8], "scores": [7.566214222020774e-23, 1.866288235063962e-10, 2.1170038586948466e-19, 6.601228896840894e-09, 9.544243840516329e-42, 1.653711663439631e-28, 0.00974929891526699, 9.091551828822185e-27, 0.9902498126029968, 1.933825316763743e-30], "malicious score": 0.9902498126029968, "camera": {"2": {"prediction": 3, "scores": [1.9928113492670471e-19, 7.81700648655459e-10, 1.94410392190085e-14, 1.0, 2.2152096909862446e-34, 2.4367895612906687e-24, 1.4505689096449333e-15, 3.158813998286725e-29, 2.0317825644156073e-08, 5.291019858936235e-24], "malicious score": 2.0317825644156073e-08}, "4": {"prediction": 3,