{"args": "Namespace(device='cuda', dset_path='datasets', end2end=False, eval_poisons_root='attack-results-eps0.03/100-overlap/linear-transfer-learning/mean/800', gpu='2', lr_decay_epoch=[30, 45], model_resume_path='model-chks', num_per_class=50, poison_label=8, retrain_bsize=64, retrain_epochs=60, retrain_lr=0.1, retrain_momentum=0.9, retrain_opt='adam', retrain_wd=0, subset_group=0, target_camera=True, target_index_end=8, target_index_start=7, target_index_step=1, target_label=6, target_net=['DPN92', 'SENet18', 'ResNet50', 'ResNeXt29_2x64d', 'GoogLeNet', 'MobileNetV2', 'ResNet18', 'DenseNet121'], target_print_size=[2, 4], test_chk_name='ckpt-%s-4800.t7', train_data_path='datasets/CIFAR10_TRAIN_Split.pth')", "poison_label": 8, "target_label": 6, "targets": {"7": {}, "7": {"800": {"time": 368.0, "coeffs_time": 0, "poisons_time": 4, "target_loss": 0.042861923575401306, "total_loss": 0.15807580947875977, "coeff_list": [[0.20000000298023224, 0.20000000298023224, 0.20000000298023224, 0.20000000298023224, 0.20000000298023224], [0.20000000298023224, 0.20000000298023224, 0.20000000298023224, 0.20000000298023224, 0.20000000298023224], [0.20000000298023224, 0.20000000298023224, 0.20000000298023224, 0.20000000298023224, 0.20000000298023224], [0.20000000298023224, 0.20000000298023224, 0.20000000298023224, 0.20000000298023224, 0.20000000298023224], [0.20000000298023224, 0.20000000298023224, 0.20000000298023224, 0.20000000298023224, 0.20000000298023224], [0.20000000298023224, 0.20000000298023224, 0.20000000298023224, 0.20000000298023224, 0.20000000298023224], [0.20000000298023224, 0.20000000298023224, 0.20000000298023224, 0.20000000298023224, 0.20000000298023224], [0.20000000298023224, 0.20000000298023224, 0.20000000298023224, 0.20000000298023224, 0.20000000298023224], [0.20000000298023224, 0.20000000298023224, 0.20000000298023224, 0.20000000298023224, 0.20000000298023224], [0.20000000298023224, 0.20000000298023224, 0.20000000298023224, 0.20000000298023224, 0.20000000298023224], [0.20000000298023224, 0.20000000298023224, 0.20000000298023224, 0.20000000298023224, 0.20000000298023224], [0.20000000298023224, 0.20000000298023224, 0.20000000298023224, 0.20000000298023224, 0.20000000298023224], [0.20000000298023224, 0.20000000298023224, 0.20000000298023224, 0.20000000298023224, 0.20000000298023224], [0.20000000298023224, 0.20000000298023224, 0.20000000298023224, 0.20000000298023224, 0.20000000298023224], [0.20000000298023224, 0.20000000298023224, 0.20000000298023224, 0.20000000298023224, 0.20000000298023224], [0.20000000298023224, 0.20000000298023224, 0.20000000298023224, 0.20000000298023224, 0.20000000298023224], [0.20000000298023224, 0.20000000298023224, 0.20000000298023224, 0.20000000298023224, 0.20000000298023224], [0.20000000298023224, 0.20000000298023224, 0.20000000298023224, 0.20000000298023224, 0.20000000298023224]], "coeff_list_in_victim": [[0.23265083134174347, 0.36233028769493103, 0.0, 0.4050188958644867, 0.0]], "victims": {"DPN92": {"clean acc": 92.5000015258789, "prediction": 8, "poisons predictions": [8, 8, 8, 8, 8], "scores": [9.536710310342755e-10, 7.896171712665568e-33, 1.1789311658361801e-22, 4.245051059115212e-06, 1.4380921397676813e-19, 4.1543635198593165e-09, 0.007791030686348677, 7.434628238832318e-39, 0.9922065734863281, 2.802596928649634e-45], "malicious score": 0.9922065734863281, "camera": {"2": {"prediction": 8, "scores": [2.4132049982437953e-13, 8.853506474438762e-36, 1.931911727631479e-19, 2.027260597969871e-05, 4.1502261086618e-18, 1.1065990790370961e-08, 9.895986607943996e-08, 5.036401653851476e-37, 0.9999809265136719, 2.7995140720281195e-41], "malicious score": 0.9999809265136719}, "4": {"prediction": 8, "scores": [6.122224255333819e-12, 4.824565852045568e-34, 1.1034519093417065e-20, 3.555854846126749e-06, 1.59045037523511e-20, 1.182381765829632e-06, 5.07740782751398e-09, 2.8884412492298333e-33, 0.9999961853027344, 2.03597251642477e-34], "malicious score": 0.9999961853027344}}}, "SENet18": {"clean acc": 91.34000167846679, "prediction": 6, "poisons predictions": [8, 8, 3, 8, 5], "scores": [2.326256320819148e-13, 2.326572528382753e-12, 2.8043439570524242e-08, 0.0031344974413514137, 0.00040547415846958756, 7.488584685688693e-08, 0.945287823677063, 1.2076075037138149e-14, 0.05117185413837433, 2.586316035467495e-13], "malicious score": 0.05117185413837433, "camera": {"2": {"prediction": 8, "scores": [9.142397776329414e-12, 2.134096545314268e-11, 4.073778472957201e-05, 0.37939217686653137, 0.002059413120150566, 3.232380834106152e-07, 3.487535650492646e-05, 3.3361783387947375e-12, 0.6184727549552917, 1.951085777315842e-12], "malicious score": 0.6184727549552917}, "4": {"prediction": 8, "scores": [1.29849608712998e-13, 1.0187496453608679e-18, 5.891612198105634e-10, 0.4733496308326721, 8.515487024851609e-06, 1.6996972362903762e-07, 1.6934966883680458e-13, 4.31929330590733e-17, 0.5266414284706116, 1.2573362490053697e-13], "malicious score": 0.5266414284706116}}}, "ResNet50": {"clean acc": 92.29000129699708, "prediction": 8, "poisons predictions": [8, 8, 8, 8, 8], "scores": [5.399278585898267e-35, 3.4662965662104106e-32, 8.052865697377355e-32, 6.630327761860731e-39, 4.157918296097225e-15, 7.749351612811425e-19, 0.0001730379299260676, 6.218448767413329e-26, 0.9998269081115723, 4.0191392794534348e-22], "malicious score": 0.9998269081115723, "camera": {"2": {"prediction": 8, "scores": [5.049784435051975e-32, 3.1935115238151165e-23, 1.589147659467293e-26, 8.329900053925642e-20, 1.575621161320484e-10, 4.809784286408103e-07, 5.734652108108641e-18, 2.1656308083771186e-17, 0.9999995231628418, 5.544635589912986e-20], "malicious score": 0.9999995231628418}, "4": {"prediction": 8, "scores": [3.683416250279041e-30, 4.995378252382721e-22, 3.6208244298661175e-29, 5.8420815284194755e-15, 7.031791121603348e-11, 2.2662423759811645e-07, 1.4955275548472715e-19, 9.040960845293322e-18, 0.9999997615814209, 9.079086096034259e-17], "malicious score": 0.9999997615814209}}}, "ResNeXt29_2x64d": {"clean acc": 92.89000129699707, "prediction": 8, "poisons predictions": [8, 8, 8, 8, 8], "scores": [4.0604371575837134e-23, 4.946017987533802e-12, 1.0815229056293854e-13, 0.005715874955058098, 3.5380976953685046e-20, 2.4525786048189063e-16, 0.004114788491278887, 1.8299027153752007e-16, 0.9901695251464844, 5.211110163077011e-19], "malicious score": 0.9901695251464844, "camera": {"2": {"prediction": 3, "scores": [3.7282682618925906e-24, 1.6541907806634297e-21, 1.8954701089951564e-12, 0.9688090682029724, 1.760254615679191e-11, 2.102221001443194e-11, 2.108112573395715e-10, 2.2881584983285323e-15, 0.031191062182188034, 2.328499982651819e-19], "malicious score": 0.031191062182188034}, "4": {"prediction": 3, "scores": [2.1551907122578746e-23, 5.27361810170437e-21, 2.5056499843717495e-12, 0.9857111573219299, 5.978034040010627e-11, 2.4621946148606355e-10, 1.3806070002508886e-11, 6.60667877285144e-14, 0.014288414269685745, 2.0613967867725765e-17], "malicious score": 0.014288414269685745}}}, "GoogLeNet": {"clean acc": 91.9800018310547, "prediction": 8, "poisons predictions": [8, 8, 8, 8, 3], "scores": [4.925948056844643e-15, 5.269952652042775e-08, 0.00016066411626525223, 0.09164249897003174, 2.870319981695957e-09, 0.001100329915061593, 0.000804367009550333, 1.2676516780718572e-10, 0.9062922596931458, 2.468966697755093e-10], "malicious score": 0.9062922596931458, "camera": {"2": {"prediction": 3, "scores": [1.963349738660241e-15, 1.0038351483387942e-08, 0.0018786279251798987, 0.7979392409324646, 5.473352437945778e-09, 0.005726173520088196, 2.3294480797630968e-06, 1.3299591462845317e-12, 0.19445376098155975, 8.134232731826785e-10], "malicious score": 0.19445376098155975}, "4": {"prediction": 3, "scores": [2.1972041004523655e-15, 7.565387427632686e-09, 0.0038036813493818045, 0.8606188297271729, 2.6834765520789006e-09, 0.023569578304886818, 2.7780474738392513e-06, 1.5560843629261467e-12, 0.11200498789548874, 3.3595672910280427e-09], "malicious score": 0.11200498789548874}}},