{"args": "Namespace(device='cuda', dset_path='datasets', end2end=False, eval_poisons_root='attack-results-eps0.05/100-overlap/linear-transfer-learning/mean/800', gpu='1', lr_decay_epoch=[30, 45], model_resume_path='model-chks', num_per_class=50, poison_label=8, retrain_bsize=64, retrain_epochs=60, retrain_lr=0.1, retrain_momentum=0.9, retrain_opt='adam', retrain_wd=0, subset_group=0, target_camera=True, target_index_end=6, target_index_start=5, target_index_step=1, target_label=6, target_net=['DPN92', 'SENet18', 'ResNet50', 'ResNeXt29_2x64d', 'GoogLeNet', 'MobileNetV2', 'ResNet18', 'DenseNet121'], target_print_size=[2, 4], test_chk_name='ckpt-%s-4800.t7', train_data_path='datasets/CIFAR10_TRAIN_Split.pth')", "poison_label": 8, "target_label": 6, "targets": {"5": {}, "5": {"800": {"time": 351.0, "coeffs_time": 0, "poisons_time": 4, "target_loss": 0.02115052193403244, "total_loss": 0.08819101005792618, "coeff_list": [[0.20000000298023224, 0.20000000298023224, 0.20000000298023224, 0.20000000298023224, 0.20000000298023224], [0.20000000298023224, 0.20000000298023224, 0.20000000298023224, 0.20000000298023224, 0.20000000298023224], [0.20000000298023224, 0.20000000298023224, 0.20000000298023224, 0.20000000298023224, 0.20000000298023224], [0.20000000298023224, 0.20000000298023224, 0.20000000298023224, 0.20000000298023224, 0.20000000298023224], [0.20000000298023224, 0.20000000298023224, 0.20000000298023224, 0.20000000298023224, 0.20000000298023224], [0.20000000298023224, 0.20000000298023224, 0.20000000298023224, 0.20000000298023224, 0.20000000298023224], [0.20000000298023224, 0.20000000298023224, 0.20000000298023224, 0.20000000298023224, 0.20000000298023224], [0.20000000298023224, 0.20000000298023224, 0.20000000298023224, 0.20000000298023224, 0.20000000298023224], [0.20000000298023224, 0.20000000298023224, 0.20000000298023224, 0.20000000298023224, 0.20000000298023224], [0.20000000298023224, 0.20000000298023224, 0.20000000298023224, 0.20000000298023224, 0.20000000298023224], [0.20000000298023224, 0.20000000298023224, 0.20000000298023224, 0.20000000298023224, 0.20000000298023224], [0.20000000298023224, 0.20000000298023224, 0.20000000298023224, 0.20000000298023224, 0.20000000298023224], [0.20000000298023224, 0.20000000298023224, 0.20000000298023224, 0.20000000298023224, 0.20000000298023224], [0.20000000298023224, 0.20000000298023224, 0.20000000298023224, 0.20000000298023224, 0.20000000298023224], [0.20000000298023224, 0.20000000298023224, 0.20000000298023224, 0.20000000298023224, 0.20000000298023224], [0.20000000298023224, 0.20000000298023224, 0.20000000298023224, 0.20000000298023224, 0.20000000298023224], [0.20000000298023224, 0.20000000298023224, 0.20000000298023224, 0.20000000298023224, 0.20000000298023224], [0.20000000298023224, 0.20000000298023224, 0.20000000298023224, 0.20000000298023224, 0.20000000298023224]], "coeff_list_in_victim": [[0.22842784225940704, 0.060875311493873596, 0.12125056982040405, 0.530222475528717, 0.059223782271146774]], "victims": {"DPN92": {"clean acc": 92.5600025177002, "prediction": 8, "poisons predictions": [8, 8, 8, 8, 8], "scores": [1.486810378963511e-15, 3.2527086549188255e-32, 1.6815581571897805e-44, 3.450139020336185e-23, 4.342642133858602e-30, 1.5775706449710606e-24, 1.333905706566883e-14, 1.7799674247036123e-38, 1.0, 4.203895392974451e-45], "malicious score": 1.0, "camera": {"2": {"prediction": 3, "scores": [2.373916840880952e-09, 3.1628377010087065e-16, 3.5903953143900935e-09, 0.9466814994812012, 2.5299968786640648e-09, 0.05331854149699211, 3.224307756552469e-13, 7.965014206739735e-21, 9.75683533965821e-10, 5.1077587661816845e-14], "malicious score": 9.75683533965821e-10}, "4": {"prediction": 3, "scores": [4.283928073389731e-11, 3.7120328867080605e-17, 2.430528651606312e-12, 0.9896094799041748, 6.835762178525329e-09, 0.010390463285148144, 5.964474790801089e-13, 7.940644841873393e-23, 2.0482376683617076e-08, 9.529921949778981e-15], "malicious score": 2.0482376683617076e-08}}}, "SENet18": {"clean acc": 91.9400016784668, "prediction": 8, "poisons predictions": [8, 8, 8, 6, 8], "scores": [1.027270907227873e-10, 2.701222578949114e-10, 7.755216617441771e-24, 9.996513891855139e-19, 6.567261057882634e-12, 6.498351087055759e-21, 2.0133880752837285e-05, 4.373977579869709e-13, 0.9999809265136719, 1.8609595092585246e-18], "malicious score": 0.9999809265136719, "camera": {"2": {"prediction": 6, "scores": [0.0002043865097220987, 1.5151734034102304e-10, 6.084710513221125e-10, 1.7862314052763395e-05, 7.760526386846323e-06, 9.951283130860133e-10, 0.9997673034667969, 4.004428344472899e-09, 1.821460728024249e-06, 1.4175885292011525e-11], "malicious score": 1.821460728024249e-06}, "4": {"prediction": 6, "scores": [0.001580896321684122, 3.456948283186989e-09, 9.264621405116746e-13, 6.102717442502126e-09, 5.632911665998108e-07, 4.14198081215289e-13, 0.9898513555526733, 1.0777058356836733e-08, 0.00856623612344265, 1.021232726747083e-13], "malicious score": 0.00856623612344265}}}, "ResNet50": {"clean acc": 93.21000251770019, "prediction": 8, "poisons predictions": [8, 8, 8, 8, 8], "scores": [1.71964710266731e-13, 6.55595713716677e-24, 2.1042551626763298e-22, 1.919282326350285e-29, 0.0, 9.49818684184403e-33, 1.9563209207262844e-05, 1.0123546603872022e-31, 0.9999809265136719, 1.3977461727177537e-39], "malicious score": 0.9999809265136719, "camera": {"2": {"prediction": 3, "scores": [3.2026976556909226e-12, 2.764973567433199e-33, 7.645192090421915e-05, 0.9999237060546875, 3.918571833454151e-36, 3.090211353320188e-36, 1.92045337965574e-11, 2.149842412025319e-18, 7.78787537930592e-12, 2.424389310350824e-27], "malicious score": 7.78787537930592e-12}, "4": {"prediction": 3, "scores": [1.359064553604905e-12, 3.1705584093655644e-30, 4.599721992182282e-10, 1.0, 1.0705920267441602e-42, 6.073762055669989e-37, 1.7772626703660421e-09, 1.403954858246883e-25, 2.3734958176646614e-07, 1.1942527956331615e-30], "malicious score": 2.3734958176646614e-07}}}, "ResNeXt29_2x64d": {"clean acc": 92.62000122070313, "prediction": 8, "poisons predictions": [8, 8, 8, 8, 8], "scores": [7.001870803535586e-17, 3.018161079133136e-13, 5.051629223988905e-19, 2.2069930594170728e-07, 1.8488930496688837e-35, 6.201676845011232e-26, 9.476592310875276e-08, 2.2615473113210165e-27, 1.0, 1.3063986531476745e-20], "malicious score": 1.0, "camera": {"2": {"prediction": 3, "scores": [3.556554464996531e-13, 2.6510673864499346e-11, 2.6610894043876954e-10, 0.9999494552612305, 3.3769564922181416e-10, 5.432542436734078e-12, 5.1028255256824195e-05, 4.2321888247708715e-21, 4.212529491898209e-10, 3.401642599800618e-15], "malicious score": 4.212529491898209e-10}, "4": {"prediction": 3, "scores": [6.53274838196237e-14, 3.7647748807323467e-10, 5.759750315581513e-12, 1.0, 1.4798222512695447e-15, 2.3438953838402334e-15, 1.7968429233405914e-07, 2.880841139776613e-23, 7.353928577202851e-09, 1.289317129893764e-14], "malicious score": 7.353928577202851e-09}}}, "GoogLeNet": {"clean acc": 91.97000198364258, "prediction": 8, "poisons predictions": [8, 8, 8, 8, 6], "scores": [2.434174010360751e-13, 7.623665965184045e-08, 3.0024758352477463e-16, 6.356027597576031e-07, 9.506458731323164e-09, 2.4640350523852383e-11, 3.0255047022365034e-05, 3.419057300734635e-14, 0.999969482421875, 9.753151619662503e-10], "malicious score": 0.999969482421875, "camera": {"2": {"prediction": 8, "scores": [2.1335981870151954e-09, 6.716278221574612e-06, 2.1381571059464477e-05, 0.05550985038280487, 1.1417666883062338e-06, 0.00015131404506973922, 0.014569845981895924, 7.272225183152514e-11, 0.9297391772270203, 3.897965825672145e-07], "malicious score": 0.9297391772270203}, "4": {"prediction": 8, "scores": [2.878893790025927e-10, 1.5174583722910029e-06, 1.2078830877726432e-06, 0.02260822243988514, 5.720133344766509e-07, 1.6859781680977903e-05, 0.0024677489418536425, 2.469167925678306e-11, 0.9749038815498352, 5.386566570564355e-08], "malicious score": 0.9749038815498352}}}, "MobileNetV2": {"clean acc": 86.73000144958496, "prediction": 8,