{"args": "Namespace(device='cuda', dset_path='datasets', end2end=False, eval_poisons_root='attack-results-eps0.05/100-overlap/linear-transfer-learning/mean/800', gpu='3', lr_decay_epoch=[30, 45], model_resume_path='model-chks', num_per_class=50, poison_label=8, retrain_bsize=64, retrain_epochs=60, retrain_lr=0.1, retrain_momentum=0.9, retrain_opt='adam', retrain_wd=0, subset_group=0, target_camera=True, target_index_end=44, target_index_start=43, target_index_step=1, target_label=6, target_net=['DPN92', 'SENet18', 'ResNet50', 'ResNeXt29_2x64d', 'GoogLeNet', 'MobileNetV2', 'ResNet18', 'DenseNet121'], target_print_size=[2, 4], test_chk_name='ckpt-%s-4800.t7', train_data_path='datasets/CIFAR10_TRAIN_Split.pth')", "poison_label": 8, "target_label": 6, "targets": {"43": {}, "43": {"800": {"time": 462.0, "coeffs_time": 0, "poisons_time": 5, "target_loss": 0.004426606465131044, "total_loss": 0.07431358844041824, "coeff_list": [[0.20000000298023224, 0.20000000298023224, 0.20000000298023224, 0.20000000298023224, 0.20000000298023224], [0.20000000298023224, 0.20000000298023224, 0.20000000298023224, 0.20000000298023224, 0.20000000298023224], [0.20000000298023224, 0.20000000298023224, 0.20000000298023224, 0.20000000298023224, 0.20000000298023224], [0.20000000298023224, 0.20000000298023224, 0.20000000298023224, 0.20000000298023224, 0.20000000298023224], [0.20000000298023224, 0.20000000298023224, 0.20000000298023224, 0.20000000298023224, 0.20000000298023224], [0.20000000298023224, 0.20000000298023224, 0.20000000298023224, 0.20000000298023224, 0.20000000298023224], [0.20000000298023224, 0.20000000298023224, 0.20000000298023224, 0.20000000298023224, 0.20000000298023224], [0.20000000298023224, 0.20000000298023224, 0.20000000298023224, 0.20000000298023224, 0.20000000298023224], [0.20000000298023224, 0.20000000298023224, 0.20000000298023224, 0.20000000298023224, 0.20000000298023224], [0.20000000298023224, 0.20000000298023224, 0.20000000298023224, 0.20000000298023224, 0.20000000298023224], [0.20000000298023224, 0.20000000298023224, 0.20000000298023224, 0.20000000298023224, 0.20000000298023224], [0.20000000298023224, 0.20000000298023224, 0.20000000298023224, 0.20000000298023224, 0.20000000298023224], [0.20000000298023224, 0.20000000298023224, 0.20000000298023224, 0.20000000298023224, 0.20000000298023224], [0.20000000298023224, 0.20000000298023224, 0.20000000298023224, 0.20000000298023224, 0.20000000298023224], [0.20000000298023224, 0.20000000298023224, 0.20000000298023224, 0.20000000298023224, 0.20000000298023224], [0.20000000298023224, 0.20000000298023224, 0.20000000298023224, 0.20000000298023224, 0.20000000298023224], [0.20000000298023224, 0.20000000298023224, 0.20000000298023224, 0.20000000298023224, 0.20000000298023224], [0.20000000298023224, 0.20000000298023224, 0.20000000298023224, 0.20000000298023224, 0.20000000298023224]], "coeff_list_in_victim": [[0.6005589962005615, 0.15452618896961212, 0.0, 0.0, 0.24491481482982635]], "victims": {"DPN92": {"clean acc": 92.28000144958496, "prediction": 6, "poisons predictions": [8, 8, 8, 6, 8], "scores": [1.9162975243083857e-14, 7.929733855015098e-19, 0.0, 1.722378574353929e-20, 1.0668235147840515e-38, 1.0612732187956889e-26, 0.9973294734954834, 4.203895392974451e-45, 0.002668896457180381, 0.0], "malicious score": 0.002668896457180381, "camera": {}}, "SENet18": {"clean acc": 91.70000076293945, "prediction": 6, "poisons predictions": [8, 8, 8, 6, 6], "scores": [2.1847679931852326e-07, 7.604393677251853e-12, 1.511083569198917e-14, 2.1273503791885418e-11, 3.0410907925215724e-07, 4.843075810181952e-13, 0.9906635284423828, 1.0922390379294877e-12, 0.009335818700492382, 1.3752336129688875e-13], "malicious score": 0.009335818700492382, "camera": {}}, "ResNet50": {"clean acc": 93.2600025177002, "prediction": 6, "poisons predictions": [8, 8, 8, 6, 8], "scores": [0.0, 2.7044098345259918e-24, 1.8622732518703627e-33, 3.650407012126898e-21, 1.4936440331238225e-41, 1.966866488134848e-29, 0.9359398484230042, 8.165897022157156e-14, 0.0640590712428093, 3.841057977311178e-32], "malicious score": 0.0640590712428093, "camera": {}}, "ResNeXt29_2x64d": {"clean acc": 93.32000122070312, "prediction": 6, "poisons predictions": [8, 8, 8, 8, 8], "scores": [5.707781509311254e-27, 4.623605101214401e-13, 2.3685296099580057e-17, 2.1201540956888865e-13, 0.0, 5.811201050726212e-25, 0.9027167558670044, 4.840544218489894e-21, 0.09728258103132248, 1.867500696548427e-27], "malicious score": 0.09728258103132248, "camera": {}}, "GoogLeNet": {"clean acc": 92.10000114440918, "prediction": 8, "poisons predictions": [8, 6, 6, 6, 8], "scores": [3.796200279040235e-13, 9.255509247907412e-09, 1.4016477214995327e-11, 2.3768971004756168e-06, 4.0980083909625264e-12, 1.1540542965704503e-09, 0.4294446110725403, 5.6654275937262355e-08, 0.5705533027648926, 5.5629783277718475e-14], "malicious score": 0.5705533027648926, "camera": {}}, "MobileNetV2": {"clean acc": 87.23000144958496, "prediction": 8, "poisons predictions": [8, 8, 8, 6, 8], "scores": [1.2058646615964452e-11, 1.4240572527832103e-26, 3.106965033799455e-18, 1.2988864909857512e-05, 4.997354098968483e-17, 3.0983502372329295e-17, 0.3659953773021698, 1.5322663007840877e-27, 0.6339919567108154, 2.683548983930059e-31], "malicious score": 0.6339919567108154, "camera": {}}, "ResNet18": {"clean acc": 92.5400016784668, "prediction": 6, "poisons predictions": [6, 8, 8, 6, 8], "scores": [1.9145121688602932e-24, 6.060112264436035e-13, 2.351524662535712e-16, 7.840944817871787e-06, 1.1237804800025498e-24, 1.855414910253983e-12, 0.972153902053833, 1.329090726365223e-10, 0.027838096022605896, 1.3308870353293348e-17], "malicious score": 0.027838096022605896, "camera": {}}, "DenseNet121": {"clean acc": 92.81000099182128, "prediction": 6, "poisons predictions": [8, 8, 8, 6, 8], "scores": [1.0850899734293762e-08, 6.6513412555480045e-09, 3.7168920719032883e-10, 1.288882344852027e-06, 2.0524974786439998e-07, 3.3255630569328787e-06, 0.589268147945404, 3.468821189820218e-18, 0.4107270836830139, 5.254018655689516e-14], "malicious score": 0.4107270836830139, "camera": {}}}}}}, "poison_idx_list": [213, 225, 227, 247, 249]}