{"args": "Namespace(device='cuda', dset_path='datasets', end2end=False, eval_poisons_root='attack-results-eps0.30/100-overlap/linear-transfer-learning/mean/800', gpu='2', lr_decay_epoch=[30, 45], model_resume_path='model-chks', num_per_class=50, poison_label=8, retrain_bsize=64, retrain_epochs=60, retrain_lr=0.1, retrain_momentum=0.9, retrain_opt='adam', retrain_wd=0, subset_group=0, target_camera=True, target_index_end=3, target_index_start=2, target_index_step=1, target_label=6, target_net=['DPN92', 'SENet18', 'ResNet50', 'ResNeXt29_2x64d', 'GoogLeNet', 'MobileNetV2', 'ResNet18', 'DenseNet121'], target_print_size=[2, 4], test_chk_name='ckpt-%s-4800.t7', train_data_path='datasets/CIFAR10_TRAIN_Split.pth')", "poison_label": 8, "target_label": 6, "targets": {"2": {}, "2": {"800": {"time": 470.0, "coeffs_time": 0, "poisons_time": 5, "target_loss": 0.009592494927346706, "total_loss": 0.06793190538883209, "coeff_list": [[0.20000000298023224, 0.20000000298023224, 0.20000000298023224, 0.20000000298023224, 0.20000000298023224], [0.20000000298023224, 0.20000000298023224, 0.20000000298023224, 0.20000000298023224, 0.20000000298023224], [0.20000000298023224, 0.20000000298023224, 0.20000000298023224, 0.20000000298023224, 0.20000000298023224], [0.20000000298023224, 0.20000000298023224, 0.20000000298023224, 0.20000000298023224, 0.20000000298023224], [0.20000000298023224, 0.20000000298023224, 0.20000000298023224, 0.20000000298023224, 0.20000000298023224], [0.20000000298023224, 0.20000000298023224, 0.20000000298023224, 0.20000000298023224, 0.20000000298023224], [0.20000000298023224, 0.20000000298023224, 0.20000000298023224, 0.20000000298023224, 0.20000000298023224], [0.20000000298023224, 0.20000000298023224, 0.20000000298023224, 0.20000000298023224, 0.20000000298023224], [0.20000000298023224, 0.20000000298023224, 0.20000000298023224, 0.20000000298023224, 0.20000000298023224], [0.20000000298023224, 0.20000000298023224, 0.20000000298023224, 0.20000000298023224, 0.20000000298023224], [0.20000000298023224, 0.20000000298023224, 0.20000000298023224, 0.20000000298023224, 0.20000000298023224], [0.20000000298023224, 0.20000000298023224, 0.20000000298023224, 0.20000000298023224, 0.20000000298023224], [0.20000000298023224, 0.20000000298023224, 0.20000000298023224, 0.20000000298023224, 0.20000000298023224], [0.20000000298023224, 0.20000000298023224, 0.20000000298023224, 0.20000000298023224, 0.20000000298023224], [0.20000000298023224, 0.20000000298023224, 0.20000000298023224, 0.20000000298023224, 0.20000000298023224], [0.20000000298023224, 0.20000000298023224, 0.20000000298023224, 0.20000000298023224, 0.20000000298023224], [0.20000000298023224, 0.20000000298023224, 0.20000000298023224, 0.20000000298023224, 0.20000000298023224], [0.20000000298023224, 0.20000000298023224, 0.20000000298023224, 0.20000000298023224, 0.20000000298023224]], "coeff_list_in_victim": [[0.0, 0.0, 0.3264782428741455, 0.047741733491420746, 0.6257800459861755]], "victims": {"DPN92": {"clean acc": 92.31000099182128, "prediction": 6, "poisons predictions": [8, 8, 6, 8, 6], "scores": [2.1283022011431285e-09, 4.1246693409178404e-35, 1.1771225941691687e-33, 1.3377007834769472e-12, 3.012949537400533e-32, 1.1720495450909252e-12, 0.9787634611129761, 1.8390073519920848e-38, 0.02123614028096199, 0.0], "malicious score": 0.02123614028096199, "camera": {"2": {"prediction": 6, "scores": [7.147275438806862e-24, 4.830135676681212e-41, 3.009922235127761e-21, 1.510257879999699e-05, 3.636540920991979e-26, 0.018897471949458122, 0.9810866713523865, 2.2580523454130102e-41, 7.032845132926013e-07, 4.624284932271896e-44], "malicious score": 7.032845132926013e-07}, "4": {"prediction": 6, "scores": [1.0558756040191975e-16, 5.182704266923571e-33, 1.1661727064096724e-25, 1.6210258024784707e-07, 2.2576253475822664e-27, 4.989305580238579e-06, 0.9998188018798828, 2.0063267842254908e-35, 0.00017608635243959725, 1.0027691810708391e-41], "malicious score": 0.00017608635243959725}}}, "SENet18": {"clean acc": 91.17000122070313, "prediction": 6, "poisons predictions": [8, 6, 6, 8, 6], "scores": [1.908238260739381e-07, 2.2721165227057583e-10, 1.84242229220484e-13, 4.347861914250073e-12, 8.338896577697597e-07, 1.48370068808008e-14, 0.9677776098251343, 2.4574592086609856e-15, 0.032221123576164246, 5.778013159075945e-13], "malicious score": 0.032221123576164246, "camera": {"2": {"prediction": 6, "scores": [1.584937727122735e-14, 1.9539628562113632e-25, 4.767911326170049e-12, 4.789762336754322e-11, 1.0084639789909033e-08, 3.4239082680187494e-09, 0.9928142428398132, 8.294013299569347e-26, 0.007185954134911299, 1.532486905929907e-14], "malicious score": 0.007185954134911299}, "4": {"prediction": 6, "scores": [5.227856689216104e-11, 5.346070722310919e-21, 5.38657174420365e-10, 6.682476100250412e-11, 1.5565365174552426e-07, 1.2842564511839072e-10, 0.9789893627166748, 4.470420981128174e-22, 0.02101116254925728, 2.286842082073557e-14], "malicious score": 0.02101116254925728}}}, "ResNet50": {"clean acc": 92.54000129699708, "prediction": 6, "poisons predictions": [8, 8, 8, 8, 6], "scores": [1.9774737293925332e-22, 3.70987927297834e-33, 7.31683580186061e-21, 1.7203429345652242e-20, 7.904933429287109e-20, 3.7067388663517216e-33, 0.9633511304855347, 2.087484266656226e-27, 0.0366486981511116, 1.3617138016133734e-12], "malicious score": 0.0366486981511116, "camera": {"2": {"prediction": 5, "scores": [1.6337708527516213e-37, 8.867141066704317e-33, 1.3573435800412308e-17, 8.312781454213629e-22, 3.730090371828991e-16, 1.0, 5.752958145421871e-07, 3.4821727980133215e-25, 6.405986516582697e-19, 7.907444646229244e-18], "malicious score": 6.405986516582697e-19}, "4": {"prediction": 5, "scores": [5.837661433868933e-33, 4.329556342666152e-31, 8.227510198740434e-14, 1.1753926513597208e-22, 4.29861936248211e-15, 0.9999656677246094, 3.38237987307366e-05, 6.733202349656353e-23, 2.447709224163378e-16, 4.858630748636318e-16], "malicious score": 2.447709224163378e-16}}}, "ResNeXt29_2x64d": {"clean acc": 92.90000190734864, "prediction": 8, "poisons predictions": [8, 8, 8, 8, 8], "scores": [5.864394534157577e-20, 8.945823907911454e-19, 1.7228234464039538e-11, 1.2403654492398886e-12, 7.585971275576327e-40, 9.604374705307598e-22, 0.009854666888713837, 3.718167340848815e-18, 0.9901459217071533, 4.041368180693987e-23], "malicious score": 0.9901459217071533, "camera": {"2": {"prediction": 6, "scores": [1.1775812683476356e-17, 7.553899787745912e-23, 0.002737233880907297, 1.4921781712473603e-06, 1.0081976593312855e-21, 9.284427505917847e-05, 0.986323356628418, 2.1626497725339526e-14, 0.01084465254098177, 2.361840974532403e-12], "malicious score": 0.01084465254098177}, "4": {"prediction": 6, "scores": [1.461426575009533e-16, 4.414622087152764e-19, 3.1416708225151524e-05, 5.031145065004239e-07, 7.794893609265026e-26, 3.4009489668918036e-11, 0.6177424192428589, 1.7958678706457565e-13, 0.38222557306289673, 2.091338746330971e-15], "malicious score": 0.38222557306289673}}}, "GoogLeNet": {"clean acc": 92.03000144958496, "prediction": 6, "poisons predictions": [8, 8, 8, 8, 8], "scores": [5.3320324155947674e-08, 1.2493656109668905e-10, 0.0002541296125855297, 0.0009510128293186426, 2.429432061035186e-05, 0.00113009475171566, 0.9976024627685547, 6.065915840736125e-06, 3.199418279109523e-05, 2.2915853659100094e-09], "malicious score": 3.199418279109523e-05, "camera": {"2": {"prediction": 6, "scores": [1.4066828431247291e-11, 1.2380567925018848e-11, 0.0011244298657402396, 0.0017175718676298857, 2.679984618225717e-06, 0.07632351666688919, 0.9208289980888367, 2.7223466076975456e-06, 7.239139843129294e-10, 4.199006919947124e-09], "malicious score": 7.239139843129294e-10}, "4": {"prediction": 5, "scores": [2.7312918593480617e-10, 1.2079065178638437e-11, 0.018305344507098198, 0.022416582331061363, 2.65578592006932e-06, 0.4973582923412323, 0.46191567182540894, 1.4883989933878183e-06, 7.0996941659018376e-09, 2.583083613671988e-08], "malicious score": 7.0996941659018376e-09}}},