{"args": "Namespace(device='cuda', dset_path='datasets', end2end=False, eval_poisons_root='attack-results-7poisons/100-overlap/linear-transfer-learning/mean/800', gpu='2', lr_decay_epoch=[30, 45], model_resume_path='model-chks', num_per_class=50, poison_label=8, retrain_bsize=64, retrain_epochs=60, retrain_lr=0.1, retrain_momentum=0.9, retrain_opt='adam', retrain_wd=0, subset_group=0, target_camera=True, target_index_end=27, target_index_start=26, target_index_step=1, target_label=6, target_net=['DPN92', 'SENet18', 'ResNet50', 'ResNeXt29_2x64d', 'GoogLeNet', 'MobileNetV2', 'ResNet18', 'DenseNet121'], target_print_size=[2, 4], test_chk_name='ckpt-%s-4800.t7', train_data_path='datasets/CIFAR10_TRAIN_Split.pth')", "poison_label": 8, "target_label": 6, "targets": {"26": {}, "26": {"800": {"time": 375.0, "coeffs_time": 0, "poisons_time": 4, "target_loss": 0.010991513729095459, "total_loss": 0.08720312267541885, "coeff_list": [[0.1428571492433548, 0.1428571492433548, 0.1428571492433548, 0.1428571492433548, 0.1428571492433548, 0.1428571492433548, 0.1428571492433548], [0.1428571492433548, 0.1428571492433548, 0.1428571492433548, 0.1428571492433548, 0.1428571492433548, 0.1428571492433548, 0.1428571492433548], [0.1428571492433548, 0.1428571492433548, 0.1428571492433548, 0.1428571492433548, 0.1428571492433548, 0.1428571492433548, 0.1428571492433548], [0.1428571492433548, 0.1428571492433548, 0.1428571492433548, 0.1428571492433548, 0.1428571492433548, 0.1428571492433548, 0.1428571492433548], [0.1428571492433548, 0.1428571492433548, 0.1428571492433548, 0.1428571492433548, 0.1428571492433548, 0.1428571492433548, 0.1428571492433548], [0.1428571492433548, 0.1428571492433548, 0.1428571492433548, 0.1428571492433548, 0.1428571492433548, 0.1428571492433548, 0.1428571492433548], [0.1428571492433548, 0.1428571492433548, 0.1428571492433548, 0.1428571492433548, 0.1428571492433548, 0.1428571492433548, 0.1428571492433548], [0.1428571492433548, 0.1428571492433548, 0.1428571492433548, 0.1428571492433548, 0.1428571492433548, 0.1428571492433548, 0.1428571492433548], [0.1428571492433548, 0.1428571492433548, 0.1428571492433548, 0.1428571492433548, 0.1428571492433548, 0.1428571492433548, 0.1428571492433548], [0.1428571492433548, 0.1428571492433548, 0.1428571492433548, 0.1428571492433548, 0.1428571492433548, 0.1428571492433548, 0.1428571492433548], [0.1428571492433548, 0.1428571492433548, 0.1428571492433548, 0.1428571492433548, 0.1428571492433548, 0.1428571492433548, 0.1428571492433548], [0.1428571492433548, 0.1428571492433548, 0.1428571492433548, 0.1428571492433548, 0.1428571492433548, 0.1428571492433548, 0.1428571492433548], [0.1428571492433548, 0.1428571492433548, 0.1428571492433548, 0.1428571492433548, 0.1428571492433548, 0.1428571492433548, 0.1428571492433548], [0.1428571492433548, 0.1428571492433548, 0.1428571492433548, 0.1428571492433548, 0.1428571492433548, 0.1428571492433548, 0.1428571492433548], [0.1428571492433548, 0.1428571492433548, 0.1428571492433548, 0.1428571492433548, 0.1428571492433548, 0.1428571492433548, 0.1428571492433548], [0.1428571492433548, 0.1428571492433548, 0.1428571492433548, 0.1428571492433548, 0.1428571492433548, 0.1428571492433548, 0.1428571492433548], [0.1428571492433548, 0.1428571492433548, 0.1428571492433548, 0.1428571492433548, 0.1428571492433548, 0.1428571492433548, 0.1428571492433548], [0.1428571492433548, 0.1428571492433548, 0.1428571492433548, 0.1428571492433548, 0.1428571492433548, 0.1428571492433548, 0.1428571492433548]], "coeff_list_in_victim": [[0.2618078887462616, 0.4123673737049103, 0.0, 0.04853250831365585, 0.010618524625897408, 0.17216359078884125, 0.09451011568307877]], "victims": {"DPN92": {"clean acc": 91.68000106811523, "prediction": 6, "poisons predictions": [8, 8, 8, 6, 8, 8, 8], "scores": [2.7002548436268815e-17, 6.136329579774986e-25, 0.0, 1.3310779583082348e-20, 3.651678251781725e-34, 2.6525773343179926e-24, 0.9998970031738281, 1.401298464324817e-45, 0.00010177275544265285, 0.0], "malicious score": 0.00010177275544265285, "camera": {"2": {"prediction": 6, "scores": [1.1975401852708358e-18, 3.1192022149384904e-22, 6.726232628759122e-44, 3.6771089903738267e-17, 1.2490342554210297e-29, 1.4049334740024995e-20, 0.9998321533203125, 1.8595230621590323e-42, 0.00016880543262232095, 0.0], "malicious score": 0.00016880543262232095}, "4": {"prediction": 6, "scores": [2.30764233399308e-17, 4.843037473334274e-21, 6.726232628759122e-44, 2.6707615534501807e-17, 1.646383281829486e-30, 4.439002557161168e-21, 0.9999160766601562, 1.5807347326816099e-40, 8.575079846195877e-05, 0.0], "malicious score": 8.575079846195877e-05}}}, "SENet18": {"clean acc": 91.53000183105469, "prediction": 6, "poisons predictions": [8, 4, 6, 6, 6, 8, 6], "scores": [2.4497610537355108e-11, 1.9261446502501534e-17, 6.855877288611931e-22, 6.264954786402304e-17, 3.445172369609395e-09, 1.8176086277158456e-17, 0.6076735854148865, 4.742399642707261e-19, 0.39232558012008667, 2.9428596897980823e-19], "malicious score": 0.39232558012008667, "camera": {"2": {"prediction": 8, "scores": [6.91387615561756e-12, 1.509361890030328e-13, 7.978137155739251e-17, 1.4338375864224318e-13, 2.205964051427145e-07, 8.335706291071141e-15, 0.10834062844514847, 1.8376674928724605e-16, 0.8916588425636292, 6.292883050860055e-17], "malicious score": 0.8916588425636292}, "4": {"prediction": 8, "scores": [1.5039802292449167e-08, 4.9576258896733005e-12, 1.8264645557027363e-16, 2.8408187260908768e-11, 6.0989128542132676e-05, 2.4921043961095846e-12, 0.10455945879220963, 5.1485068107686577e-14, 0.8953791856765747, 2.8939160163815765e-15], "malicious score": 0.8953791856765747}}}, "ResNet50": {"clean acc": 92.50000114440918, "prediction": 6, "poisons predictions": [8, 8, 8, 8, 8, 8, 8], "scores": [4.895143535220024e-26, 7.785326268802873e-33, 1.0367777419450278e-30, 6.677463015815246e-24, 3.9570776534326054e-33, 3.202845571640278e-30, 0.9884778261184692, 1.001176418621584e-21, 0.011521273292601109, 3.0664288718832703e-23], "malicious score": 0.011521273292601109, "camera": {"2": {"prediction": 6, "scores": [3.5029568176755663e-25, 2.295891766135848e-34, 1.4375948701258048e-24, 2.344934655862441e-21, 1.0400200425989913e-26, 4.544068076773608e-26, 0.9865114688873291, 1.0590885328798684e-20, 0.01348891295492649, 3.601252935136928e-20], "malicious score": 0.01348891295492649}, "4": {"prediction": 6, "scores": [1.658906113166762e-27, 1.141061851228032e-35, 4.498749288280571e-30, 1.103192886705705e-24, 1.6683815428038468e-34, 9.845147223800675e-32, 1.0, 3.1580843820649257e-18, 2.61511292620753e-08, 3.642869490353722e-20], "malicious score": 2.61511292620753e-08}}}, "ResNeXt29_2x64d": {"clean acc": 92.9000015258789, "prediction": 6, "poisons predictions": [8, 8, 8, 8, 8, 6, 8], "scores": [2.018032473884701e-20, 1.4984570666854163e-19, 7.810947145632237e-16, 1.437726524500249e-07, 7.812449115524297e-28, 3.6350974176404475e-19, 0.66069495677948, 1.5237658702265686e-22, 0.33930516242980957, 5.1152749818605725e-18], "malicious score": 0.33930516242980957, "camera": {"2": {"prediction": 6, "scores": [1.304647625528234e-17, 2.6041677445548895e-19, 1.3497016004837548e-10, 1.2692866846464312e-07, 1.1860583032337985e-22, 1.0888604471195884e-13, 0.9306244850158691, 5.4398958855030304e-15, 0.06937556713819504, 7.192465075129065e-15], "malicious score": 0.06937556713819504}, "4": {"prediction": 6, "scores": [1.8659639519644705e-18, 7.069086322671741e-21, 1.462390986084472e-09, 8.43173886266868e-09, 1.27735032504893e-25, 1.5336016690511295e-13, 0.8104705810546875, 3.964844674363838e-14, 0.18952926993370056, 5.038206603893676e-15], "malicious score": 0.18952926993370056}}}, "GoogLeNet": {"clean acc": 91.9800018310547, "prediction": 8, "poisons predictions": [8, 8, 8, 6, 8, 8, 8], "scores": [2.8877909130642365e-07, 1.774557212286254e-08, 2.2571649438418717e-08, 4.222055940772407e-05, 3.952380211558193e-06, 5.872761903447099e-05, 0.16219455003738403, 9.203411650560156e-07, 0.8376990556716919, 1.0132773092808023e-10],