{"args": "Namespace(device='cuda', dset_path='datasets', end2end=False, eval_poisons_root='attack-results-eps0.05/100-overlap/linear-transfer-learning/mean/800', gpu='2', lr_decay_epoch=[30, 45], model_resume_path='model-chks', num_per_class=50, poison_label=8, retrain_bsize=64, retrain_epochs=60, retrain_lr=0.1, retrain_momentum=0.9, retrain_opt='adam', retrain_wd=0, subset_group=0, target_camera=True, target_index_end=31, target_index_start=30, target_index_step=1, target_label=6, target_net=['DPN92', 'SENet18', 'ResNet50', 'ResNeXt29_2x64d', 'GoogLeNet', 'MobileNetV2', 'ResNet18', 'DenseNet121'], target_print_size=[2, 4], test_chk_name='ckpt-%s-4800.t7', train_data_path='datasets/CIFAR10_TRAIN_Split.pth')", "poison_label": 8, "target_label": 6, "targets": {"30": {}, "30": {"800": {"time": 491.0, "coeffs_time": 0, "poisons_time": 8, "target_loss": 0.011879333294928074, "total_loss": 0.07711009681224823, "coeff_list": [[0.20000000298023224, 0.20000000298023224, 0.20000000298023224, 0.20000000298023224, 0.20000000298023224], [0.20000000298023224, 0.20000000298023224, 0.20000000298023224, 0.20000000298023224, 0.20000000298023224], [0.20000000298023224, 0.20000000298023224, 0.20000000298023224, 0.20000000298023224, 0.20000000298023224], [0.20000000298023224, 0.20000000298023224, 0.20000000298023224, 0.20000000298023224, 0.20000000298023224], [0.20000000298023224, 0.20000000298023224, 0.20000000298023224, 0.20000000298023224, 0.20000000298023224], [0.20000000298023224, 0.20000000298023224, 0.20000000298023224, 0.20000000298023224, 0.20000000298023224], [0.20000000298023224, 0.20000000298023224, 0.20000000298023224, 0.20000000298023224, 0.20000000298023224], [0.20000000298023224, 0.20000000298023224, 0.20000000298023224, 0.20000000298023224, 0.20000000298023224], [0.20000000298023224, 0.20000000298023224, 0.20000000298023224, 0.20000000298023224, 0.20000000298023224], [0.20000000298023224, 0.20000000298023224, 0.20000000298023224, 0.20000000298023224, 0.20000000298023224], [0.20000000298023224, 0.20000000298023224, 0.20000000298023224, 0.20000000298023224, 0.20000000298023224], [0.20000000298023224, 0.20000000298023224, 0.20000000298023224, 0.20000000298023224, 0.20000000298023224], [0.20000000298023224, 0.20000000298023224, 0.20000000298023224, 0.20000000298023224, 0.20000000298023224], [0.20000000298023224, 0.20000000298023224, 0.20000000298023224, 0.20000000298023224, 0.20000000298023224], [0.20000000298023224, 0.20000000298023224, 0.20000000298023224, 0.20000000298023224, 0.20000000298023224], [0.20000000298023224, 0.20000000298023224, 0.20000000298023224, 0.20000000298023224, 0.20000000298023224], [0.20000000298023224, 0.20000000298023224, 0.20000000298023224, 0.20000000298023224, 0.20000000298023224], [0.20000000298023224, 0.20000000298023224, 0.20000000298023224, 0.20000000298023224, 0.20000000298023224]], "coeff_list_in_victim": [[0.23831087350845337, 0.4054860770702362, 0.0, 0.07440879195928574, 0.2817942798137665]], "victims": {"DPN92": {"clean acc": 92.34000244140626, "prediction": 6, "poisons predictions": [8, 8, 8, 8, 6], "scores": [1.3814431879428505e-28, 2.723532533244736e-16, 1.7437081896690235e-32, 2.3598777012384664e-12, 2.5382420129946884e-32, 8.469005454167327e-16, 0.5242441892623901, 2.599055317838392e-35, 0.4757554829120636, 0.0], "malicious score": 0.4757554829120636, "camera": {"2": {"prediction": 3, "scores": [3.193469405887495e-34, 3.5648571921643036e-26, 4.3972333734211794e-16, 0.8008725047111511, 2.8785592491677345e-21, 0.1988379955291748, 1.844844632614695e-06, 1.5002503380335664e-30, 0.00028797483537346125, 1.6050935038869682e-39], "malicious score": 0.00028797483537346125}, "4": {"prediction": 5, "scores": [4.5272445876226696e-36, 5.9247075252312926e-33, 2.6587069842089965e-16, 0.019726982340216637, 2.7574430796393505e-25, 0.9680027961730957, 0.0003525052161421627, 7.631766781103527e-35, 0.011917485855519772, 5.605193857299268e-45], "malicious score": 0.011917485855519772}}}, "SENet18": {"clean acc": 90.95000228881835, "prediction": 8, "poisons predictions": [8, 8, 8, 8, 6], "scores": [7.565524595687378e-11, 7.107904968749092e-24, 2.632481906073014e-13, 2.0899592820255997e-11, 8.199097401018207e-09, 1.135222016217241e-13, 0.25695058703422546, 4.251901730870944e-27, 0.7430490255355835, 4.079026640833875e-20], "malicious score": 0.7430490255355835, "camera": {"2": {"prediction": 8, "scores": [6.991675306177502e-17, 2.2253513952309486e-31, 1.1995400019351623e-15, 9.956347551964839e-11, 6.60177607025858e-11, 4.172032944810278e-12, 7.158759696146433e-10, 2.8738610021106732e-30, 1.0, 9.115898445706951e-19], "malicious score": 1.0}, "4": {"prediction": 8, "scores": [1.2402067154773313e-16, 1.0375011881882979e-31, 1.4398276001375068e-14, 9.135230349954782e-09, 5.758682863898912e-09, 6.839504962385945e-09, 6.304008870472444e-09, 2.965303478785433e-29, 1.0, 5.166444109855307e-16], "malicious score": 1.0}}}, "ResNet50": {"clean acc": 93.13000183105468, "prediction": 8, "poisons predictions": [8, 6, 8, 8, 8], "scores": [8.791245595367712e-36, 7.912920609349326e-22, 5.890676444996417e-26, 6.424536558807081e-19, 0.0, 9.61615277386021e-35, 0.3589797019958496, 6.406002903190304e-29, 0.641020655632019, 0.0], "malicious score": 0.641020655632019, "camera": {"2": {"prediction": 8, "scores": [9.071802462158524e-35, 6.592404573624311e-14, 4.862274382193947e-27, 2.1182160192534383e-11, 0.0, 4.1865846862410364e-14, 5.0591128508692407e-11, 4.704487564082167e-27, 1.0, 0.0], "malicious score": 1.0}, "4": {"prediction": 8, "scores": [2.2280185919129644e-31, 9.631891811912041e-11, 3.659865319288068e-26, 1.0196690425345878e-07, 0.0, 3.896042471751571e-06, 6.1895137452860904e-12, 1.8394836081647228e-24, 0.9999959468841553, 0.0], "malicious score": 0.9999959468841553}}}, "ResNeXt29_2x64d": {"clean acc": 92.77000160217285, "prediction": 6, "poisons predictions": [8, 8, 8, 8, 8], "scores": [1.682294876041593e-26, 5.233941381959241e-19, 4.436254593114409e-16, 5.6641764195619615e-11, 0.0, 7.762245418181469e-28, 0.5204721093177795, 3.189869510787892e-24, 0.4795271158218384, 2.251663175551768e-21], "malicious score": 0.4795271158218384, "camera": {"2": {"prediction": 6, "scores": [1.2223386464448693e-18, 3.388608245050032e-18, 5.129797475689202e-09, 0.0034761831630021334, 2.2778315050811393e-36, 8.275705966863389e-13, 0.7291408181190491, 1.0984762079308726e-18, 0.2673826217651367, 1.3566454230606238e-16], "malicious score": 0.2673826217651367}, "4": {"prediction": 8, "scores": [3.364643222061418e-22, 7.624651460157736e-24, 3.066771003812363e-10, 2.1137093426659703e-06, 2.014786932006222e-41, 1.0837423319864925e-10, 0.312845915555954, 2.1615079608739824e-21, 0.6871516704559326, 2.3506175101015374e-17], "malicious score": 0.6871516704559326}}}, "GoogLeNet": {"clean acc": 91.93000106811523, "prediction": 6, "poisons predictions": [8, 8, 8, 6, 6], "scores": [1.2382219849330165e-15, 4.388377682074118e-12, 2.4164261702708245e-08, 2.4286699044751003e-05, 1.0505753905709625e-10, 1.0163866136281285e-05, 0.7077832818031311, 3.281125060539125e-08, 0.2921823561191559, 8.447879711308975e-14], "malicious score": 0.2921823561191559, "camera": {"2": {"prediction": 3, "scores": [4.881286347346858e-12, 6.827826304345308e-09, 0.008752627298235893, 0.501879870891571, 2.058549775085794e-08, 0.26019659638404846, 0.2173755019903183, 4.1971413011765435e-09, 0.011795504949986935, 3.759057953800493e-09], "malicious score": 0.011795504949986935}, "4": {"prediction": 6, "scores": [2.2171832512324352e-12, 1.0515006643174729e-08, 0.0002509247278794646, 0.10799799114465714, 3.512067507926986e-07, 0.062049441039562225, 0.8167430758476257, 1.5484968685086642e-07, 0.012958225794136524, 1.0306711928365075e-08], "malicious score": 0.012958225794136524}}}, "MobileNetV2": {"clean acc": 87.47000160217286, "prediction": 6, "poisons predictions": [8, 8, 8, 8, 8],