{"args": "Namespace(device='cuda', dset_path='datasets', end2end=False, eval_poisons_root='attack-results-eps0.03/100-overlap/linear-transfer-learning/mean/800', gpu='2', lr_decay_epoch=[30, 45], model_resume_path='model-chks', num_per_class=50, poison_label=8, retrain_bsize=64, retrain_epochs=60, retrain_lr=0.1, retrain_momentum=0.9, retrain_opt='adam', retrain_wd=0, subset_group=0, target_camera=True, target_index_end=24, target_index_start=23, target_index_step=1, target_label=6, target_net=['DPN92', 'SENet18', 'ResNet50', 'ResNeXt29_2x64d', 'GoogLeNet', 'MobileNetV2', 'ResNet18', 'DenseNet121'], target_print_size=[2, 4], test_chk_name='ckpt-%s-4800.t7', train_data_path='datasets/CIFAR10_TRAIN_Split.pth')", "poison_label": 8, "target_label": 6, "targets": {"23": {}, "23": {"800": {"time": 345.0, "coeffs_time": 0, "poisons_time": 4, "target_loss": 0.011274578981101513, "total_loss": 0.0909612700343132, "coeff_list": [[0.20000000298023224, 0.20000000298023224, 0.20000000298023224, 0.20000000298023224, 0.20000000298023224], [0.20000000298023224, 0.20000000298023224, 0.20000000298023224, 0.20000000298023224, 0.20000000298023224], [0.20000000298023224, 0.20000000298023224, 0.20000000298023224, 0.20000000298023224, 0.20000000298023224], [0.20000000298023224, 0.20000000298023224, 0.20000000298023224, 0.20000000298023224, 0.20000000298023224], [0.20000000298023224, 0.20000000298023224, 0.20000000298023224, 0.20000000298023224, 0.20000000298023224], [0.20000000298023224, 0.20000000298023224, 0.20000000298023224, 0.20000000298023224, 0.20000000298023224], [0.20000000298023224, 0.20000000298023224, 0.20000000298023224, 0.20000000298023224, 0.20000000298023224], [0.20000000298023224, 0.20000000298023224, 0.20000000298023224, 0.20000000298023224, 0.20000000298023224], [0.20000000298023224, 0.20000000298023224, 0.20000000298023224, 0.20000000298023224, 0.20000000298023224], [0.20000000298023224, 0.20000000298023224, 0.20000000298023224, 0.20000000298023224, 0.20000000298023224], [0.20000000298023224, 0.20000000298023224, 0.20000000298023224, 0.20000000298023224, 0.20000000298023224], [0.20000000298023224, 0.20000000298023224, 0.20000000298023224, 0.20000000298023224, 0.20000000298023224], [0.20000000298023224, 0.20000000298023224, 0.20000000298023224, 0.20000000298023224, 0.20000000298023224], [0.20000000298023224, 0.20000000298023224, 0.20000000298023224, 0.20000000298023224, 0.20000000298023224], [0.20000000298023224, 0.20000000298023224, 0.20000000298023224, 0.20000000298023224, 0.20000000298023224], [0.20000000298023224, 0.20000000298023224, 0.20000000298023224, 0.20000000298023224, 0.20000000298023224], [0.20000000298023224, 0.20000000298023224, 0.20000000298023224, 0.20000000298023224, 0.20000000298023224], [0.20000000298023224, 0.20000000298023224, 0.20000000298023224, 0.20000000298023224, 0.20000000298023224]], "coeff_list_in_victim": [[0.0, 0.2287604957818985, 0.12444429099559784, 0.37316039204597473, 0.27363479137420654]], "victims": {"DPN92": {"clean acc": 92.13000183105468, "prediction": 6, "poisons predictions": [8, 8, 8, 8, 8], "scores": [4.257563811053966e-13, 1.1568459053196313e-25, 2.6948099626715475e-33, 4.16837008974328e-14, 2.132766695397472e-29, 1.1710970463773424e-13, 0.9839407801628113, 0.0, 0.01606002449989319, 0.0], "malicious score": 0.01606002449989319, "camera": {"2": {"prediction": 5, "scores": [1.3472362406439784e-27, 6.049759718742017e-37, 3.7387356003702523e-17, 0.0004166221187915653, 1.6545457897802312e-19, 0.9995747804641724, 8.677976438775659e-06, 2.942726775082116e-44, 3.160470798132141e-18, 1.1714715031909038e-40], "malicious score": 3.160470798132141e-18}, "4": {"prediction": 6, "scores": [1.5512427988326064e-15, 3.8952484422678426e-28, 5.0838073087752255e-30, 2.2404633703843047e-11, 3.562715738020224e-30, 2.9278740543148274e-10, 1.0, 7.337198759204742e-42, 9.316606224274437e-07, 0.0], "malicious score": 9.316606224274437e-07}}}, "SENet18": {"clean acc": 91.41000251770019, "prediction": 6, "poisons predictions": [8, 6, 6, 6, 6], "scores": [1.6304001204670016e-10, 1.825123168916476e-13, 2.776708996975565e-16, 8.855218641690143e-12, 1.5686475308029912e-05, 2.7504394347867755e-15, 0.9863778948783875, 7.79931926717028e-20, 0.013605732470750809, 1.14544106741919e-19], "malicious score": 0.013605732470750809, "camera": {"2": {"prediction": 3, "scores": [1.0716156793932896e-05, 2.1246016160187227e-18, 9.171194470525279e-09, 0.9864089488983154, 0.001621323637664318, 0.00014376355102285743, 0.011353344656527042, 1.3966776621895947e-20, 0.00046178512275218964, 3.0037002616070674e-13], "malicious score": 0.00046178512275218964}, "4": {"prediction": 6, "scores": [4.0789464037516154e-06, 5.505822683249319e-16, 7.742317204018079e-12, 1.0484845880398552e-08, 4.27705017500557e-05, 1.692432825828316e-11, 0.9536899328231812, 4.536169557324954e-19, 0.04626316949725151, 1.6140396774898925e-16], "malicious score": 0.04626316949725151}}}, "ResNet50": {"clean acc": 93.00000114440918, "prediction": 6, "poisons predictions": [8, 8, 8, 8, 8], "scores": [5.355817924069628e-32, 7.26903859280696e-29, 5.348984837603678e-22, 7.781266581764854e-16, 6.092292244698257e-33, 9.484314539136389e-34, 0.9588809013366699, 3.489201502456522e-28, 0.04111997410655022, 1.0813994144728842e-35], "malicious score": 0.04111997410655022, "camera": {"2": {"prediction": 6, "scores": [6.202267874392565e-26, 2.0948759421484338e-30, 5.632310353274428e-22, 4.595049926496564e-13, 1.2243419010212726e-31, 3.820903961065589e-14, 1.0, 1.3938995009700395e-27, 5.65454550229335e-23, 5.040498108888594e-36], "malicious score": 5.65454550229335e-23}, "4": {"prediction": 6, "scores": [2.0898452847697112e-32, 1.3963767923079003e-31, 5.237637666131832e-26, 1.6309617173910276e-23, 2.134002118598963e-38, 2.347104507317964e-25, 1.0, 1.091936435737589e-28, 8.841674815256509e-14, 1.2766257807329167e-38], "malicious score": 8.841674815256509e-14}}}, "ResNeXt29_2x64d": {"clean acc": 92.96000061035156, "prediction": 8, "poisons predictions": [8, 8, 8, 6, 6], "scores": [1.0641450410366475e-23, 4.609209458550367e-09, 4.777742278547084e-16, 7.537021007308908e-11, 7.954591244407756e-38, 3.086394234575043e-21, 0.0501520074903965, 4.323990675358918e-25, 0.9498486518859863, 1.2237113087160714e-24], "malicious score": 0.9498486518859863, "camera": {"2": {"prediction": 6, "scores": [8.888949391276492e-26, 9.195403439678077e-16, 1.763340307103789e-10, 0.003453202545642853, 2.386884713578799e-27, 7.85787008794614e-08, 0.9965460300445557, 2.3112490932647442e-29, 3.086160135999342e-20, 3.3606991711824927e-18], "malicious score": 3.086160135999342e-20}, "4": {"prediction": 6, "scores": [2.167881288340151e-30, 1.2964073716446867e-13, 1.58817165420624e-19, 1.600784527719737e-14, 0.0, 3.1261946780023695e-22, 1.0, 6.343535749169541e-35, 1.8477152316856427e-13, 4.0548741671794724e-26], "malicious score": 1.8477152316856427e-13}}}, "GoogLeNet": {"clean acc": 91.41000099182129, "prediction": 8, "poisons predictions": [8, 8, 8, 6, 6], "scores": [1.355037569238278e-15, 6.3855614129693095e-09, 6.847675638327333e-13, 2.9858992434128595e-07, 5.335786066457127e-12, 1.2567178409028656e-09, 0.3767413794994354, 1.5791601359893548e-09, 0.623258113861084, 8.6905328925385e-17], "malicious score": 0.623258113861084, "camera": {"2": {"prediction": 6, "scores": [2.7106219829473033e-13, 3.1270204203792673e-09, 0.002966791158542037, 0.14831678569316864, 1.7038680466541223e-09, 0.020186765119433403, 0.8285295963287354, 1.3252550098985516e-11, 2.181074591767196e-11, 4.824654673170337e-13], "malicious score": 2.181074591767196e-11}, "4": {"prediction": 6, "scores": [2.4694771768144256e-16, 1.940452465376552e-09, 7.613526475935828e-11, 4.0664147604729806e-07, 1.467742810970507e-12, 4.868685454795241e-09, 0.9999990463256836, 1.8138505974985009e-10, 3.0736563871869294e-07, 4.47828817960543e-15], "malicious score": 3.0736563871869294e-07}}}, "MobileNetV2": {"clean acc": 87.04000129699708, "prediction": 6,