{"args": "Namespace(device='cuda', dset_path='datasets', end2end=False, eval_poisons_root='attack-results-eps0.03/100-overlap/linear-transfer-learning/mean/800', gpu='2', lr_decay_epoch=[30, 45], model_resume_path='model-chks', num_per_class=50, poison_label=8, retrain_bsize=64, retrain_epochs=60, retrain_lr=0.1, retrain_momentum=0.9, retrain_opt='adam', retrain_wd=0, subset_group=0, target_camera=True, target_index_end=30, target_index_start=29, target_index_step=1, target_label=6, target_net=['DPN92', 'SENet18', 'ResNet50', 'ResNeXt29_2x64d', 'GoogLeNet', 'MobileNetV2', 'ResNet18', 'DenseNet121'], target_print_size=[2, 4], test_chk_name='ckpt-%s-4800.t7', train_data_path='datasets/CIFAR10_TRAIN_Split.pth')", "poison_label": 8, "target_label": 6, "targets": {"29": {}, "29": {"800": {"time": 332.0, "coeffs_time": 0, "poisons_time": 4, "target_loss": 0.015211110934615135, "total_loss": 0.1221991777420044, "coeff_list": [[0.20000000298023224, 0.20000000298023224, 0.20000000298023224, 0.20000000298023224, 0.20000000298023224], [0.20000000298023224, 0.20000000298023224, 0.20000000298023224, 0.20000000298023224, 0.20000000298023224], [0.20000000298023224, 0.20000000298023224, 0.20000000298023224, 0.20000000298023224, 0.20000000298023224], [0.20000000298023224, 0.20000000298023224, 0.20000000298023224, 0.20000000298023224, 0.20000000298023224], [0.20000000298023224, 0.20000000298023224, 0.20000000298023224, 0.20000000298023224, 0.20000000298023224], [0.20000000298023224, 0.20000000298023224, 0.20000000298023224, 0.20000000298023224, 0.20000000298023224], [0.20000000298023224, 0.20000000298023224, 0.20000000298023224, 0.20000000298023224, 0.20000000298023224], [0.20000000298023224, 0.20000000298023224, 0.20000000298023224, 0.20000000298023224, 0.20000000298023224], [0.20000000298023224, 0.20000000298023224, 0.20000000298023224, 0.20000000298023224, 0.20000000298023224], [0.20000000298023224, 0.20000000298023224, 0.20000000298023224, 0.20000000298023224, 0.20000000298023224], [0.20000000298023224, 0.20000000298023224, 0.20000000298023224, 0.20000000298023224, 0.20000000298023224], [0.20000000298023224, 0.20000000298023224, 0.20000000298023224, 0.20000000298023224, 0.20000000298023224], [0.20000000298023224, 0.20000000298023224, 0.20000000298023224, 0.20000000298023224, 0.20000000298023224], [0.20000000298023224, 0.20000000298023224, 0.20000000298023224, 0.20000000298023224, 0.20000000298023224], [0.20000000298023224, 0.20000000298023224, 0.20000000298023224, 0.20000000298023224, 0.20000000298023224], [0.20000000298023224, 0.20000000298023224, 0.20000000298023224, 0.20000000298023224, 0.20000000298023224], [0.20000000298023224, 0.20000000298023224, 0.20000000298023224, 0.20000000298023224, 0.20000000298023224], [0.20000000298023224, 0.20000000298023224, 0.20000000298023224, 0.20000000298023224, 0.20000000298023224]], "coeff_list_in_victim": [[0.17955724895000458, 0.0, 0.2870539724826813, 0.5333887338638306, 0.0]], "victims": {"DPN92": {"clean acc": 92.53000221252441, "prediction": 6, "poisons predictions": [8, 8, 8, 8, 8], "scores": [3.408571168372898e-12, 1.6623624042049379e-15, 7.534694710160237e-33, 6.960173237757772e-08, 1.363421434651494e-23, 5.829845720756177e-12, 0.7952207922935486, 2.765991196129848e-22, 0.20477840304374695, 0.0], "malicious score": 0.20477840304374695, "camera": {"2": {"prediction": 6, "scores": [1.2617035514108084e-17, 5.144523845182768e-28, 3.0834316552135093e-34, 2.2454164749774463e-08, 7.729352550486652e-22, 2.03734824150148e-11, 1.0, 1.2907425947697375e-24, 2.9050630789839715e-09, 2.802596928649634e-45], "malicious score": 2.9050630789839715e-09}, "4": {"prediction": 6, "scores": [7.184216293007198e-21, 6.700468202778633e-27, 1.4919472101766461e-29, 1.0260970384479151e-06, 2.7845463678433826e-17, 1.692350592996661e-09, 0.9999980926513672, 3.103483325209402e-25, 1.6194001001279545e-11, 2.0262775794136855e-41], "malicious score": 1.6194001001279545e-11}}}, "SENet18": {"clean acc": 91.92000160217285, "prediction": 6, "poisons predictions": [8, 8, 8, 8, 6], "scores": [9.609911336746352e-14, 1.880090728283504e-13, 7.78625110596165e-17, 2.4538900235794928e-15, 1.0255638005496337e-10, 3.178230986269114e-18, 0.9111444354057312, 1.271875722275618e-17, 0.0888553187251091, 3.595184224406531e-21], "malicious score": 0.0888553187251091, "camera": {"2": {"prediction": 6, "scores": [1.7667876883731282e-10, 5.64447985913248e-16, 1.5614766178141083e-17, 5.75147308251589e-12, 7.770741689006044e-11, 1.7600284529271313e-16, 0.9999904632568359, 1.7837570883277255e-19, 1.0097155609400943e-05, 2.498859122276822e-19], "malicious score": 1.0097155609400943e-05}, "4": {"prediction": 6, "scores": [2.3277714262803784e-06, 1.1424399062303616e-17, 7.629891510263498e-12, 4.203077708098135e-07, 5.068564234989026e-09, 6.826484364765018e-13, 0.9999980926513672, 1.2555429170036666e-18, 1.9733939482513563e-10, 1.9972960795640047e-17], "malicious score": 1.9733939482513563e-10}}}, "ResNet50": {"clean acc": 92.83000183105469, "prediction": 6, "poisons predictions": [8, 8, 8, 8, 8], "scores": [1.2350948860586964e-29, 0.0, 0.0, 0.0, 5.603652428988511e-41, 1.7247824694904974e-38, 0.9989476799964905, 2.1739033188538598e-36, 0.001052115228958428, 0.0], "malicious score": 0.001052115228958428, "camera": {"2": {"prediction": 6, "scores": [1.036813853131485e-29, 0.0, 0.0, 0.0, 1.584868563151368e-41, 3.3353617769553684e-32, 1.0, 3.3846499445665756e-36, 7.617794040015724e-08, 0.0], "malicious score": 7.617794040015724e-08}, "4": {"prediction": 6, "scores": [5.904117671976781e-30, 0.0, 0.0, 0.0, 5.815388626947991e-41, 3.907069552354733e-33, 1.0, 9.063461072741087e-36, 4.649224560893117e-09, 0.0], "malicious score": 4.649224560893117e-09}}}, "ResNeXt29_2x64d": {"clean acc": 93.16000175476074, "prediction": 8, "poisons predictions": [8, 8, 8, 8, 8], "scores": [5.770692333268298e-23, 2.734910402570403e-17, 3.791638183980872e-11, 6.213976888602701e-08, 0.0, 1.9581713058812008e-25, 0.04753497987985611, 6.57359908694255e-13, 0.9524646997451782, 3.496912476672911e-23], "malicious score": 0.9524646997451782, "camera": {"2": {"prediction": 6, "scores": [1.0210274659018593e-22, 2.1103425990713512e-20, 1.0671173485327957e-14, 0.00034274847712367773, 6.83947436318597e-29, 3.5591493127110084e-19, 0.9996567368507385, 1.1848148060116805e-22, 6.5528693582450614e-09, 4.39920216422094e-21], "malicious score": 6.5528693582450614e-09}, "4": {"prediction": 6, "scores": [1.5229754947084096e-22, 6.150637961750851e-21, 1.0377347390925216e-16, 0.0002049109316430986, 3.969499203561331e-21, 6.183252833811462e-18, 0.9997959136962891, 2.4086036005901672e-23, 2.722337244520645e-09, 6.624623761853673e-21], "malicious score": 2.722337244520645e-09}}}, "GoogLeNet": {"clean acc": 91.58000259399414, "prediction": 6, "poisons predictions": [8, 8, 8, 8, 8], "scores": [2.947056487734301e-11, 6.323756679194048e-06, 1.4433868273044936e-05, 0.00017801611102186143, 1.4272604799414612e-11, 4.727276973426342e-06, 0.6116854548454285, 0.000659245066344738, 0.3874519169330597, 3.0228018005340473e-11], "malicious score": 0.3874519169330597, "camera": {"2": {"prediction": 6, "scores": [2.1305471276100718e-10, 1.0519711395318154e-06, 0.0009680797811597586, 0.06436585634946823, 9.238048548354527e-09, 4.199548129690811e-05, 0.894214391708374, 5.3991055182223135e-08, 0.04040856286883354, 1.3953932453958373e-10], "malicious score": 0.04040856286883354}, "4": {"prediction": 6, "scores": [3.989563453904443e-12, 6.106711136766307e-09, 8.938770406530239e-06, 0.0006033014506101608, 1.4531036096609995e-10, 1.0358164217905141e-05, 0.9992973804473877, 3.370984602568683e-10, 7.962049130583182e-05, 5.420887697060728e-12], "malicious score": 7.962049130583182e-05}}}, "MobileNetV2": {"clean acc": 87.0700008392334, "prediction": 8, "poisons predictions": [8, 8, 8, 8, 8],