{"args": "Namespace(device='cuda', dset_path='datasets', end2end=False, eval_poisons_root='attack-results-10poisons/100-overlap/linear-transfer-learning/convex/800', gpu='2', lr_decay_epoch=[30, 45], model_resume_path='model-chks', num_per_class=50, poison_label=8, retrain_bsize=64, retrain_epochs=60, retrain_lr=0.1, retrain_momentum=0.9, retrain_opt='adam', retrain_wd=0, subset_group=0, target_camera=True, target_index_end=12, target_index_start=11, target_index_step=1, target_label=6, target_net=['DPN92', 'SENet18', 'ResNet50', 'ResNeXt29_2x64d', 'GoogLeNet', 'MobileNetV2', 'ResNet18', 'DenseNet121'], target_print_size=[2, 4], test_chk_name='ckpt-%s-4800.t7', train_data_path='datasets/CIFAR10_TRAIN_Split.pth')", "poison_label": 8, "target_label": 6, "targets": {"11": {}, "11": {"800": {"time": 17866.0, "coeffs_time": 15906, "poisons_time": 17473, "target_loss": 0.012340241111814976, "total_loss": 0.0019299451960250735, "coeff_list": [[0.37531524896621704, 0.05815941467881203, 0.04337011277675629, 0.3551996946334839, 0.061143916100263596, 0.0, 0.09650801122188568, 0.010303622111678123, 0.0, 0.0], [0.17076119780540466, 0.0024072262458503246, 0.07250789552927017, 0.0, 0.029375268146395683, 0.0713593065738678, 0.1756761223077774, 0.042261846363544464, 0.43565112352371216, 0.0], [0.2712988257408142, 0.05863774195313454, 0.37238138914108276, 0.09072208404541016, 0.0, 0.0, 0.07935033738613129, 0.0, 0.12760961055755615, 0.0], [0.00179411587305367, 0.452045738697052, 0.15675199031829834, 0.0, 0.08613415062427521, 0.28477272391319275, 0.0, 0.0, 0.0, 0.018501268699765205], [0.0, 0.06955434381961823, 0.1837007850408554, 0.1229574903845787, 0.13539431989192963, 0.0, 0.44405698776245117, 0.0, 0.04433605074882507, 0.0], [0.03147582709789276, 0.19226877391338348, 0.12947669625282288, 0.25948965549468994, 0.0, 0.0, 0.21106761693954468, 0.0, 0.013267471455037594, 0.16295401751995087], [0.0, 0.0, 0.07108662277460098, 0.1074424684047699, 0.0, 0.0, 0.09282659739255905, 0.03301665559411049, 0.0, 0.6956276297569275], [0.12294420599937439, 0.1767193228006363, 0.06588493287563324, 0.15704227983951569, 0.0007562969112768769, 0.031072670593857765, 0.07194160670042038, 0.10216144472360611, 0.14106394350528717, 0.1304132342338562], [0.24607118964195251, 0.05576319247484207, 0.6289036273956299, 0.021111847832798958, 0.004632685333490372, 0.0028480556793510914, 0.0, 0.0, 0.04066943749785423, 0.0], [0.3212519884109497, 0.0, 0.20971670746803284, 0.007786955218762159, 0.0, 0.0, 0.202277272939682, 0.021385351195931435, 0.044720232486724854, 0.19286152720451355], [0.06419035792350769, 0.0, 0.5230590105056763, 0.1609427034854889, 0.08728499710559845, 0.0, 0.10654323548078537, 0.0, 0.05797966197133064, 0.0], [0.12645383179187775, 0.03329358622431755, 0.1699751615524292, 0.06336399167776108, 0.050216786563396454, 0.10073678940534592, 0.0, 0.13534991443157196, 0.07126662135124207, 0.24934329092502594], [0.0, 0.04647015035152435, 0.6200277209281921, 0.09173374623060226, 0.036435261368751526, 0.0, 0.05128197744488716, 0.0180081557482481, 0.11797341704368591, 0.018069559708237648], [0.24922701716423035, 0.07416864484548569, 0.08080003410577774, 0.21761071681976318, 0.0023582885041832924, 0.010830225422978401, 0.27913472056388855, 0.0, 0.0, 0.08587031811475754], [0.47577211260795593, 0.044621825218200684, 0.3092421889305115, 0.010195584036409855, 0.0, 0.0, 0.0, 0.0, 0.1601683646440506, 0.0], [0.3809851408004761, 0.0, 0.07455859333276749, 0.02416231483221054, 0.03922511264681816, 0.03635936230421066, 0.07092656195163727, 0.019709041342139244, 0.04808812960982323, 0.3059857487678528], [0.05561630800366402, 0.2961917817592621, 0.06310676038265228, 0.18948988616466522, 0.14016269147396088, 0.0, 0.218712717294693, 0.03671978414058685, 0.0, 0.0], [0.0, 0.12924997508525848, 0.0, 0.08460050821304321, 0.16953445971012115, 0.15570735931396484, 0.05909460410475731, 0.1233925074338913, 0.2687419056892395, 0.00967865064740181]], "coeff_list_in_victim": [[0.5899303555488586, 0.019594866782426834, 0.2045288383960724, 0.18594592809677124, 0.0, 0.0, 0.0, 0.0, 0.0, 0.0]], "victims": {"DPN92": {"clean acc": 91.53000221252441, "prediction": 8, "poisons predictions": [8, 8, 6, 6, 8, 8, 8, 8, 8, 8], "scores": [2.243934802273267e-16, 1.2772359321318486e-21, 5.843925496327671e-32, 6.2546928763672e-15, 3.682971024906005e-35, 1.540261068783833e-18, 1.9180797039553e-07, 9.20209597791922e-33, 1.0, 0.0], "malicious score": 1.0, "camera": {"2": {"prediction": 8, "scores": [7.275637781318806e-15, 1.5919982692680926e-20, 4.4888510939354535e-33, 1.3638030049896444e-13, 1.9038360578657906e-31, 9.60978664820256e-17, 4.026958777103573e-05, 1.4223434625175646e-31, 0.9999599456787109, 3.6433760072445244e-44], "malicious score": 0.9999599456787109}, "4": {"prediction": 8, "scores": [3.069519498874549e-15, 2.5170256241156205e-20, 4.913258877114987e-31, 1.7356095944123795e-12, 7.246351970312078e-32, 6.017784219646395e-16, 7.227296009659767e-06, 4.952608973686729e-30, 0.999992311000824, 1.1210387714598537e-44], "malicious score": 0.999992311000824}}}, "SENet18": {"clean acc": 91.55000076293945, "prediction": 8, "poisons predictions": [8, 8, 6, 8, 5, 8, 8, 8, 8, 8], "scores": [3.441995133357523e-08, 1.7959699005754004e-10, 5.713135520224455e-10, 2.392488984703789e-10, 2.0942669820556148e-09, 1.3539221962533335e-14, 2.3199272618512623e-05, 8.415991428062375e-13, 0.9999770522117615, 1.7182283157043954e-12], "malicious score": 0.9999770522117615, "camera": {"2": {"prediction": 8, "scores": [1.2205423161049112e-07, 4.499457718302319e-13, 5.304402750372361e-11, 9.606724304944692e-10, 4.182636459404421e-09, 2.6518814339013437e-15, 5.492362561199116e-06, 1.868301249385168e-13, 0.9999942779541016, 9.426294033187759e-16], "malicious score": 0.9999942779541016}, "4": {"prediction": 8, "scores": [3.7120500451237604e-08, 1.1279889522430864e-10, 2.937024790039544e-10, 4.169176115453865e-09, 1.7018162878912335e-08, 3.0826988233140576e-14, 1.5433524822583422e-06, 5.764607974995117e-12, 0.999998152256012, 9.534217084447918e-14], "malicious score": 0.999998152256012}}}, "ResNet50": {"clean acc": 92.19000091552735, "prediction": 8, "poisons predictions": [8, 8, 8, 8, 8, 8, 8, 8, 8, 8], "scores": [2.3532005111406653e-41, 2.7659278348219406e-22, 4.509771219960244e-34, 0.0, 1.9145940918069976e-41, 0.0, 2.4195900394374803e-08, 0.0, 1.0, 1.401298464324817e-45], "malicious score": 1.0, "camera": {"2": {"prediction": 8, "scores": [2.7559213583611317e-38, 1.2124433181535076e-24, 1.37275155990828e-32, 4.203895392974451e-45, 2.0809383088712965e-37, 9.977245065992698e-43, 2.7080230324827426e-07, 0.0, 1.0, 1.7572282742633206e-42], "malicious score": 1.0}, "4": {"prediction": 8, "scores": [2.1197734685168613e-36, 1.3651239227027058e-22, 2.064545883928291e-31, 2.620428128287408e-43, 4.896711366721284e-40, 3.363116314379561e-44, 2.8598394573970624e-16, 0.0, 1.0, 4.2712137712006154e-40], "malicious score": 1.0}}}, "ResNeXt29_2x64d": {"clean acc": 92.38000106811523, "prediction": 8, "poisons predictions": [8, 8, 8, 8, 8, 8, 8, 8, 8, 8], "scores": [7.21438778031854e-24, 1.603106952741129e-10, 9.363990590926918e-19, 1.0567768882197015e-11, 7.006492321624085e-45, 5.779008176444527e-27, 0.06935876607894897, 5.054465212719043e-18, 0.930640459060669, 1.1704624852722557e-21], "malicious score": 0.930640459060669, "camera": {"2": {"prediction": 8, "scores": [3.3063915214203853e-16, 4.322207522444721e-11, 1.2340835818525075e-12, 3.4608979571082443e-10, 8.533136652874649e-34, 5.156080421863273e-19, 0.004725724458694458, 2.2679327166263974e-11, 0.9952733516693115, 4.7692544128455553e-17], "malicious score": 0.9952733516693115}, "4": {"prediction": 8, "scores": [5.3474685502711476e-17, 9.58848625498554e-11, 1.9392469401136037e-12, 2.522459741083338e-10, 1.188504678388342e-36, 2.747653595535635e-20, 0.0009024115279316902, 3.8631467816352405e-12, 0.9990981817245483, 1.802701311065313e-16], "malicious score": 0.9990981817245483}}}, "GoogLeNet": {"clean acc": 91.91000175476074,