{"args": "Namespace(device='cuda', dset_path='datasets', end2end=False, eval_poisons_root='attack-results-10poisons/100-overlap/linear-transfer-learning/mean/800', gpu='1', lr_decay_epoch=[30, 45], model_resume_path='model-chks', num_per_class=50, poison_label=8, retrain_bsize=64, retrain_epochs=60, retrain_lr=0.1, retrain_momentum=0.9, retrain_opt='adam', retrain_wd=0, subset_group=0, target_camera=True, target_index_end=24, target_index_start=23, target_index_step=1, target_label=6, target_net=['DPN92', 'SENet18', 'ResNet50', 'ResNeXt29_2x64d', 'GoogLeNet', 'MobileNetV2', 'ResNet18', 'DenseNet121'], target_print_size=[2, 4], test_chk_name='ckpt-%s-4800.t7', train_data_path='datasets/CIFAR10_TRAIN_Split.pth')", "poison_label": 8, "target_label": 6, "targets": {"23": {}, "23": {"800": {"time": 414.0, "coeffs_time": 0, "poisons_time": 5, "target_loss": 0.008051639422774315, "total_loss": 0.05015639215707779, "coeff_list": [[0.10000000149011612, 0.10000000149011612, 0.10000000149011612, 0.10000000149011612, 0.10000000149011612, 0.10000000149011612, 0.10000000149011612, 0.10000000149011612, 0.10000000149011612, 0.10000000149011612], [0.10000000149011612, 0.10000000149011612, 0.10000000149011612, 0.10000000149011612, 0.10000000149011612, 0.10000000149011612, 0.10000000149011612, 0.10000000149011612, 0.10000000149011612, 0.10000000149011612], [0.10000000149011612, 0.10000000149011612, 0.10000000149011612, 0.10000000149011612, 0.10000000149011612, 0.10000000149011612, 0.10000000149011612, 0.10000000149011612, 0.10000000149011612, 0.10000000149011612], [0.10000000149011612, 0.10000000149011612, 0.10000000149011612, 0.10000000149011612, 0.10000000149011612, 0.10000000149011612, 0.10000000149011612, 0.10000000149011612, 0.10000000149011612, 0.10000000149011612], [0.10000000149011612, 0.10000000149011612, 0.10000000149011612, 0.10000000149011612, 0.10000000149011612, 0.10000000149011612, 0.10000000149011612, 0.10000000149011612, 0.10000000149011612, 0.10000000149011612], [0.10000000149011612, 0.10000000149011612, 0.10000000149011612, 0.10000000149011612, 0.10000000149011612, 0.10000000149011612, 0.10000000149011612, 0.10000000149011612, 0.10000000149011612, 0.10000000149011612], [0.10000000149011612, 0.10000000149011612, 0.10000000149011612, 0.10000000149011612, 0.10000000149011612, 0.10000000149011612, 0.10000000149011612, 0.10000000149011612, 0.10000000149011612, 0.10000000149011612], [0.10000000149011612, 0.10000000149011612, 0.10000000149011612, 0.10000000149011612, 0.10000000149011612, 0.10000000149011612, 0.10000000149011612, 0.10000000149011612, 0.10000000149011612, 0.10000000149011612], [0.10000000149011612, 0.10000000149011612, 0.10000000149011612, 0.10000000149011612, 0.10000000149011612, 0.10000000149011612, 0.10000000149011612, 0.10000000149011612, 0.10000000149011612, 0.10000000149011612], [0.10000000149011612, 0.10000000149011612, 0.10000000149011612, 0.10000000149011612, 0.10000000149011612, 0.10000000149011612, 0.10000000149011612, 0.10000000149011612, 0.10000000149011612, 0.10000000149011612], [0.10000000149011612, 0.10000000149011612, 0.10000000149011612, 0.10000000149011612, 0.10000000149011612, 0.10000000149011612, 0.10000000149011612, 0.10000000149011612, 0.10000000149011612, 0.10000000149011612], [0.10000000149011612, 0.10000000149011612, 0.10000000149011612, 0.10000000149011612, 0.10000000149011612, 0.10000000149011612, 0.10000000149011612, 0.10000000149011612, 0.10000000149011612, 0.10000000149011612], [0.10000000149011612, 0.10000000149011612, 0.10000000149011612, 0.10000000149011612, 0.10000000149011612, 0.10000000149011612, 0.10000000149011612, 0.10000000149011612, 0.10000000149011612, 0.10000000149011612], [0.10000000149011612, 0.10000000149011612, 0.10000000149011612, 0.10000000149011612, 0.10000000149011612, 0.10000000149011612, 0.10000000149011612, 0.10000000149011612, 0.10000000149011612, 0.10000000149011612], [0.10000000149011612, 0.10000000149011612, 0.10000000149011612, 0.10000000149011612, 0.10000000149011612, 0.10000000149011612, 0.10000000149011612, 0.10000000149011612, 0.10000000149011612, 0.10000000149011612], [0.10000000149011612, 0.10000000149011612, 0.10000000149011612, 0.10000000149011612, 0.10000000149011612, 0.10000000149011612, 0.10000000149011612, 0.10000000149011612, 0.10000000149011612, 0.10000000149011612], [0.10000000149011612, 0.10000000149011612, 0.10000000149011612, 0.10000000149011612, 0.10000000149011612, 0.10000000149011612, 0.10000000149011612, 0.10000000149011612, 0.10000000149011612, 0.10000000149011612], [0.10000000149011612, 0.10000000149011612, 0.10000000149011612, 0.10000000149011612, 0.10000000149011612, 0.10000000149011612, 0.10000000149011612, 0.10000000149011612, 0.10000000149011612, 0.10000000149011612]], "coeff_list_in_victim": [[0.35100218653678894, 0.0, 0.22852793335914612, 0.0, 0.04330397769808769, 0.0, 0.37714946269989014, 0.0, 1.650676131248474e-05, 0.0]], "victims": {"DPN92": {"clean acc": 91.90000114440917, "prediction": 8, "poisons predictions": [8, 8, 8, 6, 8, 8, 8, 8, 8, 8], "scores": [3.560625405629736e-10, 6.211456025084772e-07, 1.8361669917065382e-32, 1.1790743078068933e-12, 3.268633382517946e-30, 1.2926048684261969e-17, 0.08167021721601486, 1.401298464324817e-45, 0.9183274507522583, 0.0], "malicious score": 0.9183274507522583, "camera": {"2": {"prediction": 5, "scores": [3.2940516588310695e-25, 1.8263809718485839e-31, 7.636962210752569e-17, 0.01489363331347704, 5.615530335187291e-23, 0.9839595556259155, 0.0011456208303570747, 4.525080007490021e-39, 0.0, 6.189770735064724e-39], "malicious score": 0.0}, "4": {"prediction": 6, "scores": [2.4945751020410967e-10, 5.165008283130592e-15, 7.080797598189443e-29, 6.423466203386852e-09, 1.2962150345641646e-31, 4.2411616753279535e-12, 1.0, 3.676058491327972e-39, 1.7932345101960518e-18, 0.0], "malicious score": 1.7932345101960518e-18}}}, "SENet18": {"clean acc": 91.17000198364258, "prediction": 6, "poisons predictions": [8, 8, 8, 6, 6, 8, 6, 8, 6, 8], "scores": [1.2788020420373414e-08, 4.971587092015211e-18, 2.542848176557218e-15, 4.537583364605524e-10, 1.555671406094916e-05, 3.709145620853227e-13, 0.9959399104118347, 1.6224495421922329e-21, 0.0040448447689414024, 6.017123518599459e-22], "malicious score": 0.0040448447689414024, "camera": {"2": {"prediction": 3, "scores": [6.164373189676553e-06, 8.62238956472787e-29, 2.3166570883859094e-09, 0.9604312777519226, 0.0002574220998212695, 0.0003294228226877749, 0.038975294679403305, 5.3296587804112704e-21, 3.35859638711522e-11, 8.749280715479894e-16], "malicious score": 3.35859638711522e-11}, "4": {"prediction": 6, "scores": [1.396222160110483e-05, 6.242660189310242e-21, 2.8198620521946438e-11, 1.354039369516613e-07, 2.2376472770702094e-05, 6.44506226166186e-10, 0.9999523162841797, 7.847752469181107e-21, 1.1490487850096542e-05, 8.727832865182292e-19], "malicious score": 1.1490487850096542e-05}}}, "ResNet50": {"clean acc": 92.65000114440917, "prediction": 8, "poisons predictions": [8, 8, 8, 8, 8, 8, 8, 8, 8, 8], "scores": [4.36776765676951e-35, 2.788945315442978e-26, 2.4079157454352507e-22, 3.441419798053633e-18, 6.51298315049395e-24, 1.0371384361417639e-36, 0.020614538341760635, 4.372835828213729e-35, 0.9793853163719177, 1.1718694896032614e-14], "malicious score": 0.9793853163719177, "camera": {"2": {"prediction": 6, "scores": [4.431572538056336e-37, 4.894822533971788e-20, 4.307503054088328e-21, 9.32798949193625e-10, 8.608541658115634e-24, 5.158135252258944e-08, 1.0, 3.7791814556491195e-27, 8.081664504278052e-11, 8.896921394052626e-11], "malicious score": 8.081664504278052e-11}, "4": {"prediction": 6, "scores": [4.508117289579369e-41, 1.3760260284917753e-28, 1.4416056583795174e-29, 7.093410142653721e-25, 1.0402821947639923e-33, 6.0672397704336096e-27, 1.0, 1.8519099467367195e-32, 5.760294463641458e-10, 5.08655937380857e-16], "malicious score": 5.760294463641458e-10}}}, "ResNeXt29_2x64d": {"clean acc": 93.0200023651123, "prediction": 8, "poisons predictions": [8, 8, 8, 8, 8, 8, 8, 8, 8, 8],