{"args": "Namespace(device='cuda', dset_path='datasets', end2end=False, eval_poisons_root='attack-results-7poisons/100-overlap/linear-transfer-learning/mean/800', gpu='2', lr_decay_epoch=[30, 45], model_resume_path='model-chks', num_per_class=50, poison_label=8, retrain_bsize=64, retrain_epochs=60, retrain_lr=0.1, retrain_momentum=0.9, retrain_opt='adam', retrain_wd=0, subset_group=0, target_camera=True, target_index_end=12, target_index_start=11, target_index_step=1, target_label=6, target_net=['DPN92', 'SENet18', 'ResNet50', 'ResNeXt29_2x64d', 'GoogLeNet', 'MobileNetV2', 'ResNet18', 'DenseNet121'], target_print_size=[2, 4], test_chk_name='ckpt-%s-4800.t7', train_data_path='datasets/CIFAR10_TRAIN_Split.pth')", "poison_label": 8, "target_label": 6, "targets": {"11": {}, "11": {"800": {"time": 382.0, "coeffs_time": 0, "poisons_time": 4, "target_loss": 0.02739168144762516, "total_loss": 0.08130550384521484, "coeff_list": [[0.1428571492433548, 0.1428571492433548, 0.1428571492433548, 0.1428571492433548, 0.1428571492433548, 0.1428571492433548, 0.1428571492433548], [0.1428571492433548, 0.1428571492433548, 0.1428571492433548, 0.1428571492433548, 0.1428571492433548, 0.1428571492433548, 0.1428571492433548], [0.1428571492433548, 0.1428571492433548, 0.1428571492433548, 0.1428571492433548, 0.1428571492433548, 0.1428571492433548, 0.1428571492433548], [0.1428571492433548, 0.1428571492433548, 0.1428571492433548, 0.1428571492433548, 0.1428571492433548, 0.1428571492433548, 0.1428571492433548], [0.1428571492433548, 0.1428571492433548, 0.1428571492433548, 0.1428571492433548, 0.1428571492433548, 0.1428571492433548, 0.1428571492433548], [0.1428571492433548, 0.1428571492433548, 0.1428571492433548, 0.1428571492433548, 0.1428571492433548, 0.1428571492433548, 0.1428571492433548], [0.1428571492433548, 0.1428571492433548, 0.1428571492433548, 0.1428571492433548, 0.1428571492433548, 0.1428571492433548, 0.1428571492433548], [0.1428571492433548, 0.1428571492433548, 0.1428571492433548, 0.1428571492433548, 0.1428571492433548, 0.1428571492433548, 0.1428571492433548], [0.1428571492433548, 0.1428571492433548, 0.1428571492433548, 0.1428571492433548, 0.1428571492433548, 0.1428571492433548, 0.1428571492433548], [0.1428571492433548, 0.1428571492433548, 0.1428571492433548, 0.1428571492433548, 0.1428571492433548, 0.1428571492433548, 0.1428571492433548], [0.1428571492433548, 0.1428571492433548, 0.1428571492433548, 0.1428571492433548, 0.1428571492433548, 0.1428571492433548, 0.1428571492433548], [0.1428571492433548, 0.1428571492433548, 0.1428571492433548, 0.1428571492433548, 0.1428571492433548, 0.1428571492433548, 0.1428571492433548], [0.1428571492433548, 0.1428571492433548, 0.1428571492433548, 0.1428571492433548, 0.1428571492433548, 0.1428571492433548, 0.1428571492433548], [0.1428571492433548, 0.1428571492433548, 0.1428571492433548, 0.1428571492433548, 0.1428571492433548, 0.1428571492433548, 0.1428571492433548], [0.1428571492433548, 0.1428571492433548, 0.1428571492433548, 0.1428571492433548, 0.1428571492433548, 0.1428571492433548, 0.1428571492433548], [0.1428571492433548, 0.1428571492433548, 0.1428571492433548, 0.1428571492433548, 0.1428571492433548, 0.1428571492433548, 0.1428571492433548], [0.1428571492433548, 0.1428571492433548, 0.1428571492433548, 0.1428571492433548, 0.1428571492433548, 0.1428571492433548, 0.1428571492433548], [0.1428571492433548, 0.1428571492433548, 0.1428571492433548, 0.1428571492433548, 0.1428571492433548, 0.1428571492433548, 0.1428571492433548]], "coeff_list_in_victim": [[0.2562646269798279, 0.4124026596546173, 0.06047508493065834, 0.0, 0.19089490175247192, 0.0, 0.07996267080307007]], "victims": {"DPN92": {"clean acc": 92.12000160217285, "prediction": 8, "poisons predictions": [8, 8, 8, 8, 8, 8, 8], "scores": [1.034995804616301e-07, 1.0535900032386998e-24, 1.8151766298942862e-32, 1.387375654309918e-18, 2.9019978670606993e-37, 3.060641720084597e-17, 0.0009228808921761811, 1.0661688410384604e-15, 0.9990772604942322, 0.0], "malicious score": 0.9990772604942322, "camera": {"2": {"prediction": 8, "scores": [2.3920201375204897e-09, 2.9577306233475998e-24, 6.148626617599965e-34, 3.354909527280081e-18, 2.9205152554404925e-34, 1.4375178127587493e-17, 8.557038199796807e-06, 1.476432028367939e-17, 0.9999923706054688, 0.0], "malicious score": 0.9999923706054688}, "4": {"prediction": 8, "scores": [1.1278846301365775e-08, 8.02036706579046e-25, 2.0716844847966823e-32, 5.497614073722588e-17, 2.0753208122861037e-34, 2.5765336710178966e-16, 1.5578523743897676e-05, 1.7686510630417229e-15, 0.9999847412109375, 0.0], "malicious score": 0.9999847412109375}}}, "SENet18": {"clean acc": 91.70000114440919, "prediction": 8, "poisons predictions": [8, 8, 8, 6, 8, 8, 8], "scores": [1.1503445973559678e-09, 8.390013022108178e-07, 1.363265186501983e-12, 6.266456104020435e-11, 1.4517900126520544e-07, 1.848138070532912e-13, 2.9880714009777876e-06, 7.558039669675054e-07, 0.9999961853027344, 2.2051968092217755e-16], "malicious score": 0.9999961853027344, "camera": {"2": {"prediction": 8, "scores": [1.8236592680409558e-08, 5.463774432890034e-10, 5.761403588369282e-14, 5.289309268352582e-11, 7.006111246710134e-08, 1.226764276134626e-15, 3.610774967910402e-07, 2.009134547620306e-08, 1.0, 2.4264994302422146e-19], "malicious score": 1.0}, "4": {"prediction": 8, "scores": [2.335789117680065e-09, 1.320548079775108e-07, 2.554381131527478e-13, 1.7215597003517047e-10, 1.0125292959628496e-07, 1.9003189253847912e-14, 1.7543982266943203e-08, 6.954729201424925e-07, 1.0, 5.6488713279173e-17], "malicious score": 1.0}}}, "ResNet50": {"clean acc": 93.73000144958496, "prediction": 8, "poisons predictions": [8, 8, 8, 8, 8, 8, 8], "scores": [2.0920124903751627e-40, 1.6436894371512637e-17, 4.203895392974451e-45, 5.098399114421904e-20, 3.328223982617873e-41, 1.5648719456677612e-29, 0.002826593816280365, 4.7195071273649965e-30, 0.9971734881401062, 7.053523662616638e-19], "malicious score": 0.9971734881401062, "camera": {"2": {"prediction": 8, "scores": [2.227348887124759e-37, 1.1271320707951823e-19, 4.161856439044707e-43, 5.926563800485231e-17, 1.0606555594634794e-38, 1.0131680917574628e-27, 0.00942862220108509, 5.389481911844409e-28, 0.9905728101730347, 9.703870171074341e-17], "malicious score": 0.9905728101730347}, "4": {"prediction": 8, "scores": [1.7678640085353587e-35, 3.2572233484972956e-20, 1.7632118187059876e-40, 1.0618055625689167e-15, 4.140318481648034e-40, 8.339172839535667e-30, 1.922895762618282e-06, 3.39433874452496e-26, 1.0, 3.823342346574585e-16], "malicious score": 1.0}}}, "ResNeXt29_2x64d": {"clean acc": 93.1700008392334, "prediction": 8, "poisons predictions": [8, 8, 8, 8, 8, 8, 8], "scores": [4.032849823981139e-24, 1.0312371031612665e-20, 1.938519892599406e-18, 7.685803382617706e-12, 1.2751816025355835e-43, 8.2764868291114e-30, 0.35205623507499695, 1.1871431453565036e-17, 0.6479431390762329, 1.0186112760892279e-30], "malicious score": 0.6479431390762329, "camera": {"2": {"prediction": 8, "scores": [1.2250527401855803e-15, 1.3391416154186087e-18, 1.831177353847635e-12, 4.658382568578645e-10, 7.820841920434648e-32, 1.898218149044201e-21, 0.09902190417051315, 2.6105539605025818e-11, 0.9009777307510376, 7.367831481575794e-23], "malicious score": 0.9009777307510376}, "4": {"prediction": 8, "scores": [6.14462316833299e-17, 2.106636907475296e-18, 7.453724052905453e-13, 2.7864410431788222e-11, 3.0303153817681696e-35, 2.2603701678397163e-23, 0.004151607863605022, 3.258001073785932e-12, 0.9958487153053284, 7.859009097780053e-23], "malicious score": 0.9958487153053284}}}, "GoogLeNet": {"clean acc": 92.06000213623047, "prediction": 6, "poisons predictions": [8, 8, 8, 8, 8, 8, 8], "scores": [1.1800536242612125e-11, 5.3101913977116055e-08, 1.6614371337042577e-11, 4.520270806551707e-07, 9.251188357040085e-12, 3.696217021342818e-08, 0.9873189926147461, 2.630718975993318e-10, 0.012680763378739357, 1.5109583506242585e-12], "malicious score": 0.012680763378739357, "camera": {"2": {"prediction": 6,