{"args": "Namespace(device='cuda', dset_path='datasets', end2end=False, eval_poisons_root='attack-results-eps0.01/100-overlap/linear-transfer-learning/mean/800', gpu='1', lr_decay_epoch=[30, 45], model_resume_path='model-chks', num_per_class=50, poison_label=8, retrain_bsize=64, retrain_epochs=60, retrain_lr=0.1, retrain_momentum=0.9, retrain_opt='adam', retrain_wd=0, subset_group=0, target_camera=True, target_index_end=24, target_index_start=23, target_index_step=1, target_label=6, target_net=['DPN92', 'SENet18', 'ResNet50', 'ResNeXt29_2x64d', 'GoogLeNet', 'MobileNetV2', 'ResNet18', 'DenseNet121'], target_print_size=[2, 4], test_chk_name='ckpt-%s-4800.t7', train_data_path='datasets/CIFAR10_TRAIN_Split.pth')", "poison_label": 8, "target_label": 6, "targets": {"23": {}, "23": {"800": {"time": 442.0, "coeffs_time": 0, "poisons_time": 7, "target_loss": 0.02885134145617485, "total_loss": 0.5116457939147949, "coeff_list": [[0.20000000298023224, 0.20000000298023224, 0.20000000298023224, 0.20000000298023224, 0.20000000298023224], [0.20000000298023224, 0.20000000298023224, 0.20000000298023224, 0.20000000298023224, 0.20000000298023224], [0.20000000298023224, 0.20000000298023224, 0.20000000298023224, 0.20000000298023224, 0.20000000298023224], [0.20000000298023224, 0.20000000298023224, 0.20000000298023224, 0.20000000298023224, 0.20000000298023224], [0.20000000298023224, 0.20000000298023224, 0.20000000298023224, 0.20000000298023224, 0.20000000298023224], [0.20000000298023224, 0.20000000298023224, 0.20000000298023224, 0.20000000298023224, 0.20000000298023224], [0.20000000298023224, 0.20000000298023224, 0.20000000298023224, 0.20000000298023224, 0.20000000298023224], [0.20000000298023224, 0.20000000298023224, 0.20000000298023224, 0.20000000298023224, 0.20000000298023224], [0.20000000298023224, 0.20000000298023224, 0.20000000298023224, 0.20000000298023224, 0.20000000298023224], [0.20000000298023224, 0.20000000298023224, 0.20000000298023224, 0.20000000298023224, 0.20000000298023224], [0.20000000298023224, 0.20000000298023224, 0.20000000298023224, 0.20000000298023224, 0.20000000298023224], [0.20000000298023224, 0.20000000298023224, 0.20000000298023224, 0.20000000298023224, 0.20000000298023224], [0.20000000298023224, 0.20000000298023224, 0.20000000298023224, 0.20000000298023224, 0.20000000298023224], [0.20000000298023224, 0.20000000298023224, 0.20000000298023224, 0.20000000298023224, 0.20000000298023224], [0.20000000298023224, 0.20000000298023224, 0.20000000298023224, 0.20000000298023224, 0.20000000298023224], [0.20000000298023224, 0.20000000298023224, 0.20000000298023224, 0.20000000298023224, 0.20000000298023224], [0.20000000298023224, 0.20000000298023224, 0.20000000298023224, 0.20000000298023224, 0.20000000298023224], [0.20000000298023224, 0.20000000298023224, 0.20000000298023224, 0.20000000298023224, 0.20000000298023224]], "coeff_list_in_victim": [[0.016075216233730316, 0.0, 0.005051614250987768, 0.9788731336593628, 0.0]], "victims": {"DPN92": {"clean acc": 92.49000129699706, "prediction": 6, "poisons predictions": [8, 8, 8, 8, 8], "scores": [1.6050100868754289e-21, 1.462986614009494e-26, 2.597446833472481e-41, 1.1930995902294367e-17, 2.919398406663545e-36, 1.4319869652356718e-21, 1.0, 0.0, 3.883629122502022e-14, 0.0], "malicious score": 3.883629122502022e-14, "camera": {"2": {"prediction": 5, "scores": [5.128480273723574e-34, 1.730641964580043e-30, 1.4363479195861882e-20, 0.08544056862592697, 1.1961750270673936e-18, 0.9145588278770447, 4.021635220397002e-07, 0.0, 1.261115034623117e-08, 4.834878432990852e-36], "malicious score": 1.261115034623117e-08}, "4": {"prediction": 6, "scores": [5.526117083949455e-20, 2.510699714437862e-25, 1.7258841378330252e-35, 1.9035757345409188e-11, 3.120243959766188e-33, 5.846487709107798e-14, 1.0, 0.0, 5.408172576437664e-09, 4.28797330083394e-43], "malicious score": 5.408172576437664e-09}}}, "SENet18": {"clean acc": 92.17000122070313, "prediction": 6, "poisons predictions": [8, 8, 8, 8, 8], "scores": [2.7880162935778145e-21, 5.735676256862776e-12, 4.6589479756462e-19, 5.069244855696389e-15, 1.4569579320777848e-07, 6.223792955632686e-17, 1.0, 3.1608051083465833e-20, 8.591781863742654e-08, 1.1996559226384646e-20], "malicious score": 8.591781863742654e-08, "camera": {"2": {"prediction": 3, "scores": [1.8369044485358824e-15, 6.212492815435205e-20, 5.159251914577112e-10, 0.9998931884765625, 2.8861377359135076e-06, 8.469456224702299e-05, 1.4527221537719015e-05, 7.472967758067128e-21, 4.007131337857572e-06, 1.9070162116108236e-12], "malicious score": 4.007131337857572e-06}, "4": {"prediction": 6, "scores": [5.494244060497708e-15, 1.8941887785389223e-14, 3.267938491428174e-13, 6.935686053255452e-11, 1.2798428770111059e-06, 3.708079416436805e-12, 0.9992735385894775, 7.314271541961695e-20, 0.0007243056315928698, 3.2823244698875834e-17], "malicious score": 0.0007243056315928698}}}, "ResNet50": {"clean acc": 93.55000190734863, "prediction": 6, "poisons predictions": [8, 8, 8, 8, 8], "scores": [2.8812097724982564e-41, 6.752508832843119e-26, 4.239628503814734e-41, 3.874468733255293e-37, 0.0, 4.678238525609729e-25, 1.0, 3.485853559598629e-33, 8.015109301089118e-13, 4.94639636559177e-38], "malicious score": 8.015109301089118e-13, "camera": {"2": {"prediction": 5, "scores": [1.2280138962264102e-40, 9.254353713781924e-22, 2.2985078320780677e-40, 3.95835013394406e-16, 0.0, 0.9999980926513672, 1.8152247776015429e-06, 6.16133030749467e-26, 4.158644186392363e-13, 5.368610970148949e-29], "malicious score": 4.158644186392363e-13}, "4": {"prediction": 6, "scores": [1.6907646881003945e-40, 2.5248568094581846e-25, 9.851128204203464e-43, 1.9519329785835195e-36, 0.0, 1.007953831511088e-09, 1.0, 1.6439649258437608e-25, 1.165513323873879e-12, 2.7484277971140837e-36], "malicious score": 1.165513323873879e-12}}}, "ResNeXt29_2x64d": {"clean acc": 93.46000175476074, "prediction": 6, "poisons predictions": [8, 8, 8, 8, 8], "scores": [3.421691880115916e-26, 2.5523792692124092e-17, 1.2369332988426684e-11, 6.012206791444763e-13, 2.981488708475129e-37, 1.6256081917438357e-22, 1.0, 4.65428060903987e-17, 5.7896553329328526e-08, 1.3132161572757394e-24], "malicious score": 5.7896553329328526e-08, "camera": {"2": {"prediction": 6, "scores": [1.2739996489466184e-29, 2.11688902800939e-28, 2.0138082174048222e-11, 4.732242814498022e-06, 4.30165841987368e-28, 9.672324052800718e-10, 0.9999961853027344, 4.4238830471033105e-24, 2.5393307451888024e-14, 8.501607239455165e-22], "malicious score": 2.5393307451888024e-14}, "4": {"prediction": 6, "scores": [3.265909474845659e-34, 5.55501600656536e-25, 7.385839838251025e-16, 8.69026273535044e-18, 0.0, 2.059252762180697e-23, 1.0, 2.1046201898178124e-26, 1.5811069359154828e-13, 1.0972990480378143e-26], "malicious score": 1.5811069359154828e-13}}}, "GoogLeNet": {"clean acc": 91.53000183105469, "prediction": 6, "poisons predictions": [8, 8, 8, 8, 8], "scores": [8.920576287664805e-18, 1.3486355261715932e-11, 8.98709241520159e-15, 7.32398719449634e-09, 5.798777392507573e-14, 1.3793146312612858e-11, 0.9999980926513672, 7.74777256240533e-11, 2.1736959752161056e-06, 1.0623057969424308e-19], "malicious score": 2.1736959752161056e-06, "camera": {"2": {"prediction": 6, "scores": [5.814750157491743e-17, 1.6526776613901006e-09, 4.676395110436715e-05, 0.0030579851008951664, 1.2052950304486387e-10, 0.0003238442586734891, 0.9965717196464539, 4.3372766315996625e-12, 1.6001605374071914e-08, 1.0321651268874101e-14], "malicious score": 1.6001605374071914e-08}, "4": {"prediction": 6, "scores": [7.29460720990402e-18, 3.39880242006263e-11, 2.277138113487842e-12, 3.334219655926063e-08, 2.0864799959389307e-13, 2.9385319177954727e-10, 1.0, 1.7485035641584545e-10, 1.4137462756025343e-07, 4.06416863655556e-17], "malicious score": 1.4137462756025343e-07}}}, "MobileNetV2": {"clean acc": 87.10000152587891, "prediction": 6, "poisons predictions": [8, 8, 8, 6, 8],