{"args": "Namespace(device='cuda', dset_path='datasets', end2end=False, eval_poisons_root='attack-results-7poisons/100-overlap/linear-transfer-learning/mean/800', gpu='2', lr_decay_epoch=[30, 45], model_resume_path='model-chks', num_per_class=50, poison_label=8, retrain_bsize=64, retrain_epochs=60, retrain_lr=0.1, retrain_momentum=0.9, retrain_opt='adam', retrain_wd=0, subset_group=0, target_camera=True, target_index_end=11, target_index_start=10, target_index_step=1, target_label=6, target_net=['DPN92', 'SENet18', 'ResNet50', 'ResNeXt29_2x64d', 'GoogLeNet', 'MobileNetV2', 'ResNet18', 'DenseNet121'], target_print_size=[2, 4], test_chk_name='ckpt-%s-4800.t7', train_data_path='datasets/CIFAR10_TRAIN_Split.pth')", "poison_label": 8, "target_label": 6, "targets": {"10": {}, "10": {"800": {"time": 365.0, "coeffs_time": 0, "poisons_time": 4, "target_loss": 0.013405276462435722, "total_loss": 0.06176074221730232, "coeff_list": [[0.1428571492433548, 0.1428571492433548, 0.1428571492433548, 0.1428571492433548, 0.1428571492433548, 0.1428571492433548, 0.1428571492433548], [0.1428571492433548, 0.1428571492433548, 0.1428571492433548, 0.1428571492433548, 0.1428571492433548, 0.1428571492433548, 0.1428571492433548], [0.1428571492433548, 0.1428571492433548, 0.1428571492433548, 0.1428571492433548, 0.1428571492433548, 0.1428571492433548, 0.1428571492433548], [0.1428571492433548, 0.1428571492433548, 0.1428571492433548, 0.1428571492433548, 0.1428571492433548, 0.1428571492433548, 0.1428571492433548], [0.1428571492433548, 0.1428571492433548, 0.1428571492433548, 0.1428571492433548, 0.1428571492433548, 0.1428571492433548, 0.1428571492433548], [0.1428571492433548, 0.1428571492433548, 0.1428571492433548, 0.1428571492433548, 0.1428571492433548, 0.1428571492433548, 0.1428571492433548], [0.1428571492433548, 0.1428571492433548, 0.1428571492433548, 0.1428571492433548, 0.1428571492433548, 0.1428571492433548, 0.1428571492433548], [0.1428571492433548, 0.1428571492433548, 0.1428571492433548, 0.1428571492433548, 0.1428571492433548, 0.1428571492433548, 0.1428571492433548], [0.1428571492433548, 0.1428571492433548, 0.1428571492433548, 0.1428571492433548, 0.1428571492433548, 0.1428571492433548, 0.1428571492433548], [0.1428571492433548, 0.1428571492433548, 0.1428571492433548, 0.1428571492433548, 0.1428571492433548, 0.1428571492433548, 0.1428571492433548], [0.1428571492433548, 0.1428571492433548, 0.1428571492433548, 0.1428571492433548, 0.1428571492433548, 0.1428571492433548, 0.1428571492433548], [0.1428571492433548, 0.1428571492433548, 0.1428571492433548, 0.1428571492433548, 0.1428571492433548, 0.1428571492433548, 0.1428571492433548], [0.1428571492433548, 0.1428571492433548, 0.1428571492433548, 0.1428571492433548, 0.1428571492433548, 0.1428571492433548, 0.1428571492433548], [0.1428571492433548, 0.1428571492433548, 0.1428571492433548, 0.1428571492433548, 0.1428571492433548, 0.1428571492433548, 0.1428571492433548], [0.1428571492433548, 0.1428571492433548, 0.1428571492433548, 0.1428571492433548, 0.1428571492433548, 0.1428571492433548, 0.1428571492433548], [0.1428571492433548, 0.1428571492433548, 0.1428571492433548, 0.1428571492433548, 0.1428571492433548, 0.1428571492433548, 0.1428571492433548], [0.1428571492433548, 0.1428571492433548, 0.1428571492433548, 0.1428571492433548, 0.1428571492433548, 0.1428571492433548, 0.1428571492433548], [0.1428571492433548, 0.1428571492433548, 0.1428571492433548, 0.1428571492433548, 0.1428571492433548, 0.1428571492433548, 0.1428571492433548]], "coeff_list_in_victim": [[0.0, 0.9210917353630066, 0.03212195634841919, 0.0, 0.0, 0.0, 0.04678632691502571]], "victims": {"DPN92": {"clean acc": 91.49000129699706, "prediction": 8, "poisons predictions": [8, 8, 8, 8, 8, 8, 8], "scores": [5.723098794874204e-08, 3.310843754893003e-18, 2.667932146228019e-41, 4.2020780287572634e-19, 4.978560985814742e-37, 7.479246252786861e-20, 0.07564707845449448, 0.0, 0.9243515133857727, 0.0], "malicious score": 0.9243515133857727, "camera": {"2": {"prediction": 6, "scores": [2.4476606852452676e-10, 3.088311560084096e-15, 6.527183350984652e-32, 1.2723909382714171e-12, 6.742125826734486e-29, 6.576668056717042e-14, 1.0, 3.3519059266649624e-42, 5.227667543294956e-07, 0.0], "malicious score": 5.227667543294956e-07}, "4": {"prediction": 6, "scores": [5.02656694045811e-10, 5.082178625284489e-15, 7.652097355385407e-32, 6.86713186315302e-11, 6.12352615639392e-29, 2.116381505809506e-12, 1.0, 1.5694542800437951e-43, 2.166730350694479e-09, 0.0], "malicious score": 2.166730350694479e-09}}}, "SENet18": {"clean acc": 91.40000190734864, "prediction": 6, "poisons predictions": [8, 6, 6, 6, 8, 6, 6], "scores": [6.957766611123684e-13, 9.419150707882032e-14, 1.0551513776144053e-15, 3.7686793789848405e-12, 1.3075608151780216e-08, 9.243907722611411e-15, 0.9983400702476501, 9.860928442904887e-18, 0.001659613219089806, 3.3807693645775966e-19], "malicious score": 0.001659613219089806, "camera": {"2": {"prediction": 6, "scores": [3.3039290053826775e-11, 2.0716053535843384e-17, 9.630667995585849e-17, 1.37074314572605e-12, 8.870251755332959e-11, 1.6581064871614586e-15, 0.9999790191650391, 1.0911128787624728e-19, 2.1847494281246327e-05, 5.982227058650609e-20], "malicious score": 2.1847494281246327e-05}, "4": {"prediction": 6, "scores": [2.8961460785126292e-08, 1.0889124210612319e-13, 4.745558460084176e-11, 9.860897876023955e-09, 4.178285095690626e-08, 2.3849232051037506e-12, 0.9976415038108826, 3.308614029994862e-15, 0.0023590694181621075, 5.950667843535027e-17], "malicious score": 0.0023590694181621075}}}, "ResNet50": {"clean acc": 92.76000137329102, "prediction": 8, "poisons predictions": [8, 8, 8, 8, 8, 8, 8], "scores": [3.1929568843408218e-27, 2.163247997422769e-29, 2.2176233432889285e-38, 2.685497455154118e-29, 2.968957930854908e-30, 4.627289443119355e-22, 0.01000338513404131, 9.871248432136656e-24, 0.9899967312812805, 9.511846798975299e-20], "malicious score": 0.9899967312812805, "camera": {"2": {"prediction": 6, "scores": [2.7045501023149574e-27, 9.049216002178111e-31, 1.9154000290005755e-35, 1.9758269990161786e-25, 5.1466385162617055e-30, 2.1664207593997582e-20, 1.0, 2.0871620299186923e-23, 6.695671794787472e-10, 1.1287881122309076e-20], "malicious score": 6.695671794787472e-10}, "4": {"prediction": 6, "scores": [7.623010986927474e-27, 1.7455410263382973e-29, 5.768192105458236e-35, 6.311966995132116e-26, 4.923540691102759e-31, 2.684669769562117e-20, 1.0, 1.6793168713971583e-22, 3.1319152071773715e-07, 6.071587687186268e-21], "malicious score": 3.1319152071773715e-07}}}, "ResNeXt29_2x64d": {"clean acc": 93.14000205993652, "prediction": 6, "poisons predictions": [8, 8, 8, 8, 8, 8, 8], "scores": [1.179126649882577e-26, 1.2482105375966057e-06, 1.7221540152593216e-14, 5.325324536897824e-08, 0.0, 4.259775317669588e-27, 0.8979822397232056, 7.387235561647678e-27, 0.10201643407344818, 1.6383509774902328e-23], "malicious score": 0.10201643407344818, "camera": {"2": {"prediction": 6, "scores": [4.755070205397886e-23, 7.697595449940309e-09, 2.0364458817173636e-12, 4.356211320555303e-07, 1.9980826135323916e-38, 2.6136708542586447e-20, 1.0, 7.354128652107743e-23, 2.384633717156248e-07, 3.6383438430507767e-19], "malicious score": 2.384633717156248e-07}, "4": {"prediction": 6, "scores": [4.362993930665308e-25, 2.061653958662646e-08, 2.1352262677149653e-13, 2.0121680321949498e-08, 4.203895392974451e-45, 1.4305222587939553e-23, 0.9999523162841797, 1.856492928395485e-25, 4.769856604980305e-05, 1.6992889261537622e-20], "malicious score": 4.769856604980305e-05}}}, "GoogLeNet": {"clean acc": 92.20000267028809, "prediction": 6, "poisons predictions": [8, 8, 8, 8, 8, 8, 8], "scores": [3.1155047481743955e-14, 1.4494561106914716e-09, 1.118803827360182e-09, 9.873117079450822e-08, 2.7883028663202268e-14, 6.69871536018718e-09, 0.866197407245636, 1.4441399798670318e-05, 0.13378843665122986, 1.4307524891406243e-14], "malicious score": 0.13378843665122986, "camera": {"2": {"prediction": 6,