{"args": "Namespace(device='cuda', dset_path='datasets', end2end=False, eval_poisons_root='attack-results-3poisons/100-overlap/linear-transfer-learning/mean/800', gpu='0', lr_decay_epoch=[30, 45], model_resume_path='model-chks', num_per_class=50, poison_label=8, retrain_bsize=64, retrain_epochs=60, retrain_lr=0.1, retrain_momentum=0.9, retrain_opt='adam', retrain_wd=0, subset_group=0, target_camera=True, target_index_end=13, target_index_start=12, target_index_step=1, target_label=6, target_net=['DPN92', 'SENet18', 'ResNet50', 'ResNeXt29_2x64d', 'GoogLeNet', 'MobileNetV2', 'ResNet18', 'DenseNet121'], target_print_size=[2, 4], test_chk_name='ckpt-%s-4800.t7', train_data_path='datasets/CIFAR10_TRAIN_Split.pth')", "poison_label": 8, "target_label": 6, "targets": {"12": {}, "12": {"800": {"time": 355.0, "coeffs_time": 0, "poisons_time": 4, "target_loss": 0.02793637290596962, "total_loss": 0.10724929720163345, "coeff_list": [[0.3333333432674408, 0.3333333432674408, 0.3333333432674408], [0.3333333432674408, 0.3333333432674408, 0.3333333432674408], [0.3333333432674408, 0.3333333432674408, 0.3333333432674408], [0.3333333432674408, 0.3333333432674408, 0.3333333432674408], [0.3333333432674408, 0.3333333432674408, 0.3333333432674408], [0.3333333432674408, 0.3333333432674408, 0.3333333432674408], [0.3333333432674408, 0.3333333432674408, 0.3333333432674408], [0.3333333432674408, 0.3333333432674408, 0.3333333432674408], [0.3333333432674408, 0.3333333432674408, 0.3333333432674408], [0.3333333432674408, 0.3333333432674408, 0.3333333432674408], [0.3333333432674408, 0.3333333432674408, 0.3333333432674408], [0.3333333432674408, 0.3333333432674408, 0.3333333432674408], [0.3333333432674408, 0.3333333432674408, 0.3333333432674408], [0.3333333432674408, 0.3333333432674408, 0.3333333432674408], [0.3333333432674408, 0.3333333432674408, 0.3333333432674408], [0.3333333432674408, 0.3333333432674408, 0.3333333432674408], [0.3333333432674408, 0.3333333432674408, 0.3333333432674408], [0.3333333432674408, 0.3333333432674408, 0.3333333432674408]], "coeff_list_in_victim": [[0.9351490139961243, 0.0003484250046312809, 0.06450267136096954]], "victims": {"DPN92": {"clean acc": 92.83000144958496, "prediction": 6, "poisons predictions": [8, 8, 8], "scores": [1.3345498954486484e-21, 1.5411904964263073e-32, 1.716581058579258e-34, 2.4602594267397748e-11, 5.4616746254377865e-27, 9.661745145259082e-13, 0.9807630181312561, 2.802596928649634e-45, 0.019235672429203987, 0.0], "malicious score": 0.019235672429203987, "camera": {"2": {"prediction": 5, "scores": [1.0092724939996513e-26, 1.619716277569952e-36, 1.5098755195598866e-19, 0.0001524963154224679, 1.2881228689561717e-21, 0.9912891387939453, 4.917793830827577e-06, 1.1804027069792473e-37, 0.008552693761885166, 1.971945075120231e-29], "malicious score": 0.008552693761885166}, "4": {"prediction": 5, "scores": [3.136877560692871e-35, 6.880375459834852e-43, 1.4231236086498924e-18, 4.314393663662486e-06, 4.2696916634800874e-23, 0.9999961853027344, 1.681236400097319e-11, 7.42688186092153e-44, 3.0985020771368e-07, 1.2145956275660554e-32], "malicious score": 3.0985020771368e-07}}}, "SENet18": {"clean acc": 91.34000205993652, "prediction": 6, "poisons predictions": [8, 8, 5], "scores": [2.3067786333564827e-18, 1.1314483089200271e-27, 7.773964496015032e-17, 1.853138723361989e-18, 5.792642163464021e-14, 7.997817436873112e-18, 0.9999961853027344, 8.619392637178471e-30, 3.551720055838814e-06, 7.553010205080312e-22], "malicious score": 3.551720055838814e-06, "camera": {"2": {"prediction": 6, "scores": [3.7767814748596083e-16, 6.29955056431282e-35, 6.434194540008709e-13, 4.349190617564981e-15, 3.03802642764861e-11, 1.020004011809128e-10, 0.6578192114830017, 1.7985164586626773e-33, 0.3421800434589386, 1.45090506922843e-17], "malicious score": 0.3421800434589386}, "4": {"prediction": 6, "scores": [3.585463478959969e-19, 1.3541822343223671e-34, 2.9618652111685533e-15, 5.405350917298685e-15, 2.9320584155057006e-11, 4.4510153895949145e-10, 0.9918924570083618, 8.603963172165317e-35, 0.008107929490506649, 5.0727989265337295e-17], "malicious score": 0.008107929490506649}}}, "ResNet50": {"clean acc": 93.97000160217286, "prediction": 6, "poisons predictions": [8, 8, 8], "scores": [1.944574902271504e-29, 3.9308985129481684e-26, 1.1817615839729711e-25, 1.199295048940367e-19, 1.2749733269041277e-27, 3.3229526450850136e-18, 0.9961488842964172, 3.4794854266283315e-28, 0.0038506360724568367, 7.902139988886921e-25], "malicious score": 0.0038506360724568367, "camera": {"2": {"prediction": 8, "scores": [1.8651298767868863e-27, 1.9210086356300146e-24, 6.015101005456217e-23, 8.69428837192883e-15, 4.401176080376976e-24, 2.069179572572466e-05, 0.0005692252307198942, 1.65417268608753e-20, 0.9994108080863953, 1.3895730854565592e-19], "malicious score": 0.9994108080863953}, "4": {"prediction": 6, "scores": [6.581760506205613e-26, 8.369692917030758e-25, 3.0875293913317558e-18, 8.792316511354106e-14, 1.4802136952107874e-20, 1.7406953699630745e-12, 0.9998264312744141, 1.967796614896006e-22, 0.00017427139391656965, 5.733749757457922e-20], "malicious score": 0.00017427139391656965}}}, "ResNeXt29_2x64d": {"clean acc": 92.80000152587891, "prediction": 6, "poisons predictions": [8, 8, 8], "scores": [1.8475488481039926e-25, 2.0313887007416534e-18, 6.89059087566335e-11, 3.498698442072623e-09, 3.1586766775238204e-39, 3.265254307545796e-16, 0.7959096431732178, 5.516218058462669e-20, 0.20408979058265686, 1.4756066106427074e-14], "malicious score": 0.20408979058265686, "camera": {"2": {"prediction": 8, "scores": [6.450926334533908e-22, 1.4468235743593146e-28, 0.0005368228885345161, 2.25904668235688e-12, 1.5301720295162334e-31, 0.015554780140519142, 0.00091214117128402, 1.6985276405582627e-16, 0.982995331287384, 6.328253199239242e-11], "malicious score": 0.982995331287384}, "4": {"prediction": 8, "scores": [2.5032402950218988e-25, 3.869032262567668e-30, 1.1554706361494027e-05, 2.19087782312756e-14, 3.979676991504645e-34, 0.0035600406117737293, 0.00048180922749452293, 1.5367388561873998e-19, 0.9959474802017212, 6.100871891012716e-11], "malicious score": 0.9959474802017212}}}, "GoogLeNet": {"clean acc": 92.03000144958496, "prediction": 6, "poisons predictions": [8, 6, 8], "scores": [8.867815509683297e-11, 2.45895637185356e-10, 5.0069655088691434e-08, 2.3127546228352003e-05, 1.3382833036201802e-11, 7.484950856451178e-06, 0.9797963500022888, 2.359797136609587e-19, 0.020172668620944023, 1.629444692171386e-15], "malicious score": 0.020172668620944023, "camera": {"2": {"prediction": 5, "scores": [6.238222827192885e-09, 5.358238297503704e-10, 0.10350194573402405, 0.012401138432323933, 1.61592215164319e-08, 0.687451183795929, 0.028119930997490883, 5.662198117484203e-19, 0.16852593421936035, 2.9484537034107916e-09], "malicious score": 0.16852593421936035}, "4": {"prediction": 5, "scores": [3.579204133075109e-08, 1.2476748800782644e-10, 0.01412328239530325, 0.013148462399840355, 0.021387405693531036, 0.6857026219367981, 0.26500314474105835, 1.4133165594433668e-16, 0.000634844705928117, 6.257734241899016e-08], "malicious score": 0.000634844705928117}}}, "MobileNetV2": {"clean acc": 87.62000160217285, "prediction": 6, "poisons predictions": [8, 8, 8], "scores": [1.4990191434059025e-13, 1.7165129883646497e-22, 1.6619127052308613e-07, 0.0631168931722641, 3.321491727800971e-20, 1.21461698654457e-05, 0.9367560148239136, 4.477338638730899e-12, 0.00011501128028612584, 1.775082978779035e-33], "malicious score": 0.00011501128028612584, "camera": {"2": {"prediction": 3, "scores": [2.098093254687683e-09, 3.9474688290036873e-28, 0.01920323073863983, 0.9776318669319153, 3.553939625815573e-19, 0.00030931952642276883, 0.002850887132808566, 4.541449882822235e-08, 4.355839337222278e-06, 8.91565257245576e-31], "malicious score": 4.355839337222278e-06}, "4": {"prediction": 3,