{"args": "Namespace(device='cuda', dset_path='datasets', end2end=False, eval_poisons_root='attack-results-10poisons/100-overlap/linear-transfer-learning/mean/800', gpu='1', lr_decay_epoch=[30, 45], model_resume_path='model-chks', num_per_class=50, poison_label=8, retrain_bsize=64, retrain_epochs=60, retrain_lr=0.1, retrain_momentum=0.9, retrain_opt='adam', retrain_wd=0, subset_group=0, target_camera=True, target_index_end=44, target_index_start=43, target_index_step=1, target_label=6, target_net=['DPN92', 'SENet18', 'ResNet50', 'ResNeXt29_2x64d', 'GoogLeNet', 'MobileNetV2', 'ResNet18', 'DenseNet121'], target_print_size=[2, 4], test_chk_name='ckpt-%s-4800.t7', train_data_path='datasets/CIFAR10_TRAIN_Split.pth')", "poison_label": 8, "target_label": 6, "targets": {"43": {}, "43": {"800": {"time": 431.0, "coeffs_time": 0, "poisons_time": 4, "target_loss": 0.001617578906007111, "total_loss": 0.05307166650891304, "coeff_list": [[0.10000000149011612, 0.10000000149011612, 0.10000000149011612, 0.10000000149011612, 0.10000000149011612, 0.10000000149011612, 0.10000000149011612, 0.10000000149011612, 0.10000000149011612, 0.10000000149011612], [0.10000000149011612, 0.10000000149011612, 0.10000000149011612, 0.10000000149011612, 0.10000000149011612, 0.10000000149011612, 0.10000000149011612, 0.10000000149011612, 0.10000000149011612, 0.10000000149011612], [0.10000000149011612, 0.10000000149011612, 0.10000000149011612, 0.10000000149011612, 0.10000000149011612, 0.10000000149011612, 0.10000000149011612, 0.10000000149011612, 0.10000000149011612, 0.10000000149011612], [0.10000000149011612, 0.10000000149011612, 0.10000000149011612, 0.10000000149011612, 0.10000000149011612, 0.10000000149011612, 0.10000000149011612, 0.10000000149011612, 0.10000000149011612, 0.10000000149011612], [0.10000000149011612, 0.10000000149011612, 0.10000000149011612, 0.10000000149011612, 0.10000000149011612, 0.10000000149011612, 0.10000000149011612, 0.10000000149011612, 0.10000000149011612, 0.10000000149011612], [0.10000000149011612, 0.10000000149011612, 0.10000000149011612, 0.10000000149011612, 0.10000000149011612, 0.10000000149011612, 0.10000000149011612, 0.10000000149011612, 0.10000000149011612, 0.10000000149011612], [0.10000000149011612, 0.10000000149011612, 0.10000000149011612, 0.10000000149011612, 0.10000000149011612, 0.10000000149011612, 0.10000000149011612, 0.10000000149011612, 0.10000000149011612, 0.10000000149011612], [0.10000000149011612, 0.10000000149011612, 0.10000000149011612, 0.10000000149011612, 0.10000000149011612, 0.10000000149011612, 0.10000000149011612, 0.10000000149011612, 0.10000000149011612, 0.10000000149011612], [0.10000000149011612, 0.10000000149011612, 0.10000000149011612, 0.10000000149011612, 0.10000000149011612, 0.10000000149011612, 0.10000000149011612, 0.10000000149011612, 0.10000000149011612, 0.10000000149011612], [0.10000000149011612, 0.10000000149011612, 0.10000000149011612, 0.10000000149011612, 0.10000000149011612, 0.10000000149011612, 0.10000000149011612, 0.10000000149011612, 0.10000000149011612, 0.10000000149011612], [0.10000000149011612, 0.10000000149011612, 0.10000000149011612, 0.10000000149011612, 0.10000000149011612, 0.10000000149011612, 0.10000000149011612, 0.10000000149011612, 0.10000000149011612, 0.10000000149011612], [0.10000000149011612, 0.10000000149011612, 0.10000000149011612, 0.10000000149011612, 0.10000000149011612, 0.10000000149011612, 0.10000000149011612, 0.10000000149011612, 0.10000000149011612, 0.10000000149011612], [0.10000000149011612, 0.10000000149011612, 0.10000000149011612, 0.10000000149011612, 0.10000000149011612, 0.10000000149011612, 0.10000000149011612, 0.10000000149011612, 0.10000000149011612, 0.10000000149011612], [0.10000000149011612, 0.10000000149011612, 0.10000000149011612, 0.10000000149011612, 0.10000000149011612, 0.10000000149011612, 0.10000000149011612, 0.10000000149011612, 0.10000000149011612, 0.10000000149011612], [0.10000000149011612, 0.10000000149011612, 0.10000000149011612, 0.10000000149011612, 0.10000000149011612, 0.10000000149011612, 0.10000000149011612, 0.10000000149011612, 0.10000000149011612, 0.10000000149011612], [0.10000000149011612, 0.10000000149011612, 0.10000000149011612, 0.10000000149011612, 0.10000000149011612, 0.10000000149011612, 0.10000000149011612, 0.10000000149011612, 0.10000000149011612, 0.10000000149011612], [0.10000000149011612, 0.10000000149011612, 0.10000000149011612, 0.10000000149011612, 0.10000000149011612, 0.10000000149011612, 0.10000000149011612, 0.10000000149011612, 0.10000000149011612, 0.10000000149011612], [0.10000000149011612, 0.10000000149011612, 0.10000000149011612, 0.10000000149011612, 0.10000000149011612, 0.10000000149011612, 0.10000000149011612, 0.10000000149011612, 0.10000000149011612, 0.10000000149011612]], "coeff_list_in_victim": [[0.12673546373844147, 0.0, 0.06543320417404175, 0.0, 0.3922794759273529, 0.0, 0.09395462274551392, 0.06851568073034286, 0.15181031823158264, 0.10127118229866028]], "victims": {"DPN92": {"clean acc": 92.1100009918213, "prediction": 6, "poisons predictions": [8, 8, 8, 8, 8, 8, 8, 8, 6, 8], "scores": [3.235691482543786e-25, 8.414492761711757e-22, 2.5924021590009116e-43, 1.2631868516852385e-17, 6.676192821117468e-38, 5.884095003668264e-19, 0.9287945032119751, 0.0, 0.07120441645383835, 0.0], "malicious score": 0.07120441645383835, "camera": {}}, "SENet18": {"clean acc": 91.52000160217285, "prediction": 6, "poisons predictions": [8, 8, 8, 8, 8, 6, 6, 6, 6, 6], "scores": [1.1441068181738956e-06, 1.2798848647577188e-09, 3.3753252861294268e-15, 2.594497117147654e-10, 1.247336456344783e-07, 2.0448490990754298e-12, 0.9608252048492432, 3.2937342089867094e-12, 0.03917369246482849, 5.893792127519698e-14], "malicious score": 0.03917369246482849, "camera": {}}, "ResNet50": {"clean acc": 91.69000091552735, "prediction": 8, "poisons predictions": [8, 8, 8, 8, 8, 8, 8, 8, 8, 8], "scores": [9.422401986362548e-33, 7.271896630144252e-21, 7.141428641363049e-28, 7.0889288498543826e-15, 9.724515275674685e-16, 3.803137293624979e-31, 0.11830975860357285, 5.819018102074469e-37, 0.8816909790039062, 1.0147756463593977e-15], "malicious score": 0.8816909790039062, "camera": {}}, "ResNeXt29_2x64d": {"clean acc": 92.74000129699706, "prediction": 6, "poisons predictions": [8, 8, 8, 8, 8, 8, 8, 8, 8, 8], "scores": [4.109779937131375e-35, 5.832298642598282e-25, 7.81908358518937e-24, 1.6446684014681523e-09, 0.0, 5.648701745531807e-31, 0.8053330779075623, 2.255505458436886e-29, 0.1946658492088318, 1.4699987558162847e-30], "malicious score": 0.1946658492088318, "camera": {}}, "GoogLeNet": {"clean acc": 92.22000198364258, "prediction": 8, "poisons predictions": [8, 8, 8, 8, 6, 8, 8, 8, 8, 8], "scores": [1.1597960760917089e-20, 2.5710333861894696e-10, 1.278215949968367e-13, 9.007059986743116e-09, 3.644240670949012e-15, 7.355432235511827e-12, 0.013813046738505363, 1.458644205420967e-09, 0.9861869215965271, 1.6658678405704221e-21], "malicious score": 0.9861869215965271, "camera": {}}, "MobileNetV2": {"clean acc": 86.61000175476075, "prediction": 8, "poisons predictions": [8, 8, 8, 8, 8, 8, 8, 8, 8, 8], "scores": [3.962560141124172e-11, 1.0448593299774657e-19, 1.3970488152353151e-15, 0.00013026210945099592, 1.501960972740918e-17, 2.481707856116745e-15, 0.4022357165813446, 1.1341860286589581e-23, 0.5976331830024719, 7.990821595616536e-21], "malicious score": 0.5976331830024719, "camera": {}}, "ResNet18": {"clean acc": 92.05000114440918, "prediction": 6, "poisons predictions": [8, 8, 8, 8, 6, 8, 8, 8, 8, 8], "scores": [4.5681291035222313e-23, 1.7501735885271217e-23, 7.83833246527952e-20, 5.383221650845371e-05, 1.84413292630999e-26, 1.782285846685383e-10, 0.8830104470252991, 2.0725671612958907e-12, 0.116936095058918, 1.0820759151635694e-28], "malicious score": 0.116936095058918, "camera": {}}, "DenseNet121": {"clean acc": 92.85000152587891, "prediction": 8, "poisons predictions": [8, 8, 8, 8, 8, 8, 8, 8, 8, 8],