{"args": "Namespace(device='cuda', dset_path='datasets', end2end=False, eval_poisons_root='attack-results-eps0.03/100-overlap/linear-transfer-learning/mean/800', gpu='2', lr_decay_epoch=[30, 45], model_resume_path='model-chks', num_per_class=50, poison_label=8, retrain_bsize=64, retrain_epochs=60, retrain_lr=0.1, retrain_momentum=0.9, retrain_opt='adam', retrain_wd=0, subset_group=0, target_camera=True, target_index_end=44, target_index_start=43, target_index_step=1, target_label=6, target_net=['DPN92', 'SENet18', 'ResNet50', 'ResNeXt29_2x64d', 'GoogLeNet', 'MobileNetV2', 'ResNet18', 'DenseNet121'], target_print_size=[2, 4], test_chk_name='ckpt-%s-4800.t7', train_data_path='datasets/CIFAR10_TRAIN_Split.pth')", "poison_label": 8, "target_label": 6, "targets": {"43": {}, "43": {"800": {"time": 347.0, "coeffs_time": 0, "poisons_time": 4, "target_loss": 0.006218089256435633, "total_loss": 0.10038073360919952, "coeff_list": [[0.20000000298023224, 0.20000000298023224, 0.20000000298023224, 0.20000000298023224, 0.20000000298023224], [0.20000000298023224, 0.20000000298023224, 0.20000000298023224, 0.20000000298023224, 0.20000000298023224], [0.20000000298023224, 0.20000000298023224, 0.20000000298023224, 0.20000000298023224, 0.20000000298023224], [0.20000000298023224, 0.20000000298023224, 0.20000000298023224, 0.20000000298023224, 0.20000000298023224], [0.20000000298023224, 0.20000000298023224, 0.20000000298023224, 0.20000000298023224, 0.20000000298023224], [0.20000000298023224, 0.20000000298023224, 0.20000000298023224, 0.20000000298023224, 0.20000000298023224], [0.20000000298023224, 0.20000000298023224, 0.20000000298023224, 0.20000000298023224, 0.20000000298023224], [0.20000000298023224, 0.20000000298023224, 0.20000000298023224, 0.20000000298023224, 0.20000000298023224], [0.20000000298023224, 0.20000000298023224, 0.20000000298023224, 0.20000000298023224, 0.20000000298023224], [0.20000000298023224, 0.20000000298023224, 0.20000000298023224, 0.20000000298023224, 0.20000000298023224], [0.20000000298023224, 0.20000000298023224, 0.20000000298023224, 0.20000000298023224, 0.20000000298023224], [0.20000000298023224, 0.20000000298023224, 0.20000000298023224, 0.20000000298023224, 0.20000000298023224], [0.20000000298023224, 0.20000000298023224, 0.20000000298023224, 0.20000000298023224, 0.20000000298023224], [0.20000000298023224, 0.20000000298023224, 0.20000000298023224, 0.20000000298023224, 0.20000000298023224], [0.20000000298023224, 0.20000000298023224, 0.20000000298023224, 0.20000000298023224, 0.20000000298023224], [0.20000000298023224, 0.20000000298023224, 0.20000000298023224, 0.20000000298023224, 0.20000000298023224], [0.20000000298023224, 0.20000000298023224, 0.20000000298023224, 0.20000000298023224, 0.20000000298023224], [0.20000000298023224, 0.20000000298023224, 0.20000000298023224, 0.20000000298023224, 0.20000000298023224]], "coeff_list_in_victim": [[0.0, 0.0, 0.20742909610271454, 0.3523634076118469, 0.44020748138427734]], "victims": {"DPN92": {"clean acc": 91.96000175476074, "prediction": 6, "poisons predictions": [8, 8, 8, 6, 8], "scores": [1.4162810159400793e-14, 6.936126069294624e-25, 2.4102333586386854e-43, 1.1254244072921742e-15, 3.182690774148506e-36, 1.3220161850041936e-18, 0.9976281523704529, 1.1795342898071935e-29, 0.0023724257480353117, 0.0], "malicious score": 0.0023724257480353117, "camera": {}}, "SENet18": {"clean acc": 91.54000205993653, "prediction": 6, "poisons predictions": [6, 6, 8, 6, 8], "scores": [1.4652262042558206e-11, 8.599953296153581e-14, 1.0674547429315108e-15, 4.795198526447164e-12, 3.892055815413187e-07, 5.320424045579849e-18, 0.8167741894721985, 7.411732360664003e-13, 0.18322601914405823, 3.8437950861875764e-19], "malicious score": 0.18322601914405823, "camera": {}}, "ResNet50": {"clean acc": 93.3200023651123, "prediction": 6, "poisons predictions": [8, 8, 8, 6, 8], "scores": [1.2763930682923503e-29, 1.8097182823487157e-13, 4.151259710522129e-31, 1.0934036332433475e-28, 6.440483038632426e-35, 0.0, 0.8903757333755493, 5.605193857299268e-45, 0.10962419211864471, 3.7232751294325417e-19], "malicious score": 0.10962419211864471, "camera": {}}, "ResNeXt29_2x64d": {"clean acc": 92.91000137329101, "prediction": 6, "poisons predictions": [8, 8, 8, 8, 8], "scores": [2.6183490048633954e-29, 8.046073529666131e-11, 3.501255846367217e-20, 1.5960979066198533e-11, 2.2226135072502356e-40, 1.0921044142329698e-33, 0.9889417290687561, 4.490143765936148e-22, 0.011058744974434376, 2.1734218728172714e-29], "malicious score": 0.011058744974434376, "camera": {}}, "GoogLeNet": {"clean acc": 92.22000236511231, "prediction": 8, "poisons predictions": [8, 8, 6, 6, 6], "scores": [1.013565723321716e-13, 1.0036087516596126e-09, 1.5336229465187645e-12, 3.717053687068983e-07, 2.6395168602894037e-12, 6.770993765670141e-10, 0.37334108352661133, 1.6330838548128668e-07, 0.6266583204269409, 3.572814194155319e-15], "malicious score": 0.6266583204269409, "camera": {}}, "MobileNetV2": {"clean acc": 86.76000175476074, "prediction": 6, "poisons predictions": [8, 8, 8, 8, 6], "scores": [2.863935130714701e-11, 1.7332742229328457e-12, 1.206276243206439e-15, 7.254427600855706e-06, 7.920196819894386e-15, 8.39742309684156e-17, 0.8585211038589478, 1.0942523809401892e-25, 0.14147137105464935, 3.3882550881276803e-28], "malicious score": 0.14147137105464935, "camera": {}}, "ResNet18": {"clean acc": 92.34000015258789, "prediction": 6, "poisons predictions": [8, 8, 8, 6, 8], "scores": [5.066674617472382e-22, 5.569981453845685e-08, 2.5677767204190793e-12, 1.626422454137355e-05, 8.204290155324574e-28, 1.698955537886293e-12, 0.9768620133399963, 1.9596953026904574e-18, 0.023121604695916176, 7.238653804406298e-22], "malicious score": 0.023121604695916176, "camera": {}}, "DenseNet121": {"clean acc": 92.78000144958496, "prediction": 6, "poisons predictions": [8, 8, 8, 6, 8], "scores": [2.3139854476994515e-09, 1.5839263234340706e-09, 4.100188188971288e-09, 2.2314129637379665e-06, 3.603700449161806e-08, 3.0563564905605745e-06, 0.8425205945968628, 5.40015168348465e-17, 0.15747413039207458, 6.054338454186681e-12], "malicious score": 0.15747413039207458, "camera": {}}}}}}, "poison_idx_list": [213, 225, 227, 247, 249]}