{"args": "Namespace(device='cuda', dset_path='datasets', end2end=False, eval_poisons_root='attack-results-10poisons/100-overlap/linear-transfer-learning/convex/800', gpu='0', lr_decay_epoch=[30, 45], model_resume_path='model-chks', num_per_class=50, poison_label=8, retrain_bsize=64, retrain_epochs=60, retrain_lr=0.1, retrain_momentum=0.9, retrain_opt='adam', retrain_wd=0, subset_group=0, target_camera=True, target_index_end=37, target_index_start=36, target_index_step=1, target_label=6, target_net=['DPN92', 'SENet18', 'ResNet50', 'ResNeXt29_2x64d', 'GoogLeNet', 'MobileNetV2', 'ResNet18', 'DenseNet121'], target_print_size=[2, 4], test_chk_name='ckpt-%s-4800.t7', train_data_path='datasets/CIFAR10_TRAIN_Split.pth')", "poison_label": 8, "target_label": 6, "targets": {"36": {}, "36": {"800": {"time": 41718.0, "coeffs_time": 39538, "poisons_time": 41324, "target_loss": 0.012297253124415874, "total_loss": 0.001198409590870142, "coeff_list": [[0.0, 0.048945557326078415, 0.017336135730147362, 0.2820337116718292, 0.0, 0.03050255961716175, 0.3564879894256592, 0.013575846329331398, 0.2511182129383087, 0.0], [0.2657921314239502, 0.0, 0.0, 0.12732717394828796, 0.0, 0.09640371799468994, 0.0, 0.18410323560237885, 0.32637372612953186, 0.0], [0.019542742520570755, 0.30691325664520264, 0.11434470117092133, 0.0, 0.0036536981351673603, 0.0415172278881073, 0.14044958353042603, 0.311724454164505, 0.054319921880960464, 0.007534421049058437], [0.0, 0.4211827516555786, 0.08559300750494003, 0.17004476487636566, 0.0, 0.0, 0.06691788136959076, 0.13343219459056854, 0.07887721061706543, 0.043952252715826035], [0.0, 0.07454600930213928, 0.25670331716537476, 0.04864020645618439, 0.07880210131406784, 0.15530513226985931, 0.0, 0.27151191234588623, 0.022622020915150642, 0.09186933189630508], [0.06895962357521057, 0.2608985900878906, 0.0, 0.0, 0.06568489223718643, 0.0, 0.28084826469421387, 0.24028486013412476, 0.08332375437021255, 0.0], [0.012959107756614685, 0.0, 0.0, 0.0, 0.026689881458878517, 0.0, 0.6951442360877991, 0.0, 0.14521560072898865, 0.119991235435009], [0.10249572992324829, 0.0, 0.07823721319437027, 0.04935326799750328, 0.39223578572273254, 0.11792995035648346, 0.005551218520849943, 0.15991905331611633, 0.0, 0.09427780658006668], [0.044787146151065826, 0.3734351694583893, 0.3906819820404053, 0.0, 0.08981303125619888, 0.003515190677717328, 0.013473814353346825, 0.0, 0.07718285173177719, 0.007110808975994587], [0.027624690905213356, 0.18889592587947845, 0.09964340180158615, 0.0, 0.007561073172837496, 0.022274136543273926, 0.21524938941001892, 0.2143830806016922, 0.19194407761096954, 0.0324242003262043], [0.0, 0.17711776494979858, 0.0, 0.042799923568964005, 0.26505470275878906, 0.014167733490467072, 0.15435747802257538, 0.17768245935440063, 0.1156429797410965, 0.053177013993263245], [0.0014024681877344847, 0.24783337116241455, 0.29389289021492004, 0.04466551914811134, 0.09526706486940384, 0.15123039484024048, 0.0, 0.03822063282132149, 0.11050768196582794, 0.01697995327413082], [0.0, 0.09710539132356644, 0.22732000052928925, 0.02954958938062191, 0.076192706823349, 0.006993199232965708, 0.031620778143405914, 0.1495085507631302, 0.3817098140716553, 0.0], [0.108547143638134, 0.28935322165489197, 0.01778746023774147, 0.08333973586559296, 0.16145390272140503, 0.0, 0.10690108686685562, 0.09079810976982117, 0.07507810741662979, 0.06674128770828247], [0.023038286715745926, 0.2267138957977295, 0.15482641756534576, 0.11877257376909256, 0.13150502741336823, 0.005725017748773098, 0.0, 0.30617403984069824, 0.0, 0.03324475884437561], [0.0, 0.1970810890197754, 0.12179095298051834, 0.03287005424499512, 0.0009158583707176149, 0.0, 0.07123909890651703, 0.47162926197052, 0.09152393043041229, 0.012949757277965546], [0.0, 0.0, 0.11039581894874573, 0.015305737964808941, 0.30433833599090576, 0.4709920585155487, 0.03045636974275112, 0.0, 0.053043484687805176, 0.015468225814402103], [0.0, 0.15592452883720398, 0.10865011066198349, 0.0401066392660141, 0.0, 0.0, 0.3573978841304779, 0.2878374755382538, 0.05008332058787346, 0.0]], "coeff_list_in_victim": [[0.04578843712806702, 0.0, 0.13506607711315155, 0.0, 0.1901104748249054, 0.14654988050460815, 0.2818426191806793, 0.0, 0.20064254105091095, 0.0]], "victims": {"DPN92": {"clean acc": 92.13000144958497, "prediction": 8, "poisons predictions": [8, 8, 8, 8, 8, 8, 8, 8, 8, 8], "scores": [2.3990467842969246e-17, 6.580720080515945e-22, 2.4571259692079906e-34, 6.235872227795683e-15, 3.018533474109312e-29, 8.976466598636522e-16, 0.000782978895585984, 0.0, 0.9992182850837708, 0.0], "malicious score": 0.9992182850837708, "camera": {"2": {"prediction": 3, "scores": [9.422883086812981e-30, 3.3833213370926463e-28, 1.8685286651276556e-10, 0.9778117537498474, 1.0537111165831448e-06, 0.012350717559456825, 2.1640879192819096e-12, 1.019995343092784e-39, 0.009836452081799507, 1.5034811483433827e-39], "malicious score": 0.009836452081799507}, "4": {"prediction": 3, "scores": [1.4622805539483336e-30, 5.598349615203347e-25, 2.2119182874202892e-10, 0.9999199509620667, 9.75818602455547e-06, 7.07449798937887e-05, 4.613502590074476e-16, 3.2412397817433743e-39, 3.055355364267598e-07, 7.584683762547305e-37], "malicious score": 3.055355364267598e-07}}}, "SENet18": {"clean acc": 90.68000259399415, "prediction": 8, "poisons predictions": [6, 8, 8, 8, 8, 8, 6, 8, 8, 6], "scores": [1.5527932397029962e-16, 4.96539598440355e-23, 2.1643414405973015e-18, 7.922815736804978e-10, 3.2199146517086774e-05, 3.851154638245813e-12, 0.00468481844291091, 1.3838156347531193e-22, 0.9952828884124756, 4.488964589276798e-21], "malicious score": 0.9952828884124756, "camera": {"2": {"prediction": 8, "scores": [2.6103142134940413e-19, 8.443709928312485e-32, 1.0799992150589688e-10, 0.007823687046766281, 0.0018087663920596242, 0.0023573939688503742, 1.8126689610653557e-05, 2.8121842086125127e-24, 0.987992525100708, 1.1810843102144641e-12], "malicious score": 0.987992525100708}, "4": {"prediction": 3, "scores": [1.455159816173234e-20, 1.2956729357144456e-36, 3.6389311564022364e-09, 0.7887809872627258, 0.001360964379273355, 0.011496894992887974, 1.7812205044265284e-08, 2.824385076499307e-25, 0.19836127758026123, 1.4797058977417121e-12], "malicious score": 0.19836127758026123}}}, "ResNet50": {"clean acc": 92.3600025177002, "prediction": 8, "poisons predictions": [8, 8, 8, 6, 8, 8, 8, 8, 8, 8], "scores": [7.186387261095333e-27, 1.2527699388521237e-30, 3.096589346464981e-41, 3.4274747018335626e-36, 0.0, 2.9907632864391706e-40, 2.5549273807712325e-09, 1.1293141828130204e-34, 1.0, 3.84887854675537e-23], "malicious score": 1.0, "camera": {"2": {"prediction": 8, "scores": [8.827889872847625e-18, 7.03030314378069e-22, 4.674426824971414e-30, 0.021768974140286446, 2.6132468989511623e-24, 4.1098185880731004e-24, 0.0, 8.341315146378873e-20, 0.9782305955886841, 1.9589086086914797e-20], "malicious score": 0.9782305955886841}, "4": {"prediction": 3, "scores": [1.3113566477235209e-20, 3.165083501145848e-23, 1.3681298495719187e-25, 1.0, 8.149193341854888e-16, 1.1250543917568686e-24, 0.0, 1.7564541835101293e-23, 3.7390343599064124e-10, 5.285348836496214e-25], "malicious score": 3.7390343599064124e-10}}}, "ResNeXt29_2x64d": {"clean acc": 91.9000015258789, "prediction": 8, "poisons predictions": [8, 8, 8, 8, 8, 8, 8, 8, 8, 8], "scores": [5.6317759978298935e-21, 5.980870523805053e-16, 2.7873853178801136e-16, 0.0006159284384921193, 4.413514555187925e-25, 3.754628386915356e-17, 0.0831768810749054, 3.4347186237407186e-25, 0.916206955909729, 4.6843866905682727e-23], "malicious score": 0.916206955909729, "camera": {"2": {"prediction": 8, "scores": [1.7775292454958137e-18, 3.785909391464765e-25, 8.417217941314448e-06, 0.07714607566595078, 4.364841821313803e-10, 0.003069660859182477, 0.050690267235040665, 8.47913829983184e-20, 0.8690860271453857, 1.0834998762931122e-15], "malicious score": 0.8690860271453857}, "4": {"prediction": 3,