{"args": "Namespace(device='cuda', dset_path='datasets', end2end=False, eval_poisons_root='attack-results-eps0.01/100-overlap/linear-transfer-learning/mean/800', gpu='1', lr_decay_epoch=[30, 45], model_resume_path='model-chks', num_per_class=50, poison_label=8, retrain_bsize=64, retrain_epochs=60, retrain_lr=0.1, retrain_momentum=0.9, retrain_opt='adam', retrain_wd=0, subset_group=0, target_camera=True, target_index_end=3, target_index_start=2, target_index_step=1, target_label=6, target_net=['DPN92', 'SENet18', 'ResNet50', 'ResNeXt29_2x64d', 'GoogLeNet', 'MobileNetV2', 'ResNet18', 'DenseNet121'], target_print_size=[2, 4], test_chk_name='ckpt-%s-4800.t7', train_data_path='datasets/CIFAR10_TRAIN_Split.pth')", "poison_label": 8, "target_label": 6, "targets": {"2": {}, "2": {"800": {"time": 356.0, "coeffs_time": 0, "poisons_time": 4, "target_loss": 0.02922617644071579, "total_loss": 0.4591144919395447, "coeff_list": [[0.20000000298023224, 0.20000000298023224, 0.20000000298023224, 0.20000000298023224, 0.20000000298023224], [0.20000000298023224, 0.20000000298023224, 0.20000000298023224, 0.20000000298023224, 0.20000000298023224], [0.20000000298023224, 0.20000000298023224, 0.20000000298023224, 0.20000000298023224, 0.20000000298023224], [0.20000000298023224, 0.20000000298023224, 0.20000000298023224, 0.20000000298023224, 0.20000000298023224], [0.20000000298023224, 0.20000000298023224, 0.20000000298023224, 0.20000000298023224, 0.20000000298023224], [0.20000000298023224, 0.20000000298023224, 0.20000000298023224, 0.20000000298023224, 0.20000000298023224], [0.20000000298023224, 0.20000000298023224, 0.20000000298023224, 0.20000000298023224, 0.20000000298023224], [0.20000000298023224, 0.20000000298023224, 0.20000000298023224, 0.20000000298023224, 0.20000000298023224], [0.20000000298023224, 0.20000000298023224, 0.20000000298023224, 0.20000000298023224, 0.20000000298023224], [0.20000000298023224, 0.20000000298023224, 0.20000000298023224, 0.20000000298023224, 0.20000000298023224], [0.20000000298023224, 0.20000000298023224, 0.20000000298023224, 0.20000000298023224, 0.20000000298023224], [0.20000000298023224, 0.20000000298023224, 0.20000000298023224, 0.20000000298023224, 0.20000000298023224], [0.20000000298023224, 0.20000000298023224, 0.20000000298023224, 0.20000000298023224, 0.20000000298023224], [0.20000000298023224, 0.20000000298023224, 0.20000000298023224, 0.20000000298023224, 0.20000000298023224], [0.20000000298023224, 0.20000000298023224, 0.20000000298023224, 0.20000000298023224, 0.20000000298023224], [0.20000000298023224, 0.20000000298023224, 0.20000000298023224, 0.20000000298023224, 0.20000000298023224], [0.20000000298023224, 0.20000000298023224, 0.20000000298023224, 0.20000000298023224, 0.20000000298023224], [0.20000000298023224, 0.20000000298023224, 0.20000000298023224, 0.20000000298023224, 0.20000000298023224]], "coeff_list_in_victim": [[0.005891505628824234, 0.023824825882911682, 0.01284337043762207, 0.9053171277046204, 0.05212307721376419]], "victims": {"DPN92": {"clean acc": 92.49000205993653, "prediction": 6, "poisons predictions": [8, 8, 8, 8, 8], "scores": [2.9030505890913563e-14, 1.928401174432357e-25, 1.6638656430389082e-38, 4.072955279894343e-16, 5.61836905608511e-27, 3.332856271763958e-17, 1.0, 3.853570776893247e-43, 4.323309939213704e-12, 0.0], "malicious score": 4.323309939213704e-12, "camera": {"2": {"prediction": 6, "scores": [4.5732554372287195e-23, 2.7662151050533312e-28, 8.090753737783465e-21, 6.264371768338606e-05, 5.246177554568008e-18, 0.030409853905439377, 0.9695272445678711, 2.6938582104460928e-30, 1.1158043378145521e-07, 1.393567500697137e-38], "malicious score": 1.1158043378145521e-07}, "4": {"prediction": 6, "scores": [4.3344166688989716e-15, 9.445744243598515e-21, 2.9539066694133475e-25, 1.9497172161209164e-06, 7.288678703056275e-19, 1.716014594421722e-06, 0.9998874664306641, 2.0040993783214373e-29, 0.00010951890726573765, 1.3581895909915913e-37], "malicious score": 0.00010951890726573765}}}, "SENet18": {"clean acc": 91.43000221252441, "prediction": 6, "poisons predictions": [8, 8, 8, 8, 8], "scores": [2.2571481412624992e-30, 4.2937502511830594e-12, 9.45527100549791e-19, 1.911147865744567e-17, 5.064746365357475e-13, 3.8528840433607325e-18, 1.0, 1.9456958120446872e-21, 8.266701163836293e-16, 8.704649383681389e-21], "malicious score": 8.266701163836293e-16, "camera": {"2": {"prediction": 6, "scores": [1.7041878873927538e-30, 1.3863859089966005e-26, 9.630080366478691e-17, 7.998344185487186e-16, 3.3152801792897535e-14, 3.2436716073530603e-12, 1.0, 4.784673430869498e-31, 2.3189525386740906e-12, 2.3005757300200394e-17], "malicious score": 2.3189525386740906e-12}, "4": {"prediction": 6, "scores": [4.436993459287873e-26, 1.3632972994994484e-22, 1.3178774715125793e-14, 1.0744693404050789e-15, 5.423946339809527e-13, 4.9003302229812945e-14, 1.0, 4.938919460632759e-27, 8.222839184730824e-13, 8.569218914773718e-18], "malicious score": 8.222839184730824e-13}}}, "ResNet50": {"clean acc": 94.46000175476074, "prediction": 6, "poisons predictions": [8, 8, 8, 8, 8], "scores": [3.787426929175674e-32, 1.9943929020503133e-27, 0.0, 1.345734037487563e-38, 0.0, 1.4335283290042879e-42, 1.0, 1.8076262966999318e-22, 1.1876063664995333e-15, 2.858648867222627e-43], "malicious score": 1.1876063664995333e-15, "camera": {"2": {"prediction": 5, "scores": [3.3378311967128584e-32, 9.020734418160022e-19, 5.605193857299268e-45, 1.435604820580965e-25, 0.0, 1.0, 1.303628439751895e-16, 1.3539370263844566e-30, 2.548330675063299e-18, 1.7592566003841437e-31], "malicious score": 2.548330675063299e-18}, "4": {"prediction": 5, "scores": [2.0536229515599984e-28, 1.8635391547168325e-17, 1.0902662571832807e-40, 6.815445758235365e-26, 0.0, 1.0, 1.750787588170383e-16, 1.7803363813463662e-28, 2.1468116455543307e-13, 4.168765266434123e-30], "malicious score": 2.1468116455543307e-13}}}, "ResNeXt29_2x64d": {"clean acc": 93.63000106811523, "prediction": 6, "poisons predictions": [8, 8, 8, 8, 8], "scores": [2.3916495597873383e-21, 4.146594905548445e-14, 3.7654119405816644e-11, 9.899869552604246e-13, 7.185630113407977e-39, 7.245742634718359e-25, 1.0, 2.2893937267236674e-19, 1.0042320752745582e-07, 7.410296483580533e-19], "malicious score": 1.0042320752745582e-07, "camera": {"2": {"prediction": 6, "scores": [5.708803799640913e-20, 9.372915998983336e-21, 4.3668552507369895e-07, 7.839691562594453e-09, 3.56748657649497e-24, 1.9534915907115646e-08, 1.0, 1.2080110924138689e-17, 1.3058166527246673e-11, 1.0180759013600493e-10], "malicious score": 1.3058166527246673e-11}, "4": {"prediction": 6, "scores": [1.5032693937989646e-15, 5.858856423016784e-14, 2.7492576919030398e-05, 4.994273012925987e-07, 3.680209179217103e-25, 6.180957438581269e-13, 0.9999561309814453, 1.0276005171566335e-13, 1.5665813407395035e-05, 2.1095404589832611e-10], "malicious score": 1.5665813407395035e-05}}}, "GoogLeNet": {"clean acc": 92.05000190734863, "prediction": 6, "poisons predictions": [8, 8, 8, 8, 8], "scores": [4.692152777430181e-10, 1.4774076059764774e-12, 0.0007867172244004905, 0.0003444796893745661, 3.1693759865447646e-06, 0.0008294853614643216, 0.9980273842811584, 2.3644656721444335e-07, 8.298132343043108e-06, 2.7301628297525526e-13], "malicious score": 8.298132343043108e-06, "camera": {"2": {"prediction": 6, "scores": [1.479873793224385e-14, 3.977653506592217e-14, 0.001173057360574603, 0.00021451454085763544, 4.264791897412579e-08, 0.017493747174739838, 0.9811185002326965, 8.638411763683962e-09, 5.1360856900828367e-08, 1.816094475325103e-13], "malicious score": 5.1360856900828367e-08}, "4": {"prediction": 6, "scores": [1.650205579822872e-12, 6.153499205411445e-14, 0.04830780625343323, 0.01037724781781435, 1.28034514546016e-07, 0.43973782658576965, 0.50157630443573, 3.429158113021913e-08, 7.116648816918314e-07, 5.1013867609361885e-12], "malicious score": 7.116648816918314e-07}}}, "MobileNetV2": {"clean acc": 87.75000114440918, "prediction": 6, "poisons predictions": [8, 8, 8, 6, 6],