{"args": "Namespace(device='cuda', dset_path='datasets', end2end=False, eval_poisons_root='attack-results-eps0.05/100-overlap/linear-transfer-learning/mean/800', gpu='2', lr_decay_epoch=[30, 45], model_resume_path='model-chks', num_per_class=50, poison_label=8, retrain_bsize=64, retrain_epochs=60, retrain_lr=0.1, retrain_momentum=0.9, retrain_opt='adam', retrain_wd=0, subset_group=0, target_camera=True, target_index_end=47, target_index_start=46, target_index_step=1, target_label=6, target_net=['DPN92', 'SENet18', 'ResNet50', 'ResNeXt29_2x64d', 'GoogLeNet', 'MobileNetV2', 'ResNet18', 'DenseNet121'], target_print_size=[2, 4], test_chk_name='ckpt-%s-4800.t7', train_data_path='datasets/CIFAR10_TRAIN_Split.pth')", "poison_label": 8, "target_label": 6, "targets": {"46": {}, "46": {"800": {"time": 462.0, "coeffs_time": 0, "poisons_time": 4, "target_loss": 0.017603784799575806, "total_loss": 0.06292841583490372, "coeff_list": [[0.20000000298023224, 0.20000000298023224, 0.20000000298023224, 0.20000000298023224, 0.20000000298023224], [0.20000000298023224, 0.20000000298023224, 0.20000000298023224, 0.20000000298023224, 0.20000000298023224], [0.20000000298023224, 0.20000000298023224, 0.20000000298023224, 0.20000000298023224, 0.20000000298023224], [0.20000000298023224, 0.20000000298023224, 0.20000000298023224, 0.20000000298023224, 0.20000000298023224], [0.20000000298023224, 0.20000000298023224, 0.20000000298023224, 0.20000000298023224, 0.20000000298023224], [0.20000000298023224, 0.20000000298023224, 0.20000000298023224, 0.20000000298023224, 0.20000000298023224], [0.20000000298023224, 0.20000000298023224, 0.20000000298023224, 0.20000000298023224, 0.20000000298023224], [0.20000000298023224, 0.20000000298023224, 0.20000000298023224, 0.20000000298023224, 0.20000000298023224], [0.20000000298023224, 0.20000000298023224, 0.20000000298023224, 0.20000000298023224, 0.20000000298023224], [0.20000000298023224, 0.20000000298023224, 0.20000000298023224, 0.20000000298023224, 0.20000000298023224], [0.20000000298023224, 0.20000000298023224, 0.20000000298023224, 0.20000000298023224, 0.20000000298023224], [0.20000000298023224, 0.20000000298023224, 0.20000000298023224, 0.20000000298023224, 0.20000000298023224], [0.20000000298023224, 0.20000000298023224, 0.20000000298023224, 0.20000000298023224, 0.20000000298023224], [0.20000000298023224, 0.20000000298023224, 0.20000000298023224, 0.20000000298023224, 0.20000000298023224], [0.20000000298023224, 0.20000000298023224, 0.20000000298023224, 0.20000000298023224, 0.20000000298023224], [0.20000000298023224, 0.20000000298023224, 0.20000000298023224, 0.20000000298023224, 0.20000000298023224], [0.20000000298023224, 0.20000000298023224, 0.20000000298023224, 0.20000000298023224, 0.20000000298023224], [0.20000000298023224, 0.20000000298023224, 0.20000000298023224, 0.20000000298023224, 0.20000000298023224]], "coeff_list_in_victim": [[0.7969015836715698, 0.0, 0.0, 0.17038728296756744, 0.032711174339056015]], "victims": {"DPN92": {"clean acc": 92.56000175476075, "prediction": 8, "poisons predictions": [8, 8, 8, 6, 6], "scores": [9.071784212721923e-09, 3.297664223327469e-15, 7.523118085167161e-26, 1.5113265998921432e-13, 1.2655077035510999e-23, 9.32308253916923e-17, 0.2944239675998688, 1.3311283885163555e-28, 0.7055754661560059, 0.0], "malicious score": 0.7055754661560059, "camera": {}}, "SENet18": {"clean acc": 91.3300006866455, "prediction": 6, "poisons predictions": [8, 8, 6, 6, 8], "scores": [2.2431381196952316e-09, 1.5725796858288843e-14, 1.7509955082891542e-15, 3.120701613790189e-11, 1.9609702576417476e-05, 5.177258497130258e-15, 0.9871137738227844, 1.7902016193929016e-16, 0.012866915203630924, 4.4668082573679976e-14], "malicious score": 0.012866915203630924, "camera": {}}, "ResNet50": {"clean acc": 93.08000106811524, "prediction": 8, "poisons predictions": [8, 8, 8, 6, 8], "scores": [2.7903578406124405e-28, 9.428413605405694e-09, 4.048440521163049e-28, 4.1512195568289667e-35, 9.911461235079244e-11, 2.2936195043926633e-12, 2.682926276975639e-11, 2.239131292327672e-29, 1.0, 6.195605870092264e-24], "malicious score": 1.0, "camera": {}}, "ResNeXt29_2x64d": {"clean acc": 92.19000129699707, "prediction": 8, "poisons predictions": [8, 8, 8, 8, 8], "scores": [1.2244272654210293e-29, 4.273388913134113e-05, 5.141411723989277e-14, 9.673889280747971e-07, 0.0, 1.9343310048790485e-26, 0.19440944492816925, 2.496630852802969e-18, 0.8055466413497925, 8.700145394373159e-26], "malicious score": 0.8055466413497925, "camera": {}}, "GoogLeNet": {"clean acc": 92.08000144958496, "prediction": 8, "poisons predictions": [8, 8, 6, 8, 6], "scores": [7.485287753126665e-15, 1.5938414477112417e-10, 3.1468969652337364e-09, 3.0678536404593615e-06, 5.241832575636485e-12, 1.2694367512722238e-07, 0.36999157071113586, 2.040214468479462e-07, 0.6300050020217896, 3.47101226884014e-14], "malicious score": 0.6300050020217896, "camera": {}}, "MobileNetV2": {"clean acc": 87.26000175476074, "prediction": 8, "poisons predictions": [8, 8, 6, 6, 8], "scores": [4.390075858395903e-09, 4.6246718444496566e-17, 1.0948598971882717e-10, 4.800303577212617e-05, 5.269314581476463e-21, 2.5499491407288133e-11, 0.09406066685914993, 2.51752882651657e-17, 0.9058921933174133, 4.9273449492119004e-20], "malicious score": 0.9058921933174133, "camera": {}}, "ResNet18": {"clean acc": 92.87000160217285, "prediction": 8, "poisons predictions": [8, 8, 8, 6, 6], "scores": [1.3464737485041818e-15, 9.38033402546974e-18, 7.579133431967477e-10, 0.0005277311429381371, 4.532517425673562e-20, 1.2315654274175358e-08, 0.0896412581205368, 1.946663490126621e-11, 0.9098306894302368, 1.2283404621744009e-18], "malicious score": 0.9098306894302368, "camera": {}}, "DenseNet121": {"clean acc": 92.91000137329101, "prediction": 6, "poisons predictions": [8, 8, 8, 6, 8], "scores": [2.157767767130281e-06, 5.184841445071697e-10, 2.376565888528859e-10, 2.001280790864257e-06, 1.8659122360986657e-05, 2.5737358555488754e-07, 0.9223609566688538, 1.0876766412509569e-18, 0.07761581987142563, 2.4494670469721314e-07], "malicious score": 0.07761581987142563, "camera": {}}}}}}, "poison_idx_list": [213, 225, 227, 247, 249]}