{"args": "Namespace(device='cuda', dset_path='datasets', end2end=False, eval_poisons_root='attack-results-eps0.03/100-overlap/linear-transfer-learning/mean/800', gpu='2', lr_decay_epoch=[30, 45], model_resume_path='model-chks', num_per_class=50, poison_label=8, retrain_bsize=64, retrain_epochs=60, retrain_lr=0.1, retrain_momentum=0.9, retrain_opt='adam', retrain_wd=0, subset_group=0, target_camera=True, target_index_end=22, target_index_start=21, target_index_step=1, target_label=6, target_net=['DPN92', 'SENet18', 'ResNet50', 'ResNeXt29_2x64d', 'GoogLeNet', 'MobileNetV2', 'ResNet18', 'DenseNet121'], target_print_size=[2, 4], test_chk_name='ckpt-%s-4800.t7', train_data_path='datasets/CIFAR10_TRAIN_Split.pth')", "poison_label": 8, "target_label": 6, "targets": {"21": {}, "21": {"800": {"time": 336.0, "coeffs_time": 0, "poisons_time": 4, "target_loss": 0.022999441251158714, "total_loss": 0.11396467685699463, "coeff_list": [[0.20000000298023224, 0.20000000298023224, 0.20000000298023224, 0.20000000298023224, 0.20000000298023224], [0.20000000298023224, 0.20000000298023224, 0.20000000298023224, 0.20000000298023224, 0.20000000298023224], [0.20000000298023224, 0.20000000298023224, 0.20000000298023224, 0.20000000298023224, 0.20000000298023224], [0.20000000298023224, 0.20000000298023224, 0.20000000298023224, 0.20000000298023224, 0.20000000298023224], [0.20000000298023224, 0.20000000298023224, 0.20000000298023224, 0.20000000298023224, 0.20000000298023224], [0.20000000298023224, 0.20000000298023224, 0.20000000298023224, 0.20000000298023224, 0.20000000298023224], [0.20000000298023224, 0.20000000298023224, 0.20000000298023224, 0.20000000298023224, 0.20000000298023224], [0.20000000298023224, 0.20000000298023224, 0.20000000298023224, 0.20000000298023224, 0.20000000298023224], [0.20000000298023224, 0.20000000298023224, 0.20000000298023224, 0.20000000298023224, 0.20000000298023224], [0.20000000298023224, 0.20000000298023224, 0.20000000298023224, 0.20000000298023224, 0.20000000298023224], [0.20000000298023224, 0.20000000298023224, 0.20000000298023224, 0.20000000298023224, 0.20000000298023224], [0.20000000298023224, 0.20000000298023224, 0.20000000298023224, 0.20000000298023224, 0.20000000298023224], [0.20000000298023224, 0.20000000298023224, 0.20000000298023224, 0.20000000298023224, 0.20000000298023224], [0.20000000298023224, 0.20000000298023224, 0.20000000298023224, 0.20000000298023224, 0.20000000298023224], [0.20000000298023224, 0.20000000298023224, 0.20000000298023224, 0.20000000298023224, 0.20000000298023224], [0.20000000298023224, 0.20000000298023224, 0.20000000298023224, 0.20000000298023224, 0.20000000298023224], [0.20000000298023224, 0.20000000298023224, 0.20000000298023224, 0.20000000298023224, 0.20000000298023224], [0.20000000298023224, 0.20000000298023224, 0.20000000298023224, 0.20000000298023224, 0.20000000298023224]], "coeff_list_in_victim": [[0.0, 0.5180110931396484, 0.0, 0.18302109837532043, 0.29896777868270874]], "victims": {"DPN92": {"clean acc": 91.98000144958496, "prediction": 6, "poisons predictions": [8, 8, 8, 8, 6], "scores": [1.5546111014479795e-18, 5.925029904557006e-31, 2.006659400913138e-42, 2.865334406299375e-22, 1.3394444270628297e-31, 1.1491865088938224e-28, 0.9999961853027344, 1.572640003182979e-36, 2.096620391967008e-06, 0.0], "malicious score": 2.096620391967008e-06, "camera": {"2": {"prediction": 6, "scores": [8.556703672105791e-19, 3.096285786224113e-30, 3.4794661258724505e-39, 6.401592533168815e-18, 2.4617895987570607e-26, 1.5108634821418272e-23, 1.0, 3.6726135952352145e-37, 9.355527907928263e-08, 0.0], "malicious score": 9.355527907928263e-08}, "4": {"prediction": 6, "scores": [1.759322834777399e-17, 4.054755385901542e-31, 1.0668085208904832e-41, 2.8749846091532193e-19, 1.441029053009761e-28, 8.170692153370343e-26, 1.0, 2.5277323469761984e-37, 2.374716245867603e-07, 0.0], "malicious score": 2.374716245867603e-07}}}, "SENet18": {"clean acc": 90.98000221252441, "prediction": 6, "poisons predictions": [8, 8, 8, 6, 6], "scores": [8.240472304521518e-09, 2.0933423397484496e-11, 9.955895157766348e-14, 3.170122298001843e-08, 0.0012490495573729277, 6.161585998365471e-12, 0.9921233057975769, 4.790186052810087e-17, 0.00662724394351244, 5.967668886664829e-18], "malicious score": 0.00662724394351244, "camera": {"2": {"prediction": 6, "scores": [3.65692471859802e-07, 2.2113621968734148e-13, 3.672000041272244e-13, 6.788545761082787e-07, 0.0012660142965614796, 2.9091259956537385e-10, 0.734600305557251, 3.0263908178967364e-18, 0.2641329765319824, 6.760375092828484e-17], "malicious score": 0.2641329765319824}, "4": {"prediction": 8, "scores": [2.7971153031103313e-05, 9.172950925586971e-15, 1.431757951130333e-13, 9.61927497655779e-08, 0.00015553859702777117, 4.267775640266064e-13, 0.002734377048909664, 1.7807190607329713e-18, 0.9970822334289551, 2.0904092265194425e-19], "malicious score": 0.9970822334289551}}}, "ResNet50": {"clean acc": 92.10000114440918, "prediction": 6, "poisons predictions": [8, 8, 8, 6, 8], "scores": [1.6919916825770743e-21, 4.75235240152347e-37, 1.710596870672533e-30, 1.531895277304497e-39, 2.234054268432369e-37, 1.1954272433012443e-25, 0.5187773108482361, 9.851015412095185e-23, 0.4812212586402893, 7.240382324867382e-25], "malicious score": 0.4812212586402893, "camera": {"2": {"prediction": 6, "scores": [3.151530447209934e-30, 0.0, 2.735675622356321e-37, 2.5716488027935885e-27, 1.5575335741376303e-38, 1.826296812057822e-24, 1.0, 5.254485007950552e-27, 1.0899887627679669e-13, 9.074213782924054e-30], "malicious score": 1.0899887627679669e-13}, "4": {"prediction": 6, "scores": [7.030360941047398e-36, 0.0, 9.82940807800643e-41, 5.664937560657907e-28, 1.1925049931404193e-42, 2.031833521836998e-30, 1.0, 8.604871426324345e-30, 1.9918103831776755e-17, 3.6802747921359915e-35], "malicious score": 1.9918103831776755e-17}}}, "ResNeXt29_2x64d": {"clean acc": 92.9000015258789, "prediction": 8, "poisons predictions": [8, 8, 8, 8, 6], "scores": [1.1091352772971217e-22, 2.7043072676222277e-16, 1.53347943266772e-16, 2.0326731409170407e-09, 7.761792193895162e-42, 2.1202888236838193e-23, 0.28873151540756226, 2.265334879723943e-22, 0.7112694382667542, 7.843215692161024e-33], "malicious score": 0.7112694382667542, "camera": {"2": {"prediction": 6, "scores": [5.537973797145737e-21, 1.914379502902623e-14, 3.988433525505333e-14, 0.00808744877576828, 6.786330493041791e-28, 2.2009359687992904e-16, 0.9919114112854004, 4.8854926798322715e-21, 4.39478014868655e-07, 5.368183534071916e-28], "malicious score": 4.39478014868655e-07}, "4": {"prediction": 6, "scores": [9.317406040649919e-22, 5.866739928063469e-14, 2.473202163018654e-15, 0.017296073958277702, 7.176846131928465e-29, 5.529833916634386e-18, 0.9826935529708862, 1.772217422999309e-22, 1.0863009265449364e-05, 2.2492847047165153e-29], "malicious score": 1.0863009265449364e-05}}}, "GoogLeNet": {"clean acc": 92.09000129699707, "prediction": 8, "poisons predictions": [8, 8, 8, 6, 6], "scores": [9.929621361259855e-12, 1.0787223203578833e-07, 2.8273632324271603e-08, 0.00012845470337197185, 1.0343124579037521e-08, 2.715736854952411e-06, 0.291746586561203, 1.323436572420178e-05, 0.7081087231636047, 3.721142317891779e-13], "malicious score": 0.7081087231636047, "camera": {"2": {"prediction": 6, "scores": [1.753365161394349e-11, 2.456452250498842e-07, 1.1668676961562596e-05, 0.0014225414488464594, 7.13300707388953e-08, 0.0002884792338591069, 0.991102933883667, 1.2585348940774566e-07, 0.007173704449087381, 2.3264482788137864e-12], "malicious score": 0.007173704449087381}, "4": {"prediction": 6, "scores": [4.266280471260098e-12, 8.919601413026612e-08, 4.47950696980115e-05, 0.001357482047751546, 1.2921912457386497e-05, 0.00011421555245760828, 0.9912532567977905, 8.822741619951557e-06, 0.0072085498832166195, 1.4567840477767297e-13], "malicious score": 0.0072085498832166195}}}, "MobileNetV2": {"clean acc": 87.28000106811524, "prediction": 6, "poisons predictions": [8, 6, 8, 6, 8],