{"args": "Namespace(device='cuda', dset_path='datasets', end2end=False, eval_poisons_root='attack-results-10poisons/100-overlap/linear-transfer-learning/convex/800', gpu='1', lr_decay_epoch=[30, 45], model_resume_path='model-chks', num_per_class=50, poison_label=8, retrain_bsize=64, retrain_epochs=60, retrain_lr=0.1, retrain_momentum=0.9, retrain_opt='adam', retrain_wd=0, subset_group=0, target_camera=True, target_index_end=32, target_index_start=31, target_index_step=1, target_label=6, target_net=['DPN92', 'SENet18', 'ResNet50', 'ResNeXt29_2x64d', 'GoogLeNet', 'MobileNetV2', 'ResNet18', 'DenseNet121'], target_print_size=[2, 4], test_chk_name='ckpt-%s-4800.t7', train_data_path='datasets/CIFAR10_TRAIN_Split.pth')", "poison_label": 8, "target_label": 6, "targets": {"31": {}, "31": {"800": {"time": 41244.0, "coeffs_time": 39195, "poisons_time": 40828, "target_loss": 0.004663678351789713, "total_loss": 0.0009302367689087987, "coeff_list": [[0.0016710051568225026, 0.004829122219234705, 0.33854418992996216, 0.04336903616786003, 0.02497587539255619, 0.13862308859825134, 0.14668956398963928, 0.27767306566238403, 0.00668034702539444, 0.01694469340145588], [0.14421449601650238, 0.08697817474603653, 0.13350407779216766, 0.0, 0.04794207215309143, 0.20091383159160614, 0.14739829301834106, 0.1723300665616989, 0.04637342691421509, 0.020345443859696388], [0.009974244050681591, 0.0, 0.4421614408493042, 0.04370854049921036, 0.10742093622684479, 0.1078282818198204, 0.13217349350452423, 0.03344012424349785, 0.1232929602265358, 0.0], [0.0, 0.0, 0.0, 0.35980144143104553, 0.0, 0.07250514626502991, 0.1980905532836914, 0.08583034574985504, 0.2837725281715393, 0.0], [0.3385244309902191, 0.16765576601028442, 0.07264183461666107, 0.09728340059518814, 0.04920779913663864, 0.20279940962791443, 0.057806022465229034, 0.0, 0.014081370085477829, 0.0], [0.0, 0.028188901022076607, 0.16438931226730347, 0.02490405924618244, 0.06392748653888702, 0.2699739933013916, 0.034976303577423096, 0.0, 0.41363999247550964, 0.0], [0.021857449784874916, 0.0325954407453537, 0.08372332155704498, 0.0, 0.04632570594549179, 0.008942462503910065, 0.31953883171081543, 0.45171159505844116, 0.035305287688970566, 0.0], [0.07358074188232422, 0.10790771245956421, 0.14756184816360474, 0.09115400910377502, 0.22779341042041779, 0.0, 0.14271503686904907, 0.04850773513317108, 0.05031897872686386, 0.11046050488948822], [0.024276236072182655, 0.0, 0.1559838503599167, 0.0028588089626282454, 0.20237205922603607, 0.3120146095752716, 0.1328137069940567, 0.07385044544935226, 0.05673886090517044, 0.03909147530794144], [0.0, 0.03568684682250023, 0.07912660390138626, 0.12339796125888824, 0.05221787840127945, 0.3411911725997925, 0.1336650401353836, 0.07556433230638504, 0.1591501533985138, 0.0], [0.038667045533657074, 0.06872721761465073, 0.09391375631093979, 0.03946700319647789, 0.15167571604251862, 0.1810733824968338, 0.12488053739070892, 0.0, 0.14616231620311737, 0.15543311834335327], [0.08266732841730118, 0.15615522861480713, 0.12813517451286316, 0.18483248353004456, 0.11935573816299438, 0.0, 0.07169461250305176, 0.0, 0.25687175989151, 0.00028769642813131213], [0.0, 0.0, 0.33973798155784607, 0.24366778135299683, 0.06680876016616821, 0.0, 0.10696873813867569, 0.0, 0.16056451201438904, 0.08225224167108536], [0.06443195044994354, 0.06340872496366501, 0.29466375708580017, 0.15529896318912506, 0.0, 0.05604367330670357, 0.1327294558286667, 0.02086111716926098, 0.14096562564373016, 0.07159674912691116], [0.0, 0.0, 0.48172277212142944, 0.035330984741449356, 0.09798453003168106, 0.06821563094854355, 0.00802195817232132, 0.07082321494817734, 0.03932562097907066, 0.19857528805732727], [0.0, 0.06708771735429764, 0.021714169532060623, 0.1423054188489914, 0.11525066941976547, 0.2602889835834503, 0.08135627210140228, 0.0, 0.2541377544403076, 0.057859014719724655], [0.0, 0.2220916599035263, 0.06770612299442291, 0.003522017505019903, 0.0, 0.21284905076026917, 0.1906251311302185, 0.1315063089132309, 0.17169970273971558, 0.0], [0.11687066406011581, 0.07545650750398636, 0.24379631876945496, 0.0, 0.10100455582141876, 0.1496722251176834, 0.284528523683548, 0.0, 0.02867121808230877, 0.0]], "coeff_list_in_victim": [[0.023930203169584274, 0.0, 0.1163778081536293, 0.14356152713298798, 0.08575384318828583, 0.029068032279610634, 0.4256787896156311, 0.08411692082881927, 0.09151289612054825, 0.0]], "victims": {"DPN92": {"clean acc": 92.49000205993653, "prediction": 8, "poisons predictions": [8, 8, 8, 6, 8, 8, 8, 8, 6, 8], "scores": [1.5622873524009219e-24, 2.4700241528984942e-23, 3.165269652273816e-35, 1.880527492352426e-14, 5.5657517132321255e-24, 2.570693325907019e-15, 0.009652528911828995, 9.80908925027372e-45, 0.9903461337089539, 0.0], "malicious score": 0.9903461337089539, "camera": {"2": {"prediction": 6, "scores": [3.6248616003267284e-28, 6.30555479448429e-22, 4.859923085994534e-18, 0.0004517954948823899, 1.730681198353068e-08, 0.05328688770532608, 0.9451291561126709, 1.6292196595472486e-40, 0.0011318204924464226, 1.621595676649529e-36], "malicious score": 0.0011318204924464226}, "4": {"prediction": 6, "scores": [1.7003861374927933e-26, 3.006949958698182e-21, 8.238965599374043e-16, 0.0008742015925236046, 3.2576874531287103e-10, 0.4811588227748871, 0.49372240900993347, 1.0056005886959152e-37, 0.024244526401162148, 5.050412755149588e-35], "malicious score": 0.024244526401162148}}}, "SENet18": {"clean acc": 91.10000152587891, "prediction": 6, "poisons predictions": [8, 6, 6, 6, 5, 6, 6, 2, 6, 8], "scores": [2.1324738849748393e-14, 6.16484258248527e-23, 2.5257670954736966e-10, 5.606211675446282e-11, 1.0664945193639142e-07, 8.30206944857359e-11, 0.6849363446235657, 5.361466762825936e-22, 0.31506335735321045, 2.714376710595892e-14], "malicious score": 0.31506335735321045, "camera": {"2": {"prediction": 6, "scores": [6.628666392909446e-14, 7.539202219467519e-27, 1.5440074108141744e-08, 1.0087616297838053e-09, 3.3093829898689364e-08, 2.654159061421524e-07, 0.801134467124939, 6.866366014762186e-24, 0.19886474311351776, 1.1854813138090226e-11], "malicious score": 0.19886474311351776}, "4": {"prediction": 6, "scores": [9.718721866776997e-14, 1.8189035136687095e-27, 1.927787929290048e-09, 4.0696171765830513e-08, 2.6956388410326326e-06, 1.1411112836867687e-06, 0.9478253126144409, 6.083750126897356e-24, 0.05217072740197182, 6.350437103258555e-12], "malicious score": 0.05217072740197182}}}, "ResNet50": {"clean acc": 93.4500015258789, "prediction": 8, "poisons predictions": [8, 8, 8, 6, 8, 8, 8, 8, 8, 8], "scores": [2.664178067642093e-39, 2.147075790646981e-30, 3.9744054569663394e-30, 4.393446394993124e-15, 2.170872431796128e-34, 4.7387955451355534e-36, 0.4723593592643738, 4.2050720025220506e-21, 0.5276403427124023, 6.755019476322328e-30], "malicious score": 0.5276403427124023, "camera": {"2": {"prediction": 6, "scores": [3.178007881309262e-36, 4.9229077485205475e-29, 4.565758300610906e-39, 1.3026212053457442e-13, 3.455461938180254e-22, 2.9224693297451258e-24, 0.9938951134681702, 7.674394056665518e-19, 0.00610501179471612, 2.2661921728643925e-28], "malicious score": 0.00610501179471612}, "4": {"prediction": 6, "scores": [5.038032316848442e-38, 7.48402340986331e-32, 7.768896777109289e-40, 7.892836173390414e-16, 8.899564346757977e-27, 2.145620532402245e-28, 0.9989495873451233, 5.103631274134372e-21, 0.0010507556144148111, 5.779657928784034e-31], "malicious score": 0.0010507556144148111}}}, "ResNeXt29_2x64d": {"clean acc": 91.85000228881836, "prediction": 8, "poisons predictions": [8, 8, 8, 8, 8, 8, 8, 8, 8, 8], "scores": [3.353906181430861e-21, 9.847127141179593e-19, 4.416918955030269e-07, 1.7814592467857437e-07, 2.2888045727090505e-15, 1.3005502267303664e-14, 0.12116634100675583, 3.90630162531258e-22, 0.8788334131240845, 2.218438377877413e-13], "malicious score": 0.8788334131240845, "camera": {"2": {"prediction": 8,