{"args": "Namespace(device='cuda', dset_path='datasets', end2end=False, eval_poisons_root='attack-results-eps0.05/100-overlap/linear-transfer-learning/mean/800', gpu='2', lr_decay_epoch=[30, 45], model_resume_path='model-chks', num_per_class=50, poison_label=8, retrain_bsize=64, retrain_epochs=60, retrain_lr=0.1, retrain_momentum=0.9, retrain_opt='adam', retrain_wd=0, subset_group=0, target_camera=True, target_index_end=23, target_index_start=22, target_index_step=1, target_label=6, target_net=['DPN92', 'SENet18', 'ResNet50', 'ResNeXt29_2x64d', 'GoogLeNet', 'MobileNetV2', 'ResNet18', 'DenseNet121'], target_print_size=[2, 4], test_chk_name='ckpt-%s-4800.t7', train_data_path='datasets/CIFAR10_TRAIN_Split.pth')", "poison_label": 8, "target_label": 6, "targets": {"22": {}, "22": {"800": {"time": 465.0, "coeffs_time": 0, "poisons_time": 8, "target_loss": 0.00969897210597992, "total_loss": 0.08051713556051254, "coeff_list": [[0.20000000298023224, 0.20000000298023224, 0.20000000298023224, 0.20000000298023224, 0.20000000298023224], [0.20000000298023224, 0.20000000298023224, 0.20000000298023224, 0.20000000298023224, 0.20000000298023224], [0.20000000298023224, 0.20000000298023224, 0.20000000298023224, 0.20000000298023224, 0.20000000298023224], [0.20000000298023224, 0.20000000298023224, 0.20000000298023224, 0.20000000298023224, 0.20000000298023224], [0.20000000298023224, 0.20000000298023224, 0.20000000298023224, 0.20000000298023224, 0.20000000298023224], [0.20000000298023224, 0.20000000298023224, 0.20000000298023224, 0.20000000298023224, 0.20000000298023224], [0.20000000298023224, 0.20000000298023224, 0.20000000298023224, 0.20000000298023224, 0.20000000298023224], [0.20000000298023224, 0.20000000298023224, 0.20000000298023224, 0.20000000298023224, 0.20000000298023224], [0.20000000298023224, 0.20000000298023224, 0.20000000298023224, 0.20000000298023224, 0.20000000298023224], [0.20000000298023224, 0.20000000298023224, 0.20000000298023224, 0.20000000298023224, 0.20000000298023224], [0.20000000298023224, 0.20000000298023224, 0.20000000298023224, 0.20000000298023224, 0.20000000298023224], [0.20000000298023224, 0.20000000298023224, 0.20000000298023224, 0.20000000298023224, 0.20000000298023224], [0.20000000298023224, 0.20000000298023224, 0.20000000298023224, 0.20000000298023224, 0.20000000298023224], [0.20000000298023224, 0.20000000298023224, 0.20000000298023224, 0.20000000298023224, 0.20000000298023224], [0.20000000298023224, 0.20000000298023224, 0.20000000298023224, 0.20000000298023224, 0.20000000298023224], [0.20000000298023224, 0.20000000298023224, 0.20000000298023224, 0.20000000298023224, 0.20000000298023224], [0.20000000298023224, 0.20000000298023224, 0.20000000298023224, 0.20000000298023224, 0.20000000298023224], [0.20000000298023224, 0.20000000298023224, 0.20000000298023224, 0.20000000298023224, 0.20000000298023224]], "coeff_list_in_victim": [[0.27502113580703735, 0.05256824567914009, 0.0, 0.043111808598041534, 0.6292988061904907]], "victims": {"DPN92": {"clean acc": 92.22000122070312, "prediction": 6, "poisons predictions": [8, 8, 8, 8, 6], "scores": [1.214242595359849e-11, 2.1442670823478135e-16, 5.605193857299268e-45, 1.428466140751704e-16, 2.1915454002154245e-30, 5.0463223847709147e-23, 0.9958696365356445, 7.724153317143397e-40, 0.0041313027031719685, 0.0], "malicious score": 0.0041313027031719685, "camera": {"2": {"prediction": 6, "scores": [5.743441543505109e-22, 2.651540180598411e-28, 8.071170868848795e-38, 1.5524452044528812e-14, 2.390262626182384e-29, 6.183542214676957e-16, 0.9999351501464844, 6.139775208454543e-39, 6.54485120321624e-05, 0.0], "malicious score": 6.54485120321624e-05}, "4": {"prediction": 6, "scores": [1.2900833241341148e-16, 4.315527069537197e-22, 4.8765186558503634e-43, 1.5949009680466816e-16, 4.2998351058841423e-29, 4.26316972754718e-21, 0.9998703002929688, 9.429757755980992e-41, 0.00012816250091418624, 0.0], "malicious score": 0.00012816250091418624}}}, "SENet18": {"clean acc": 90.97000160217286, "prediction": 6, "poisons predictions": [6, 6, 8, 6, 6], "scores": [6.536616581342969e-09, 3.223492344834061e-19, 8.537114293489037e-14, 5.073533260180341e-10, 3.470905483027309e-07, 8.732988290849342e-13, 0.9835242033004761, 3.6226167138989974e-16, 0.0164753757417202, 8.76956344879749e-16], "malicious score": 0.0164753757417202, "camera": {"2": {"prediction": 6, "scores": [5.4983753661197454e-11, 7.361956045553708e-24, 1.234952967152207e-15, 6.371405486538251e-11, 4.069681267537817e-07, 2.173649107928277e-11, 0.9911208748817444, 2.083545663075041e-20, 0.00887819193303585, 3.3298572457350856e-17], "malicious score": 0.00887819193303585}, "4": {"prediction": 6, "scores": [1.8070626106592158e-09, 2.761903074056568e-20, 2.108559773181598e-13, 3.036126211553025e-11, 9.581023618920881e-08, 7.390984525790234e-12, 0.9903839230537415, 2.9747254477089193e-17, 0.00961601547896862, 8.695511063988191e-16], "malicious score": 0.00961601547896862}}}, "ResNet50": {"clean acc": 93.43000106811523, "prediction": 6, "poisons predictions": [8, 8, 8, 8, 8], "scores": [4.6575437168280676e-34, 5.61431844793719e-20, 1.7232903949116536e-37, 4.2238071892885966e-26, 2.271825248598867e-22, 3.1023327778552663e-34, 0.7274967432022095, 3.2645162639160518e-18, 0.27250394225120544, 5.596862256581448e-30], "malicious score": 0.27250394225120544, "camera": {"2": {"prediction": 6, "scores": [1.3064112725631971e-31, 2.05711776822895e-15, 2.7215195931658346e-37, 1.8042473860764297e-18, 4.5337798454599857e-20, 1.7396850264599352e-21, 0.7098545432090759, 6.639089556841884e-15, 0.290145605802536, 3.110047449127698e-26], "malicious score": 0.290145605802536}, "4": {"prediction": 6, "scores": [2.4558834698424615e-31, 7.943301271422192e-18, 1.060542334547562e-38, 8.3549366663757015e-22, 7.072774152740341e-23, 8.897693305817005e-28, 0.6959746479988098, 1.0879563283868539e-15, 0.30402618646621704, 9.872588836237118e-27], "malicious score": 0.30402618646621704}}}, "ResNeXt29_2x64d": {"clean acc": 92.9900016784668, "prediction": 6, "poisons predictions": [8, 8, 8, 8, 8], "scores": [1.0547119606611504e-24, 6.041447897509045e-10, 8.927283068071385e-18, 2.353289438317141e-11, 0.0, 4.7500677235372224e-30, 0.9775674939155579, 6.920275980164084e-23, 0.0224330872297287, 2.0433922088102493e-22], "malicious score": 0.0224330872297287, "camera": {"2": {"prediction": 8, "scores": [1.1243496585531063e-26, 2.893947621298421e-16, 5.4399400159195824e-14, 1.1459264093183208e-11, 0.0, 4.872515185878466e-23, 0.4770503342151642, 1.3437648510506865e-22, 0.5229498744010925, 5.113842996510924e-21], "malicious score": 0.5229498744010925}, "4": {"prediction": 6, "scores": [2.728718250519683e-26, 3.221160588696287e-13, 1.5426616668626507e-16, 5.068737873870077e-09, 0.0, 9.47313941019154e-27, 0.918805718421936, 5.121763993036459e-23, 0.0811949372291565, 8.437024143777807e-22], "malicious score": 0.0811949372291565}}}, "GoogLeNet": {"clean acc": 92.21000099182129, "prediction": 6, "poisons predictions": [8, 8, 6, 6, 6], "scores": [1.6319773630353238e-14, 1.2175863872698756e-08, 8.141248231119391e-10, 9.129578302236041e-07, 2.6920644533023896e-12, 3.195741626882409e-08, 0.8950069546699524, 3.5291066069476074e-07, 0.10499171912670135, 4.00317697039733e-16], "malicious score": 0.10499171912670135, "camera": {"2": {"prediction": 6, "scores": [2.143944310278867e-12, 2.735888138261089e-08, 2.2633008484262973e-05, 0.0013138754293322563, 9.468782202759485e-09, 0.0002472482738085091, 0.9401076436042786, 5.48322387494693e-10, 0.05830851569771767, 2.3488678016492237e-11], "malicious score": 0.05830851569771767}, "4": {"prediction": 6, "scores": [3.888109886135416e-12, 8.42224352481935e-08, 9.693314950709464e-08, 0.00028318105614744127, 5.7744141912507985e-08, 8.216785317927133e-06, 0.9884674549102783, 3.823621974596847e-11, 0.011240937747061253, 2.242557051515548e-12], "malicious score": 0.011240937747061253}}}, "MobileNetV2": {"clean acc": 86.52000198364257, "prediction": 6, "poisons predictions": [8, 6, 8, 6, 8],