{"args": "Namespace(device='cuda', dset_path='datasets', end2end=False, eval_poisons_root='attack-results-eps0.03/100-overlap/linear-transfer-learning/mean/800', gpu='0', lr_decay_epoch=[30, 45], model_resume_path='model-chks', num_per_class=50, poison_label=8, retrain_bsize=64, retrain_epochs=60, retrain_lr=0.1, retrain_momentum=0.9, retrain_opt='adam', retrain_wd=0, subset_group=0, target_camera=True, target_index_end=27, target_index_start=26, target_index_step=1, target_label=6, target_net=['DPN92', 'SENet18', 'ResNet50', 'ResNeXt29_2x64d', 'GoogLeNet', 'MobileNetV2', 'ResNet18', 'DenseNet121'], target_print_size=[2, 4], test_chk_name='ckpt-%s-4800.t7', train_data_path='datasets/CIFAR10_TRAIN_Split.pth')", "poison_label": 8, "target_label": 6, "targets": {"26": {}, "26": {"800": {"time": 333.0, "coeffs_time": 0, "poisons_time": 4, "target_loss": 0.010911738499999046, "total_loss": 0.13122211396694183, "coeff_list": [[0.20000000298023224, 0.20000000298023224, 0.20000000298023224, 0.20000000298023224, 0.20000000298023224], [0.20000000298023224, 0.20000000298023224, 0.20000000298023224, 0.20000000298023224, 0.20000000298023224], [0.20000000298023224, 0.20000000298023224, 0.20000000298023224, 0.20000000298023224, 0.20000000298023224], [0.20000000298023224, 0.20000000298023224, 0.20000000298023224, 0.20000000298023224, 0.20000000298023224], [0.20000000298023224, 0.20000000298023224, 0.20000000298023224, 0.20000000298023224, 0.20000000298023224], [0.20000000298023224, 0.20000000298023224, 0.20000000298023224, 0.20000000298023224, 0.20000000298023224], [0.20000000298023224, 0.20000000298023224, 0.20000000298023224, 0.20000000298023224, 0.20000000298023224], [0.20000000298023224, 0.20000000298023224, 0.20000000298023224, 0.20000000298023224, 0.20000000298023224], [0.20000000298023224, 0.20000000298023224, 0.20000000298023224, 0.20000000298023224, 0.20000000298023224], [0.20000000298023224, 0.20000000298023224, 0.20000000298023224, 0.20000000298023224, 0.20000000298023224], [0.20000000298023224, 0.20000000298023224, 0.20000000298023224, 0.20000000298023224, 0.20000000298023224], [0.20000000298023224, 0.20000000298023224, 0.20000000298023224, 0.20000000298023224, 0.20000000298023224], [0.20000000298023224, 0.20000000298023224, 0.20000000298023224, 0.20000000298023224, 0.20000000298023224], [0.20000000298023224, 0.20000000298023224, 0.20000000298023224, 0.20000000298023224, 0.20000000298023224], [0.20000000298023224, 0.20000000298023224, 0.20000000298023224, 0.20000000298023224, 0.20000000298023224], [0.20000000298023224, 0.20000000298023224, 0.20000000298023224, 0.20000000298023224, 0.20000000298023224], [0.20000000298023224, 0.20000000298023224, 0.20000000298023224, 0.20000000298023224, 0.20000000298023224], [0.20000000298023224, 0.20000000298023224, 0.20000000298023224, 0.20000000298023224, 0.20000000298023224]], "coeff_list_in_victim": [[0.054306693375110626, 0.45848822593688965, 0.4227161407470703, 0.0644889622926712, 0.0]], "victims": {"DPN92": {"clean acc": 92.44000205993652, "prediction": 6, "poisons predictions": [8, 8, 8, 8, 8], "scores": [1.7283856578280952e-15, 7.015251728196171e-21, 2.0038568039844884e-43, 1.2833721679420944e-18, 1.4621292443154957e-31, 1.1165745319926207e-19, 0.9999885559082031, 5.713040589710635e-39, 1.3177728760638274e-05, 0.0], "malicious score": 1.3177728760638274e-05, "camera": {"2": {"prediction": 6, "scores": [2.588315634616408e-16, 5.324400819772274e-19, 6.28020493275839e-37, 5.4730251228393353e-14, 3.1735901950432504e-26, 1.7335625114434767e-15, 0.9995614290237427, 1.709907487867827e-35, 0.0004382105835247785, 7.58102469199726e-43], "malicious score": 0.0004382105835247785}, "4": {"prediction": 6, "scores": [7.670868436705346e-15, 1.7289378439003662e-17, 4.074527967163493e-37, 2.162389902825735e-14, 4.532777813216423e-27, 5.302680359696096e-16, 0.99981689453125, 1.0974584236589807e-33, 0.00018151677795685828, 1.2877932887145069e-42], "malicious score": 0.00018151677795685828}}}, "SENet18": {"clean acc": 91.57000198364258, "prediction": 6, "poisons predictions": [8, 8, 8, 8, 6], "scores": [1.7633378091019836e-09, 5.744040226102198e-12, 7.697736990154188e-18, 9.180941597242143e-13, 1.3852488791599171e-06, 2.489756176834307e-13, 0.9975729584693909, 2.4231256810560982e-17, 0.0024248675908893347, 1.029935058543879e-14], "malicious score": 0.0024248675908893347, "camera": {"2": {"prediction": 8, "scores": [1.154802919955955e-09, 4.029259148552455e-09, 4.689586392825351e-13, 6.553128595321311e-10, 0.00023261494061443955, 2.9121555861211235e-11, 0.09373936057090759, 5.742043667801566e-13, 0.906028687953949, 1.0429436177530893e-12], "malicious score": 0.906028687953949}, "4": {"prediction": 8, "scores": [7.257160916651628e-08, 4.802356912136929e-08, 6.136785551296223e-14, 1.0468021116594173e-08, 0.0030199068132787943, 2.9057709016733213e-10, 0.008259529247879982, 1.0861261889871798e-10, 0.9887210726737976, 1.6963951077197947e-11], "malicious score": 0.9887210726737976}}}, "ResNet50": {"clean acc": 92.76000175476074, "prediction": 6, "poisons predictions": [8, 8, 8, 6, 8], "scores": [1.4637327475456827e-21, 1.747721183889768e-35, 4.983435566598131e-33, 8.313109434228331e-27, 2.872781001247492e-34, 1.1219762970812565e-33, 0.912017285823822, 7.528570660098942e-34, 0.08798208087682724, 8.584310807614339e-31], "malicious score": 0.08798208087682724, "camera": {"2": {"prediction": 8, "scores": [5.852661494156395e-20, 2.8836917971798194e-36, 1.5583105320143798e-25, 8.768018370360792e-25, 3.0732849902004432e-27, 9.797842387685732e-29, 0.0031928191892802715, 5.8702706757183e-31, 0.9968065023422241, 1.4587082392159795e-24], "malicious score": 0.9968065023422241}, "4": {"prediction": 6, "scores": [2.028299181153768e-18, 3.503072749566563e-35, 6.28255777525113e-28, 7.501660945285633e-24, 3.4966482911424276e-29, 5.894530904288763e-30, 0.7877405881881714, 3.2257672194663972e-27, 0.21225906908512115, 4.5918245792271235e-21], "malicious score": 0.21225906908512115}}}, "ResNeXt29_2x64d": {"clean acc": 92.72000122070312, "prediction": 6, "poisons predictions": [8, 8, 8, 8, 8], "scores": [6.046196037346632e-18, 1.2770219723259174e-13, 1.7058229828670335e-12, 2.8556092956932844e-07, 7.370948271012322e-24, 8.263335626651144e-14, 0.9958211779594421, 9.809597956788062e-19, 0.004178100265562534, 1.0530794192201355e-17], "malicious score": 0.004178100265562534, "camera": {"2": {"prediction": 6, "scores": [6.576827976537483e-15, 6.512481932853184e-14, 1.731536336535555e-08, 7.643923254363472e-07, 3.8012025224714553e-19, 8.957030672718247e-10, 0.9901737570762634, 3.680163378899648e-12, 0.009825370274484158, 6.069467438406598e-14], "malicious score": 0.009825370274484158}, "4": {"prediction": 6, "scores": [2.4749185694071464e-16, 7.293334311290198e-16, 9.899686403969099e-08, 3.515758351113618e-08, 6.989577726232112e-22, 1.1690417522913776e-09, 0.997351348400116, 5.710656340168763e-12, 0.0026483137626200914, 4.628685062730946e-14], "malicious score": 0.0026483137626200914}}}, "GoogLeNet": {"clean acc": 91.97000122070312, "prediction": 8, "poisons predictions": [8, 8, 8, 8, 8], "scores": [5.029283212110158e-09, 3.952110194660463e-09, 2.8990090328306906e-08, 0.00011446373537182808, 7.474585572708747e-08, 0.0001696784602245316, 0.003118822118267417, 1.1658977200568188e-05, 0.996585488319397, 4.378218232403697e-09], "malicious score": 0.996585488319397, "camera": {"2": {"prediction": 8, "scores": [1.3940200460638152e-07, 3.257604949680193e-11, 9.133091793955828e-08, 0.0015861766878515482, 0.02114427275955677, 0.009023117832839489, 0.0022791679948568344, 3.55725865430756e-10, 0.9659414887428284, 2.5434237613808364e-05], "malicious score": 0.9659414887428284}, "4": {"prediction": 8, "scores": [1.2319271824878797e-08, 1.1804813203342146e-11, 9.933386557747781e-09, 0.001674861996434629, 0.0004541394009720534, 0.0018077868735417724, 0.04698638990521431, 3.156740840948302e-11, 0.9490301012992859, 4.6914305130485445e-05], "malicious score": 0.9490301012992859}}},