{"args": "Namespace(device='cuda', dset_path='datasets', end2end=False, eval_poisons_root='attack-results-eps0.05/100-overlap/linear-transfer-learning/mean/800', gpu='1', lr_decay_epoch=[30, 45], model_resume_path='model-chks', num_per_class=50, poison_label=8, retrain_bsize=64, retrain_epochs=60, retrain_lr=0.1, retrain_momentum=0.9, retrain_opt='adam', retrain_wd=0, subset_group=0, target_camera=True, target_index_end=10, target_index_start=9, target_index_step=1, target_label=6, target_net=['DPN92', 'SENet18', 'ResNet50', 'ResNeXt29_2x64d', 'GoogLeNet', 'MobileNetV2', 'ResNet18', 'DenseNet121'], target_print_size=[2, 4], test_chk_name='ckpt-%s-4800.t7', train_data_path='datasets/CIFAR10_TRAIN_Split.pth')", "poison_label": 8, "target_label": 6, "targets": {"9": {}, "9": {"800": {"time": 348.0, "coeffs_time": 0, "poisons_time": 4, "target_loss": 0.02963596023619175, "total_loss": 0.09405483305454254, "coeff_list": [[0.20000000298023224, 0.20000000298023224, 0.20000000298023224, 0.20000000298023224, 0.20000000298023224], [0.20000000298023224, 0.20000000298023224, 0.20000000298023224, 0.20000000298023224, 0.20000000298023224], [0.20000000298023224, 0.20000000298023224, 0.20000000298023224, 0.20000000298023224, 0.20000000298023224], [0.20000000298023224, 0.20000000298023224, 0.20000000298023224, 0.20000000298023224, 0.20000000298023224], [0.20000000298023224, 0.20000000298023224, 0.20000000298023224, 0.20000000298023224, 0.20000000298023224], [0.20000000298023224, 0.20000000298023224, 0.20000000298023224, 0.20000000298023224, 0.20000000298023224], [0.20000000298023224, 0.20000000298023224, 0.20000000298023224, 0.20000000298023224, 0.20000000298023224], [0.20000000298023224, 0.20000000298023224, 0.20000000298023224, 0.20000000298023224, 0.20000000298023224], [0.20000000298023224, 0.20000000298023224, 0.20000000298023224, 0.20000000298023224, 0.20000000298023224], [0.20000000298023224, 0.20000000298023224, 0.20000000298023224, 0.20000000298023224, 0.20000000298023224], [0.20000000298023224, 0.20000000298023224, 0.20000000298023224, 0.20000000298023224, 0.20000000298023224], [0.20000000298023224, 0.20000000298023224, 0.20000000298023224, 0.20000000298023224, 0.20000000298023224], [0.20000000298023224, 0.20000000298023224, 0.20000000298023224, 0.20000000298023224, 0.20000000298023224], [0.20000000298023224, 0.20000000298023224, 0.20000000298023224, 0.20000000298023224, 0.20000000298023224], [0.20000000298023224, 0.20000000298023224, 0.20000000298023224, 0.20000000298023224, 0.20000000298023224], [0.20000000298023224, 0.20000000298023224, 0.20000000298023224, 0.20000000298023224, 0.20000000298023224], [0.20000000298023224, 0.20000000298023224, 0.20000000298023224, 0.20000000298023224, 0.20000000298023224], [0.20000000298023224, 0.20000000298023224, 0.20000000298023224, 0.20000000298023224, 0.20000000298023224]], "coeff_list_in_victim": [[0.5349275469779968, 0.0, 0.03405331075191498, 0.002073627896606922, 0.42894551157951355]], "victims": {"DPN92": {"clean acc": 92.0700023651123, "prediction": 6, "poisons predictions": [8, 8, 8, 8, 6], "scores": [8.01631303655112e-14, 1.035026615941472e-16, 8.688050478813866e-44, 1.4144877413116235e-15, 2.647365968185195e-28, 1.3742113075056838e-20, 0.9915482401847839, 1.6337542384650425e-27, 0.008450118824839592, 0.0], "malicious score": 0.008450118824839592, "camera": {"2": {"prediction": 3, "scores": [7.49562037056053e-18, 1.0893544399870336e-10, 8.246247278578154e-19, 0.997748076915741, 2.5228131216026295e-12, 2.5516963432892226e-05, 1.1602180620684521e-06, 1.3598577955130858e-16, 0.002224975498393178, 4.578663050036901e-32], "malicious score": 0.002224975498393178}, "4": {"prediction": 6, "scores": [3.001497747940142e-19, 6.439614568312917e-15, 1.0192752441148779e-24, 0.2052311897277832, 3.1225994012729075e-12, 6.426261097658426e-05, 0.7947037220001221, 2.3924161558823703e-21, 1.3785671271193678e-08, 2.8792195878831286e-35], "malicious score": 1.3785671271193678e-08}}}, "SENet18": {"clean acc": 91.55000038146973, "prediction": 8, "poisons predictions": [8, 8, 8, 6, 6], "scores": [1.506406306361896e-06, 1.2138925740146078e-06, 6.7810783654920215e-09, 6.227835314120966e-08, 2.849833617801778e-05, 1.9344664758946806e-12, 0.03381159529089928, 3.311124601168558e-05, 0.9661241769790649, 1.7348178015658133e-13], "malicious score": 0.9661241769790649, "camera": {"2": {"prediction": 8, "scores": [7.860414541482896e-09, 9.790506079465633e-13, 1.0034565889327496e-07, 1.8409438780508935e-05, 4.878208983427612e-07, 5.303080752305789e-10, 1.992185190147211e-07, 8.366963788475346e-10, 0.9999809265136719, 2.0390421122395974e-12], "malicious score": 0.9999809265136719}, "4": {"prediction": 3, "scores": [1.7870558366439582e-09, 2.5064037435860993e-17, 6.317659426713362e-05, 0.7959696650505066, 0.00010348848445573822, 1.6389675749906019e-07, 6.989267120616205e-08, 6.07244357337007e-14, 0.2038639336824417, 1.1743537186529457e-13], "malicious score": 0.2038639336824417}}}, "ResNet50": {"clean acc": 92.65000076293946, "prediction": 8, "poisons predictions": [8, 8, 8, 8, 8], "scores": [9.279888518083813e-27, 3.052506206854236e-15, 2.2853060269816444e-30, 8.814068677428599e-16, 1.949061928227831e-20, 5.2366523611818414e-42, 0.0029238888528198004, 0.0, 0.9970765113830566, 4.917576700855081e-41], "malicious score": 0.9970765113830566, "camera": {"2": {"prediction": 3, "scores": [2.4429381342382118e-27, 2.712040444649566e-12, 6.355584889518822e-24, 1.0, 4.6747908798976826e-27, 8.73717599944805e-23, 3.923814946323277e-17, 0.0, 5.390374258062991e-10, 2.779704118770185e-34], "malicious score": 5.390374258062991e-10}, "4": {"prediction": 3, "scores": [3.8230155073749486e-34, 2.1081541247397802e-20, 4.4251185790942164e-30, 1.0, 6.577796023500832e-33, 6.50830887900388e-33, 1.4578964067076198e-31, 0.0, 2.6725708541086337e-28, 5.661245795872261e-42], "malicious score": 2.6725708541086337e-28}}}, "ResNeXt29_2x64d": {"clean acc": 92.52000122070312, "prediction": 6, "poisons predictions": [8, 8, 8, 8, 8], "scores": [7.88545755289376e-25, 7.796324652250904e-25, 2.5769629485861145e-11, 8.039101828671846e-09, 1.8009211748029941e-31, 1.0282674116711018e-20, 0.9926816821098328, 9.853388179480345e-22, 0.007319037802517414, 2.1826793820804e-20], "malicious score": 0.007319037802517414, "camera": {"2": {"prediction": 6, "scores": [2.0455192854664782e-24, 9.44781250080748e-33, 0.0015412521315738559, 1.347936762208235e-10, 7.942741787631685e-14, 7.086936966516078e-05, 0.9983829259872437, 8.34787675658795e-19, 1.1635627572559315e-07, 4.938689926348161e-06], "malicious score": 1.1635627572559315e-07}, "4": {"prediction": 6, "scores": [3.4483248295807937e-22, 6.196423832569317e-27, 0.0002078462130157277, 0.00023804792726878077, 1.7815873559409723e-12, 6.782356194889871e-06, 0.9995471239089966, 2.11124441980949e-20, 3.325378727936368e-08, 1.664082899255348e-10], "malicious score": 3.325378727936368e-08}}}, "GoogLeNet": {"clean acc": 91.85000114440918, "prediction": 6, "poisons predictions": [6, 8, 8, 6, 6], "scores": [1.4737767124271947e-16, 5.137216763095864e-10, 3.9833921050558274e-07, 6.533183477586135e-05, 1.1348367801033987e-09, 6.37730336165987e-05, 0.6104884147644043, 5.2876512199873105e-05, 0.38932889699935913, 7.841530159577448e-13], "malicious score": 0.38932889699935913, "camera": {"2": {"prediction": 3, "scores": [2.819222112704356e-11, 2.8012394182042044e-07, 0.0011920208344236016, 0.8396894335746765, 1.8365512005402707e-05, 0.11099622398614883, 0.04779708757996559, 1.6058129270746235e-09, 0.0003063050680793822, 9.775472875617197e-08], "malicious score": 0.0003063050680793822}, "4": {"prediction": 3, "scores": [1.3083264940177974e-12, 9.777508663821877e-11, 0.00025359747814945877, 0.9926457405090332, 9.248460060007346e-07, 0.006768797058612108, 0.0003306276339571923, 6.610072732227135e-13, 2.88640308099275e-07, 8.157113873252797e-11], "malicious score": 2.88640308099275e-07}}}, "MobileNetV2": {"clean acc": 87.02000198364257, "prediction": 8,