{"args": "Namespace(device='cuda', dset_path='datasets', end2end=False, eval_poisons_root='attack-results-10poisons/100-overlap/linear-transfer-learning/convex/800', gpu='1', lr_decay_epoch=[30, 45], model_resume_path='model-chks', num_per_class=50, poison_label=8, retrain_bsize=64, retrain_epochs=60, retrain_lr=0.1, retrain_momentum=0.9, retrain_opt='adam', retrain_wd=0, subset_group=0, target_camera=True, target_index_end=5, target_index_start=4, target_index_step=1, target_label=6, target_net=['DPN92', 'SENet18', 'ResNet50', 'ResNeXt29_2x64d', 'GoogLeNet', 'MobileNetV2', 'ResNet18', 'DenseNet121'], target_print_size=[2, 4], test_chk_name='ckpt-%s-4800.t7', train_data_path='datasets/CIFAR10_TRAIN_Split.pth')", "poison_label": 8, "target_label": 6, "targets": {"4": {}, "4": {"800": {"time": 45705.0, "coeffs_time": 43649, "poisons_time": 45278, "target_loss": 0.015658540651202202, "total_loss": 0.0009561142651364207, "coeff_list": [[0.3576869070529938, 0.07696358859539032, 0.3642027974128723, 0.006480642128735781, 0.0, 0.0, 0.01025601290166378, 0.08401338756084442, 0.09558074921369553, 0.004815942142158747], [0.06642424315214157, 0.02653929963707924, 0.0859379917383194, 0.18449117243289948, 0.06452767550945282, 0.0, 0.0, 0.25005894899368286, 0.29112517833709717, 0.03089549019932747], [0.0, 0.34861692786216736, 0.1870642900466919, 0.0487501360476017, 0.0, 0.0, 0.0, 0.04709167405962944, 0.35633671283721924, 0.012140164151787758], [0.0, 0.509998619556427, 0.10653182119131088, 0.15770210325717926, 0.0, 0.04533149302005768, 0.0, 0.14069262146949768, 0.0, 0.039743341505527496], [0.0, 0.262666255235672, 0.16795314848423004, 0.126787006855011, 0.07114551216363907, 0.2689688205718994, 0.0, 0.0, 0.0, 0.1024792417883873], [0.16788379848003387, 0.23299403488636017, 0.0, 0.0, 0.4042452871799469, 0.0, 0.1914057433605194, 0.0, 0.002331868279725313, 0.0011392978485673666], [0.0, 0.13631857931613922, 0.2613399624824524, 0.0, 0.01503756269812584, 0.0, 0.22431263327598572, 0.2231294959783554, 0.11935792118310928, 0.020503835752606392], [0.2737099230289459, 0.03929542377591133, 0.07158556580543518, 0.13608412444591522, 0.0, 0.10653902590274811, 0.057456906884908676, 0.11204060167074203, 0.15708747506141663, 0.04620096832513809], [0.0, 0.2113194614648819, 0.34502294659614563, 0.1275819092988968, 0.0036766882985830307, 0.0676679015159607, 0.02132050134241581, 0.13055874407291412, 0.07250475883483887, 0.020347151905298233], [0.04077949747443199, 0.1782684028148651, 0.3121768832206726, 0.10107813775539398, 0.022461945191025734, 0.0, 0.2437184602022171, 0.022052079439163208, 0.03343269228935242, 0.0460318885743618], [0.02781340293586254, 0.07504414021968842, 0.14500920474529266, 0.19872988760471344, 0.07083665579557419, 0.04416118934750557, 0.18551680445671082, 0.0, 0.0, 0.25288867950439453], [0.027861667796969414, 0.025394326075911522, 0.28089866042137146, 0.05870496854186058, 0.2753898799419403, 0.03845065459609032, 0.0804189071059227, 0.05494248867034912, 0.0684448704123497, 0.08949346095323563], [0.3149515688419342, 0.10655282437801361, 0.5317758321762085, 0.0, 0.005903896875679493, 0.0325591154396534, 0.0, 0.0, 0.0, 0.008256832137703896], [0.07866112142801285, 0.34931614995002747, 0.04953930526971817, 0.12563301622867584, 0.12084279954433441, 0.0, 0.23559482395648956, 0.0, 0.0, 0.0404127798974514], [0.0701933428645134, 0.2872685492038727, 0.2399642914533615, 0.07002434134483337, 0.003931058570742607, 0.09902120381593704, 0.041256047785282135, 0.0, 0.18543100357055664, 0.0029102375265210867], [0.05180131644010544, 0.2029050886631012, 0.305421382188797, 0.1154349073767662, 0.07655459642410278, 0.0, 0.0, 0.20570439100265503, 0.03209316357970238, 0.010085180401802063], [0.12426213175058365, 0.2580934166908264, 0.04835856705904007, 0.0, 0.18498943746089935, 0.2696947455406189, 0.01872810535132885, 0.0, 0.08505502343177795, 0.01081861648708582], [0.2089623361825943, 0.2905367910861969, 0.0, 0.02946881204843521, 0.05653432756662369, 0.18844643235206604, 0.0, 0.011485063470900059, 0.08405403047800064, 0.1305122673511505]], "coeff_list_in_victim": [[0.1483282446861267, 0.0, 0.20589281618595123, 0.3037896454334259, 0.0, 0.0, 0.0, 0.0, 0.2772919833660126, 0.06469722092151642]], "victims": {"DPN92": {"clean acc": 91.89000129699707, "prediction": 8, "poisons predictions": [8, 8, 8, 8, 8, 8, 8, 8, 6, 8], "scores": [1.517515669890156e-18, 6.288847757125205e-33, 1.3261920952286687e-35, 8.11948702716947e-11, 1.7105725783764767e-28, 3.1629897698925183e-19, 0.11159162223339081, 3.2369949577079373e-28, 0.8884078860282898, 3.363116314379561e-44], "malicious score": 0.8884078860282898, "camera": {"2": {"prediction": 6, "scores": [6.542900498376065e-21, 1.0670887805833482e-41, 3.8221016888468195e-24, 5.332490005116597e-08, 8.21167537443757e-29, 1.4356041529162145e-11, 1.0, 4.40466302738584e-27, 1.8540511058937406e-14, 2.388919608996305e-39], "malicious score": 1.8540511058937406e-14}, "4": {"prediction": 6, "scores": [1.9043414100741745e-19, 1.1013396539600068e-37, 6.525462280318254e-33, 1.7732925527980115e-07, 5.764407508943133e-28, 1.679105937407374e-14, 1.0, 1.4590774540937553e-29, 2.860625691880614e-08, 2.4760943864619518e-42], "malicious score": 2.860625691880614e-08}}}, "SENet18": {"clean acc": 91.26000175476074, "prediction": 6, "poisons predictions": [8, 8, 6, 6, 8, 8, 6, 8, 6, 8], "scores": [3.557000805010091e-10, 9.822846746068703e-13, 1.2838118155361622e-12, 3.908973145172467e-09, 2.0184481400065124e-05, 6.854853056709187e-12, 0.9641802310943604, 1.0425577501999017e-12, 0.03579948842525482, 1.546720278168979e-14], "malicious score": 0.03579948842525482, "camera": {"2": {"prediction": 6, "scores": [3.394728942396341e-10, 8.039636379921343e-17, 1.9448273547162387e-10, 4.539083331422944e-09, 3.695587622587482e-07, 8.811216339887906e-11, 0.9998912811279297, 6.311497023392442e-15, 0.0001078678760677576, 1.880172416140937e-14], "malicious score": 0.0001078678760677576}, "4": {"prediction": 6, "scores": [3.31058375158122e-11, 7.047502718335441e-18, 2.686615578444129e-13, 2.2314615433227658e-10, 4.34590603504148e-08, 6.375121784640836e-12, 0.9998683929443359, 5.726307477001982e-16, 0.00013197632506489754, 2.9241997735865227e-15], "malicious score": 0.00013197632506489754}}}, "ResNet50": {"clean acc": 92.37000160217285, "prediction": 8, "poisons predictions": [8, 8, 6, 8, 8, 8, 6, 8, 8, 8], "scores": [8.609478467681455e-35, 0.0, 6.1926569603578694e-30, 6.354322792466007e-32, 1.062610820160457e-32, 3.877673110479634e-41, 0.0001342204341199249, 1.142658444274723e-31, 0.9998664855957031, 2.510552315699699e-40], "malicious score": 0.9998664855957031, "camera": {"2": {"prediction": 6, "scores": [5.337282967021321e-38, 0.0, 1.4326318780816112e-28, 2.336476434358488e-38, 1.4444841288138879e-37, 4.422250876463893e-37, 1.0, 2.0424645046667387e-30, 1.1232662577853603e-09, 4.557022605984305e-42], "malicious score": 1.1232662577853603e-09}, "4": {"prediction": 6, "scores": [1.117453435629674e-32, 0.0, 1.723411939610305e-26, 2.356662483737576e-30, 8.868503023846538e-31, 7.02864548267776e-36, 0.9998301863670349, 1.1406550492526166e-31, 0.00016982722445391119, 9.980218621333995e-39], "malicious score": 0.00016982722445391119}}}, "ResNeXt29_2x64d": {"clean acc": 92.68000144958496, "prediction": 8, "poisons predictions": [8, 8, 8, 8, 8, 8, 8, 8, 8, 8], "scores": [3.369569442481205e-18, 3.511234488925985e-12, 4.245120761533529e-15, 2.3012873828776037e-09, 0.0, 9.602001071654556e-28, 1.4960417502152268e-05, 5.806404818792927e-28, 0.9999847412109375, 5.40286988288958e-25], "malicious score": 0.9999847412109375, "camera": {"2": {"prediction": 6, "scores": [8.198251647863197e-13, 1.5870536134053484e-31, 0.008621573448181152, 6.073005379830798e-12, 3.7480258554546985e-35, 3.430217887512299e-08, 0.9913600087165833, 9.716146208990986e-14, 1.8610853658174165e-05, 7.697119913417223e-18], "malicious score": 1.8610853658174165e-05}, "4": {"prediction": 6,