{"args": "Namespace(device='cuda', dset_path='datasets', end2end=False, eval_poisons_root='attack-results-10poisons/100-overlap/linear-transfer-learning/convex/800', gpu='2', lr_decay_epoch=[30, 45], model_resume_path='model-chks', num_per_class=50, poison_label=8, retrain_bsize=64, retrain_epochs=60, retrain_lr=0.1, retrain_momentum=0.9, retrain_opt='adam', retrain_wd=0, subset_group=0, target_camera=True, target_index_end=6, target_index_start=5, target_index_step=1, target_label=6, target_net=['DPN92', 'SENet18', 'ResNet50', 'ResNeXt29_2x64d', 'GoogLeNet', 'MobileNetV2', 'ResNet18', 'DenseNet121'], target_print_size=[2, 4], test_chk_name='ckpt-%s-4800.t7', train_data_path='datasets/CIFAR10_TRAIN_Split.pth')", "poison_label": 8, "target_label": 6, "targets": {"5": {}, "5": {"800": {"time": 36310.0, "coeffs_time": 34254, "poisons_time": 35891, "target_loss": 0.014010951854288578, "total_loss": 0.0010576138738542795, "coeff_list": [[0.13465696573257446, 0.3280867636203766, 0.3382427990436554, 0.03243626654148102, 0.0779416635632515, 0.0, 0.0, 0.08503472059965134, 0.0010767248459160328, 0.0025242166593670845], [0.08035248517990112, 0.0, 0.0, 0.10684460401535034, 0.16312231123447418, 0.023215534165501595, 0.05655205622315407, 0.2185937762260437, 0.19285257160663605, 0.1584666222333908], [0.046224359422922134, 0.22097843885421753, 0.3738551437854767, 0.009117075242102146, 0.1102541908621788, 0.045246463268995285, 0.0, 0.08167439699172974, 0.06373292952775955, 0.04891703650355339], [0.0942520946264267, 0.5434206128120422, 0.05931343138217926, 0.0, 0.1856650859117508, 0.0, 0.0, 0.04094943031668663, 0.058277104049921036, 0.0181222353130579], [0.018730977550148964, 0.2956899404525757, 0.10221521556377411, 0.07920042425394058, 0.07176456600427628, 0.03243260085582733, 0.02152114547789097, 0.0, 0.22004178166389465, 0.15840338170528412], [0.0, 0.18461152911186218, 0.15723258256912231, 0.0421636663377285, 0.3562694191932678, 0.05344574153423309, 0.0, 0.084034763276577, 0.11708539724349976, 0.005156900733709335], [0.0, 0.3226975202560425, 0.025463292375206947, 0.01072367187589407, 0.0, 0.0, 0.0, 0.5837529301643372, 0.057362642139196396, 0.0], [0.1930340975522995, 0.12475857883691788, 0.12165345251560211, 0.1767258197069168, 0.022163571789860725, 0.03701796382665634, 0.07218717783689499, 0.017550453543663025, 0.17459726333618164, 0.060311563313007355], [0.020897086709737778, 0.216847762465477, 0.3787311613559723, 0.0614251010119915, 0.06964900344610214, 0.23304630815982819, 0.0, 0.0, 0.019403677433729172, 0.0], [0.12553533911705017, 0.27978643774986267, 0.27923572063446045, 0.00027367938309907913, 0.04686255380511284, 0.04996770992875099, 0.0381372906267643, 0.0, 0.04129639267921448, 0.13890491425991058], [0.15383586287498474, 0.2436646819114685, 0.08448073267936707, 0.0, 0.17255899310112, 0.13227221369743347, 0.08410535752773285, 0.0, 0.09690964221954346, 0.03217247873544693], [0.2457454800605774, 0.1314873993396759, 0.05123681202530861, 0.0, 0.0, 0.0, 0.0, 0.041579511016607285, 0.26639482378959656, 0.26355597376823425], [0.2574230134487152, 0.0, 0.44633927941322327, 0.06973940134048462, 0.0, 0.08704206347465515, 0.01979861781001091, 0.0, 0.08908522874116898, 0.03057236783206463], [0.20911180973052979, 0.09512210637331009, 0.10756015032529831, 0.1313031017780304, 0.009710807353258133, 0.049611516296863556, 0.19259555637836456, 0.16235990822315216, 0.042625147849321365, 0.0], [0.0, 0.35886600613594055, 0.2544722259044647, 0.10558918118476868, 0.16644050180912018, 0.002662709215655923, 0.0, 0.0, 0.011514835059642792, 0.10045453161001205], [0.19293859601020813, 0.23227086663246155, 0.20852896571159363, 0.006818473804742098, 0.03621026873588562, 0.0, 0.07013233006000519, 0.030802804976701736, 0.01611022651195526, 0.206187441945076], [0.0018805215368047357, 0.0, 0.07164271920919418, 0.05611790344119072, 0.08172284066677094, 0.2668096125125885, 0.0, 0.39936405420303345, 0.0, 0.12246234714984894], [0.06077369302511215, 0.03771156445145607, 0.20833717286586761, 0.19990672171115875, 0.12245739996433258, 0.2007337361574173, 0.09479875862598419, 0.07528103142976761, 0.0, 0.0]], "coeff_list_in_victim": [[0.35291796922683716, 0.0, 0.0, 0.0, 0.279636949300766, 0.0, 0.013630552217364311, 0.31841859221458435, 0.0, 0.035395946353673935]], "victims": {"DPN92": {"clean acc": 92.10000114440918, "prediction": 8, "poisons predictions": [8, 8, 8, 6, 8, 8, 8, 8, 8, 8], "scores": [7.597455921760227e-14, 1.430859082678962e-25, 9.80908925027372e-45, 7.503651312031443e-20, 1.1782582288113533e-27, 1.0959678635026623e-20, 1.2386326631030897e-08, 3.880896068607721e-33, 1.0, 0.0], "malicious score": 1.0, "camera": {"2": {"prediction": 3, "scores": [2.568183513074196e-12, 1.439053581430306e-14, 6.710818000881273e-15, 0.8944225311279297, 1.9727354472198755e-10, 0.102790966629982, 6.58888898996679e-09, 2.7241634238979304e-18, 0.0027863539289683104, 2.2549294888397156e-21], "malicious score": 0.0027863539289683104}, "4": {"prediction": 3, "scores": [2.8971554430663737e-13, 6.521241862890393e-15, 4.7730740847601414e-18, 0.973991334438324, 3.9951189578779633e-10, 0.0259323101490736, 1.5130494190884747e-08, 1.0695926119041694e-19, 7.655822992091998e-05, 7.613962268674247e-22], "malicious score": 7.655822992091998e-05}}}, "SENet18": {"clean acc": 91.49000205993653, "prediction": 8, "poisons predictions": [8, 6, 8, 8, 6, 8, 8, 8, 8, 8], "scores": [3.7676839426126207e-10, 2.3290221205611583e-13, 2.077889995496996e-24, 2.880657089061094e-21, 2.6920977112040306e-14, 3.21127553544099e-22, 3.7396671359601896e-07, 4.301684880597342e-16, 1.0, 3.3046450314035925e-20], "malicious score": 1.0, "camera": {"2": {"prediction": 8, "scores": [3.1256317015504465e-05, 2.2118102836552595e-16, 5.4146180594738524e-11, 3.187505370760846e-08, 4.009520537806566e-08, 2.798728956920904e-11, 0.00035024964017793536, 7.331631504160774e-13, 0.9996185898780823, 3.2942599386201477e-13], "malicious score": 0.9996185898780823}, "4": {"prediction": 8, "scores": [1.2986690762772923e-06, 3.509402670672069e-18, 2.2605850877361223e-16, 7.35435509420599e-15, 1.420481137229257e-12, 1.3540131854589698e-17, 8.094345389508817e-07, 1.0156314672734798e-15, 0.999998152256012, 2.695498720540824e-18], "malicious score": 0.999998152256012}}}, "ResNet50": {"clean acc": 91.93000144958496, "prediction": 8, "poisons predictions": [8, 8, 8, 6, 8, 8, 8, 8, 8, 8], "scores": [0.0, 1.6549165362613845e-36, 1.6404506737705176e-25, 7.817910788536674e-34, 0.0, 2.2166129373675387e-34, 1.7677112551517382e-10, 2.91189820886697e-42, 1.0, 1.7265348061261796e-29], "malicious score": 1.0, "camera": {"2": {"prediction": 3, "scores": [4.203475003435154e-41, 4.192679322938528e-34, 1.382243902670055e-10, 0.9374352097511292, 2.942726775082116e-44, 9.318789582584389e-30, 5.5764415673587754e-24, 5.435868619162885e-31, 0.06256464123725891, 1.3742948582130142e-28], "malicious score": 0.06256464123725891}, "4": {"prediction": 8, "scores": [0.0, 7.839508206726616e-40, 8.134672504666056e-20, 0.0012871669605374336, 0.0, 1.0164888122883717e-36, 1.2967722346098668e-26, 4.0598951601835044e-38, 0.9987115263938904, 2.246381643035892e-33], "malicious score": 0.9987115263938904}}}, "ResNeXt29_2x64d": {"clean acc": 92.29000129699708, "prediction": 8, "poisons predictions": [8, 8, 8, 8, 8, 8, 8, 8, 8, 8], "scores": [5.8040034838269755e-24, 3.915158004904542e-17, 7.264102330990983e-22, 3.1460251070924983e-10, 9.471895746948482e-30, 2.0120966519522284e-29, 3.1646230080895066e-09, 9.629897063254949e-17, 1.0, 1.6375144378319003e-22], "malicious score": 1.0, "camera": {"2": {"prediction": 3, "scores": [4.3030163105113074e-15, 2.123348968440658e-15, 1.2358609968732281e-10, 0.9999485611915588, 3.504217005456667e-08, 1.6195970346105648e-12, 8.892901064427861e-07, 3.075664451856336e-13, 5.076522211311385e-05, 4.703580838245826e-16], "malicious score": 5.076522211311385e-05}, "4": {"prediction": 3,