{"args": "Namespace(device='cuda', dset_path='datasets', end2end=False, eval_poisons_root='attack-results-3poisons/100-overlap/linear-transfer-learning/mean/800', gpu='0', lr_decay_epoch=[30, 45], model_resume_path='model-chks', num_per_class=50, poison_label=8, retrain_bsize=64, retrain_epochs=60, retrain_lr=0.1, retrain_momentum=0.9, retrain_opt='adam', retrain_wd=0, subset_group=0, target_camera=True, target_index_end=12, target_index_start=11, target_index_step=1, target_label=6, target_net=['DPN92', 'SENet18', 'ResNet50', 'ResNeXt29_2x64d', 'GoogLeNet', 'MobileNetV2', 'ResNet18', 'DenseNet121'], target_print_size=[2, 4], test_chk_name='ckpt-%s-4800.t7', train_data_path='datasets/CIFAR10_TRAIN_Split.pth')", "poison_label": 8, "target_label": 6, "targets": {"11": {}, "11": {"800": {"time": 364.0, "coeffs_time": 0, "poisons_time": 4, "target_loss": 0.029338227584958076, "total_loss": 0.11088064312934875, "coeff_list": [[0.3333333432674408, 0.3333333432674408, 0.3333333432674408], [0.3333333432674408, 0.3333333432674408, 0.3333333432674408], [0.3333333432674408, 0.3333333432674408, 0.3333333432674408], [0.3333333432674408, 0.3333333432674408, 0.3333333432674408], [0.3333333432674408, 0.3333333432674408, 0.3333333432674408], [0.3333333432674408, 0.3333333432674408, 0.3333333432674408], [0.3333333432674408, 0.3333333432674408, 0.3333333432674408], [0.3333333432674408, 0.3333333432674408, 0.3333333432674408], [0.3333333432674408, 0.3333333432674408, 0.3333333432674408], [0.3333333432674408, 0.3333333432674408, 0.3333333432674408], [0.3333333432674408, 0.3333333432674408, 0.3333333432674408], [0.3333333432674408, 0.3333333432674408, 0.3333333432674408], [0.3333333432674408, 0.3333333432674408, 0.3333333432674408], [0.3333333432674408, 0.3333333432674408, 0.3333333432674408], [0.3333333432674408, 0.3333333432674408, 0.3333333432674408], [0.3333333432674408, 0.3333333432674408, 0.3333333432674408], [0.3333333432674408, 0.3333333432674408, 0.3333333432674408], [0.3333333432674408, 0.3333333432674408, 0.3333333432674408]], "coeff_list_in_victim": [[0.32456836104393005, 0.6754316687583923, 0.0]], "victims": {"DPN92": {"clean acc": 92.80000190734863, "prediction": 6, "poisons predictions": [8, 8, 8], "scores": [0.0001774445699993521, 2.6869292354852838e-31, 7.629679061810494e-33, 1.0577553474766781e-14, 1.1326802608238335e-25, 1.2341659812176164e-12, 0.8360541462898254, 5.451863406806043e-22, 0.16376851499080658, 0.0], "malicious score": 0.16376851499080658, "camera": {"2": {"prediction": 6, "scores": [2.9444276151480153e-05, 5.343759703018893e-31, 7.447781969678018e-36, 7.586711478230895e-14, 1.6655739362406858e-23, 1.3264859046249744e-12, 0.7151150107383728, 9.083661537277576e-24, 0.28485485911369324, 5.801375642304743e-43], "malicious score": 0.28485485911369324}, "4": {"prediction": 6, "scores": [0.0001303253520745784, 8.627447688707594e-31, 1.9735666692833167e-33, 1.8514168063227254e-12, 5.357068579289403e-23, 3.712787716159127e-11, 0.5771373510360718, 2.9230311123056135e-21, 0.4227326512336731, 5.927492504093976e-43], "malicious score": 0.4227326512336731}}}, "SENet18": {"clean acc": 91.47000122070312, "prediction": 8, "poisons predictions": [6, 8, 8], "scores": [1.2736751159536652e-05, 4.127946248710934e-11, 2.72001199341787e-09, 5.781541467797524e-09, 5.092975357001706e-07, 1.0537315811576242e-11, 0.00010816671419888735, 5.492456693900749e-06, 0.9998722076416016, 7.05518339604895e-14], "malicious score": 0.9998722076416016, "camera": {"2": {"prediction": 8, "scores": [3.901990203303285e-05, 3.1540816779109665e-14, 4.916477641669914e-11, 3.8431551274697995e-09, 7.715830747656582e-07, 2.1045537816795357e-13, 8.642825378046837e-06, 2.8595019685440093e-08, 0.9999523162841797, 3.116557806004202e-17], "malicious score": 0.9999523162841797}, "4": {"prediction": 8, "scores": [1.5022194020275492e-05, 2.7887856954289525e-11, 6.842476585333657e-10, 2.9670212953192276e-08, 2.0248867258487735e-06, 4.33124976856325e-12, 4.262779384589521e-06, 5.8337122936791275e-06, 0.9999732971191406, 1.1960405911926996e-14], "malicious score": 0.9999732971191406}}}, "ResNet50": {"clean acc": 93.5400016784668, "prediction": 6, "poisons predictions": [8, 8, 8], "scores": [2.776953522813161e-23, 3.3458744108649796e-10, 4.5963323458232354e-27, 1.769555743196221e-22, 0.0, 1.4931690542697214e-32, 0.9883204102516174, 1.5829067453013134e-41, 0.011679504998028278, 6.2654166377008e-37], "malicious score": 0.011679504998028278, "camera": {"2": {"prediction": 6, "scores": [1.408049315543764e-22, 7.458132418938779e-13, 1.3163295139347348e-26, 2.7150326941038404e-19, 0.0, 1.6780796641533634e-31, 0.5698007345199585, 3.1472883249042526e-40, 0.4301992356777191, 3.0646124039165772e-33], "malicious score": 0.4301992356777191}, "4": {"prediction": 8, "scores": [3.998178137009913e-20, 4.3244854919244347e-10, 1.3335822344860937e-22, 2.0736078056460966e-15, 0.0, 1.2136057584669074e-30, 0.0038963607512414455, 1.8776589117191917e-34, 0.9961032867431641, 9.916092680711785e-30], "malicious score": 0.9961032867431641}}}, "ResNeXt29_2x64d": {"clean acc": 93.08000183105469, "prediction": 6, "poisons predictions": [8, 8, 8], "scores": [8.874982997029677e-20, 8.429977549351264e-11, 7.255148213143402e-17, 1.5115457774328434e-09, 0.0, 5.889210176751856e-28, 0.999733030796051, 2.25107170910205e-20, 0.00026719356537796557, 4.136539574908039e-25], "malicious score": 0.00026719356537796557, "camera": {"2": {"prediction": 6, "scores": [1.825869100011146e-12, 2.2255764939305145e-12, 4.743766837678187e-11, 2.0109030174353393e-07, 4.491915185264765e-34, 4.406630488459736e-19, 0.9781028032302856, 4.762464836556568e-13, 0.02189706824719906, 1.5560223749705715e-19], "malicious score": 0.02189706824719906}, "4": {"prediction": 8, "scores": [3.772311022581798e-12, 2.865570558618913e-10, 5.217141163527117e-10, 8.697077191754943e-07, 3.873362223146311e-36, 1.463187119341921e-19, 0.4670164883136749, 1.8608339695525e-12, 0.5329824686050415, 1.1305610136076713e-17], "malicious score": 0.5329824686050415}}}, "GoogLeNet": {"clean acc": 92.1100009918213, "prediction": 6, "poisons predictions": [8, 8, 8], "scores": [2.564552801231912e-07, 1.8967458714769236e-09, 4.737943370969333e-11, 1.00102454325679e-06, 5.226949428838168e-11, 1.1943693323246407e-07, 0.9998712539672852, 7.863026202370449e-12, 0.0001272107328986749, 1.7136855086016811e-12], "malicious score": 0.0001272107328986749, "camera": {"2": {"prediction": 6, "scores": [2.2967664392581355e-07, 1.4238271672795122e-10, 5.821576554154717e-09, 4.247476681484841e-06, 7.581992672589521e-11, 1.1669193327179528e-06, 0.9999885559082031, 2.356270560610607e-12, 5.586633051279932e-06, 8.490420172480029e-12], "malicious score": 5.586633051279932e-06}, "4": {"prediction": 6, "scores": [2.8986951861043053e-07, 2.3385617886617638e-09, 1.1757507856202665e-08, 8.644399713375606e-06, 1.6461865204320247e-10, 1.474648911425902e-06, 0.9999656677246094, 8.844534479801602e-12, 2.420401324343402e-05, 1.5596060901068576e-11], "malicious score": 2.420401324343402e-05}}}, "MobileNetV2": {"clean acc": 86.56000061035157, "prediction": 6, "poisons predictions": [6, 8, 8], "scores": [0.014583044685423374, 6.36166461731591e-08, 2.0344243978343002e-07, 2.8586311600520276e-05, 5.657524535931339e-30, 1.0176900433478409e-09, 0.9849979281425476, 1.266342132131822e-17, 0.0003898562863469124, 6.127703379432692e-12], "malicious score": 0.0003898562863469124, "camera": {"2": {"prediction": 0, "scores": [0.9861427545547485, 7.736871054930816e-08, 0.0010577612556517124, 0.0013438790338113904, 1.2421635003444282e-29, 6.568991011590697e-06, 0.010582052171230316, 3.867807394080259e-15, 0.000866945250891149, 7.411824626268881e-11], "malicious score": 0.000866945250891149}, "4": {"prediction": 0,