{"args": "Namespace(device='cuda', dset_path='datasets', end2end=False, eval_poisons_root='attack-results-10poisons/100-overlap/linear-transfer-learning/mean/800', gpu='1', lr_decay_epoch=[30, 45], model_resume_path='model-chks', num_per_class=50, poison_label=8, retrain_bsize=64, retrain_epochs=60, retrain_lr=0.1, retrain_momentum=0.9, retrain_opt='adam', retrain_wd=0, subset_group=0, target_camera=True, target_index_end=13, target_index_start=12, target_index_step=1, target_label=6, target_net=['DPN92', 'SENet18', 'ResNet50', 'ResNeXt29_2x64d', 'GoogLeNet', 'MobileNetV2', 'ResNet18', 'DenseNet121'], target_print_size=[2, 4], test_chk_name='ckpt-%s-4800.t7', train_data_path='datasets/CIFAR10_TRAIN_Split.pth')", "poison_label": 8, "target_label": 6, "targets": {"12": {}, "12": {"800": {"time": 407.0, "coeffs_time": 0, "poisons_time": 4, "target_loss": 0.0129201989620924, "total_loss": 0.07466993480920792, "coeff_list": [[0.10000000149011612, 0.10000000149011612, 0.10000000149011612, 0.10000000149011612, 0.10000000149011612, 0.10000000149011612, 0.10000000149011612, 0.10000000149011612, 0.10000000149011612, 0.10000000149011612], [0.10000000149011612, 0.10000000149011612, 0.10000000149011612, 0.10000000149011612, 0.10000000149011612, 0.10000000149011612, 0.10000000149011612, 0.10000000149011612, 0.10000000149011612, 0.10000000149011612], [0.10000000149011612, 0.10000000149011612, 0.10000000149011612, 0.10000000149011612, 0.10000000149011612, 0.10000000149011612, 0.10000000149011612, 0.10000000149011612, 0.10000000149011612, 0.10000000149011612], [0.10000000149011612, 0.10000000149011612, 0.10000000149011612, 0.10000000149011612, 0.10000000149011612, 0.10000000149011612, 0.10000000149011612, 0.10000000149011612, 0.10000000149011612, 0.10000000149011612], [0.10000000149011612, 0.10000000149011612, 0.10000000149011612, 0.10000000149011612, 0.10000000149011612, 0.10000000149011612, 0.10000000149011612, 0.10000000149011612, 0.10000000149011612, 0.10000000149011612], [0.10000000149011612, 0.10000000149011612, 0.10000000149011612, 0.10000000149011612, 0.10000000149011612, 0.10000000149011612, 0.10000000149011612, 0.10000000149011612, 0.10000000149011612, 0.10000000149011612], [0.10000000149011612, 0.10000000149011612, 0.10000000149011612, 0.10000000149011612, 0.10000000149011612, 0.10000000149011612, 0.10000000149011612, 0.10000000149011612, 0.10000000149011612, 0.10000000149011612], [0.10000000149011612, 0.10000000149011612, 0.10000000149011612, 0.10000000149011612, 0.10000000149011612, 0.10000000149011612, 0.10000000149011612, 0.10000000149011612, 0.10000000149011612, 0.10000000149011612], [0.10000000149011612, 0.10000000149011612, 0.10000000149011612, 0.10000000149011612, 0.10000000149011612, 0.10000000149011612, 0.10000000149011612, 0.10000000149011612, 0.10000000149011612, 0.10000000149011612], [0.10000000149011612, 0.10000000149011612, 0.10000000149011612, 0.10000000149011612, 0.10000000149011612, 0.10000000149011612, 0.10000000149011612, 0.10000000149011612, 0.10000000149011612, 0.10000000149011612], [0.10000000149011612, 0.10000000149011612, 0.10000000149011612, 0.10000000149011612, 0.10000000149011612, 0.10000000149011612, 0.10000000149011612, 0.10000000149011612, 0.10000000149011612, 0.10000000149011612], [0.10000000149011612, 0.10000000149011612, 0.10000000149011612, 0.10000000149011612, 0.10000000149011612, 0.10000000149011612, 0.10000000149011612, 0.10000000149011612, 0.10000000149011612, 0.10000000149011612], [0.10000000149011612, 0.10000000149011612, 0.10000000149011612, 0.10000000149011612, 0.10000000149011612, 0.10000000149011612, 0.10000000149011612, 0.10000000149011612, 0.10000000149011612, 0.10000000149011612], [0.10000000149011612, 0.10000000149011612, 0.10000000149011612, 0.10000000149011612, 0.10000000149011612, 0.10000000149011612, 0.10000000149011612, 0.10000000149011612, 0.10000000149011612, 0.10000000149011612], [0.10000000149011612, 0.10000000149011612, 0.10000000149011612, 0.10000000149011612, 0.10000000149011612, 0.10000000149011612, 0.10000000149011612, 0.10000000149011612, 0.10000000149011612, 0.10000000149011612], [0.10000000149011612, 0.10000000149011612, 0.10000000149011612, 0.10000000149011612, 0.10000000149011612, 0.10000000149011612, 0.10000000149011612, 0.10000000149011612, 0.10000000149011612, 0.10000000149011612], [0.10000000149011612, 0.10000000149011612, 0.10000000149011612, 0.10000000149011612, 0.10000000149011612, 0.10000000149011612, 0.10000000149011612, 0.10000000149011612, 0.10000000149011612, 0.10000000149011612], [0.10000000149011612, 0.10000000149011612, 0.10000000149011612, 0.10000000149011612, 0.10000000149011612, 0.10000000149011612, 0.10000000149011612, 0.10000000149011612, 0.10000000149011612, 0.10000000149011612]], "coeff_list_in_victim": [[0.09739731252193451, 0.0, 0.0, 0.0, 0.19514799118041992, 0.0, 0.3473469018936157, 0.15341660380363464, 0.0, 0.2066911906003952]], "victims": {"DPN92": {"clean acc": 92.61000175476075, "prediction": 8, "poisons predictions": [8, 8, 8, 8, 8, 8, 8, 8, 8, 8], "scores": [6.47763743685803e-13, 5.342753149246803e-34, 3.357401690418597e-28, 9.653330626787433e-16, 9.045744355466913e-28, 2.724883286097811e-16, 6.484935255457458e-08, 0.0, 1.0, 0.0], "malicious score": 1.0, "camera": {"2": {"prediction": 8, "scores": [8.748613147638339e-16, 4.1016006050787396e-42, 1.082959066932114e-14, 1.2105411997254123e-06, 5.123075774058533e-22, 0.02980637736618519, 7.090084652780691e-17, 2.2420775429197073e-44, 0.9701931476593018, 2.0361144665511814e-32], "malicious score": 0.9701931476593018}, "4": {"prediction": 5, "scores": [3.876274171380758e-21, 0.0, 4.135896052720467e-12, 3.2918662782321917e-06, 3.009910724069432e-21, 0.9982048869132996, 3.183369296928871e-22, 0.0, 0.0017916960641741753, 1.297321758822044e-33], "malicious score": 0.0017916960641741753}}}, "SENet18": {"clean acc": 91.20000190734864, "prediction": 6, "poisons predictions": [8, 6, 8, 8, 8, 8, 6, 8, 8, 8], "scores": [7.170927991895703e-16, 2.091066447076063e-31, 4.82135388741884e-16, 2.152923335552279e-15, 3.897855649359627e-10, 8.216900391098069e-16, 0.7961207032203674, 2.4112898691298932e-29, 0.20388086140155792, 2.82281975629227e-20], "malicious score": 0.20388086140155792, "camera": {"2": {"prediction": 8, "scores": [8.911112695222344e-20, 6.160843730865666e-39, 7.269863028321782e-16, 7.595709720987815e-16, 3.740316042999403e-11, 1.026596602865526e-11, 3.727977309608832e-05, 2.1801840919290676e-34, 0.9999618530273438, 1.5090990037598525e-18], "malicious score": 0.9999618530273438}, "4": {"prediction": 8, "scores": [2.2523086026117583e-20, 9.344239313300177e-38, 8.761872389636421e-16, 5.668296371554374e-14, 2.0464754335591806e-09, 6.252994566580128e-09, 0.005710954777896404, 5.458780410980213e-34, 0.9942905306816101, 2.149500290123967e-16], "malicious score": 0.9942905306816101}}}, "ResNet50": {"clean acc": 93.1500015258789, "prediction": 6, "poisons predictions": [8, 8, 8, 8, 8, 8, 8, 8, 8, 8], "scores": [0.0, 2.312142466135948e-43, 6.481099008723851e-35, 3.640964309226079e-21, 2.7397750093134e-33, 0.0, 1.0, 6.876434877584246e-23, 7.04271710394444e-11, 5.1548451117551735e-25], "malicious score": 7.04271710394444e-11, "camera": {"2": {"prediction": 8, "scores": [0.0, 1.8286944959438863e-42, 6.635403355909433e-27, 7.669924808120787e-13, 2.8048011114891295e-25, 5.02480546064368e-39, 7.762520795040473e-07, 1.661915570438932e-11, 1.0, 2.6014102345853674e-17], "malicious score": 1.0}, "4": {"prediction": 6, "scores": [0.0, 2.3177476599932474e-42, 4.3368568118337985e-26, 6.698646899758881e-14, 1.7011411501022045e-23, 0.0, 1.0, 7.786132653697932e-17, 1.05978759101788e-09, 1.2092097598395195e-17], "malicious score": 1.05978759101788e-09}}}, "ResNeXt29_2x64d": {"clean acc": 93.07000122070312, "prediction": 6, "poisons predictions": [8, 8, 8, 8, 8, 8, 8, 8, 8, 8],