{"args": "Namespace(device='cuda', dset_path='datasets', end2end=False, eval_poisons_root='attack-results-eps0.01/100-overlap/linear-transfer-learning/mean/800', gpu='1', lr_decay_epoch=[30, 45], model_resume_path='model-chks', num_per_class=50, poison_label=8, retrain_bsize=64, retrain_epochs=60, retrain_lr=0.1, retrain_momentum=0.9, retrain_opt='adam', retrain_wd=0, subset_group=0, target_camera=True, target_index_end=16, target_index_start=15, target_index_step=1, target_label=6, target_net=['DPN92', 'SENet18', 'ResNet50', 'ResNeXt29_2x64d', 'GoogLeNet', 'MobileNetV2', 'ResNet18', 'DenseNet121'], target_print_size=[2, 4], test_chk_name='ckpt-%s-4800.t7', train_data_path='datasets/CIFAR10_TRAIN_Split.pth')", "poison_label": 8, "target_label": 6, "targets": {"15": {}, "15": {"800": {"time": 339.0, "coeffs_time": 0, "poisons_time": 4, "target_loss": 0.06671516597270966, "total_loss": 0.48023197054862976, "coeff_list": [[0.20000000298023224, 0.20000000298023224, 0.20000000298023224, 0.20000000298023224, 0.20000000298023224], [0.20000000298023224, 0.20000000298023224, 0.20000000298023224, 0.20000000298023224, 0.20000000298023224], [0.20000000298023224, 0.20000000298023224, 0.20000000298023224, 0.20000000298023224, 0.20000000298023224], [0.20000000298023224, 0.20000000298023224, 0.20000000298023224, 0.20000000298023224, 0.20000000298023224], [0.20000000298023224, 0.20000000298023224, 0.20000000298023224, 0.20000000298023224, 0.20000000298023224], [0.20000000298023224, 0.20000000298023224, 0.20000000298023224, 0.20000000298023224, 0.20000000298023224], [0.20000000298023224, 0.20000000298023224, 0.20000000298023224, 0.20000000298023224, 0.20000000298023224], [0.20000000298023224, 0.20000000298023224, 0.20000000298023224, 0.20000000298023224, 0.20000000298023224], [0.20000000298023224, 0.20000000298023224, 0.20000000298023224, 0.20000000298023224, 0.20000000298023224], [0.20000000298023224, 0.20000000298023224, 0.20000000298023224, 0.20000000298023224, 0.20000000298023224], [0.20000000298023224, 0.20000000298023224, 0.20000000298023224, 0.20000000298023224, 0.20000000298023224], [0.20000000298023224, 0.20000000298023224, 0.20000000298023224, 0.20000000298023224, 0.20000000298023224], [0.20000000298023224, 0.20000000298023224, 0.20000000298023224, 0.20000000298023224, 0.20000000298023224], [0.20000000298023224, 0.20000000298023224, 0.20000000298023224, 0.20000000298023224, 0.20000000298023224], [0.20000000298023224, 0.20000000298023224, 0.20000000298023224, 0.20000000298023224, 0.20000000298023224], [0.20000000298023224, 0.20000000298023224, 0.20000000298023224, 0.20000000298023224, 0.20000000298023224], [0.20000000298023224, 0.20000000298023224, 0.20000000298023224, 0.20000000298023224, 0.20000000298023224], [0.20000000298023224, 0.20000000298023224, 0.20000000298023224, 0.20000000298023224, 0.20000000298023224]], "coeff_list_in_victim": [[0.0, 0.0, 0.1637912094593048, 0.8362088203430176, 0.0]], "victims": {"DPN92": {"clean acc": 92.78000183105469, "prediction": 6, "poisons predictions": [8, 8, 8, 8, 8], "scores": [3.186645811922555e-17, 3.301530124050385e-14, 1.8544586841510255e-28, 7.198827312038247e-09, 1.5020709962644148e-23, 2.118291653196991e-12, 1.0, 1.2209655050807028e-38, 6.959625693525595e-07, 0.0], "malicious score": 6.959625693525595e-07, "camera": {"2": {"prediction": 6, "scores": [2.3682603072640784e-23, 3.675881186157334e-21, 2.406883647158514e-25, 0.014105178415775299, 6.929153025013804e-15, 3.492413270578254e-06, 0.9858850836753845, 2.16322647833215e-40, 5.929226063017268e-06, 0.0], "malicious score": 5.929226063017268e-06}, "4": {"prediction": 6, "scores": [1.0500280753705735e-22, 6.093784437611767e-24, 4.1562592794606964e-27, 3.6551118682837114e-05, 1.9183269662809148e-18, 7.739586749266891e-08, 0.9999618530273438, 1.8152602475664043e-39, 1.6801859601400793e-06, 0.0], "malicious score": 1.6801859601400793e-06}}}, "SENet18": {"clean acc": 91.45000190734864, "prediction": 6, "poisons predictions": [8, 8, 8, 8, 8], "scores": [1.2394279620244933e-21, 3.676911070537789e-14, 2.3346625105270817e-20, 2.5183753300682323e-16, 1.0290132461399093e-12, 9.496783056267078e-16, 1.0, 2.4666370366069648e-21, 2.800256207469154e-11, 2.9188015035734955e-18], "malicious score": 2.800256207469154e-11, "camera": {"2": {"prediction": 6, "scores": [9.11599083979614e-14, 3.5079340114944815e-16, 9.748948315291273e-10, 5.164650428923778e-05, 0.0004669436311814934, 2.4293656863960678e-08, 0.9991058707237244, 4.261763886921002e-17, 0.00037638386129401624, 1.5226579762675496e-12], "malicious score": 0.00037638386129401624}, "4": {"prediction": 3, "scores": [1.4772962719658903e-14, 6.881441909026235e-17, 5.627867267321562e-06, 0.7897791266441345, 0.20570068061351776, 0.0005172544624656439, 0.003995811566710472, 1.2008579322615308e-16, 1.1503112773425528e-06, 1.8060632989147507e-09], "malicious score": 1.1503112773425528e-06}}}, "ResNet50": {"clean acc": 93.22000122070312, "prediction": 6, "poisons predictions": [8, 8, 8, 8, 8], "scores": [5.491785353745435e-25, 2.436323689622329e-25, 4.363333562791049e-37, 2.4908080203373623e-41, 4.9720802911691875e-33, 1.5756439924848437e-34, 1.0, 2.0852610343740457e-37, 8.224153580371762e-10, 2.743985239226174e-29], "malicious score": 8.224153580371762e-10, "camera": {"2": {"prediction": 6, "scores": [3.2520279261402643e-31, 4.631634918556283e-29, 1.1301146116704909e-36, 4.2541999899739235e-37, 2.5120040609087395e-39, 1.484892269975887e-33, 1.0, 1.3878740250365853e-40, 4.768442067870637e-07, 8.715235669021767e-40], "malicious score": 4.768442067870637e-07}, "4": {"prediction": 6, "scores": [1.6601658639433858e-27, 2.243427969811227e-25, 2.951053599963835e-35, 8.777821128457085e-33, 7.571509494271313e-35, 4.712064461372878e-28, 1.0, 1.3174617199310383e-38, 1.3564161349677306e-07, 1.8805591304977221e-37], "malicious score": 1.3564161349677306e-07}}}, "ResNeXt29_2x64d": {"clean acc": 93.11000061035156, "prediction": 6, "poisons predictions": [8, 8, 8, 8, 8], "scores": [3.1966960227608617e-21, 1.3906884532843833e-09, 5.347219542151116e-11, 5.885249976245177e-08, 5.072700440855838e-42, 8.969980197384663e-27, 0.7348777651786804, 8.262890256727478e-15, 0.2651219964027405, 7.205639137376388e-17], "malicious score": 0.2651219964027405, "camera": {"2": {"prediction": 6, "scores": [1.9106848271628835e-21, 5.3500271297553595e-14, 9.44704152061604e-06, 0.027110036462545395, 3.364354018257993e-26, 4.2858272326846595e-17, 0.9728773236274719, 1.3294638827321403e-13, 3.2403979730588617e-06, 3.946060810845033e-17], "malicious score": 3.2403979730588617e-06}, "4": {"prediction": 3, "scores": [1.14626109098074e-22, 6.530854416292309e-14, 4.97757391713094e-05, 0.9915208220481873, 1.899456900479113e-21, 8.852723343613905e-15, 0.00842964556068182, 2.185310444971847e-14, 2.509262242433863e-11, 1.2993005143199874e-14], "malicious score": 2.509262242433863e-11}}}, "GoogLeNet": {"clean acc": 91.62000122070313, "prediction": 6, "poisons predictions": [8, 8, 8, 8, 8], "scores": [2.0230370587829942e-14, 8.482454063596379e-07, 5.940546461559828e-19, 1.6928736190635618e-09, 2.989899300365195e-11, 2.5684454563190684e-10, 0.7886697053909302, 2.3297821462840707e-13, 0.21132954955101013, 5.968862210048442e-11], "malicious score": 0.21132954955101013, "camera": {"2": {"prediction": 6, "scores": [5.902032335081131e-12, 1.7741976989782415e-05, 4.228499165037647e-05, 0.015318824909627438, 1.1829180124323102e-07, 0.001936793909408152, 0.9664052128791809, 6.312022264864936e-07, 0.01627855747938156, 2.100706969487831e-10], "malicious score": 0.01627855747938156}, "4": {"prediction": 6, "scores": [1.7197103116539658e-12, 2.9859930084086272e-09, 0.007980860769748688, 0.004539798479527235, 2.6912536199574788e-08, 0.042966846376657486, 0.9444462060928345, 4.9616847519473595e-08, 6.648919224971905e-05, 6.777955280368175e-11], "malicious score": 6.648919224971905e-05}}}, "MobileNetV2": {"clean acc": 87.26000137329102, "prediction": 6, "poisons predictions": [8, 8, 8, 6, 6],