{"args": "Namespace(device='cuda', dset_path='datasets', end2end=False, eval_poisons_root='attack-results-10poisons/100-overlap/linear-transfer-learning/convex/800', gpu='1', lr_decay_epoch=[30, 45], model_resume_path='model-chks', num_per_class=50, poison_label=8, retrain_bsize=64, retrain_epochs=60, retrain_lr=0.1, retrain_momentum=0.9, retrain_opt='adam', retrain_wd=0, subset_group=0, target_camera=True, target_index_end=18, target_index_start=17, target_index_step=1, target_label=6, target_net=['DPN92', 'SENet18', 'ResNet50', 'ResNeXt29_2x64d', 'GoogLeNet', 'MobileNetV2', 'ResNet18', 'DenseNet121'], target_print_size=[2, 4], test_chk_name='ckpt-%s-4800.t7', train_data_path='datasets/CIFAR10_TRAIN_Split.pth')", "poison_label": 8, "target_label": 6, "targets": {"17": {}, "17": {"800": {"time": 52238.0, "coeffs_time": 50128, "poisons_time": 51804, "target_loss": 0.002921072067692876, "total_loss": 0.0010993570322170854, "coeff_list": [[0.09578267484903336, 0.3254917562007904, 0.17525675892829895, 0.11529575288295746, 0.2183045744895935, 0.0, 0.012724420987069607, 0.031097402796149254, 0.024671277031302452, 0.0013753377133980393], [0.02507723495364189, 0.006632229778915644, 0.05253051221370697, 0.07839596271514893, 0.08805858343839645, 0.36248141527175903, 0.0912141501903534, 0.18933463096618652, 0.10627531260251999, 0.0], [0.03971830755472183, 0.22052612900733948, 0.22497037053108215, 0.12551400065422058, 0.20292522013187408, 0.1706719994544983, 0.0009005205938592553, 0.014773559756577015, 0.0, 0.0], [0.0089543666690588, 0.5926555395126343, 0.08452599495649338, 0.08749672025442123, 0.0, 0.0034641260281205177, 0.009845360182225704, 0.012846352532505989, 0.18933705985546112, 0.01087445393204689], [0.0, 0.15208877623081207, 0.10429095476865768, 0.06784761697053909, 0.17885743081569672, 0.25148046016693115, 0.05661448463797569, 0.025392387062311172, 0.16342787444591522, 0.0], [0.11714572459459305, 0.2567296028137207, 0.0, 0.1233610138297081, 0.2861359715461731, 0.0, 0.03467455506324768, 0.09882371127605438, 0.08312946557998657, 0.0], [0.008930591866374016, 0.5884565114974976, 0.12274745106697083, 0.053989510983228683, 0.01229710504412651, 0.0, 0.1941654533147812, 0.0, 0.01941336877644062, 0.0], [0.14937594532966614, 0.007979300804436207, 0.053916413336992264, 0.1353200227022171, 0.13373306393623352, 0.0886324793100357, 0.10076885670423508, 0.01666868105530739, 0.2670011520385742, 0.046604033559560776], [0.019982650876045227, 0.42074769735336304, 0.08709410578012466, 0.2632472515106201, 0.12305591255426407, 0.0764227956533432, 0.0075265648774802685, 0.0, 0.0, 0.0019230343168601394], [0.026313994079828262, 0.2953782379627228, 0.1544598639011383, 0.08646070957183838, 0.056749407202005386, 0.29900819063186646, 0.0, 0.0, 0.08162958174943924, 0.0], [0.030433669686317444, 0.13687455654144287, 0.24202272295951843, 0.0, 0.16202829778194427, 0.16443471610546112, 0.14774955809116364, 0.027964245527982712, 0.08849220722913742, 0.0], [0.0, 0.24031448364257812, 0.1038433089852333, 0.15037183463573456, 0.07379389554262161, 0.07288525253534317, 0.20399177074432373, 0.00017559179104864597, 0.15462392568588257, 0.0], [0.06973542273044586, 0.0, 0.05413798987865448, 0.20725756883621216, 0.1431766003370285, 0.1872098445892334, 0.11020298302173615, 0.0027054366655647755, 0.22557415068149567, 0.0], [0.14706987142562866, 0.0, 0.33461740612983704, 0.04893015697598457, 0.005696966778486967, 0.02428298071026802, 0.2707333266735077, 0.0, 0.11115768551826477, 0.05751151964068413], [0.0, 0.017128247767686844, 0.24262358248233795, 0.020942028611898422, 0.0, 0.4796993136405945, 0.1970948725938797, 0.0, 0.014274170622229576, 0.028237730264663696], [0.031051646918058395, 0.261660099029541, 0.24952028691768646, 0.0, 0.0, 0.09891465306282043, 0.06303650140762329, 0.07503165304660797, 0.1975031942129135, 0.02328205481171608], [0.13207639753818512, 0.007688860408961773, 0.0, 0.22226251661777496, 0.0, 0.0308795515447855, 0.2942435145378113, 0.0, 0.3128491938114166, 0.0], [0.25184255838394165, 0.0, 0.14791904389858246, 0.1676509827375412, 0.0, 0.0, 0.0, 0.11109261214733124, 0.18933036923408508, 0.13216449320316315]], "coeff_list_in_victim": [[0.0, 0.2017545998096466, 0.36738210916519165, 0.0, 0.36455729603767395, 0.0, 0.0, 0.0, 0.03996638208627701, 0.02633967250585556]], "victims": {"DPN92": {"clean acc": 91.26000099182129, "prediction": 6, "poisons predictions": [8, 8, 8, 6, 8, 8, 8, 8, 8, 8], "scores": [2.836519734372711e-11, 6.0198769702220295e-30, 0.0, 3.1707401478296747e-15, 4.841135952903336e-28, 4.285348750059328e-19, 0.9999313354492188, 1.4271544388613986e-37, 6.772160850232467e-05, 0.0], "malicious score": 6.772160850232467e-05, "camera": {"2": {"prediction": 6, "scores": [2.2077379924212437e-09, 1.650110448118272e-24, 1.978552941042851e-37, 2.7728198404020077e-08, 2.374853182697179e-25, 5.393242750724274e-14, 0.9981059432029724, 1.7427827817413386e-33, 0.0018933576066046953, 0.0], "malicious score": 0.0018933576066046953}, "4": {"prediction": 6, "scores": [3.447181984306269e-10, 3.828503751152899e-26, 5.6037925588349435e-42, 2.919580202598304e-11, 1.762888727163981e-26, 4.707653280011996e-17, 0.9978603720664978, 9.651078835436453e-40, 0.002139697317034006, 0.0], "malicious score": 0.002139697317034006}}}, "SENet18": {"clean acc": 90.23000106811523, "prediction": 6, "poisons predictions": [6, 8, 8, 6, 6, 6, 6, 8, 6, 8], "scores": [6.209639735743622e-08, 1.3006074236490427e-25, 8.477150205350769e-16, 3.6836728329117663e-13, 1.1619953887986867e-08, 1.3072274364226643e-18, 0.9501349925994873, 7.333529942164796e-14, 0.04986651614308357, 1.1967339263097183e-22], "malicious score": 0.04986651614308357, "camera": {"2": {"prediction": 8, "scores": [2.2939545942790573e-06, 1.0996529148010195e-28, 4.673803289105983e-15, 1.5766019600960135e-09, 1.7863444057297784e-08, 3.438075300041928e-17, 0.06394359469413757, 4.206092397117389e-13, 0.9360540509223938, 1.5460570094370991e-21], "malicious score": 0.9360540509223938}, "4": {"prediction": 8, "scores": [1.433249281035387e-06, 1.0563001113822413e-28, 1.0312795539410557e-14, 7.347909503074845e-10, 2.6483171211566514e-08, 9.288401172190597e-17, 0.3352718651294708, 1.5376817928767356e-13, 0.6647271513938904, 7.598008547675449e-21], "malicious score": 0.6647271513938904}}}, "ResNet50": {"clean acc": 90.59000053405762, "prediction": 6, "poisons predictions": [8, 6, 8, 8, 6, 8, 8, 8, 8, 8], "scores": [7.75436531203424e-41, 9.80908925027372e-45, 9.80628665334507e-42, 1.60869063704489e-41, 5.605193857299268e-45, 1.401298464324817e-45, 0.9814067482948303, 4.1426043105181547e-32, 0.018594207242131233, 2.204489044753501e-32], "malicious score": 0.018594207242131233, "camera": {"2": {"prediction": 8, "scores": [3.659982795345238e-38, 2.802596928649634e-45, 6.560879409968794e-42, 1.2479267515165222e-33, 1.2666336819032022e-41, 2.366793106244616e-42, 1.5573561995552154e-07, 3.0984127727222647e-30, 1.0, 1.1981561666247845e-27], "malicious score": 1.0}, "4": {"prediction": 8, "scores": [7.733065575376503e-41, 2.802596928649634e-45, 2.5867969651436123e-42, 4.0378916847107506e-35, 2.450871014104105e-42, 8.267660939516421e-44, 2.1311223008524394e-08, 3.7325222329110546e-32, 1.0, 1.7178374268679484e-28], "malicious score": 1.0}}}, "ResNeXt29_2x64d": {"clean acc": 91.75000114440918, "prediction": 6, "poisons predictions": [8, 8, 6, 8, 8, 8, 8, 8, 8, 8], "scores": [2.9785483036430407e-27, 1.5602647856151385e-21, 9.178261742756916e-17, 1.3646278551604496e-09, 1.0378736694200258e-38, 3.362700553474698e-25, 0.799597978591919, 2.173770195303307e-29, 0.20040245354175568, 9.708102467497215e-22], "malicious score": 0.20040245354175568, "camera": {"2": {"prediction": 6, "scores": [5.756344712877691e-20, 2.517277694482599e-18, 1.5958246415937946e-14, 0.0002313631703145802, 2.896072135259856e-28, 4.639699676662547e-21, 0.873492419719696, 1.2236705601060122e-22, 0.12627562880516052, 4.200353535023922e-16], "malicious score": 0.12627562880516052}, "4": {"prediction": 8,