{"args": "Namespace(device='cuda', dset_path='datasets', end2end=False, eval_poisons_root='attack-results-eps0.03/100-overlap/linear-transfer-learning/mean/800', gpu='2', lr_decay_epoch=[30, 45], model_resume_path='model-chks', num_per_class=50, poison_label=8, retrain_bsize=64, retrain_epochs=60, retrain_lr=0.1, retrain_momentum=0.9, retrain_opt='adam', retrain_wd=0, subset_group=0, target_camera=True, target_index_end=20, target_index_start=19, target_index_step=1, target_label=6, target_net=['DPN92', 'SENet18', 'ResNet50', 'ResNeXt29_2x64d', 'GoogLeNet', 'MobileNetV2', 'ResNet18', 'DenseNet121'], target_print_size=[2, 4], test_chk_name='ckpt-%s-4800.t7', train_data_path='datasets/CIFAR10_TRAIN_Split.pth')", "poison_label": 8, "target_label": 6, "targets": {"19": {}, "19": {"800": {"time": 330.0, "coeffs_time": 0, "poisons_time": 4, "target_loss": 0.03263721242547035, "total_loss": 0.13500000536441803, "coeff_list": [[0.20000000298023224, 0.20000000298023224, 0.20000000298023224, 0.20000000298023224, 0.20000000298023224], [0.20000000298023224, 0.20000000298023224, 0.20000000298023224, 0.20000000298023224, 0.20000000298023224], [0.20000000298023224, 0.20000000298023224, 0.20000000298023224, 0.20000000298023224, 0.20000000298023224], [0.20000000298023224, 0.20000000298023224, 0.20000000298023224, 0.20000000298023224, 0.20000000298023224], [0.20000000298023224, 0.20000000298023224, 0.20000000298023224, 0.20000000298023224, 0.20000000298023224], [0.20000000298023224, 0.20000000298023224, 0.20000000298023224, 0.20000000298023224, 0.20000000298023224], [0.20000000298023224, 0.20000000298023224, 0.20000000298023224, 0.20000000298023224, 0.20000000298023224], [0.20000000298023224, 0.20000000298023224, 0.20000000298023224, 0.20000000298023224, 0.20000000298023224], [0.20000000298023224, 0.20000000298023224, 0.20000000298023224, 0.20000000298023224, 0.20000000298023224], [0.20000000298023224, 0.20000000298023224, 0.20000000298023224, 0.20000000298023224, 0.20000000298023224], [0.20000000298023224, 0.20000000298023224, 0.20000000298023224, 0.20000000298023224, 0.20000000298023224], [0.20000000298023224, 0.20000000298023224, 0.20000000298023224, 0.20000000298023224, 0.20000000298023224], [0.20000000298023224, 0.20000000298023224, 0.20000000298023224, 0.20000000298023224, 0.20000000298023224], [0.20000000298023224, 0.20000000298023224, 0.20000000298023224, 0.20000000298023224, 0.20000000298023224], [0.20000000298023224, 0.20000000298023224, 0.20000000298023224, 0.20000000298023224, 0.20000000298023224], [0.20000000298023224, 0.20000000298023224, 0.20000000298023224, 0.20000000298023224, 0.20000000298023224], [0.20000000298023224, 0.20000000298023224, 0.20000000298023224, 0.20000000298023224, 0.20000000298023224], [0.20000000298023224, 0.20000000298023224, 0.20000000298023224, 0.20000000298023224, 0.20000000298023224]], "coeff_list_in_victim": [[0.0, 0.334879994392395, 0.0, 0.1664355844259262, 0.49868449568748474]], "victims": {"DPN92": {"clean acc": 92.33000106811524, "prediction": 8, "poisons predictions": [8, 8, 8, 8, 8], "scores": [1.5645119333385082e-07, 1.1121431424374636e-15, 6.526003696485854e-35, 2.4037558610245924e-09, 1.2293111611112992e-25, 7.362503076820126e-13, 0.028447791934013367, 4.329533038490647e-34, 0.9715523719787598, 3.7956712588051664e-32], "malicious score": 0.9715523719787598, "camera": {"2": {"prediction": 6, "scores": [1.0147753748412924e-08, 4.286527177931907e-26, 7.196594372327458e-19, 0.22910155355930328, 1.7310303235262836e-07, 0.34430137276649475, 0.4265885055065155, 4.799041984796616e-38, 8.621503184258472e-06, 3.4240210979417654e-23], "malicious score": 8.621503184258472e-06}, "4": {"prediction": 5, "scores": [2.3594197776088954e-11, 6.190877832256822e-25, 2.2424862270409518e-18, 0.03021806851029396, 1.3825579117110465e-06, 0.9090423583984375, 0.060625262558460236, 5.304517245809092e-40, 0.00011290513793937862, 1.4422653053379477e-22], "malicious score": 0.00011290513793937862}}}, "SENet18": {"clean acc": 91.15000190734864, "prediction": 6, "poisons predictions": [8, 8, 5, 6, 8], "scores": [2.136440303097606e-13, 4.50656468048362e-15, 7.125288586148221e-14, 3.4638190093971843e-09, 4.1862003286041727e-07, 1.8005822527422666e-11, 0.9941084384918213, 1.3562707939951743e-19, 0.005890790373086929, 5.17420756799949e-19], "malicious score": 0.005890790373086929, "camera": {"2": {"prediction": 3, "scores": [2.4729983685856105e-12, 1.786624923511447e-18, 1.065472361005959e-06, 0.9999961853027344, 1.084229879211307e-07, 9.464209416165659e-10, 5.514791401317609e-11, 3.8744676141445195e-15, 2.886231186494115e-06, 1.3438914965666765e-13], "malicious score": 2.886231186494115e-06}, "4": {"prediction": 8, "scores": [1.4193498998338328e-07, 4.066541321424607e-17, 1.5735784472781233e-05, 0.018097974359989166, 8.021125722734723e-06, 8.23617483547423e-07, 0.0003145602822769433, 3.347383416204961e-16, 0.9815630316734314, 2.291401389378084e-13], "malicious score": 0.9815630316734314}}}, "ResNet50": {"clean acc": 93.43000144958496, "prediction": 8, "poisons predictions": [8, 8, 8, 8, 8], "scores": [1.1087073449737953e-41, 2.9603523867888837e-22, 9.862686408501716e-20, 1.0851242553093901e-32, 1.4390503417847448e-37, 2.259200091479769e-21, 0.052746549248695374, 9.445537000883677e-34, 0.9472542405128479, 1.3329095767365162e-24], "malicious score": 0.9472542405128479, "camera": {"2": {"prediction": 8, "scores": [1.4845249980450352e-17, 8.425296726954912e-08, 2.957111746582086e-06, 0.4317631721496582, 2.5641753713955405e-19, 9.674141014767458e-27, 3.041091273219682e-16, 3.734024457868192e-36, 0.5682340860366821, 3.297137749999103e-14], "malicious score": 0.5682340860366821}, "4": {"prediction": 2, "scores": [3.3359897744998733e-22, 1.952459882659241e-08, 0.9233013391494751, 4.5345789623230104e-11, 8.796507427198298e-22, 2.7201004032019494e-20, 5.320672927682554e-16, 7.82055301055551e-37, 0.07669821381568909, 2.159600330839362e-17], "malicious score": 0.07669821381568909}}}, "ResNeXt29_2x64d": {"clean acc": 92.77000274658204, "prediction": 6, "poisons predictions": [8, 8, 8, 8, 8], "scores": [2.6006762932420657e-13, 2.4045307966957807e-09, 4.934800346134693e-10, 0.005955456290394068, 2.2909690173910173e-24, 5.182845380866559e-17, 0.6886106133460999, 8.459720881187011e-20, 0.3054339289665222, 5.763167174492937e-16], "malicious score": 0.3054339289665222, "camera": {"2": {"prediction": 3, "scores": [4.857222026965916e-16, 3.393624139037583e-20, 1.2889561747442255e-17, 1.0, 2.6304212189079456e-15, 2.0487997193984554e-16, 2.1877458341017925e-14, 9.521692258163937e-26, 3.258920353984906e-16, 1.2186197046109355e-24], "malicious score": 3.258920353984906e-16}, "4": {"prediction": 3, "scores": [4.795592758455314e-06, 7.097843999837229e-19, 3.072196932407678e-07, 0.9942905306816101, 7.812059266143478e-06, 0.005649934988468885, 4.7572589778610563e-07, 2.090705673906193e-14, 4.6026780182728544e-05, 8.083256286539608e-10], "malicious score": 4.6026780182728544e-05}}}, "GoogLeNet": {"clean acc": 91.67000160217285, "prediction": 8, "poisons predictions": [8, 8, 8, 6, 8], "scores": [1.6991567264312835e-08, 1.7882073599650994e-10, 0.006420745048671961, 5.4392803576774895e-05, 6.776901706473382e-09, 0.197780042886734, 0.0029717169236391783, 5.230677402323636e-08, 0.7927730679512024, 7.078766373069811e-08], "malicious score": 0.7927730679512024, "camera": {"2": {"prediction": 2, "scores": [2.180307637900114e-05, 6.996666357395043e-09, 0.6746930480003357, 0.260857492685318, 2.518166013487644e-07, 0.06442777812480927, 2.8623599046539994e-09, 2.1320383833158807e-18, 1.0358168545110402e-08, 3.685474325720861e-08], "malicious score": 1.0358168545110402e-08}, "4": {"prediction": 5, "scores": [0.00017793090955819935, 9.515197518794594e-10, 0.305118203163147, 0.019626809284090996, 0.0003017878334503621, 0.674765408039093, 3.1810414302668732e-09, 7.399609354072356e-14, 7.69815051171463e-06, 2.2090262064011768e-06], "malicious score": 7.69815051171463e-06}}},