{"args": "Namespace(device='cuda', dset_path='datasets', end2end=False, eval_poisons_root='attack-results-7poisons/100-overlap/linear-transfer-learning/mean/800', gpu='2', lr_decay_epoch=[30, 45], model_resume_path='model-chks', num_per_class=50, poison_label=8, retrain_bsize=64, retrain_epochs=60, retrain_lr=0.1, retrain_momentum=0.9, retrain_opt='adam', retrain_wd=0, subset_group=0, target_camera=True, target_index_end=19, target_index_start=18, target_index_step=1, target_label=6, target_net=['DPN92', 'SENet18', 'ResNet50', 'ResNeXt29_2x64d', 'GoogLeNet', 'MobileNetV2', 'ResNet18', 'DenseNet121'], target_print_size=[2, 4], test_chk_name='ckpt-%s-4800.t7', train_data_path='datasets/CIFAR10_TRAIN_Split.pth')", "poison_label": 8, "target_label": 6, "targets": {"18": {}, "18": {"800": {"time": 375.0, "coeffs_time": 0, "poisons_time": 4, "target_loss": 0.011899275705218315, "total_loss": 0.07257997244596481, "coeff_list": [[0.1428571492433548, 0.1428571492433548, 0.1428571492433548, 0.1428571492433548, 0.1428571492433548, 0.1428571492433548, 0.1428571492433548], [0.1428571492433548, 0.1428571492433548, 0.1428571492433548, 0.1428571492433548, 0.1428571492433548, 0.1428571492433548, 0.1428571492433548], [0.1428571492433548, 0.1428571492433548, 0.1428571492433548, 0.1428571492433548, 0.1428571492433548, 0.1428571492433548, 0.1428571492433548], [0.1428571492433548, 0.1428571492433548, 0.1428571492433548, 0.1428571492433548, 0.1428571492433548, 0.1428571492433548, 0.1428571492433548], [0.1428571492433548, 0.1428571492433548, 0.1428571492433548, 0.1428571492433548, 0.1428571492433548, 0.1428571492433548, 0.1428571492433548], [0.1428571492433548, 0.1428571492433548, 0.1428571492433548, 0.1428571492433548, 0.1428571492433548, 0.1428571492433548, 0.1428571492433548], [0.1428571492433548, 0.1428571492433548, 0.1428571492433548, 0.1428571492433548, 0.1428571492433548, 0.1428571492433548, 0.1428571492433548], [0.1428571492433548, 0.1428571492433548, 0.1428571492433548, 0.1428571492433548, 0.1428571492433548, 0.1428571492433548, 0.1428571492433548], [0.1428571492433548, 0.1428571492433548, 0.1428571492433548, 0.1428571492433548, 0.1428571492433548, 0.1428571492433548, 0.1428571492433548], [0.1428571492433548, 0.1428571492433548, 0.1428571492433548, 0.1428571492433548, 0.1428571492433548, 0.1428571492433548, 0.1428571492433548], [0.1428571492433548, 0.1428571492433548, 0.1428571492433548, 0.1428571492433548, 0.1428571492433548, 0.1428571492433548, 0.1428571492433548], [0.1428571492433548, 0.1428571492433548, 0.1428571492433548, 0.1428571492433548, 0.1428571492433548, 0.1428571492433548, 0.1428571492433548], [0.1428571492433548, 0.1428571492433548, 0.1428571492433548, 0.1428571492433548, 0.1428571492433548, 0.1428571492433548, 0.1428571492433548], [0.1428571492433548, 0.1428571492433548, 0.1428571492433548, 0.1428571492433548, 0.1428571492433548, 0.1428571492433548, 0.1428571492433548], [0.1428571492433548, 0.1428571492433548, 0.1428571492433548, 0.1428571492433548, 0.1428571492433548, 0.1428571492433548, 0.1428571492433548], [0.1428571492433548, 0.1428571492433548, 0.1428571492433548, 0.1428571492433548, 0.1428571492433548, 0.1428571492433548, 0.1428571492433548], [0.1428571492433548, 0.1428571492433548, 0.1428571492433548, 0.1428571492433548, 0.1428571492433548, 0.1428571492433548, 0.1428571492433548], [0.1428571492433548, 0.1428571492433548, 0.1428571492433548, 0.1428571492433548, 0.1428571492433548, 0.1428571492433548, 0.1428571492433548]], "coeff_list_in_victim": [[0.0, 0.0, 0.0, 0.040094438940286636, 0.0, 0.5902659296989441, 0.36963963508605957]], "victims": {"DPN92": {"clean acc": 91.18000183105468, "prediction": 8, "poisons predictions": [8, 8, 8, 8, 8, 8, 8], "scores": [2.6588429266442837e-13, 3.293280361957307e-13, 2.802596928649634e-45, 3.8495912958361003e-19, 1.6675451725465323e-43, 2.743458449334432e-24, 2.7147564196638996e-09, 8.233563424243698e-38, 1.0, 0.0], "malicious score": 1.0, "camera": {"2": {"prediction": 3, "scores": [2.633001281265282e-15, 2.8624672077093294e-14, 6.226941980525887e-20, 0.7772403955459595, 1.0336429547417027e-21, 0.013996104709804058, 0.20876392722129822, 1.8350266152494467e-31, 6.193276133491762e-21, 1.1806161312373889e-34], "malicious score": 6.193276133491762e-21}, "4": {"prediction": 6, "scores": [2.5795377950998954e-05, 0.0002240580361103639, 1.2460482010702438e-25, 0.0018983279587700963, 1.763539383336393e-28, 1.2558379012261867e-06, 0.8438329100608826, 4.903622394752031e-21, 0.1540175974369049, 2.8603683433952225e-35], "malicious score": 0.1540175974369049}}}, "SENet18": {"clean acc": 90.9000015258789, "prediction": 6, "poisons predictions": [8, 8, 8, 8, 8, 8, 6], "scores": [1.8077175312214422e-09, 1.511233777007348e-10, 2.2847943537129822e-09, 7.077696206891915e-09, 3.325432999190525e-06, 1.6867537097967067e-12, 0.9977328181266785, 2.01887677175926e-15, 0.0022640868555754423, 4.7190777083564936e-14], "malicious score": 0.0022640868555754423, "camera": {"2": {"prediction": 6, "scores": [3.4983127505938683e-12, 3.889818898482144e-18, 1.5704240752256737e-07, 2.2281668861978687e-05, 0.0004727031337097287, 4.1708983189892024e-05, 0.9994622468948364, 2.9084367564186924e-22, 7.486138997592207e-07, 4.873393355531164e-10], "malicious score": 7.486138997592207e-07}, "4": {"prediction": 6, "scores": [1.2946796412727224e-10, 2.1362202100565914e-13, 3.802333381486278e-08, 2.1944551065189444e-07, 4.603428897098638e-05, 2.7681801739731782e-08, 0.9998912811279297, 1.7994772422789895e-18, 6.268249853746966e-05, 1.8906830961951115e-11], "malicious score": 6.268249853746966e-05}}}, "ResNet50": {"clean acc": 92.13000144958497, "prediction": 8, "poisons predictions": [8, 8, 8, 6, 8, 8, 8], "scores": [1.0136211563678774e-33, 1.804503880554247e-39, 0.0, 1.378285349945401e-35, 1.5328197419273814e-37, 3.9914486674402675e-32, 1.0309177861692834e-14, 7.816676010068293e-37, 1.0, 5.774703154545932e-22], "malicious score": 1.0, "camera": {"2": {"prediction": 6, "scores": [6.068664029832e-23, 1.697023710328926e-25, 0.0, 3.147534316516598e-12, 2.0552053566897233e-21, 0.015545830130577087, 0.889296293258667, 3.3958228492882177e-29, 0.00043595986790023744, 0.09472157806158066], "malicious score": 0.00043595986790023744}, "4": {"prediction": 9, "scores": [7.945052666276264e-27, 2.922317023353264e-29, 0.0, 3.535848048445696e-18, 9.750735631772857e-32, 4.463664424747549e-07, 9.272644319047174e-10, 6.760301395618539e-31, 0.08144092559814453, 0.918558657169342], "malicious score": 0.08144092559814453}}}, "ResNeXt29_2x64d": {"clean acc": 93.13000221252442, "prediction": 3, "poisons predictions": [8, 8, 8, 8, 8, 8, 8], "scores": [1.3315966498339549e-06, 3.9642291227437454e-08, 0.001650131307542324, 0.8945367932319641, 7.3535936129813815e-31, 5.267316955317059e-24, 0.002944649662822485, 7.005485774813636e-11, 0.10086733847856522, 6.228454760276577e-15], "malicious score": 0.10086733847856522, "camera": {"2": {"prediction": 6, "scores": [2.9098063280022876e-19, 1.1736160250513007e-26, 3.133729942206287e-10, 0.0058939713053405285, 3.4429998291439346e-23, 5.5470703586024683e-08, 0.9941065907478333, 7.48531811391217e-22, 2.521059098954097e-22, 2.4044247817674993e-17], "malicious score": 2.521059098954097e-22}, "4": {"prediction": 6, "scores": [5.829372900188756e-14, 5.025256638109183e-20, 7.0009223236411344e-06, 0.35831138491630554, 2.9380095740336176e-22, 2.2249506403948516e-10, 0.6416812539100647, 1.8799329768674072e-13, 4.453585734248179e-15, 7.173010422396528e-15], "malicious score": 4.453585734248179e-15}}}, "GoogLeNet": {"clean acc": 91.95000228881835, "prediction": 8, "poisons predictions": [8, 8, 6, 8, 8, 8, 8], "scores": [2.772832796704705e-10, 1.1395437468308955e-05, 1.1819222267561713e-09, 2.989033418998588e-05, 1.5231416128358433e-10, 2.6501223260311235e-07, 0.0321478433907032, 6.620088366382504e-10, 0.9678108096122742, 7.416727424068245e-16], "malicious score": 0.9678108096122742, "camera": {"2": {"prediction": 6,