{"args": "Namespace(device='cuda', dset_path='datasets', end2end=False, eval_poisons_root='attack-results-3poisons/100-overlap/linear-transfer-learning/mean/800', gpu='0', lr_decay_epoch=[30, 45], model_resume_path='model-chks', num_per_class=50, poison_label=8, retrain_bsize=64, retrain_epochs=60, retrain_lr=0.1, retrain_momentum=0.9, retrain_opt='adam', retrain_wd=0, subset_group=0, target_camera=True, target_index_end=41, target_index_start=40, target_index_step=1, target_label=6, target_net=['DPN92', 'SENet18', 'ResNet50', 'ResNeXt29_2x64d', 'GoogLeNet', 'MobileNetV2', 'ResNet18', 'DenseNet121'], target_print_size=[2, 4], test_chk_name='ckpt-%s-4800.t7', train_data_path='datasets/CIFAR10_TRAIN_Split.pth')", "poison_label": 8, "target_label": 6, "targets": {"40": {}, "40": {"800": {"time": 338.0, "coeffs_time": 0, "poisons_time": 4, "target_loss": 0.015178842470049858, "total_loss": 0.0970504954457283, "coeff_list": [[0.3333333432674408, 0.3333333432674408, 0.3333333432674408], [0.3333333432674408, 0.3333333432674408, 0.3333333432674408], [0.3333333432674408, 0.3333333432674408, 0.3333333432674408], [0.3333333432674408, 0.3333333432674408, 0.3333333432674408], [0.3333333432674408, 0.3333333432674408, 0.3333333432674408], [0.3333333432674408, 0.3333333432674408, 0.3333333432674408], [0.3333333432674408, 0.3333333432674408, 0.3333333432674408], [0.3333333432674408, 0.3333333432674408, 0.3333333432674408], [0.3333333432674408, 0.3333333432674408, 0.3333333432674408], [0.3333333432674408, 0.3333333432674408, 0.3333333432674408], [0.3333333432674408, 0.3333333432674408, 0.3333333432674408], [0.3333333432674408, 0.3333333432674408, 0.3333333432674408], [0.3333333432674408, 0.3333333432674408, 0.3333333432674408], [0.3333333432674408, 0.3333333432674408, 0.3333333432674408], [0.3333333432674408, 0.3333333432674408, 0.3333333432674408], [0.3333333432674408, 0.3333333432674408, 0.3333333432674408], [0.3333333432674408, 0.3333333432674408, 0.3333333432674408], [0.3333333432674408, 0.3333333432674408, 0.3333333432674408]], "coeff_list_in_victim": [[0.4334217607975006, 0.4821912944316864, 0.08438698947429657]], "victims": {"DPN92": {"clean acc": 92.83000106811524, "prediction": 6, "poisons predictions": [6, 8, 6], "scores": [8.641168136591659e-08, 6.180284388607838e-32, 5.094736139467038e-38, 1.6305527214106631e-21, 1.6214773173760382e-37, 4.456208398578411e-20, 0.9529480338096619, 7.987401246651457e-44, 0.04705103859305382, 0.0], "malicious score": 0.04705103859305382, "camera": {}}, "SENet18": {"clean acc": 91.24000205993653, "prediction": 6, "poisons predictions": [6, 6, 6], "scores": [4.420510832381375e-12, 1.483910786132317e-13, 5.675061939232139e-20, 4.4779403031739926e-14, 4.1394124239424457e-10, 2.3188061620634426e-16, 0.9992468953132629, 4.410308921869668e-21, 0.00075391901191324, 4.763342718443761e-18], "malicious score": 0.00075391901191324, "camera": {}}, "ResNet50": {"clean acc": 93.02000198364257, "prediction": 6, "poisons predictions": [8, 8, 8], "scores": [0.0, 5.619540651593945e-22, 1.9059932663237022e-32, 6.087488558855191e-39, 4.4713226175884054e-23, 0.0, 1.0, 4.497570983497757e-20, 7.253047051847261e-09, 3.116043587842914e-34], "malicious score": 7.253047051847261e-09, "camera": {}}, "ResNeXt29_2x64d": {"clean acc": 92.69000129699707, "prediction": 6, "poisons predictions": [8, 8, 8], "scores": [1.7125181287321723e-28, 6.762910370605724e-11, 6.881228248274013e-18, 9.469481865309604e-10, 0.0, 2.4752143906491925e-21, 0.9998207092285156, 1.5956980813118605e-31, 0.0001794713462004438, 1.4343698805275165e-22], "malicious score": 0.0001794713462004438, "camera": {}}, "GoogLeNet": {"clean acc": 92.34000129699707, "prediction": 6, "poisons predictions": [8, 6, 8], "scores": [2.721046998832577e-11, 8.874427948057928e-08, 6.874004403883971e-13, 4.567404175759293e-05, 2.655255126882139e-09, 5.204077169196353e-08, 0.9444975256919861, 2.196378842689306e-11, 0.055456433445215225, 1.8968462451854509e-25], "malicious score": 0.055456433445215225, "camera": {}}, "MobileNetV2": {"clean acc": 86.65000114440917, "prediction": 6, "poisons predictions": [6, 6, 6], "scores": [7.69893588881132e-08, 1.2832974534995004e-20, 4.2879849670995895e-10, 5.07259528603754e-06, 2.854997563483507e-25, 4.375138029644177e-09, 0.7985646724700928, 2.371035519928646e-23, 0.20142948627471924, 2.0278281431539495e-17], "malicious score": 0.20142948627471924, "camera": {}}, "ResNet18": {"clean acc": 92.78000221252441, "prediction": 6, "poisons predictions": [6, 6, 8], "scores": [7.811952434774285e-18, 1.044289221069361e-12, 1.5660834513432122e-15, 1.2956135151398485e-06, 3.447466517361477e-24, 1.8044732374988826e-12, 0.9611606597900391, 1.9373755272610875e-24, 0.03883819654583931, 3.8021742011972637e-19], "malicious score": 0.03883819654583931, "camera": {}}, "DenseNet121": {"clean acc": 92.82000198364258, "prediction": 6, "poisons predictions": [8, 8, 8], "scores": [4.085405080900273e-08, 7.251423989268826e-14, 1.4528777486644273e-12, 6.208310878719203e-07, 1.9811676743586304e-09, 1.3906042539701957e-08, 0.9903603196144104, 4.702010287477372e-20, 0.009638858959078789, 2.0175306669994834e-14], "malicious score": 0.009638858959078789, "camera": {}}}}}}, "poison_idx_list": [213, 225, 227]}