{"args": "Namespace(device='cuda', dset_path='datasets', end2end=False, eval_poisons_root='attack-results-7poisons/100-overlap/linear-transfer-learning/mean/800', gpu='2', lr_decay_epoch=[30, 45], model_resume_path='model-chks', num_per_class=50, poison_label=8, retrain_bsize=64, retrain_epochs=60, retrain_lr=0.1, retrain_momentum=0.9, retrain_opt='adam', retrain_wd=0, subset_group=0, target_camera=True, target_index_end=37, target_index_start=36, target_index_step=1, target_label=6, target_net=['DPN92', 'SENet18', 'ResNet50', 'ResNeXt29_2x64d', 'GoogLeNet', 'MobileNetV2', 'ResNet18', 'DenseNet121'], target_print_size=[2, 4], test_chk_name='ckpt-%s-4800.t7', train_data_path='datasets/CIFAR10_TRAIN_Split.pth')", "poison_label": 8, "target_label": 6, "targets": {"36": {}, "36": {"800": {"time": 365.0, "coeffs_time": 0, "poisons_time": 4, "target_loss": 0.010454058647155762, "total_loss": 0.07065888494253159, "coeff_list": [[0.1428571492433548, 0.1428571492433548, 0.1428571492433548, 0.1428571492433548, 0.1428571492433548, 0.1428571492433548, 0.1428571492433548], [0.1428571492433548, 0.1428571492433548, 0.1428571492433548, 0.1428571492433548, 0.1428571492433548, 0.1428571492433548, 0.1428571492433548], [0.1428571492433548, 0.1428571492433548, 0.1428571492433548, 0.1428571492433548, 0.1428571492433548, 0.1428571492433548, 0.1428571492433548], [0.1428571492433548, 0.1428571492433548, 0.1428571492433548, 0.1428571492433548, 0.1428571492433548, 0.1428571492433548, 0.1428571492433548], [0.1428571492433548, 0.1428571492433548, 0.1428571492433548, 0.1428571492433548, 0.1428571492433548, 0.1428571492433548, 0.1428571492433548], [0.1428571492433548, 0.1428571492433548, 0.1428571492433548, 0.1428571492433548, 0.1428571492433548, 0.1428571492433548, 0.1428571492433548], [0.1428571492433548, 0.1428571492433548, 0.1428571492433548, 0.1428571492433548, 0.1428571492433548, 0.1428571492433548, 0.1428571492433548], [0.1428571492433548, 0.1428571492433548, 0.1428571492433548, 0.1428571492433548, 0.1428571492433548, 0.1428571492433548, 0.1428571492433548], [0.1428571492433548, 0.1428571492433548, 0.1428571492433548, 0.1428571492433548, 0.1428571492433548, 0.1428571492433548, 0.1428571492433548], [0.1428571492433548, 0.1428571492433548, 0.1428571492433548, 0.1428571492433548, 0.1428571492433548, 0.1428571492433548, 0.1428571492433548], [0.1428571492433548, 0.1428571492433548, 0.1428571492433548, 0.1428571492433548, 0.1428571492433548, 0.1428571492433548, 0.1428571492433548], [0.1428571492433548, 0.1428571492433548, 0.1428571492433548, 0.1428571492433548, 0.1428571492433548, 0.1428571492433548, 0.1428571492433548], [0.1428571492433548, 0.1428571492433548, 0.1428571492433548, 0.1428571492433548, 0.1428571492433548, 0.1428571492433548, 0.1428571492433548], [0.1428571492433548, 0.1428571492433548, 0.1428571492433548, 0.1428571492433548, 0.1428571492433548, 0.1428571492433548, 0.1428571492433548], [0.1428571492433548, 0.1428571492433548, 0.1428571492433548, 0.1428571492433548, 0.1428571492433548, 0.1428571492433548, 0.1428571492433548], [0.1428571492433548, 0.1428571492433548, 0.1428571492433548, 0.1428571492433548, 0.1428571492433548, 0.1428571492433548, 0.1428571492433548], [0.1428571492433548, 0.1428571492433548, 0.1428571492433548, 0.1428571492433548, 0.1428571492433548, 0.1428571492433548, 0.1428571492433548], [0.1428571492433548, 0.1428571492433548, 0.1428571492433548, 0.1428571492433548, 0.1428571492433548, 0.1428571492433548, 0.1428571492433548]], "coeff_list_in_victim": [[0.20251473784446716, 0.000489075668156147, 0.6070669889450073, 0.18992924690246582, 0.0, 0.0, 0.0]], "victims": {"DPN92": {"clean acc": 92.18000068664551, "prediction": 8, "poisons predictions": [8, 8, 8, 8, 8, 8, 8], "scores": [1.226205314038343e-26, 9.589004009315743e-21, 1.4443347223716216e-38, 1.1251766120386197e-13, 3.123402260281459e-24, 3.9328742628026714e-13, 0.013657680712640285, 1.401298464324817e-45, 0.9863421320915222, 0.0], "malicious score": 0.9863421320915222, "camera": {"2": {"prediction": 5, "scores": [3.2584112931252106e-40, 2.979908311738185e-22, 7.300155271949826e-12, 0.39574819803237915, 9.321885272584041e-07, 0.6042501330375671, 3.996599495792452e-09, 9.10844001811131e-44, 3.0388193295038946e-08, 2.91090535953378e-34], "malicious score": 3.0388193295038946e-08}, "4": {"prediction": 3, "scores": [1.2918290282917624e-40, 9.733286441688725e-21, 2.6265361413591037e-11, 0.9872003793716431, 8.610148142906837e-06, 0.012791474349796772, 1.478741781801851e-11, 7.911731129577917e-42, 6.637979610424338e-10, 1.0101514460191354e-32], "malicious score": 6.637979610424338e-10}}}, "SENet18": {"clean acc": 91.37000160217285, "prediction": 8, "poisons predictions": [8, 8, 8, 8, 8, 8, 6], "scores": [6.226126690221049e-15, 4.0993758257059807e-16, 1.1863974387255646e-15, 1.5071829295720818e-07, 0.0020734702702611685, 3.790645314999397e-12, 0.06249213218688965, 9.707213894573574e-22, 0.9354347586631775, 2.197169451510867e-16], "malicious score": 0.9354347586631775, "camera": {"2": {"prediction": 3, "scores": [1.4980585000470153e-17, 2.9548256651522288e-21, 2.9606657125924585e-09, 0.7092407941818237, 0.2650342881679535, 0.014280812814831734, 0.0037562670186161995, 6.993895004194206e-23, 0.0076876417733728886, 1.7834930754467848e-10], "malicious score": 0.0076876417733728886}, "4": {"prediction": 3, "scores": [2.3470568103421658e-20, 1.558750445228557e-25, 2.989353486970714e-10, 0.9968578219413757, 0.0023198567796498537, 0.000748532242141664, 9.736934458715041e-08, 2.5077323648390667e-25, 7.316601841012016e-05, 1.3416306910915554e-12], "malicious score": 7.316601841012016e-05}}}, "ResNet50": {"clean acc": 92.27000122070312, "prediction": 8, "poisons predictions": [8, 8, 8, 8, 8, 8, 8], "scores": [4.203895392974451e-45, 1.4887555137927652e-32, 8.310418524910033e-26, 2.144986362575343e-24, 4.624284932271896e-44, 4.320562106415553e-32, 5.7424824895235815e-09, 5.4718971830609624e-33, 1.0, 2.5416941342745222e-30], "malicious score": 1.0, "camera": {"2": {"prediction": 8, "scores": [4.077778531185218e-43, 2.2411071000126503e-35, 2.6206532770685496e-32, 0.006663055624812841, 1.1462671301981558e-34, 5.712396326347497e-28, 0.0, 3.446849422769277e-31, 0.9933351278305054, 7.389749644548126e-33], "malicious score": 0.9933351278305054}, "4": {"prediction": 3, "scores": [1.1898411247597379e-39, 3.275852504014685e-35, 2.4989239547565765e-28, 0.9998664855957031, 1.121856195572707e-26, 5.686065614000943e-29, 0.0, 1.150452442018415e-31, 0.00013290491187945008, 4.090407659364242e-32], "malicious score": 0.00013290491187945008}}}, "ResNeXt29_2x64d": {"clean acc": 92.60000076293946, "prediction": 8, "poisons predictions": [8, 8, 8, 8, 8, 8, 8], "scores": [2.2613926290129817e-19, 8.379421045923152e-10, 3.4442275420598634e-12, 0.00015649470151402056, 9.307246017061652e-22, 2.005346843442224e-13, 0.11209592968225479, 9.651165137931004e-22, 0.8877472877502441, 2.2708098342006657e-16], "malicious score": 0.8877472877502441, "camera": {"2": {"prediction": 3, "scores": [6.334570637627012e-18, 3.5981154918062787e-16, 0.0011226324131712317, 0.7227121591567993, 5.346677056650151e-08, 0.2472962737083435, 0.02649999037384987, 6.552783464022012e-16, 0.002368645742535591, 1.7713133182439833e-09], "malicious score": 0.002368645742535591}, "4": {"prediction": 3, "scores": [1.3053089977870007e-18, 5.215510743256278e-17, 1.4204611034074333e-06, 0.9954802989959717, 0.0026966826990246773, 0.0008519731927663088, 0.00027732961461879313, 9.588182675836145e-17, 0.0006919778534211218, 2.6035363101528652e-12], "malicious score": 0.0006919778534211218}}}, "GoogLeNet": {"clean acc": 92.25000114440918, "prediction": 6, "poisons predictions": [8, 8, 8, 8, 8, 8, 8], "scores": [1.4340161003101315e-12, 2.6412799059016834e-08, 2.0662549449212975e-09, 3.867181658279151e-05, 2.6168732802034356e-05, 1.806297768780496e-05, 0.5893623232841492, 1.0095612713867386e-11, 0.41055458784103394, 1.690866446857342e-09], "malicious score": 0.41055458784103394,