{"args": "Namespace(device='cuda', dset_path='datasets', end2end=False, eval_poisons_root='attack-results-eps0.30/100-overlap/linear-transfer-learning/mean/800', gpu='3', lr_decay_epoch=[30, 45], model_resume_path='model-chks', num_per_class=50, poison_label=8, retrain_bsize=64, retrain_epochs=60, retrain_lr=0.1, retrain_momentum=0.9, retrain_opt='adam', retrain_wd=0, subset_group=0, target_camera=True, target_index_end=40, target_index_start=39, target_index_step=1, target_label=6, target_net=['DPN92', 'SENet18', 'ResNet50', 'ResNeXt29_2x64d', 'GoogLeNet', 'MobileNetV2', 'ResNet18', 'DenseNet121'], target_print_size=[2, 4], test_chk_name='ckpt-%s-4800.t7', train_data_path='datasets/CIFAR10_TRAIN_Split.pth')", "poison_label": 8, "target_label": 6, "targets": {"39": {}, "39": {"800": {"time": 477.0, "coeffs_time": 0, "poisons_time": 8, "target_loss": 0.007602916564792395, "total_loss": 0.07281385362148285, "coeff_list": [[0.20000000298023224, 0.20000000298023224, 0.20000000298023224, 0.20000000298023224, 0.20000000298023224], [0.20000000298023224, 0.20000000298023224, 0.20000000298023224, 0.20000000298023224, 0.20000000298023224], [0.20000000298023224, 0.20000000298023224, 0.20000000298023224, 0.20000000298023224, 0.20000000298023224], [0.20000000298023224, 0.20000000298023224, 0.20000000298023224, 0.20000000298023224, 0.20000000298023224], [0.20000000298023224, 0.20000000298023224, 0.20000000298023224, 0.20000000298023224, 0.20000000298023224], [0.20000000298023224, 0.20000000298023224, 0.20000000298023224, 0.20000000298023224, 0.20000000298023224], [0.20000000298023224, 0.20000000298023224, 0.20000000298023224, 0.20000000298023224, 0.20000000298023224], [0.20000000298023224, 0.20000000298023224, 0.20000000298023224, 0.20000000298023224, 0.20000000298023224], [0.20000000298023224, 0.20000000298023224, 0.20000000298023224, 0.20000000298023224, 0.20000000298023224], [0.20000000298023224, 0.20000000298023224, 0.20000000298023224, 0.20000000298023224, 0.20000000298023224], [0.20000000298023224, 0.20000000298023224, 0.20000000298023224, 0.20000000298023224, 0.20000000298023224], [0.20000000298023224, 0.20000000298023224, 0.20000000298023224, 0.20000000298023224, 0.20000000298023224], [0.20000000298023224, 0.20000000298023224, 0.20000000298023224, 0.20000000298023224, 0.20000000298023224], [0.20000000298023224, 0.20000000298023224, 0.20000000298023224, 0.20000000298023224, 0.20000000298023224], [0.20000000298023224, 0.20000000298023224, 0.20000000298023224, 0.20000000298023224, 0.20000000298023224], [0.20000000298023224, 0.20000000298023224, 0.20000000298023224, 0.20000000298023224, 0.20000000298023224], [0.20000000298023224, 0.20000000298023224, 0.20000000298023224, 0.20000000298023224, 0.20000000298023224], [0.20000000298023224, 0.20000000298023224, 0.20000000298023224, 0.20000000298023224, 0.20000000298023224]], "coeff_list_in_victim": [[0.0, 0.12895312905311584, 0.4908352792263031, 0.05431538075208664, 0.3258962333202362]], "victims": {"DPN92": {"clean acc": 92.06000137329102, "prediction": 8, "poisons predictions": [8, 8, 8, 8, 6], "scores": [7.899652205165322e-14, 3.321664010513814e-08, 2.47970808118109e-25, 1.4252780899948192e-10, 1.208780225626936e-18, 1.2287191663434838e-12, 0.04254738241434097, 1.1315870721725202e-26, 0.9574517607688904, 3.438786431453101e-42], "malicious score": 0.9574517607688904, "camera": {"2": {"prediction": 6, "scores": [2.59393577887155e-19, 5.422608148190362e-18, 4.563143226499918e-25, 1.3773410190154323e-10, 1.0425267452735515e-18, 9.792738148162172e-11, 0.9999980926513672, 5.409850546936248e-29, 2.762323219940299e-06, 9.219801207071204e-40], "malicious score": 2.762323219940299e-06}, "4": {"prediction": 5, "scores": [4.059817744000934e-23, 1.2199272415613393e-23, 4.267680393105211e-12, 0.05918537825345993, 1.8765165421541496e-08, 0.8989110589027405, 0.0419032908976078, 2.4867721071794708e-27, 6.608648632673575e-13, 2.9813058877532336e-30], "malicious score": 6.608648632673575e-13}}}, "SENet18": {"clean acc": 91.58000144958496, "prediction": 8, "poisons predictions": [6, 8, 8, 6, 6], "scores": [6.480409098230666e-08, 4.3527573038992795e-12, 3.4171149243533705e-10, 1.501778911006113e-06, 1.890844636420752e-08, 1.2405832805484351e-08, 0.34072577953338623, 1.45373350943917e-13, 0.6592724919319153, 3.404472884160903e-11], "malicious score": 0.6592724919319153, "camera": {"2": {"prediction": 6, "scores": [1.6390150348044585e-10, 4.400276125768195e-21, 1.454609951370353e-13, 7.947080327141975e-09, 1.388143627822913e-10, 1.5831206567895606e-08, 0.9865509867668152, 7.897420565412564e-22, 0.013448349200189114, 1.5849121060701465e-12], "malicious score": 0.013448349200189114}, "4": {"prediction": 8, "scores": [9.577361197443679e-06, 7.943096990898116e-16, 1.2702155800070614e-05, 0.10180174559354782, 2.2637939309788635e-06, 0.0012652339646592736, 0.14432039856910706, 4.2049049246879744e-13, 0.752587616443634, 1.6202768904349796e-08], "malicious score": 0.752587616443634}}}, "ResNet50": {"clean acc": 92.55000152587891, "prediction": 6, "poisons predictions": [8, 8, 6, 8, 8], "scores": [2.1114748444864772e-38, 1.0208070503394404e-19, 3.603646653839427e-26, 3.324323738309351e-17, 3.5705260733400047e-22, 8.116684407921682e-11, 1.0, 1.9783262670032617e-37, 3.137580506518134e-07, 3.522137372103285e-29], "malicious score": 3.137580506518134e-07, "camera": {"2": {"prediction": 6, "scores": [4.212594713534052e-32, 3.501611969334412e-15, 5.306751370439807e-22, 5.884885467821732e-06, 1.455001830104609e-16, 6.012020881129843e-10, 0.5558465123176575, 6.214605370637193e-34, 0.444146990776062, 1.3487082173448939e-25], "malicious score": 0.444146990776062}, "4": {"prediction": 3, "scores": [4.2658020429758585e-30, 9.80800076572086e-13, 8.249884627607271e-22, 0.9986885786056519, 5.968744717769515e-16, 1.2691938429051919e-12, 2.4966448108898476e-07, 2.930488382995434e-29, 0.0013108953135088086, 9.19360254249219e-26], "malicious score": 0.0013108953135088086}}}, "ResNeXt29_2x64d": {"clean acc": 93.01000137329102, "prediction": 8, "poisons predictions": [8, 8, 8, 8, 8], "scores": [2.0242333816479166e-18, 4.61465392807836e-13, 5.845735984166822e-08, 6.586703239008784e-05, 9.205827584735905e-31, 4.665151186362959e-13, 0.3738819360733032, 5.613336041712812e-19, 0.6260526180267334, 1.3275779469344197e-14], "malicious score": 0.6260526180267334, "camera": {"2": {"prediction": 6, "scores": [4.6771061733671304e-21, 5.382561956592409e-19, 1.916236502808033e-09, 2.8704653232125565e-07, 1.5191914867182454e-23, 5.150248227892007e-09, 0.9977709054946899, 3.0735742477450174e-22, 0.0022283773869276047, 6.395281526572205e-11], "malicious score": 0.0022283773869276047}, "4": {"prediction": 6, "scores": [5.320890989035635e-18, 3.1387544473238105e-14, 2.2855363823737207e-08, 0.06854819506406784, 7.173543433595019e-19, 5.021952986794531e-08, 0.9249277710914612, 1.7756808276990027e-16, 0.00652439845725894, 1.1573424857358461e-10], "malicious score": 0.00652439845725894}}}, "GoogLeNet": {"clean acc": 91.89000205993652, "prediction": 8, "poisons predictions": [8, 8, 8, 6, 8], "scores": [3.6776979429699644e-17, 1.1642109498666287e-09, 2.0639893136831233e-06, 0.0004634782380890101, 8.11215805640586e-09, 3.13247692247387e-05, 0.34627944231033325, 4.24104285912108e-07, 0.6532236933708191, 1.1294631029057367e-11], "malicious score": 0.6532236933708191, "camera": {"2": {"prediction": 6, "scores": [9.003799293053234e-16, 6.751331049770215e-09, 5.276790034258738e-05, 0.024281872436404228, 1.287317843434721e-07, 0.013078248128294945, 0.9004571437835693, 1.350392353494101e-09, 0.0621299110352993, 1.1594840643169846e-09], "malicious score": 0.0621299110352993}, "4": {"prediction": 8, "scores": [2.826185647262567e-17, 6.756599724155876e-09, 1.6536474504391663e-05, 0.0666450634598732, 1.8187812367287393e-09, 0.0022824329789727926, 0.3725820481777191, 1.4141251503119179e-09, 0.5584737658500671, 3.5304376089229095e-10], "malicious score": 0.5584737658500671}}},