{"args": "Namespace(device='cuda', dset_path='datasets', end2end=False, eval_poisons_root='attack-results-10poisons/100-overlap/linear-transfer-learning/mean/800', gpu='1', lr_decay_epoch=[30, 45], model_resume_path='model-chks', num_per_class=50, poison_label=8, retrain_bsize=64, retrain_epochs=60, retrain_lr=0.1, retrain_momentum=0.9, retrain_opt='adam', retrain_wd=0, subset_group=0, target_camera=True, target_index_end=39, target_index_start=38, target_index_step=1, target_label=6, target_net=['DPN92', 'SENet18', 'ResNet50', 'ResNeXt29_2x64d', 'GoogLeNet', 'MobileNetV2', 'ResNet18', 'DenseNet121'], target_print_size=[2, 4], test_chk_name='ckpt-%s-4800.t7', train_data_path='datasets/CIFAR10_TRAIN_Split.pth')", "poison_label": 8, "target_label": 6, "targets": {"38": {}, "38": {"800": {"time": 425.0, "coeffs_time": 0, "poisons_time": 4, "target_loss": 0.008100372739136219, "total_loss": 0.06320260465145111, "coeff_list": [[0.10000000149011612, 0.10000000149011612, 0.10000000149011612, 0.10000000149011612, 0.10000000149011612, 0.10000000149011612, 0.10000000149011612, 0.10000000149011612, 0.10000000149011612, 0.10000000149011612], [0.10000000149011612, 0.10000000149011612, 0.10000000149011612, 0.10000000149011612, 0.10000000149011612, 0.10000000149011612, 0.10000000149011612, 0.10000000149011612, 0.10000000149011612, 0.10000000149011612], [0.10000000149011612, 0.10000000149011612, 0.10000000149011612, 0.10000000149011612, 0.10000000149011612, 0.10000000149011612, 0.10000000149011612, 0.10000000149011612, 0.10000000149011612, 0.10000000149011612], [0.10000000149011612, 0.10000000149011612, 0.10000000149011612, 0.10000000149011612, 0.10000000149011612, 0.10000000149011612, 0.10000000149011612, 0.10000000149011612, 0.10000000149011612, 0.10000000149011612], [0.10000000149011612, 0.10000000149011612, 0.10000000149011612, 0.10000000149011612, 0.10000000149011612, 0.10000000149011612, 0.10000000149011612, 0.10000000149011612, 0.10000000149011612, 0.10000000149011612], [0.10000000149011612, 0.10000000149011612, 0.10000000149011612, 0.10000000149011612, 0.10000000149011612, 0.10000000149011612, 0.10000000149011612, 0.10000000149011612, 0.10000000149011612, 0.10000000149011612], [0.10000000149011612, 0.10000000149011612, 0.10000000149011612, 0.10000000149011612, 0.10000000149011612, 0.10000000149011612, 0.10000000149011612, 0.10000000149011612, 0.10000000149011612, 0.10000000149011612], [0.10000000149011612, 0.10000000149011612, 0.10000000149011612, 0.10000000149011612, 0.10000000149011612, 0.10000000149011612, 0.10000000149011612, 0.10000000149011612, 0.10000000149011612, 0.10000000149011612], [0.10000000149011612, 0.10000000149011612, 0.10000000149011612, 0.10000000149011612, 0.10000000149011612, 0.10000000149011612, 0.10000000149011612, 0.10000000149011612, 0.10000000149011612, 0.10000000149011612], [0.10000000149011612, 0.10000000149011612, 0.10000000149011612, 0.10000000149011612, 0.10000000149011612, 0.10000000149011612, 0.10000000149011612, 0.10000000149011612, 0.10000000149011612, 0.10000000149011612], [0.10000000149011612, 0.10000000149011612, 0.10000000149011612, 0.10000000149011612, 0.10000000149011612, 0.10000000149011612, 0.10000000149011612, 0.10000000149011612, 0.10000000149011612, 0.10000000149011612], [0.10000000149011612, 0.10000000149011612, 0.10000000149011612, 0.10000000149011612, 0.10000000149011612, 0.10000000149011612, 0.10000000149011612, 0.10000000149011612, 0.10000000149011612, 0.10000000149011612], [0.10000000149011612, 0.10000000149011612, 0.10000000149011612, 0.10000000149011612, 0.10000000149011612, 0.10000000149011612, 0.10000000149011612, 0.10000000149011612, 0.10000000149011612, 0.10000000149011612], [0.10000000149011612, 0.10000000149011612, 0.10000000149011612, 0.10000000149011612, 0.10000000149011612, 0.10000000149011612, 0.10000000149011612, 0.10000000149011612, 0.10000000149011612, 0.10000000149011612], [0.10000000149011612, 0.10000000149011612, 0.10000000149011612, 0.10000000149011612, 0.10000000149011612, 0.10000000149011612, 0.10000000149011612, 0.10000000149011612, 0.10000000149011612, 0.10000000149011612], [0.10000000149011612, 0.10000000149011612, 0.10000000149011612, 0.10000000149011612, 0.10000000149011612, 0.10000000149011612, 0.10000000149011612, 0.10000000149011612, 0.10000000149011612, 0.10000000149011612], [0.10000000149011612, 0.10000000149011612, 0.10000000149011612, 0.10000000149011612, 0.10000000149011612, 0.10000000149011612, 0.10000000149011612, 0.10000000149011612, 0.10000000149011612, 0.10000000149011612], [0.10000000149011612, 0.10000000149011612, 0.10000000149011612, 0.10000000149011612, 0.10000000149011612, 0.10000000149011612, 0.10000000149011612, 0.10000000149011612, 0.10000000149011612, 0.10000000149011612]], "coeff_list_in_victim": [[0.0, 0.0, 0.0, 0.0, 0.16692349314689636, 0.0, 0.3883269727230072, 0.02365977130830288, 0.4210897386074066, 0.0]], "victims": {"DPN92": {"clean acc": 92.6700008392334, "prediction": 6, "poisons predictions": [8, 8, 8, 8, 8, 8, 6, 8, 8, 8], "scores": [7.670638213150283e-14, 1.6081659480379248e-29, 1.5134023414708024e-43, 2.3502588445879344e-17, 2.9837504928249776e-31, 8.994962572200167e-19, 0.8023831248283386, 6.600225068250106e-38, 0.19761677086353302, 0.0], "malicious score": 0.19761677086353302, "camera": {"2": {"prediction": 3, "scores": [1.1730830950762893e-34, 1.3273417034490114e-34, 7.421600140000706e-11, 0.9999923706054688, 9.971295185096096e-07, 6.778502211091109e-06, 4.147643166418913e-12, 2.5802206795040785e-32, 2.8183513653973495e-22, 8.962993886511399e-29], "malicious score": 2.8183513653973495e-22}, "4": {"prediction": 3, "scores": [4.778821472164163e-37, 2.1011852466296702e-35, 3.818345292727621e-11, 0.9999980926513672, 2.0340955870779e-06, 1.439210848275252e-07, 1.4049767209020625e-12, 3.5309786869897217e-35, 9.372334614807075e-23, 1.464641275743203e-31], "malicious score": 9.372334614807075e-23}}}, "SENet18": {"clean acc": 90.82000122070312, "prediction": 8, "poisons predictions": [8, 6, 8, 8, 6, 8, 6, 8, 8, 8], "scores": [1.8394203937788234e-09, 1.2488865532554218e-14, 2.70635344511291e-14, 2.5925997459985695e-12, 1.2986727249142405e-08, 7.93725521641914e-15, 0.03633984923362732, 8.923737151580523e-19, 0.9636607766151428, 7.211021436186149e-19], "malicious score": 0.9636607766151428, "camera": {"2": {"prediction": 3, "scores": [7.65298079492523e-15, 1.9081563323241456e-22, 0.013908909633755684, 0.9860374331474304, 6.652286401731544e-07, 5.2933726692572236e-05, 1.559689530306052e-11, 1.8830486065105897e-16, 2.7654673256244378e-12, 1.967286056281381e-11], "malicious score": 2.7654673256244378e-12}, "4": {"prediction": 2, "scores": [1.9977761751915305e-17, 2.8439726006280215e-27, 0.9978432059288025, 0.002148715080693364, 3.6076511222837837e-10, 8.017301297513768e-06, 1.3202419192615e-11, 1.584166781722382e-18, 2.3064643626263554e-16, 2.3610674179663782e-11], "malicious score": 2.3064643626263554e-16}}}, "ResNet50": {"clean acc": 92.93000106811523, "prediction": 8, "poisons predictions": [8, 6, 8, 8, 6, 8, 8, 8, 8, 8], "scores": [3.731827647870864e-38, 4.208455221932575e-30, 1.401298464324817e-45, 9.109925477825552e-25, 1.5735005749633903e-33, 7.676312891660652e-30, 0.0036751297302544117, 5.386557853660015e-30, 0.9963256120681763, 2.0598546445624533e-26], "malicious score": 0.9963256120681763, "camera": {"2": {"prediction": 3, "scores": [1.0706158044464424e-29, 8.194598490658429e-27, 1.2804504610173773e-29, 1.0, 7.94942869452774e-17, 2.6876229114407436e-26, 5.91243302975757e-38, 2.244712087453507e-25, 3.699905951336727e-23, 3.854188549971113e-35], "malicious score": 3.699905951336727e-23}, "4": {"prediction": 3, "scores": [2.950564171411433e-31, 3.158813697360171e-29, 3.004227075443844e-32, 1.0, 4.797030065789012e-15, 1.2988849508699105e-28, 2.0688975640150353e-31, 2.7735712320784525e-19, 1.4603927028999122e-20, 6.779996112863635e-34], "malicious score": 1.4603927028999122e-20}}}, "ResNeXt29_2x64d": {"clean acc": 92.62000122070313, "prediction": 6,