{"args": "Namespace(device='cuda', dset_path='datasets', end2end=False, eval_poisons_root='attack-results-eps0.30/100-overlap/linear-transfer-learning/mean/800', gpu='3', lr_decay_epoch=[30, 45], model_resume_path='model-chks', num_per_class=50, poison_label=8, retrain_bsize=64, retrain_epochs=60, retrain_lr=0.1, retrain_momentum=0.9, retrain_opt='adam', retrain_wd=0, subset_group=0, target_camera=True, target_index_end=4, target_index_start=3, target_index_step=1, target_label=6, target_net=['DPN92', 'SENet18', 'ResNet50', 'ResNeXt29_2x64d', 'GoogLeNet', 'MobileNetV2', 'ResNet18', 'DenseNet121'], target_print_size=[2, 4], test_chk_name='ckpt-%s-4800.t7', train_data_path='datasets/CIFAR10_TRAIN_Split.pth')", "poison_label": 8, "target_label": 6, "targets": {"3": {}, "3": {"800": {"time": 503.0, "coeffs_time": 0, "poisons_time": 7, "target_loss": 0.008184722624719143, "total_loss": 0.06339821219444275, "coeff_list": [[0.20000000298023224, 0.20000000298023224, 0.20000000298023224, 0.20000000298023224, 0.20000000298023224], [0.20000000298023224, 0.20000000298023224, 0.20000000298023224, 0.20000000298023224, 0.20000000298023224], [0.20000000298023224, 0.20000000298023224, 0.20000000298023224, 0.20000000298023224, 0.20000000298023224], [0.20000000298023224, 0.20000000298023224, 0.20000000298023224, 0.20000000298023224, 0.20000000298023224], [0.20000000298023224, 0.20000000298023224, 0.20000000298023224, 0.20000000298023224, 0.20000000298023224], [0.20000000298023224, 0.20000000298023224, 0.20000000298023224, 0.20000000298023224, 0.20000000298023224], [0.20000000298023224, 0.20000000298023224, 0.20000000298023224, 0.20000000298023224, 0.20000000298023224], [0.20000000298023224, 0.20000000298023224, 0.20000000298023224, 0.20000000298023224, 0.20000000298023224], [0.20000000298023224, 0.20000000298023224, 0.20000000298023224, 0.20000000298023224, 0.20000000298023224], [0.20000000298023224, 0.20000000298023224, 0.20000000298023224, 0.20000000298023224, 0.20000000298023224], [0.20000000298023224, 0.20000000298023224, 0.20000000298023224, 0.20000000298023224, 0.20000000298023224], [0.20000000298023224, 0.20000000298023224, 0.20000000298023224, 0.20000000298023224, 0.20000000298023224], [0.20000000298023224, 0.20000000298023224, 0.20000000298023224, 0.20000000298023224, 0.20000000298023224], [0.20000000298023224, 0.20000000298023224, 0.20000000298023224, 0.20000000298023224, 0.20000000298023224], [0.20000000298023224, 0.20000000298023224, 0.20000000298023224, 0.20000000298023224, 0.20000000298023224], [0.20000000298023224, 0.20000000298023224, 0.20000000298023224, 0.20000000298023224, 0.20000000298023224], [0.20000000298023224, 0.20000000298023224, 0.20000000298023224, 0.20000000298023224, 0.20000000298023224], [0.20000000298023224, 0.20000000298023224, 0.20000000298023224, 0.20000000298023224, 0.20000000298023224]], "coeff_list_in_victim": [[0.4918230175971985, 0.06047708913683891, 0.25063809752464294, 0.0, 0.19706180691719055]], "victims": {"DPN92": {"clean acc": 91.34000129699707, "prediction": 8, "poisons predictions": [8, 8, 6, 6, 6], "scores": [4.393681023119513e-15, 1.0768895775115084e-09, 2.049296928562333e-34, 6.475160685415204e-11, 5.005257578908646e-30, 2.6123642637120026e-13, 0.3494951128959656, 2.304887013601348e-26, 0.6505051851272583, 0.0], "malicious score": 0.6505051851272583, "camera": {"2": {"prediction": 3, "scores": [5.29043340179384e-32, 3.4784148844098314e-33, 3.399691755868149e-14, 0.9746091961860657, 1.2618038169875945e-07, 0.025358177721500397, 3.303059929748997e-05, 4.516343068510384e-36, 1.703061215001852e-14, 3.0103531642531543e-32], "malicious score": 1.703061215001852e-14}, "4": {"prediction": 6, "scores": [1.9786052255567647e-15, 6.487134227143856e-20, 8.507061461619186e-21, 7.947536505525932e-05, 4.164024887486226e-17, 2.1096102500450797e-05, 0.9998989105224609, 8.453791529243623e-26, 1.1735551197489258e-08, 1.5036670614132416e-35], "malicious score": 1.1735551197489258e-08}}}, "SENet18": {"clean acc": 91.38000144958497, "prediction": 6, "poisons predictions": [8, 8, 8, 6, 6], "scores": [3.1583213149811995e-13, 1.185131484458422e-14, 6.869309130850751e-14, 1.5424155008769702e-11, 1.888758731638518e-07, 8.871608281986118e-14, 0.9985933899879456, 8.870834839261321e-13, 0.0014073447091504931, 2.3772320171936735e-14], "malicious score": 0.0014073447091504931, "camera": {"2": {"prediction": 3, "scores": [4.8917883077592705e-09, 1.3438356379201786e-16, 1.2334107850620057e-06, 0.9398987889289856, 0.00175177538767457, 1.1765063391067088e-05, 0.0019596617203205824, 7.886442367210922e-12, 0.056377146393060684, 8.02120869725087e-10], "malicious score": 0.056377146393060684}, "4": {"prediction": 8, "scores": [2.9438065318743156e-09, 4.5814043612415686e-14, 2.858154685148051e-12, 2.183604692618246e-06, 7.876270160522836e-07, 1.9679249896320528e-10, 0.00043989589903503656, 9.448422599867001e-11, 0.999557614326477, 1.8918590652394762e-11], "malicious score": 0.999557614326477}}}, "ResNet50": {"clean acc": 92.08000144958496, "prediction": 8, "poisons predictions": [8, 8, 8, 8, 6], "scores": [4.193469361671456e-31, 7.723422701796858e-16, 2.137202131807701e-32, 2.6624670822171524e-44, 0.0, 1.0382248910015477e-25, 0.2039714753627777, 2.133873983867385e-36, 0.7960280776023865, 4.5038319377744304e-30], "malicious score": 0.7960280776023865, "camera": {"2": {"prediction": 3, "scores": [9.640864631144455e-14, 8.755555354134432e-24, 6.048016601435494e-26, 0.9999713897705078, 0.0, 2.096915222160919e-22, 2.246872683111259e-16, 1.7492226854945487e-19, 2.930557820945978e-05, 1.8150339954097574e-29], "malicious score": 2.930557820945978e-05}, "4": {"prediction": 8, "scores": [3.565204480782256e-22, 9.148800464348753e-23, 1.4501975064569092e-31, 1.835184362453587e-27, 0.0, 1.830034829457212e-24, 4.1404195627592344e-08, 5.532599537867373e-25, 1.0, 2.2832978011479538e-26], "malicious score": 1.0}}}, "ResNeXt29_2x64d": {"clean acc": 92.4900016784668, "prediction": 6, "poisons predictions": [8, 8, 8, 8, 8], "scores": [3.3851518385487364e-22, 2.6231594674186454e-09, 2.0290353305399094e-17, 2.6368426886413943e-10, 0.0, 1.6194353677104728e-32, 0.8112145066261292, 1.7213228398607183e-18, 0.18878568708896637, 2.636268384520408e-22], "malicious score": 0.18878568708896637, "camera": {"2": {"prediction": 6, "scores": [3.326101184009605e-16, 6.722652215824718e-16, 1.1678489499900024e-06, 0.0819147527217865, 3.802241792358503e-14, 0.0003040889569092542, 0.9176034331321716, 2.365704523468341e-16, 1.369576466458966e-06, 0.00017538966494612396], "malicious score": 1.369576466458966e-06}, "4": {"prediction": 6, "scores": [2.6346404170731613e-14, 4.467451582279569e-12, 2.0618988116893888e-07, 0.00022459565661847591, 4.431959089506601e-23, 1.1771536870264221e-11, 0.9996863007545471, 1.7030726872160895e-12, 8.258654270321131e-05, 5.970688107481692e-06], "malicious score": 8.258654270321131e-05}}}, "GoogLeNet": {"clean acc": 91.11000175476075, "prediction": 6, "poisons predictions": [8, 8, 6, 8, 6], "scores": [2.3307874431023547e-16, 2.296807934953904e-07, 1.0931138400048848e-13, 5.059448994870763e-06, 1.5438673950374238e-10, 4.921589180639785e-08, 0.5516881346702576, 1.115663225866037e-12, 0.4483063220977783, 2.195623891032561e-12], "malicious score": 0.4483063220977783, "camera": {"2": {"prediction": 3, "scores": [7.416352823747321e-14, 3.6047609341949283e-07, 1.2612431987690798e-07, 0.9865086674690247, 2.2233789920278468e-08, 0.013199539855122566, 0.00026882707607001066, 2.035303746580867e-20, 2.280247281305492e-05, 8.764398984340005e-08], "malicious score": 2.280247281305492e-05}, "4": {"prediction": 3, "scores": [1.2124837592275561e-11, 1.4588266822102014e-05, 1.568973675603047e-05, 0.961800217628479, 9.818127644223296e-09, 0.008121890015900135, 0.024931173771619797, 5.665231636944618e-16, 0.005116401705890894, 3.583528140893577e-08], "malicious score": 0.005116401705890894}}}, "MobileNetV2": {"clean acc": 86.84000129699707, "prediction": 6,