{"args": "Namespace(device='cuda', dset_path='datasets', end2end=False, eval_poisons_root='attack-results-eps0.30/100-overlap/linear-transfer-learning/mean/800', gpu='2', lr_decay_epoch=[30, 45], model_resume_path='model-chks', num_per_class=50, poison_label=8, retrain_bsize=64, retrain_epochs=60, retrain_lr=0.1, retrain_momentum=0.9, retrain_opt='adam', retrain_wd=0, subset_group=0, target_camera=True, target_index_end=15, target_index_start=14, target_index_step=1, target_label=6, target_net=['DPN92', 'SENet18', 'ResNet50', 'ResNeXt29_2x64d', 'GoogLeNet', 'MobileNetV2', 'ResNet18', 'DenseNet121'], target_print_size=[2, 4], test_chk_name='ckpt-%s-4800.t7', train_data_path='datasets/CIFAR10_TRAIN_Split.pth')", "poison_label": 8, "target_label": 6, "targets": {"14": {}, "14": {"800": {"time": 450.0, "coeffs_time": 0, "poisons_time": 5, "target_loss": 0.05035843327641487, "total_loss": 0.08756808191537857, "coeff_list": [[0.20000000298023224, 0.20000000298023224, 0.20000000298023224, 0.20000000298023224, 0.20000000298023224], [0.20000000298023224, 0.20000000298023224, 0.20000000298023224, 0.20000000298023224, 0.20000000298023224], [0.20000000298023224, 0.20000000298023224, 0.20000000298023224, 0.20000000298023224, 0.20000000298023224], [0.20000000298023224, 0.20000000298023224, 0.20000000298023224, 0.20000000298023224, 0.20000000298023224], [0.20000000298023224, 0.20000000298023224, 0.20000000298023224, 0.20000000298023224, 0.20000000298023224], [0.20000000298023224, 0.20000000298023224, 0.20000000298023224, 0.20000000298023224, 0.20000000298023224], [0.20000000298023224, 0.20000000298023224, 0.20000000298023224, 0.20000000298023224, 0.20000000298023224], [0.20000000298023224, 0.20000000298023224, 0.20000000298023224, 0.20000000298023224, 0.20000000298023224], [0.20000000298023224, 0.20000000298023224, 0.20000000298023224, 0.20000000298023224, 0.20000000298023224], [0.20000000298023224, 0.20000000298023224, 0.20000000298023224, 0.20000000298023224, 0.20000000298023224], [0.20000000298023224, 0.20000000298023224, 0.20000000298023224, 0.20000000298023224, 0.20000000298023224], [0.20000000298023224, 0.20000000298023224, 0.20000000298023224, 0.20000000298023224, 0.20000000298023224], [0.20000000298023224, 0.20000000298023224, 0.20000000298023224, 0.20000000298023224, 0.20000000298023224], [0.20000000298023224, 0.20000000298023224, 0.20000000298023224, 0.20000000298023224, 0.20000000298023224], [0.20000000298023224, 0.20000000298023224, 0.20000000298023224, 0.20000000298023224, 0.20000000298023224], [0.20000000298023224, 0.20000000298023224, 0.20000000298023224, 0.20000000298023224, 0.20000000298023224], [0.20000000298023224, 0.20000000298023224, 0.20000000298023224, 0.20000000298023224, 0.20000000298023224], [0.20000000298023224, 0.20000000298023224, 0.20000000298023224, 0.20000000298023224, 0.20000000298023224]], "coeff_list_in_victim": [[0.17736300826072693, 0.0, 0.0, 0.0, 0.8226369619369507]], "victims": {"DPN92": {"clean acc": 92.8700023651123, "prediction": 8, "poisons predictions": [8, 8, 8, 8, 6], "scores": [2.879878507568062e-35, 4.739539556147396e-35, 2.855074433847614e-17, 1.4986249880166724e-05, 2.8117101519790115e-18, 0.0017487449804320931, 1.0788478732592921e-07, 1.4251100383131853e-28, 0.9982353448867798, 2.802596928649634e-45], "malicious score": 0.9982353448867798, "camera": {"2": {"prediction": 5, "scores": [2.321391036000492e-41, 0.0, 5.5151112597837996e-17, 3.379695499461377e-06, 1.3895988056037308e-20, 0.9999885559082031, 2.368478156655751e-11, 1.8516575093248804e-30, 7.212086984509369e-06, 1.2126878949220897e-39], "malicious score": 7.212086984509369e-06}, "4": {"prediction": 8, "scores": [9.367988008479874e-35, 1.0831606930602288e-38, 4.074980887533181e-21, 3.931373157683993e-06, 2.0861712183498153e-19, 0.043823860585689545, 3.748440576600842e-05, 3.7130174324124084e-28, 0.9561342000961304, 9.963091951503017e-41], "malicious score": 0.9561342000961304}}}, "SENet18": {"clean acc": 90.94000053405762, "prediction": 8, "poisons predictions": [8, 8, 8, 8, 6], "scores": [3.6461518249097935e-08, 4.0443313315806143e-22, 4.088178844236667e-16, 1.2550900423125011e-11, 6.898129290000554e-10, 1.5789575202873607e-10, 0.02363574504852295, 1.3691911633122805e-23, 0.9763637781143188, 5.575783369527788e-16], "malicious score": 0.9763637781143188, "camera": {"2": {"prediction": 8, "scores": [1.6825417995029691e-15, 9.00705607421741e-40, 6.158712862608384e-14, 7.859899254884783e-14, 7.869312840247389e-12, 2.600277468900458e-07, 0.0025330851785838604, 2.290737728502721e-35, 0.9974664449691772, 3.0089856116726627e-14], "malicious score": 0.9974664449691772}, "4": {"prediction": 8, "scores": [1.1129197657709774e-15, 1.2388365166299608e-37, 1.9141724880503141e-13, 1.408975258514189e-12, 1.163923887825824e-10, 2.272763777000364e-05, 0.018543347716331482, 1.4034672456623657e-33, 0.9814348220825195, 2.006121657682769e-11], "malicious score": 0.9814348220825195}}}, "ResNet50": {"clean acc": 94.04000129699708, "prediction": 8, "poisons predictions": [8, 8, 8, 8, 8], "scores": [8.521051461700287e-23, 2.7815765776860804e-15, 1.5248244894233822e-29, 2.3904164748830197e-30, 1.7399265141398328e-33, 6.7686961678992496e-21, 0.0333189032971859, 6.26307154240339e-23, 0.966681718826294, 5.154012793449317e-20], "malicious score": 0.966681718826294, "camera": {"2": {"prediction": 5, "scores": [2.851871373380898e-19, 1.2386088248800275e-12, 4.704632126901738e-19, 1.8242794659535094e-22, 7.333608952707815e-34, 0.9999866485595703, 1.873933230811531e-09, 6.749528614950807e-24, 1.4287111298472155e-05, 1.3047099208310375e-13], "malicious score": 1.4287111298472155e-05}, "4": {"prediction": 8, "scores": [1.146880129040485e-18, 3.8465463453318804e-11, 5.743165140780307e-19, 3.628815699824382e-22, 1.743200954673094e-34, 0.0006478445138782263, 0.003652098122984171, 4.069900673790656e-21, 0.9956996440887451, 1.6409550313619542e-13], "malicious score": 0.9956996440887451}}}, "ResNeXt29_2x64d": {"clean acc": 92.75000114440918, "prediction": 8, "poisons predictions": [8, 8, 8, 8, 8], "scores": [4.031158982500876e-31, 1.3419459495710405e-30, 1.3879648298742442e-12, 2.7025081391490735e-12, 1.1911036946760945e-43, 1.0214528875507334e-13, 0.0001777667348505929, 1.337089898584702e-25, 0.9998226165771484, 1.6855384378750032e-19], "malicious score": 0.9998226165771484, "camera": {"2": {"prediction": 8, "scores": [3.058732145946981e-29, 7.220582701003631e-39, 9.936101719176804e-08, 2.4205589789494386e-12, 1.5231749484816078e-27, 0.03572377935051918, 1.1202499763385276e-06, 4.348751663319125e-26, 0.9642748832702637, 5.299687157018737e-16], "malicious score": 0.9642748832702637}, "4": {"prediction": 8, "scores": [3.4119353597588936e-30, 3.262803971447299e-37, 9.361498243265487e-10, 5.105562674023734e-12, 5.356830177049754e-28, 0.0002429009327897802, 7.563429790025111e-06, 6.160014512156665e-26, 0.9997492432594299, 4.501476659448582e-16], "malicious score": 0.9997492432594299}}}, "GoogLeNet": {"clean acc": 92.58000144958496, "prediction": 8, "poisons predictions": [8, 8, 8, 6, 8], "scores": [5.974927583946021e-13, 2.5836539574441986e-09, 3.7030673411209136e-05, 0.0021097050048410892, 4.202462378088967e-08, 0.0028682751581072807, 0.01769234612584114, 4.858566240301121e-12, 0.977292537689209, 1.9694805786230063e-09], "malicious score": 0.977292537689209, "camera": {"2": {"prediction": 5, "scores": [7.764166235933387e-14, 7.334526866062396e-13, 0.0029507989529520273, 0.0005883373669348657, 7.896723985822973e-08, 0.9913458824157715, 3.419020868022926e-05, 3.8285272575908774e-14, 0.005080521106719971, 2.064908599663795e-08], "malicious score": 0.005080521106719971}, "4": {"prediction": 5, "scores": [8.390880004705004e-12, 1.1912210107212218e-10, 0.0056013548746705055, 0.017098823562264442, 2.9243333301565144e-06, 0.9396352767944336, 0.005311980377882719, 8.577911818352657e-12, 0.032349225133657455, 4.187589865978225e-07], "malicious score": 0.032349225133657455}}},