{"args": "Namespace(device='cuda', dset_path='datasets', end2end=False, eval_poisons_root='attack-results-3poisons/100-overlap/linear-transfer-learning/mean/800', gpu='0', lr_decay_epoch=[30, 45], model_resume_path='model-chks', num_per_class=50, poison_label=8, retrain_bsize=64, retrain_epochs=60, retrain_lr=0.1, retrain_momentum=0.9, retrain_opt='adam', retrain_wd=0, subset_group=0, target_camera=True, target_index_end=15, target_index_start=14, target_index_step=1, target_label=6, target_net=['DPN92', 'SENet18', 'ResNet50', 'ResNeXt29_2x64d', 'GoogLeNet', 'MobileNetV2', 'ResNet18', 'DenseNet121'], target_print_size=[2, 4], test_chk_name='ckpt-%s-4800.t7', train_data_path='datasets/CIFAR10_TRAIN_Split.pth')", "poison_label": 8, "target_label": 6, "targets": {"14": {}, "14": {"800": {"time": 354.0, "coeffs_time": 0, "poisons_time": 4, "target_loss": 0.14788545668125153, "total_loss": 0.11381099373102188, "coeff_list": [[0.3333333432674408, 0.3333333432674408, 0.3333333432674408], [0.3333333432674408, 0.3333333432674408, 0.3333333432674408], [0.3333333432674408, 0.3333333432674408, 0.3333333432674408], [0.3333333432674408, 0.3333333432674408, 0.3333333432674408], [0.3333333432674408, 0.3333333432674408, 0.3333333432674408], [0.3333333432674408, 0.3333333432674408, 0.3333333432674408], [0.3333333432674408, 0.3333333432674408, 0.3333333432674408], [0.3333333432674408, 0.3333333432674408, 0.3333333432674408], [0.3333333432674408, 0.3333333432674408, 0.3333333432674408], [0.3333333432674408, 0.3333333432674408, 0.3333333432674408], [0.3333333432674408, 0.3333333432674408, 0.3333333432674408], [0.3333333432674408, 0.3333333432674408, 0.3333333432674408], [0.3333333432674408, 0.3333333432674408, 0.3333333432674408], [0.3333333432674408, 0.3333333432674408, 0.3333333432674408], [0.3333333432674408, 0.3333333432674408, 0.3333333432674408], [0.3333333432674408, 0.3333333432674408, 0.3333333432674408], [0.3333333432674408, 0.3333333432674408, 0.3333333432674408], [0.3333333432674408, 0.3333333432674408, 0.3333333432674408]], "coeff_list_in_victim": [[0.0, 0.6957740783691406, 0.30422598123550415]], "victims": {"DPN92": {"clean acc": 92.4900016784668, "prediction": 8, "poisons predictions": [8, 8, 8], "scores": [1.8560610270498766e-25, 5.828329360427113e-36, 7.714122174156887e-15, 0.00014058308443054557, 1.0843778029628299e-20, 0.04488382861018181, 0.12068785727024078, 2.759410173075948e-33, 0.8342875838279724, 1.769839960442244e-42], "malicious score": 0.8342875838279724, "camera": {"2": {"prediction": 5, "scores": [1.2932065918721051e-32, 0.0, 6.397458517798382e-13, 0.00021211951388977468, 1.9537666795204396e-20, 0.999723494052887, 3.457047569099814e-05, 1.4873575938702483e-34, 3.078761073993519e-05, 1.7984734968696309e-35], "malicious score": 3.078761073993519e-05}, "4": {"prediction": 8, "scores": [2.1321539622301128e-24, 1.2807867963928828e-42, 4.826853645875583e-17, 2.2755810277885757e-05, 7.492549481923473e-21, 0.0803929939866066, 0.21375702321529388, 7.234334597690034e-33, 0.7058271765708923, 6.407024125337943e-38], "malicious score": 0.7058271765708923}}}, "SENet18": {"clean acc": 91.09000167846679, "prediction": 8, "poisons predictions": [8, 6, 5], "scores": [9.008812362765184e-09, 6.081807588472685e-22, 5.842036635673271e-15, 1.117101029735057e-11, 2.738675822580583e-12, 2.3442444166410503e-11, 0.1376829892396927, 2.834450287289806e-21, 0.8623170256614685, 3.3238104109323263e-13], "malicious score": 0.8623170256614685, "camera": {"2": {"prediction": 6, "scores": [5.127135759227848e-17, 3.0123948326366396e-34, 1.2677398193716716e-12, 1.6281951915192439e-12, 1.1537239262907062e-13, 6.022057164045691e-08, 0.7091521620750427, 2.077699342453046e-32, 0.2908473312854767, 8.421322992245572e-13], "malicious score": 0.2908473312854767}, "4": {"prediction": 6, "scores": [5.001890853756091e-18, 1.1664799989246099e-32, 5.877136342695433e-13, 6.619463224083466e-12, 6.398361658208063e-13, 1.8135723394152592e-06, 0.8091669678688049, 2.3774744701595625e-31, 0.1908314973115921, 7.71379904396241e-11], "malicious score": 0.1908314973115921}}}, "ResNet50": {"clean acc": 93.68000183105468, "prediction": 8, "poisons predictions": [8, 8, 8], "scores": [3.012797847697458e-26, 1.8441065302845442e-24, 2.778934883040738e-38, 2.4467376889511846e-24, 2.1653998922503176e-39, 1.298479012347442e-35, 0.013878792524337769, 1.8844145220851244e-23, 0.9861201643943787, 7.704883268163829e-16], "malicious score": 0.9861201643943787, "camera": {"2": {"prediction": 8, "scores": [4.8763880385392196e-21, 9.70709815290156e-23, 4.066323312253349e-25, 2.521189224804209e-18, 4.836970439853612e-33, 3.0948190676838294e-09, 0.00044366539805196226, 2.4319947529429224e-19, 0.9995557069778442, 5.2842171610612e-11], "malicious score": 0.9995557069778442}, "4": {"prediction": 8, "scores": [2.343241110338451e-24, 3.384204162193924e-25, 3.4932083997058197e-29, 1.5564845944495782e-20, 1.7217396619790932e-37, 8.187859204756965e-17, 0.006434865761548281, 6.172544111596085e-21, 0.9935663342475891, 2.7044391506521152e-14], "malicious score": 0.9935663342475891}}}, "ResNeXt29_2x64d": {"clean acc": 93.34000129699707, "prediction": 8, "poisons predictions": [8, 8, 8], "scores": [2.585704432120721e-28, 1.5705924800110887e-25, 3.404070428314476e-11, 1.611780431343135e-10, 1.326157369931684e-34, 2.3603506704716892e-08, 0.13541145622730255, 5.1071431242247665e-26, 0.8645880818367004, 3.2230021369235467e-18], "malicious score": 0.8645880818367004, "camera": {"2": {"prediction": 5, "scores": [6.236693641036894e-26, 1.3828717258305772e-36, 2.3613220268003943e-09, 9.86288203885799e-11, 1.5454465525810374e-25, 0.8284568786621094, 3.5591237974585965e-05, 1.6720319035167444e-27, 0.1715078204870224, 2.7650094602707335e-15], "malicious score": 0.1715078204870224}, "4": {"prediction": 8, "scores": [2.1069980199643507e-26, 3.4745803851032506e-34, 1.318652131931941e-10, 3.903465328747302e-10, 6.24517217013479e-25, 0.0466795414686203, 0.00016122819215524942, 4.68034025443944e-27, 0.9531589150428772, 4.198401388778297e-15], "malicious score": 0.9531589150428772}}}, "GoogLeNet": {"clean acc": 92.28000144958496, "prediction": 6, "poisons predictions": [8, 6, 8], "scores": [8.035260316548252e-15, 6.66988816608316e-13, 0.00010816815483849496, 0.2060602903366089, 1.5668172315130846e-09, 0.05472299084067345, 0.5077731013298035, 8.167808267299341e-15, 0.23133549094200134, 1.6621651971471252e-12], "malicious score": 0.23133549094200134, "camera": {"2": {"prediction": 5, "scores": [9.415000337761225e-18, 7.055541983311267e-19, 0.0005467199953272939, 0.0037000635638833046, 8.857199695899709e-11, 0.9955552816390991, 0.00019098851771559566, 1.3982316967461558e-16, 6.976381882850546e-06, 1.3712406210508732e-11], "malicious score": 6.976381882850546e-06}, "4": {"prediction": 5, "scores": [2.6476460574068354e-15, 3.944422265313239e-16, 0.001723509980365634, 0.09054801613092422, 9.134533129895317e-09, 0.8947855234146118, 0.012615134008228779, 1.7965213057425863e-14, 0.0003276335191912949, 4.0584199889615036e-10], "malicious score": 0.0003276335191912949}}}, "MobileNetV2": {"clean acc": 87.0200008392334, "prediction": 8, "poisons predictions": [8, 6, 8], "scores": [1.521556441730354e-06, 5.155457984074019e-05, 1.7518235608804389e-06, 0.019907131791114807, 1.4710896668721287e-19, 0.00014563670265488327, 0.42304903268814087, 8.551941849590254e-26, 0.554216206073761, 0.002627131761983037], "malicious score": 0.554216206073761, "camera": {"2": {"prediction": 5, "scores": [2.4687700772574317e-09, 4.2486825880162923e-16, 2.1570279784555169e-07, 0.00021925171313341707, 6.424273081102468e-17, 0.9926230311393738, 0.007155584171414375, 2.2824831478278057e-30, 1.0910897962901345e-08, 1.4904060208209557e-06], "malicious score": 1.0910897962901345e-08}, "4": {"prediction": 5,