{"args": "Namespace(device='cuda', dset_path='datasets', end2end=False, eval_poisons_root='attack-results-3poisons/100-overlap/linear-transfer-learning/mean/800', gpu='0', lr_decay_epoch=[30, 45], model_resume_path='model-chks', num_per_class=50, poison_label=8, retrain_bsize=64, retrain_epochs=60, retrain_lr=0.1, retrain_momentum=0.9, retrain_opt='adam', retrain_wd=0, subset_group=0, target_camera=True, target_index_end=9, target_index_start=8, target_index_step=1, target_label=6, target_net=['DPN92', 'SENet18', 'ResNet50', 'ResNeXt29_2x64d', 'GoogLeNet', 'MobileNetV2', 'ResNet18', 'DenseNet121'], target_print_size=[2, 4], test_chk_name='ckpt-%s-4800.t7', train_data_path='datasets/CIFAR10_TRAIN_Split.pth')", "poison_label": 8, "target_label": 6, "targets": {"8": {}, "8": {"800": {"time": 340.0, "coeffs_time": 0, "poisons_time": 4, "target_loss": 0.013262635096907616, "total_loss": 0.10684354603290558, "coeff_list": [[0.3333333432674408, 0.3333333432674408, 0.3333333432674408], [0.3333333432674408, 0.3333333432674408, 0.3333333432674408], [0.3333333432674408, 0.3333333432674408, 0.3333333432674408], [0.3333333432674408, 0.3333333432674408, 0.3333333432674408], [0.3333333432674408, 0.3333333432674408, 0.3333333432674408], [0.3333333432674408, 0.3333333432674408, 0.3333333432674408], [0.3333333432674408, 0.3333333432674408, 0.3333333432674408], [0.3333333432674408, 0.3333333432674408, 0.3333333432674408], [0.3333333432674408, 0.3333333432674408, 0.3333333432674408], [0.3333333432674408, 0.3333333432674408, 0.3333333432674408], [0.3333333432674408, 0.3333333432674408, 0.3333333432674408], [0.3333333432674408, 0.3333333432674408, 0.3333333432674408], [0.3333333432674408, 0.3333333432674408, 0.3333333432674408], [0.3333333432674408, 0.3333333432674408, 0.3333333432674408], [0.3333333432674408, 0.3333333432674408, 0.3333333432674408], [0.3333333432674408, 0.3333333432674408, 0.3333333432674408], [0.3333333432674408, 0.3333333432674408, 0.3333333432674408], [0.3333333432674408, 0.3333333432674408, 0.3333333432674408]], "coeff_list_in_victim": [[0.49410849809646606, 0.1358174830675125, 0.370074063539505]], "victims": {"DPN92": {"clean acc": 92.31000213623047, "prediction": 8, "poisons predictions": [8, 8, 8], "scores": [3.664167927408535e-11, 2.6415984242993374e-26, 4.156285773181568e-37, 2.020994804113649e-16, 2.62872007742861e-27, 7.40003853925608e-20, 2.8451220714487135e-05, 2.0577437364300993e-39, 0.9999732971191406, 0.0], "malicious score": 0.9999732971191406, "camera": {"2": {"prediction": 5, "scores": [5.348780869728024e-22, 1.375374442734808e-41, 1.1331625741906048e-13, 0.051786161959171295, 1.747451337149385e-16, 0.9482014179229736, 1.177462672785623e-05, 3.746898574739359e-34, 8.825631198083883e-11, 4.1643616804392266e-38], "malicious score": 8.825631198083883e-11}, "4": {"prediction": 3, "scores": [3.768081693756949e-20, 9.192712189893724e-29, 1.9313771502244004e-12, 0.9883779287338257, 1.663406689949784e-14, 0.011615733616054058, 2.846180180426927e-09, 1.0328110785759746e-29, 6.835864041931927e-06, 7.82288028704506e-37], "malicious score": 6.835864041931927e-06}}}, "SENet18": {"clean acc": 91.42000122070313, "prediction": 6, "poisons predictions": [8, 8, 8], "scores": [7.727376377664186e-11, 2.5183208807105405e-21, 1.2499666029812323e-17, 8.569939191887394e-14, 1.6143511416544243e-08, 5.460624475788238e-15, 0.9998970031738281, 7.752129182259083e-27, 0.00010282424773322418, 1.247438749853704e-22], "malicious score": 0.00010282424773322418, "camera": {"2": {"prediction": 2, "scores": [4.2669845434772924e-10, 7.723088777962448e-26, 0.9030215740203857, 0.038884781301021576, 6.180602213134989e-06, 0.010557109490036964, 0.04729333519935608, 8.990690019748391e-23, 0.00023671903181821108, 3.300187900734386e-11], "malicious score": 0.00023671903181821108}, "4": {"prediction": 2, "scores": [2.679360422766508e-12, 7.202577602342601e-20, 0.9998359680175781, 0.00016153907927218825, 4.73123595856606e-10, 2.4059680470145395e-08, 5.850721862543651e-08, 1.506896428583777e-17, 2.798474497467396e-06, 5.461901005261727e-13], "malicious score": 2.798474497467396e-06}}}, "ResNet50": {"clean acc": 94.19000129699707, "prediction": 6, "poisons predictions": [8, 8, 8], "scores": [2.0402015309635526e-27, 9.912585075683156e-13, 6.689586821960978e-35, 4.521529621648869e-37, 3.213024637164194e-39, 6.623855164254015e-39, 0.682208776473999, 1.5177147986630552e-30, 0.3177894949913025, 1.4994166285393982e-28], "malicious score": 0.3177894949913025, "camera": {"2": {"prediction": 8, "scores": [1.0050196879634064e-18, 3.368663237779401e-05, 7.48215995827195e-08, 2.2564210916398153e-11, 5.889848017786418e-25, 0.020464632660150528, 9.964401570842444e-15, 7.956467008923831e-17, 0.9795011281967163, 2.4532630074402878e-15], "malicious score": 0.9795011281967163}, "4": {"prediction": 8, "scores": [2.316221804658847e-26, 2.042715996353195e-09, 7.319854364861575e-20, 2.1083970154759536e-26, 2.0729629359222473e-34, 2.420531493021471e-23, 5.3872940952715e-07, 1.0760518314387366e-24, 1.0, 1.2410170434319705e-22], "malicious score": 1.0}}}, "ResNeXt29_2x64d": {"clean acc": 93.0000015258789, "prediction": 8, "poisons predictions": [8, 8, 8], "scores": [7.418732774570869e-17, 2.5204225028226275e-16, 9.49771591747469e-18, 6.193410801574872e-12, 1.0952407456594465e-35, 5.801546576537665e-24, 0.001400680630467832, 1.2265041220692147e-27, 0.9985990524291992, 2.2119205398515764e-23], "malicious score": 0.9985990524291992, "camera": {"2": {"prediction": 5, "scores": [6.755952820483888e-21, 1.151172097214539e-24, 5.430616511148401e-06, 5.750618115030193e-08, 7.502935930048556e-20, 0.9999942779541016, 1.6675000935606477e-08, 5.342249040605938e-17, 2.9040738563912427e-11, 4.254992189379949e-16], "malicious score": 2.9040738563912427e-11}, "4": {"prediction": 3, "scores": [9.636400688103086e-17, 2.6031784158627607e-16, 6.759552343282849e-05, 0.9305362105369568, 1.3375457036027662e-15, 0.06938459724187851, 1.1300806363578886e-05, 1.670549480565963e-16, 7.242751820513149e-08, 6.724377050191035e-14], "malicious score": 7.242751820513149e-08}}}, "GoogLeNet": {"clean acc": 92.35000114440918, "prediction": 6, "poisons predictions": [8, 8, 8], "scores": [1.728429621650207e-10, 6.945356734178176e-09, 2.9138309542986462e-09, 7.899541742517613e-06, 1.98993779787493e-10, 5.1314540172597845e-08, 0.9990429878234863, 1.3800870446445401e-09, 0.0009495315607637167, 1.634838233755334e-13], "malicious score": 0.0009495315607637167, "camera": {"2": {"prediction": 5, "scores": [1.967336737962455e-09, 6.325194590317551e-09, 0.0960245355963707, 0.16472835838794708, 1.7296268879363197e-06, 0.5314785242080688, 0.0015857191756367683, 4.007129003613663e-11, 0.20618097484111786, 8.248181160297463e-08], "malicious score": 0.20618097484111786}, "4": {"prediction": 8, "scores": [6.242480976581533e-10, 2.2026835466704142e-08, 7.286151912921923e-07, 0.022379692643880844, 3.078823951341292e-08, 9.300405508838594e-05, 0.00019116436305921525, 4.504332494557721e-14, 0.9773353934288025, 2.4873121340363014e-09], "malicious score": 0.9773353934288025}}}, "MobileNetV2": {"clean acc": 87.16000175476074, "prediction": 6, "poisons predictions": [8, 8, 8], "scores": [8.718077815217384e-09, 1.0840091865633931e-21, 1.665476923040643e-10, 3.129571632598527e-05, 8.891458955031227e-26, 9.15410236501657e-09, 0.999969482421875, 1.2476773518785408e-21, 9.151191449063845e-08, 6.8531669054905375e-12], "malicious score": 9.151191449063845e-08, "camera": {"2": {"prediction": 5, "scores": [1.0331194450277636e-12, 5.135723798483035e-34, 0.15743757784366608, 0.0021749581210315228, 5.1274134992952896e-23, 0.8403868079185486, 6.076748045730218e-12, 8.739093004805909e-08, 6.763003785464905e-14, 3.215511927550167e-25], "malicious score": 6.763003785464905e-14}, "4": {"prediction": 5,