{"args": "Namespace(device='cuda', dset_path='datasets', end2end=False, eval_poisons_root='attack-results-eps0.01/100-overlap/linear-transfer-learning/mean/800', gpu='1', lr_decay_epoch=[30, 45], model_resume_path='model-chks', num_per_class=50, poison_label=8, retrain_bsize=64, retrain_epochs=60, retrain_lr=0.1, retrain_momentum=0.9, retrain_opt='adam', retrain_wd=0, subset_group=0, target_camera=True, target_index_end=46, target_index_start=45, target_index_step=1, target_label=6, target_net=['DPN92', 'SENet18', 'ResNet50', 'ResNeXt29_2x64d', 'GoogLeNet', 'MobileNetV2', 'ResNet18', 'DenseNet121'], target_print_size=[2, 4], test_chk_name='ckpt-%s-4800.t7', train_data_path='datasets/CIFAR10_TRAIN_Split.pth')", "poison_label": 8, "target_label": 6, "targets": {"45": {}, "45": {"800": {"time": 357.0, "coeffs_time": 0, "poisons_time": 4, "target_loss": 0.041482944041490555, "total_loss": 0.42524614930152893, "coeff_list": [[0.20000000298023224, 0.20000000298023224, 0.20000000298023224, 0.20000000298023224, 0.20000000298023224], [0.20000000298023224, 0.20000000298023224, 0.20000000298023224, 0.20000000298023224, 0.20000000298023224], [0.20000000298023224, 0.20000000298023224, 0.20000000298023224, 0.20000000298023224, 0.20000000298023224], [0.20000000298023224, 0.20000000298023224, 0.20000000298023224, 0.20000000298023224, 0.20000000298023224], [0.20000000298023224, 0.20000000298023224, 0.20000000298023224, 0.20000000298023224, 0.20000000298023224], [0.20000000298023224, 0.20000000298023224, 0.20000000298023224, 0.20000000298023224, 0.20000000298023224], [0.20000000298023224, 0.20000000298023224, 0.20000000298023224, 0.20000000298023224, 0.20000000298023224], [0.20000000298023224, 0.20000000298023224, 0.20000000298023224, 0.20000000298023224, 0.20000000298023224], [0.20000000298023224, 0.20000000298023224, 0.20000000298023224, 0.20000000298023224, 0.20000000298023224], [0.20000000298023224, 0.20000000298023224, 0.20000000298023224, 0.20000000298023224, 0.20000000298023224], [0.20000000298023224, 0.20000000298023224, 0.20000000298023224, 0.20000000298023224, 0.20000000298023224], [0.20000000298023224, 0.20000000298023224, 0.20000000298023224, 0.20000000298023224, 0.20000000298023224], [0.20000000298023224, 0.20000000298023224, 0.20000000298023224, 0.20000000298023224, 0.20000000298023224], [0.20000000298023224, 0.20000000298023224, 0.20000000298023224, 0.20000000298023224, 0.20000000298023224], [0.20000000298023224, 0.20000000298023224, 0.20000000298023224, 0.20000000298023224, 0.20000000298023224], [0.20000000298023224, 0.20000000298023224, 0.20000000298023224, 0.20000000298023224, 0.20000000298023224], [0.20000000298023224, 0.20000000298023224, 0.20000000298023224, 0.20000000298023224, 0.20000000298023224], [0.20000000298023224, 0.20000000298023224, 0.20000000298023224, 0.20000000298023224, 0.20000000298023224]], "coeff_list_in_victim": [[0.0, 0.0, 0.0, 0.8832986354827881, 0.1167013868689537]], "victims": {"DPN92": {"clean acc": 92.46000137329102, "prediction": 6, "poisons predictions": [8, 8, 8, 8, 8], "scores": [7.227535627277182e-14, 2.4001177533532233e-32, 6.58610278232664e-44, 7.523780080153673e-18, 1.5028737593059575e-30, 5.645677252699987e-19, 1.0, 0.0, 1.8477551932960523e-08, 0.0], "malicious score": 1.8477551932960523e-08, "camera": {}}, "SENet18": {"clean acc": 91.55000152587891, "prediction": 6, "poisons predictions": [8, 8, 8, 8, 8], "scores": [1.6017920392531065e-22, 6.832652499344505e-11, 6.102729825558539e-20, 6.77101300375349e-12, 4.6956447476986796e-06, 1.5825798150376837e-16, 0.9999961853027344, 1.9747318306395375e-20, 7.698961468349808e-09, 8.189810231723824e-21], "malicious score": 7.698961468349808e-09, "camera": {}}, "ResNet50": {"clean acc": 93.91000175476074, "prediction": 6, "poisons predictions": [8, 8, 8, 8, 8], "scores": [5.5663680807482206e-39, 8.668054113666412e-24, 8.842685641419428e-33, 0.0, 4.148277167741049e-19, 1.0869162585963006e-28, 1.0, 1.5525653135084375e-27, 1.8221321340661234e-07, 1.2470003956258908e-23], "malicious score": 1.8221321340661234e-07, "camera": {}}, "ResNeXt29_2x64d": {"clean acc": 93.08000106811524, "prediction": 6, "poisons predictions": [8, 8, 8, 8, 8], "scores": [5.197462001934762e-30, 6.644369516389803e-12, 5.074332982610546e-15, 3.0118987304206257e-09, 2.788583944006386e-43, 2.673093695940286e-26, 1.0, 5.099522028259316e-22, 5.909969180706298e-10, 5.223067120174769e-28], "malicious score": 5.909969180706298e-10, "camera": {}}, "GoogLeNet": {"clean acc": 91.70000114440919, "prediction": 6, "poisons predictions": [8, 8, 8, 8, 8], "scores": [1.4118752824851533e-12, 2.1245939729741536e-10, 1.507116849097656e-07, 3.361336712259799e-05, 1.0246579626449481e-11, 5.107984179630876e-06, 0.9998617172241211, 1.3872663018332787e-08, 9.969071106752381e-05, 7.035848074376814e-17], "malicious score": 9.969071106752381e-05, "camera": {}}, "MobileNetV2": {"clean acc": 87.66000137329101, "prediction": 6, "poisons predictions": [8, 8, 8, 6, 6], "scores": [2.2860709525427996e-17, 0.0, 4.3768333789799476e-16, 2.3107989477466617e-07, 4.890200027423892e-25, 4.8738474308359454e-18, 0.9996796250343323, 1.617803108886644e-27, 0.0003193907905369997, 5.095017238183311e-27], "malicious score": 0.0003193907905369997, "camera": {}}, "ResNet18": {"clean acc": 92.82000160217285, "prediction": 6, "poisons predictions": [8, 8, 8, 8, 8], "scores": [5.749892057864924e-20, 8.213109012333852e-12, 9.033454975327791e-16, 3.735532629889349e-07, 7.74710327547621e-27, 8.77374350949367e-09, 0.9999980926513672, 3.3847031900016544e-20, 2.067064087896142e-06, 8.002419956343737e-27], "malicious score": 2.067064087896142e-06, "camera": {}}, "DenseNet121": {"clean acc": 93.30000114440918, "prediction": 6, "poisons predictions": [8, 8, 8, 8, 8], "scores": [4.4279285099646515e-12, 3.087937620448872e-13, 1.779693059589249e-11, 1.66740005624888e-06, 2.314906877298739e-10, 9.606678474938235e-08, 0.999812126159668, 4.688786767370978e-22, 0.0001860002230387181, 1.5652847670365871e-13], "malicious score": 0.0001860002230387181, "camera": {}}}}}}, "poison_idx_list": [213, 225, 227, 247, 249]}