{"args": "Namespace(device='cuda', dset_path='datasets', end2end=False, eval_poisons_root='attack-results-3poisons/100-overlap/linear-transfer-learning/mean/800', gpu='0', lr_decay_epoch=[30, 45], model_resume_path='model-chks', num_per_class=50, poison_label=8, retrain_bsize=64, retrain_epochs=60, retrain_lr=0.1, retrain_momentum=0.9, retrain_opt='adam', retrain_wd=0, subset_group=0, target_camera=True, target_index_end=44, target_index_start=43, target_index_step=1, target_label=6, target_net=['DPN92', 'SENet18', 'ResNet50', 'ResNeXt29_2x64d', 'GoogLeNet', 'MobileNetV2', 'ResNet18', 'DenseNet121'], target_print_size=[2, 4], test_chk_name='ckpt-%s-4800.t7', train_data_path='datasets/CIFAR10_TRAIN_Split.pth')", "poison_label": 8, "target_label": 6, "targets": {"43": {}, "43": {"800": {"time": 356.0, "coeffs_time": 0, "poisons_time": 4, "target_loss": 0.009007229469716549, "total_loss": 0.07925869524478912, "coeff_list": [[0.3333333432674408, 0.3333333432674408, 0.3333333432674408], [0.3333333432674408, 0.3333333432674408, 0.3333333432674408], [0.3333333432674408, 0.3333333432674408, 0.3333333432674408], [0.3333333432674408, 0.3333333432674408, 0.3333333432674408], [0.3333333432674408, 0.3333333432674408, 0.3333333432674408], [0.3333333432674408, 0.3333333432674408, 0.3333333432674408], [0.3333333432674408, 0.3333333432674408, 0.3333333432674408], [0.3333333432674408, 0.3333333432674408, 0.3333333432674408], [0.3333333432674408, 0.3333333432674408, 0.3333333432674408], [0.3333333432674408, 0.3333333432674408, 0.3333333432674408], [0.3333333432674408, 0.3333333432674408, 0.3333333432674408], [0.3333333432674408, 0.3333333432674408, 0.3333333432674408], [0.3333333432674408, 0.3333333432674408, 0.3333333432674408], [0.3333333432674408, 0.3333333432674408, 0.3333333432674408], [0.3333333432674408, 0.3333333432674408, 0.3333333432674408], [0.3333333432674408, 0.3333333432674408, 0.3333333432674408], [0.3333333432674408, 0.3333333432674408, 0.3333333432674408], [0.3333333432674408, 0.3333333432674408, 0.3333333432674408]], "coeff_list_in_victim": [[0.6524716019630432, 0.3475283682346344, 0.0]], "victims": {"DPN92": {"clean acc": 92.56000175476075, "prediction": 6, "poisons predictions": [8, 8, 6], "scores": [1.290254931023995e-17, 1.6529224534596075e-29, 3.026804682941605e-43, 8.086067888860323e-20, 1.9765627629957978e-28, 1.5397107054961302e-23, 0.9953075051307678, 1.071993325208485e-42, 0.004693270195275545, 0.0], "malicious score": 0.004693270195275545, "camera": {}}, "SENet18": {"clean acc": 91.7000015258789, "prediction": 6, "poisons predictions": [6, 6, 6], "scores": [5.865663510462582e-11, 3.8955933946395884e-19, 1.0478981370782778e-13, 8.815835214615042e-12, 5.45875650459493e-07, 1.1086655427933927e-15, 0.939355731010437, 4.033281954946011e-12, 0.06064343452453613, 1.2496633671713487e-14], "malicious score": 0.06064343452453613, "camera": {}}, "ResNet50": {"clean acc": 93.26000137329102, "prediction": 6, "poisons predictions": [8, 8, 8], "scores": [8.913165931706031e-32, 1.9578988778759237e-36, 4.1315519093901414e-27, 3.279988695562709e-29, 4.3777124544893015e-40, 5.598483366569827e-23, 0.9401910305023193, 2.5637070777243377e-33, 0.05980867147445679, 2.4636635132413865e-15], "malicious score": 0.05980867147445679, "camera": {}}, "ResNeXt29_2x64d": {"clean acc": 93.17000122070313, "prediction": 6, "poisons predictions": [8, 8, 6], "scores": [3.0699556832538296e-28, 1.4615916947354593e-19, 2.2811839694838363e-17, 8.508050375333198e-10, 2.977759236690236e-42, 2.9422267613240568e-22, 0.9640192985534668, 2.2925672568425154e-18, 0.03598065674304962, 3.026844778292366e-23], "malicious score": 0.03598065674304962, "camera": {}}, "GoogLeNet": {"clean acc": 92.58000144958496, "prediction": 6, "poisons predictions": [8, 8, 6], "scores": [1.2531911746933681e-14, 1.9685240104649893e-08, 4.0499561169971e-12, 1.1014011533916346e-06, 1.355446137274452e-11, 6.389127560346708e-10, 0.8337013721466064, 2.937692897830857e-07, 0.16629721224308014, 3.283163561900957e-17], "malicious score": 0.16629721224308014, "camera": {}}, "MobileNetV2": {"clean acc": 86.81000099182128, "prediction": 6, "poisons predictions": [8, 8, 6], "scores": [3.2410883005207225e-11, 7.966023929384392e-08, 2.6029490520461385e-13, 0.0009469709475524724, 5.871547157676492e-16, 3.5801442648149273e-13, 0.8164626955986023, 1.9103185054020478e-23, 0.18259002268314362, 9.30731669899876e-22], "malicious score": 0.18259002268314362, "camera": {}}, "ResNet18": {"clean acc": 92.75000190734863, "prediction": 6, "poisons predictions": [6, 8, 6], "scores": [1.5319452152906842e-19, 1.1294540414041876e-08, 2.180283297653629e-12, 8.101293133222498e-06, 1.1429549039500004e-31, 3.5587244262558215e-10, 0.9358434677124023, 4.416698786119124e-17, 0.06414808332920074, 7.695391602245355e-17], "malicious score": 0.06414808332920074, "camera": {}}, "DenseNet121": {"clean acc": 92.9800018310547, "prediction": 6, "poisons predictions": [8, 8, 8], "scores": [1.0302353814495291e-07, 8.977520948860729e-10, 5.538002001426179e-11, 2.7667049380397657e-06, 6.467740121252064e-08, 3.9738759483043395e-07, 0.7926827073097229, 4.865072466253436e-21, 0.2073141187429428, 2.568399772444091e-15], "malicious score": 0.2073141187429428, "camera": {}}}}}}, "poison_idx_list": [213, 225, 227]}