{"args": "Namespace(device='cuda', dset_path='datasets', end2end=False, eval_poisons_root='attack-results-10poisons/100-overlap/linear-transfer-learning/convex/800', gpu='0', lr_decay_epoch=[30, 45], model_resume_path='model-chks', num_per_class=50, poison_label=8, retrain_bsize=64, retrain_epochs=60, retrain_lr=0.1, retrain_momentum=0.9, retrain_opt='adam', retrain_wd=0, subset_group=0, target_camera=True, target_index_end=25, target_index_start=24, target_index_step=1, target_label=6, target_net=['DPN92', 'SENet18', 'ResNet50', 'ResNeXt29_2x64d', 'GoogLeNet', 'MobileNetV2', 'ResNet18', 'DenseNet121'], target_print_size=[2, 4], test_chk_name='ckpt-%s-4800.t7', train_data_path='datasets/CIFAR10_TRAIN_Split.pth')", "poison_label": 8, "target_label": 6, "targets": {"24": {}, "24": {"800": {"time": 40975.0, "coeffs_time": 38923, "poisons_time": 40550, "target_loss": 0.005562577862292528, "total_loss": 0.0009211223223246634, "coeff_list": [[0.0, 0.573779821395874, 2.4030974600464106e-05, 0.01652664691209793, 0.13788628578186035, 0.09084924310445786, 0.003682173788547516, 0.13163737952709198, 0.0021695541217923164, 0.04344489797949791], [0.03993627801537514, 0.03360283374786377, 0.012847857549786568, 0.42000049352645874, 0.1188315600156784, 0.042528439313173294, 0.2276744693517685, 0.0, 0.0, 0.10457803308963776], [0.0, 0.36352604627609253, 0.004639674909412861, 0.034759458154439926, 0.19708837568759918, 0.31860294938087463, 0.020863186568021774, 0.03598393127322197, 0.0, 0.024536384269595146], [0.0, 0.6581907272338867, 0.0, 0.07235857099294662, 0.12015232443809509, 0.0665813758969307, 0.02973766438663006, 0.0, 0.05297941341996193, 0.0], [0.08981805294752121, 0.0, 0.017433013767004013, 0.15242689847946167, 0.11262696236371994, 0.4216098189353943, 0.12771184742450714, 0.0021132396068423986, 0.0, 0.07626025378704071], [0.06962458789348602, 0.22880905866622925, 0.0, 0.0, 0.42545682191848755, 0.17269982397556305, 0.06231018528342247, 0.0, 0.04109950363636017, 0.0], [0.0, 0.04318219795823097, 0.0, 0.0, 0.0, 0.0, 0.3039540648460388, 0.6160112023353577, 0.0, 0.03685247525572777], [0.30556410551071167, 0.053091567009687424, 0.051530756056308746, 0.06612933427095413, 0.15792319178581238, 0.07358478754758835, 0.13966262340545654, 0.02891669236123562, 0.0, 0.12359698116779327], [0.030408943071961403, 0.3076099455356598, 0.000753727275878191, 0.12099077552556992, 0.005505292676389217, 0.29573166370391846, 0.23899969458580017, 0.0, 0.0, 0.0], [0.0, 0.30471551418304443, 0.004919858183711767, 0.0, 0.17125177383422852, 0.36702409386634827, 0.047112174332141876, 0.0, 0.03750591725111008, 0.06747067719697952], [0.06772767007350922, 0.102511927485466, 0.04856749251484871, 0.0, 0.21196886897087097, 0.33738192915916443, 0.1755906045436859, 0.0, 0.01547145377844572, 0.04078008234500885], [0.06793087720870972, 0.0, 0.16428129374980927, 0.20808811485767365, 0.0, 0.2992546260356903, 0.0642646849155426, 0.0, 0.19618040323257446, 0.0], [0.0, 0.19768822193145752, 0.0, 0.07802168279886246, 0.04572520777583122, 0.3888815641403198, 0.16250652074813843, 0.048546258360147476, 0.006479455623775721, 0.07215108722448349], [0.10056715458631516, 0.2794889807701111, 0.12633603811264038, 0.07582847028970718, 0.1816970556974411, 0.0, 0.11852988600730896, 0.06874605268239975, 0.014910420402884483, 0.033895984292030334], [0.0051708281971514225, 0.20311525464057922, 0.013379405252635479, 0.0, 0.03782736137509346, 0.4380836486816406, 0.06733738631010056, 0.002082491060718894, 0.00427370797842741, 0.22872991859912872], [0.0, 0.1480681151151657, 0.027334246784448624, 0.005983011797070503, 0.17754171788692474, 0.5468344688415527, 0.06704287976026535, 0.0, 0.0271955244243145, 0.0], [0.055967554450035095, 0.10801930725574493, 0.07578534632921219, 0.05733970180153847, 0.3094463050365448, 0.04520446062088013, 0.19736167788505554, 0.06628897786140442, 0.038004931062459946, 0.04658177122473717], [0.21592184901237488, 0.3368797302246094, 0.18117175996303558, 0.0, 0.0, 0.0, 0.0, 0.03856561705470085, 0.1924392580986023, 0.03502175584435463]], "coeff_list_in_victim": [[0.0, 0.2632496953010559, 0.0, 0.04497123882174492, 0.3514162302017212, 0.3125797212123871, 0.0, 0.0, 0.027783144265413284, 0.0]], "victims": {"DPN92": {"clean acc": 92.06000137329102, "prediction": 8, "poisons predictions": [8, 8, 8, 6, 8, 6, 8, 8, 8, 8], "scores": [3.6290245710845354e-14, 2.4156875320760067e-24, 1.615977389059379e-41, 1.038515085559355e-12, 4.6608082433154424e-29, 6.910592415557094e-16, 0.38700488209724426, 4.916175402390756e-41, 0.6129947304725647, 0.0], "malicious score": 0.6129947304725647, "camera": {"2": {"prediction": 6, "scores": [1.6607700457915708e-13, 1.383420155030764e-29, 7.290955909882023e-42, 7.618948196950678e-14, 2.653681083068886e-31, 7.093953211069479e-17, 1.0, 1.3574378223914503e-41, 1.603461043941934e-07, 0.0], "malicious score": 1.603461043941934e-07}, "4": {"prediction": 6, "scores": [1.3041495238331341e-14, 1.6208321488728374e-32, 7.997967037072466e-40, 1.655017811165449e-13, 3.431249202140644e-32, 4.225700413635356e-15, 1.0, 5.887555497860719e-41, 4.842937606497344e-09, 0.0], "malicious score": 4.842937606497344e-09}}}, "SENet18": {"clean acc": 91.12000122070313, "prediction": 8, "poisons predictions": [8, 6, 8, 6, 6, 6, 6, 6, 2, 6], "scores": [4.011696252970154e-10, 1.639810176534695e-09, 2.1943353384346054e-11, 1.6796164459265128e-07, 0.0007041908684186637, 4.82686633718199e-12, 0.20711009204387665, 3.0837676162631666e-11, 0.7921854257583618, 1.4022018036974077e-14], "malicious score": 0.7921854257583618, "camera": {"2": {"prediction": 6, "scores": [2.244919627969466e-08, 7.66255120843802e-18, 3.0754868459879556e-14, 1.428967877359355e-08, 2.7300213787384564e-06, 3.9445843238918726e-14, 0.9994832277297974, 4.2281533363473095e-14, 0.0005133848171681166, 5.427306120479357e-18], "malicious score": 0.0005133848171681166}, "4": {"prediction": 6, "scores": [1.1517355602563839e-07, 1.4618233305359828e-15, 3.3538575562597206e-12, 1.558983342420106e-07, 1.5089721273398027e-05, 8.159502262218565e-13, 0.9978336691856384, 1.271170777146502e-12, 0.0021503427997231483, 1.8816053417778072e-16], "malicious score": 0.0021503427997231483}}}, "ResNet50": {"clean acc": 91.84000205993652, "prediction": 6, "poisons predictions": [8, 6, 8, 6, 8, 8, 8, 8, 8, 8], "scores": [5.07863990030822e-27, 4.908456795590793e-26, 0.0, 5.200369742964522e-33, 4.133588783126126e-33, 8.016548254709413e-40, 0.788814127445221, 7.75833962765513e-35, 0.2111864984035492, 0.0], "malicious score": 0.2111864984035492, "camera": {"2": {"prediction": 6, "scores": [2.76730986833293e-30, 3.354567238757973e-31, 0.0, 1.3470131765790172e-30, 2.384995753213864e-31, 6.179726227672443e-43, 0.9988105893135071, 4.248989177556424e-40, 0.0011896381620317698, 0.0], "malicious score": 0.0011896381620317698}, "4": {"prediction": 6, "scores": [3.3782655302473868e-28, 1.3890691723730191e-27, 0.0, 1.4584905382580417e-25, 3.655169779305618e-30, 1.0683499492012405e-41, 0.9953815340995789, 5.657439196619892e-37, 0.004619027487933636, 0.0], "malicious score": 0.004619027487933636}}}, "ResNeXt29_2x64d": {"clean acc": 92.3900016784668, "prediction": 6, "poisons predictions": [8, 8, 8, 6, 8, 8, 8, 8, 8, 8], "scores": [5.871381754641206e-19, 2.2701855950657546e-09, 2.853238953155583e-14, 1.8233262721878418e-07, 1.5182209751821577e-27, 3.6951139431927586e-21, 0.84987473487854, 6.124838812368433e-20, 0.15012457966804504, 1.5487442195558705e-19], "malicious score": 0.15012457966804504, "camera": {"2": {"prediction": 6, "scores": [3.524497476080243e-17, 1.2190291712602997e-16, 2.820616795684572e-10, 1.1460107998573221e-05, 8.020420265431039e-12, 8.006107443669919e-10, 0.9903706908226013, 1.561528554416819e-19, 0.009618830867111683, 1.3245573003895688e-15], "malicious score": 0.009618830867111683}, "4": {"prediction": 6,