{"args": "Namespace(device='cuda', dset_path='datasets', end2end=False, eval_poisons_root='attack-results-eps0.05/100-overlap/linear-transfer-learning/mean/800', gpu='3', lr_decay_epoch=[30, 45], model_resume_path='model-chks', num_per_class=50, poison_label=8, retrain_bsize=64, retrain_epochs=60, retrain_lr=0.1, retrain_momentum=0.9, retrain_opt='adam', retrain_wd=0, subset_group=0, target_camera=True, target_index_end=12, target_index_start=11, target_index_step=1, target_label=6, target_net=['DPN92', 'SENet18', 'ResNet50', 'ResNeXt29_2x64d', 'GoogLeNet', 'MobileNetV2', 'ResNet18', 'DenseNet121'], target_print_size=[2, 4], test_chk_name='ckpt-%s-4800.t7', train_data_path='datasets/CIFAR10_TRAIN_Split.pth')", "poison_label": 8, "target_label": 6, "targets": {"11": {}, "11": {"800": {"time": 454.0, "coeffs_time": 0, "poisons_time": 6, "target_loss": 0.020963551476597786, "total_loss": 0.10780453681945801, "coeff_list": [[0.20000000298023224, 0.20000000298023224, 0.20000000298023224, 0.20000000298023224, 0.20000000298023224], [0.20000000298023224, 0.20000000298023224, 0.20000000298023224, 0.20000000298023224, 0.20000000298023224], [0.20000000298023224, 0.20000000298023224, 0.20000000298023224, 0.20000000298023224, 0.20000000298023224], [0.20000000298023224, 0.20000000298023224, 0.20000000298023224, 0.20000000298023224, 0.20000000298023224], [0.20000000298023224, 0.20000000298023224, 0.20000000298023224, 0.20000000298023224, 0.20000000298023224], [0.20000000298023224, 0.20000000298023224, 0.20000000298023224, 0.20000000298023224, 0.20000000298023224], [0.20000000298023224, 0.20000000298023224, 0.20000000298023224, 0.20000000298023224, 0.20000000298023224], [0.20000000298023224, 0.20000000298023224, 0.20000000298023224, 0.20000000298023224, 0.20000000298023224], [0.20000000298023224, 0.20000000298023224, 0.20000000298023224, 0.20000000298023224, 0.20000000298023224], [0.20000000298023224, 0.20000000298023224, 0.20000000298023224, 0.20000000298023224, 0.20000000298023224], [0.20000000298023224, 0.20000000298023224, 0.20000000298023224, 0.20000000298023224, 0.20000000298023224], [0.20000000298023224, 0.20000000298023224, 0.20000000298023224, 0.20000000298023224, 0.20000000298023224], [0.20000000298023224, 0.20000000298023224, 0.20000000298023224, 0.20000000298023224, 0.20000000298023224], [0.20000000298023224, 0.20000000298023224, 0.20000000298023224, 0.20000000298023224, 0.20000000298023224], [0.20000000298023224, 0.20000000298023224, 0.20000000298023224, 0.20000000298023224, 0.20000000298023224], [0.20000000298023224, 0.20000000298023224, 0.20000000298023224, 0.20000000298023224, 0.20000000298023224], [0.20000000298023224, 0.20000000298023224, 0.20000000298023224, 0.20000000298023224, 0.20000000298023224], [0.20000000298023224, 0.20000000298023224, 0.20000000298023224, 0.20000000298023224, 0.20000000298023224]], "coeff_list_in_victim": [[0.0, 0.33707255125045776, 0.0, 0.0, 0.662927508354187]], "victims": {"DPN92": {"clean acc": 92.76000099182129, "prediction": 6, "poisons predictions": [8, 8, 8, 8, 8], "scores": [0.003552809590473771, 7.41548630904228e-15, 1.9335161278342114e-22, 1.606674615572956e-08, 1.5188024796843583e-24, 1.810997705964379e-11, 0.785018265247345, 5.2178892575192835e-28, 0.2114287167787552, 0.0], "malicious score": 0.2114287167787552, "camera": {"2": {"prediction": 8, "scores": [0.00014999040286056697, 2.171182348340207e-16, 4.809577654049399e-24, 6.1488338864990055e-09, 6.450209543960988e-23, 8.6994604228674e-12, 0.1433657705783844, 7.567053230819518e-30, 0.8564848303794861, 1.7908594374071162e-42], "malicious score": 0.8564848303794861}, "4": {"prediction": 8, "scores": [0.000568292336538434, 1.3944185661758537e-15, 1.683961305753865e-22, 1.3161916001536156e-07, 1.0939535545128347e-22, 1.3461125270008978e-10, 0.27818697690963745, 2.6942835475604124e-27, 0.7212449312210083, 4.5542200090556555e-43], "malicious score": 0.7212449312210083}}}, "SENet18": {"clean acc": 91.49000205993653, "prediction": 8, "poisons predictions": [8, 8, 8, 8, 8], "scores": [6.324938567559002e-06, 1.4519886626374046e-08, 8.451131461306716e-11, 2.9052277250585234e-10, 2.0775196674094332e-07, 3.6295107002336235e-13, 2.875516429412528e-06, 1.0616798107321301e-08, 0.9999904632568359, 2.806890369073012e-16], "malicious score": 0.9999904632568359, "camera": {"2": {"prediction": 8, "scores": [0.0003952172992285341, 8.315222815857837e-11, 1.4326062038050313e-11, 1.092617885056768e-09, 5.359524379855429e-07, 1.5898000350531537e-14, 6.662826308456715e-07, 5.327300267587987e-10, 0.9996033310890198, 1.7394820392456715e-18], "malicious score": 0.9996033310890198}, "4": {"prediction": 8, "scores": [2.4157776351785287e-05, 2.7302322180844385e-08, 1.0548280998667892e-10, 8.092747805221734e-09, 1.6266775446638349e-06, 3.812134256268168e-13, 1.1008209810370317e-07, 8.588079225546608e-08, 0.9999732971191406, 2.471559819073487e-16], "malicious score": 0.9999732971191406}}}, "ResNet50": {"clean acc": 92.66000099182129, "prediction": 8, "poisons predictions": [8, 8, 8, 8, 8], "scores": [7.71313157098623e-20, 1.2160163878930593e-21, 2.2767038022043608e-27, 5.324000230728745e-32, 2.041384822321384e-27, 1.8800365470640184e-36, 0.4660910367965698, 4.768149647839311e-30, 0.5339083671569824, 2.8827750228829072e-39], "malicious score": 0.5339083671569824, "camera": {"2": {"prediction": 6, "scores": [1.950931117305305e-18, 7.016919600833647e-26, 8.699776078047023e-27, 5.055880572265226e-30, 7.234749858004104e-25, 6.531731935558708e-35, 0.948738694190979, 3.5129710740425786e-30, 0.051261384040117264, 7.805684987220494e-36], "malicious score": 0.051261384040117264}, "4": {"prediction": 8, "scores": [4.024444379516109e-16, 5.495856980421643e-23, 1.4716864802210624e-24, 3.971897709604284e-26, 2.0117564331534715e-24, 2.1274946813493072e-35, 0.016109725460410118, 1.5473098358761936e-26, 0.9838901162147522, 1.240707691733237e-32], "malicious score": 0.9838901162147522}}}, "ResNeXt29_2x64d": {"clean acc": 93.51000137329102, "prediction": 8, "poisons predictions": [8, 8, 8, 8, 8], "scores": [5.409479017070423e-14, 2.7226851884165626e-09, 4.043788229751233e-16, 1.1561685480797768e-14, 0.0, 1.1878749507285378e-28, 0.0015723529504612088, 3.724708025973334e-20, 0.99842768907547, 1.3166190996947493e-21], "malicious score": 0.99842768907547, "camera": {"2": {"prediction": 8, "scores": [2.357363193539186e-08, 1.6955355175429787e-10, 2.1674732841869826e-10, 1.2155819753556507e-11, 3.423356678010482e-37, 6.397582232312187e-20, 8.611893281340599e-05, 4.2013856044360864e-13, 0.9999141693115234, 6.162205057688928e-17], "malicious score": 0.9999141693115234}, "4": {"prediction": 8, "scores": [1.0159445507085252e-09, 4.97640817442857e-10, 5.3719480253011653e-11, 7.069155373920499e-13, 1.8986192893136946e-41, 7.556785630263828e-22, 7.893547262938228e-06, 2.3171462104208847e-14, 0.9999923706054688, 1.913439486913584e-16], "malicious score": 0.9999923706054688}}}, "GoogLeNet": {"clean acc": 92.25000114440918, "prediction": 6, "poisons predictions": [8, 8, 8, 8, 8], "scores": [5.3052098304695594e-12, 1.1717373382680307e-07, 2.0641289566469823e-08, 8.30365843285108e-06, 1.4760627442544916e-10, 1.606869318493409e-06, 0.9770902991294861, 1.4948943416470684e-08, 0.02289959415793419, 4.0191791561561274e-10], "malicious score": 0.02289959415793419, "camera": {"2": {"prediction": 6, "scores": [1.1752916348473086e-11, 1.5728693014693818e-08, 1.0323032029191381e-06, 3.712625402840786e-05, 1.7680888697579888e-10, 1.4735531294718385e-05, 0.9994441866874695, 1.3657006636691449e-09, 0.000503102783113718, 1.190890053237581e-09], "malicious score": 0.000503102783113718}, "4": {"prediction": 6, "scores": [1.721099131268833e-11, 7.808655055896452e-08, 9.329382919531781e-07, 3.5100685636280105e-05, 2.3142181226898373e-10, 7.359075425483752e-06, 0.9988857507705688, 1.3429486411808966e-09, 0.0010709016351029277, 1.1947759448460715e-09], "malicious score": 0.0010709016351029277}}}, "MobileNetV2": {"clean acc": 87.42000160217285,