{"args": "Namespace(device='cuda', dset_path='datasets', end2end=False, eval_poisons_root='attack-results-eps0.20/100-overlap/linear-transfer-learning/mean/800', gpu='1', lr_decay_epoch=[30, 45], model_resume_path='model-chks', num_per_class=50, poison_label=8, retrain_bsize=64, retrain_epochs=60, retrain_lr=0.1, retrain_momentum=0.9, retrain_opt='adam', retrain_wd=0, subset_group=0, target_camera=True, target_index_end=39, target_index_start=38, target_index_step=1, target_label=6, target_net=['DPN92', 'SENet18', 'ResNet50', 'ResNeXt29_2x64d', 'GoogLeNet', 'MobileNetV2', 'ResNet18', 'DenseNet121'], target_print_size=[2, 4], test_chk_name='ckpt-%s-4800.t7', train_data_path='datasets/CIFAR10_TRAIN_Split.pth')", "poison_label": 8, "target_label": 6, "targets": {"38": {}, "38": {"800": {"time": 354.0, "coeffs_time": 0, "poisons_time": 4, "target_loss": 0.014926462434232235, "total_loss": 0.0728776603937149, "coeff_list": [[0.20000000298023224, 0.20000000298023224, 0.20000000298023224, 0.20000000298023224, 0.20000000298023224], [0.20000000298023224, 0.20000000298023224, 0.20000000298023224, 0.20000000298023224, 0.20000000298023224], [0.20000000298023224, 0.20000000298023224, 0.20000000298023224, 0.20000000298023224, 0.20000000298023224], [0.20000000298023224, 0.20000000298023224, 0.20000000298023224, 0.20000000298023224, 0.20000000298023224], [0.20000000298023224, 0.20000000298023224, 0.20000000298023224, 0.20000000298023224, 0.20000000298023224], [0.20000000298023224, 0.20000000298023224, 0.20000000298023224, 0.20000000298023224, 0.20000000298023224], [0.20000000298023224, 0.20000000298023224, 0.20000000298023224, 0.20000000298023224, 0.20000000298023224], [0.20000000298023224, 0.20000000298023224, 0.20000000298023224, 0.20000000298023224, 0.20000000298023224], [0.20000000298023224, 0.20000000298023224, 0.20000000298023224, 0.20000000298023224, 0.20000000298023224], [0.20000000298023224, 0.20000000298023224, 0.20000000298023224, 0.20000000298023224, 0.20000000298023224], [0.20000000298023224, 0.20000000298023224, 0.20000000298023224, 0.20000000298023224, 0.20000000298023224], [0.20000000298023224, 0.20000000298023224, 0.20000000298023224, 0.20000000298023224, 0.20000000298023224], [0.20000000298023224, 0.20000000298023224, 0.20000000298023224, 0.20000000298023224, 0.20000000298023224], [0.20000000298023224, 0.20000000298023224, 0.20000000298023224, 0.20000000298023224, 0.20000000298023224], [0.20000000298023224, 0.20000000298023224, 0.20000000298023224, 0.20000000298023224, 0.20000000298023224], [0.20000000298023224, 0.20000000298023224, 0.20000000298023224, 0.20000000298023224, 0.20000000298023224], [0.20000000298023224, 0.20000000298023224, 0.20000000298023224, 0.20000000298023224, 0.20000000298023224], [0.20000000298023224, 0.20000000298023224, 0.20000000298023224, 0.20000000298023224, 0.20000000298023224]], "coeff_list_in_victim": [[0.0, 0.2883467674255371, 0.0972808226943016, 0.037147678434848785, 0.577224850654602]], "victims": {"DPN92": {"clean acc": 92.3200008392334, "prediction": 6, "poisons predictions": [8, 8, 8, 6, 8], "scores": [1.1925563057579301e-20, 2.2303388656840583e-39, 0.0, 7.848766654004408e-22, 7.819293075080266e-39, 4.219748869709784e-26, 0.9885796308517456, 0.0, 0.011421392671763897, 0.0], "malicious score": 0.011421392671763897, "camera": {"2": {"prediction": 3, "scores": [1.1608608712190363e-39, 1.6501218681438794e-33, 2.2992569626012482e-08, 1.0, 1.5681979448345373e-06, 2.4808520038277493e-07, 4.963254670094393e-16, 2.3500813608889247e-38, 4.8993394817526625e-29, 1.647221726134084e-34], "malicious score": 4.8993394817526625e-29}, "4": {"prediction": 3, "scores": [7.472984580397817e-41, 9.164922622113396e-34, 7.881882702065468e-09, 0.9999961853027344, 3.7145393889659317e-06, 3.473392240493922e-09, 2.806515821691648e-16, 5.195874575869989e-41, 1.0712811342490078e-30, 3.145995318785251e-36], "malicious score": 1.0712811342490078e-30}}}, "SENet18": {"clean acc": 91.41000137329101, "prediction": 6, "poisons predictions": [6, 6, 8, 8, 8], "scores": [1.7017748632497387e-07, 1.1935229412669414e-17, 2.796617002917296e-14, 5.098541588921535e-10, 1.965251641422583e-07, 1.811070960084163e-14, 0.5588304400444031, 4.920871986915095e-17, 0.44116830825805664, 2.9635900250207917e-18], "malicious score": 0.44116830825805664, "camera": {"2": {"prediction": 3, "scores": [1.9058414690278149e-16, 4.321451036282173e-25, 0.0035301102325320244, 0.9963920712471008, 2.2134324240141723e-07, 7.731292134849355e-05, 3.011712060296823e-11, 9.114034278391277e-16, 1.0606472450135464e-16, 3.1954258683519754e-11], "malicious score": 1.0606472450135464e-16}, "4": {"prediction": 2, "scores": [3.8441618890904554e-19, 5.483311571162073e-31, 0.9989000558853149, 0.0010815737769007683, 9.824580038397812e-11, 1.8460072169546038e-05, 2.6100574479492877e-10, 5.279745371006022e-18, 1.0821055927501093e-19, 2.0111415310886116e-10], "malicious score": 1.0821055927501093e-19}}}, "ResNet50": {"clean acc": 93.4000015258789, "prediction": 8, "poisons predictions": [8, 8, 8, 8, 8], "scores": [3.3200823264362687e-37, 1.876161466867767e-20, 1.2138970753669556e-38, 7.150004574187326e-31, 2.025569691927496e-18, 0.0, 0.0749855488538742, 1.9166903236909025e-31, 0.9250146746635437, 0.0], "malicious score": 0.9250146746635437, "camera": {"2": {"prediction": 3, "scores": [8.407790785948902e-45, 2.7734688875365285e-24, 8.197583510544093e-31, 1.0, 6.428582823636741e-26, 1.1807549080947597e-28, 3.0138721594066065e-30, 1.4367900059705263e-30, 1.5349844093489517e-30, 0.0], "malicious score": 1.5349844093489517e-30}, "4": {"prediction": 3, "scores": [1.147369169604517e-40, 7.376099374951234e-23, 3.5611357443083404e-32, 1.0, 2.9368278370725573e-18, 1.3069908288939718e-29, 5.76138527342241e-24, 2.175370657737642e-22, 3.0725980402634155e-24, 0.0], "malicious score": 3.0725980402634155e-24}}}, "ResNeXt29_2x64d": {"clean acc": 92.86000175476075, "prediction": 6, "poisons predictions": [8, 8, 8, 8, 8], "scores": [8.705580830899406e-28, 5.812086139610955e-18, 8.359110658436725e-15, 5.479658393703346e-10, 1.8637269575520067e-43, 6.289689563168674e-25, 0.9999980926513672, 2.450463281791317e-25, 1.8014078477790463e-06, 7.529538071525454e-29], "malicious score": 1.8014078477790463e-06, "camera": {"2": {"prediction": 3, "scores": [4.145340205774297e-24, 4.194387492348714e-28, 4.995042246491721e-08, 0.999692976474762, 4.671393980970606e-05, 0.0002572925004642457, 3.2201398880715715e-06, 1.7501514283766868e-18, 5.346021847429938e-09, 6.164812177454973e-14], "malicious score": 5.346021847429938e-09}, "4": {"prediction": 3, "scores": [1.4072739905056004e-25, 1.0340376853019616e-28, 1.891599623604634e-07, 0.9980068802833557, 9.651368600316346e-05, 0.0018233892042189837, 7.263361476361752e-05, 1.1958504879239372e-19, 2.8257201734049886e-07, 9.282627834797386e-13], "malicious score": 2.8257201734049886e-07}}}, "GoogLeNet": {"clean acc": 92.11000175476075, "prediction": 6, "poisons predictions": [8, 6, 8, 8, 8], "scores": [2.905931178738379e-14, 1.0519343209003384e-11, 2.080855626696021e-10, 2.127497737092199e-06, 8.77679440236534e-08, 1.5934282373564201e-06, 0.9884212613105774, 2.3344718158568867e-08, 0.01157453190535307, 3.5728468794626878e-12], "malicious score": 0.01157453190535307, "camera": {"2": {"prediction": 5, "scores": [1.8620044742179154e-13, 4.6852105528571997e-11, 3.36808807333e-05, 0.006214712280780077, 9.878005585051142e-06, 0.9873731732368469, 0.00636283028870821, 1.0739976616380709e-12, 1.1649501630017767e-06, 4.5617994146596175e-06], "malicious score": 1.1649501630017767e-06}, "4": {"prediction": 5, "scores": [1.1589770552229879e-14, 2.4753391610760067e-12, 0.00015925608749967068, 0.009803024120628834, 6.904728797962889e-05, 0.9815190434455872, 0.008414285257458687, 1.997407881454416e-12, 3.526896398398094e-05, 3.0171571552273235e-07], "malicious score": 3.526896398398094e-05}}}, "MobileNetV2": {"clean acc": 87.42000198364258, "prediction": 6, "poisons predictions": [6, 8, 8, 6, 6],