{"args": "Namespace(device='cuda', dset_path='datasets', end2end=False, eval_poisons_root='attack-results-10poisons/100-overlap/linear-transfer-learning/convex/800', gpu='3', lr_decay_epoch=[30, 45], model_resume_path='model-chks', num_per_class=50, poison_label=8, retrain_bsize=64, retrain_epochs=60, retrain_lr=0.1, retrain_momentum=0.9, retrain_opt='adam', retrain_wd=0, subset_group=0, target_camera=True, target_index_end=40, target_index_start=39, target_index_step=1, target_label=6, target_net=['DPN92', 'SENet18', 'ResNet50', 'ResNeXt29_2x64d', 'GoogLeNet', 'MobileNetV2', 'ResNet18', 'DenseNet121'], target_print_size=[2, 4], test_chk_name='ckpt-%s-4800.t7', train_data_path='datasets/CIFAR10_TRAIN_Split.pth')", "poison_label": 8, "target_label": 6, "targets": {"39": {}, "39": {"800": {"time": 34632.0, "coeffs_time": 32533, "poisons_time": 34212, "target_loss": 0.0033971413504332304, "total_loss": 0.001355404732748866, "coeff_list": [[0.0, 0.19702710211277008, 0.0854579284787178, 0.0, 0.3611239790916443, 0.22506004571914673, 0.13133090734481812, 0.0, 0.0, 0.0], [0.0, 0.2304752618074417, 0.0051627391949296, 0.1910032033920288, 0.05933885648846626, 0.0, 0.051409509032964706, 0.0, 0.10229207575321198, 0.3603183925151825], [0.02983468770980835, 0.1231776773929596, 0.2881008982658386, 0.0, 0.17752070724964142, 0.05603101849555969, 0.1669335663318634, 0.0035264724865555763, 0.14824603497982025, 0.006628928240388632], [0.0, 0.42130935192108154, 0.020847922191023827, 0.0, 0.0, 0.3289135694503784, 0.05530364438891411, 0.07701444625854492, 0.04711164906620979, 0.049499474465847015], [0.21929199993610382, 0.017845716327428818, 0.00258793612010777, 0.24902528524398804, 0.015214263461530209, 0.2646978497505188, 0.04430336505174637, 0.0, 0.17128252983093262, 0.015751054510474205], [0.0, 0.1794608235359192, 0.09623158723115921, 0.0, 0.11859864741563797, 0.03101225011050701, 0.1948471963405609, 0.11280921846628189, 0.22246378660202026, 0.04457652196288109], [0.0, 0.05898653343319893, 0.1828477680683136, 0.0, 0.19828972220420837, 0.0017211565282195807, 0.4755776524543762, 0.0, 0.08257711678743362, 0.0], [0.0958382785320282, 0.34182122349739075, 0.013793078251183033, 0.0798993930220604, 0.019081275910139084, 0.0, 0.18361207842826843, 0.061383336782455444, 0.19851669669151306, 0.006054702214896679], [0.0, 0.2851978838443756, 0.0, 0.09656744450330734, 0.26497939229011536, 0.3325933516025543, 0.020661968737840652, 0.0, 0.0, 0.0], [0.0, 0.29107677936553955, 0.11078404635190964, 0.0, 0.2182069718837738, 0.0725071057677269, 0.07472069561481476, 0.04241183400154114, 0.16145768761634827, 0.02883482351899147], [0.08825308829545975, 0.19308973848819733, 0.0, 0.1627226322889328, 0.06548923254013062, 0.04535113275051117, 0.14789320528507233, 0.19721733033657074, 0.09998366236686707, 0.0], [0.18783245980739594, 0.11903943121433258, 0.0, 0.16028861701488495, 0.16107885539531708, 0.0, 0.3714468479156494, 0.0, 0.0003137211315333843, 0.0], [0.0017398875206708908, 0.18477900326251984, 0.22828592360019684, 0.0, 0.015788793563842773, 0.045241691172122955, 0.141200453042984, 0.04122545197606087, 0.34173887968063354, 0.0], [0.06684369593858719, 0.16641516983509064, 0.0663822591304779, 0.06451364606618881, 0.021769078448414803, 0.08277830481529236, 0.1472839117050171, 0.011974748224020004, 0.3687960207462311, 0.0032431804575026035], [0.023825233802199364, 0.3220989406108856, 0.07479432970285416, 0.0, 0.11165650933980942, 0.4171287417411804, 0.04596142843365669, 0.0, 0.0, 0.0045349495485424995], [0.0, 0.6179019212722778, 0.03977368399500847, 0.0, 0.06230911612510681, 0.06795314699411392, 0.028378868475556374, 0.0, 0.1500607132911682, 0.03362260013818741], [0.0, 0.013203568756580353, 0.37178462743759155, 0.0, 0.16563959419727325, 0.242750883102417, 0.0, 0.13484801352024078, 0.07177335023880005, 0.0], [0.04725790023803711, 0.18466408550739288, 0.09214170277118683, 0.0, 0.2590976357460022, 0.010356421582400799, 0.1498030722141266, 0.1496635228395462, 0.10701563954353333, 0.0]], "coeff_list_in_victim": [[0.023328321054577827, 0.17442160844802856, 0.0, 0.02126520685851574, 0.05014927312731743, 0.42092230916023254, 0.09241276979446411, 0.2175004929304123, 0.0, 0.0]], "victims": {"DPN92": {"clean acc": 91.38000183105468, "prediction": 8, "poisons predictions": [8, 8, 8, 8, 8, 8, 8, 8, 8, 8], "scores": [8.959848786299282e-14, 1.227972250996529e-15, 2.4954310597507176e-33, 2.3295140772969236e-14, 2.63720572476358e-28, 8.279396048957444e-14, 0.13686895370483398, 0.0, 0.8631299138069153, 0.0], "malicious score": 0.8631299138069153, "camera": {"2": {"prediction": 6, "scores": [8.971362064694177e-13, 2.9455364114746934e-24, 1.2333904380579137e-29, 6.612712113995833e-12, 2.1970994938873987e-26, 2.684870459290778e-08, 0.9999961853027344, 0.0, 1.9940719084843295e-06, 7.46639847761549e-41], "malicious score": 1.9940719084843295e-06}, "4": {"prediction": 5, "scores": [5.225017264015065e-14, 1.1335966953285707e-25, 4.191935562775431e-15, 0.0011391646694391966, 1.6087673050278403e-14, 0.9988505244255066, 1.0521532203711104e-05, 2.1019476964872256e-44, 6.704430847298548e-12, 9.976039507179992e-30], "malicious score": 6.704430847298548e-12}}}, "SENet18": {"clean acc": 91.05000152587891, "prediction": 8, "poisons predictions": [8, 8, 8, 8, 2, 6, 6, 8, 3, 6], "scores": [2.0485745044762638e-11, 1.1298025848205384e-09, 4.915626794499417e-10, 1.4426038319470535e-07, 8.73766839504242e-06, 5.761824795058601e-09, 0.1365622878074646, 8.891165086892094e-16, 0.8634278774261475, 3.0774413573020354e-10], "malicious score": 0.8634278774261475, "camera": {"2": {"prediction": 6, "scores": [1.15490906768545e-12, 5.649173083404759e-17, 3.458593481053818e-11, 4.3164201102285915e-09, 3.031931328223436e-07, 1.7691439779810025e-07, 0.5134301781654358, 1.6904803260568667e-23, 0.486568808555603, 5.198275837559052e-11], "malicious score": 0.486568808555603}, "4": {"prediction": 8, "scores": [1.594682252914481e-08, 4.2990132328025836e-15, 6.600861524930224e-06, 0.00012143639469286427, 3.983956503361696e-06, 1.5078537671797676e-06, 0.007406986318528652, 4.396929169479107e-17, 0.9924601912498474, 1.546576644528841e-09], "malicious score": 0.9924601912498474}}}, "ResNet50": {"clean acc": 91.94000205993652, "prediction": 6, "poisons predictions": [8, 8, 8, 8, 8, 8, 8, 8, 8, 8], "scores": [0.0, 2.6379503374283288e-28, 4.805309474790046e-22, 1.8996019919007564e-36, 7.207325520700101e-37, 1.995368599742216e-33, 0.9998531341552734, 2.1168039252746757e-32, 0.00014628077042289078, 3.5825526364933335e-26], "malicious score": 0.00014628077042289078, "camera": {"2": {"prediction": 8, "scores": [0.0, 1.6597813404744092e-25, 6.126124173492158e-20, 2.9639296402522463e-25, 2.8147794467485316e-33, 7.257860647753804e-32, 0.03217844292521477, 1.0446051854417367e-32, 0.9678218364715576, 5.494973140663433e-24], "malicious score": 0.9678218364715576}, "4": {"prediction": 8, "scores": [2.1019476964872256e-44, 9.833078835568573e-21, 2.090443233982376e-17, 8.118405480932318e-18, 1.4371564545794517e-31, 7.488575949020768e-29, 1.0246674264635658e-06, 2.362703621921141e-29, 0.999998152256012, 3.4356394413538605e-23], "malicious score": 0.999998152256012}}}, "ResNeXt29_2x64d": {"clean acc": 93.43000144958496, "prediction": 6, "poisons predictions": [8, 8, 8, 8, 8, 8, 8, 8, 8, 8], "scores": [4.539393089834042e-25, 1.0626393109955334e-17, 5.026202787306033e-10, 5.726101790060056e-06, 2.326266174655821e-31, 1.1283997587501707e-14, 0.6931225061416626, 2.0446507582557454e-19, 0.3068721890449524, 4.2513746288052176e-23], "malicious score": 0.3068721890449524, "camera": {"2": {"prediction": 6, "scores": [1.4265366179564167e-26, 2.690028308578134e-22, 1.29588284547566e-10, 3.19198925069486e-08, 6.75171691510189e-24, 4.4839318369405134e-10, 0.9937160015106201, 5.408198630415739e-22, 0.006283464375883341, 1.5072284123527462e-19], "malicious score": 0.006283464375883341}, "4": {"prediction": 6,