{"args": "Namespace(device='cuda', dset_path='datasets', end2end=False, eval_poisons_root='attack-results-7poisons/100-overlap/linear-transfer-learning/mean/800', gpu='2', lr_decay_epoch=[30, 45], model_resume_path='model-chks', num_per_class=50, poison_label=8, retrain_bsize=64, retrain_epochs=60, retrain_lr=0.1, retrain_momentum=0.9, retrain_opt='adam', retrain_wd=0, subset_group=0, target_camera=True, target_index_end=21, target_index_start=20, target_index_step=1, target_label=6, target_net=['DPN92', 'SENet18', 'ResNet50', 'ResNeXt29_2x64d', 'GoogLeNet', 'MobileNetV2', 'ResNet18', 'DenseNet121'], target_print_size=[2, 4], test_chk_name='ckpt-%s-4800.t7', train_data_path='datasets/CIFAR10_TRAIN_Split.pth')", "poison_label": 8, "target_label": 6, "targets": {"20": {}, "20": {"800": {"time": 376.0, "coeffs_time": 0, "poisons_time": 4, "target_loss": 0.004543233197182417, "total_loss": 0.07066527009010315, "coeff_list": [[0.1428571492433548, 0.1428571492433548, 0.1428571492433548, 0.1428571492433548, 0.1428571492433548, 0.1428571492433548, 0.1428571492433548], [0.1428571492433548, 0.1428571492433548, 0.1428571492433548, 0.1428571492433548, 0.1428571492433548, 0.1428571492433548, 0.1428571492433548], [0.1428571492433548, 0.1428571492433548, 0.1428571492433548, 0.1428571492433548, 0.1428571492433548, 0.1428571492433548, 0.1428571492433548], [0.1428571492433548, 0.1428571492433548, 0.1428571492433548, 0.1428571492433548, 0.1428571492433548, 0.1428571492433548, 0.1428571492433548], [0.1428571492433548, 0.1428571492433548, 0.1428571492433548, 0.1428571492433548, 0.1428571492433548, 0.1428571492433548, 0.1428571492433548], [0.1428571492433548, 0.1428571492433548, 0.1428571492433548, 0.1428571492433548, 0.1428571492433548, 0.1428571492433548, 0.1428571492433548], [0.1428571492433548, 0.1428571492433548, 0.1428571492433548, 0.1428571492433548, 0.1428571492433548, 0.1428571492433548, 0.1428571492433548], [0.1428571492433548, 0.1428571492433548, 0.1428571492433548, 0.1428571492433548, 0.1428571492433548, 0.1428571492433548, 0.1428571492433548], [0.1428571492433548, 0.1428571492433548, 0.1428571492433548, 0.1428571492433548, 0.1428571492433548, 0.1428571492433548, 0.1428571492433548], [0.1428571492433548, 0.1428571492433548, 0.1428571492433548, 0.1428571492433548, 0.1428571492433548, 0.1428571492433548, 0.1428571492433548], [0.1428571492433548, 0.1428571492433548, 0.1428571492433548, 0.1428571492433548, 0.1428571492433548, 0.1428571492433548, 0.1428571492433548], [0.1428571492433548, 0.1428571492433548, 0.1428571492433548, 0.1428571492433548, 0.1428571492433548, 0.1428571492433548, 0.1428571492433548], [0.1428571492433548, 0.1428571492433548, 0.1428571492433548, 0.1428571492433548, 0.1428571492433548, 0.1428571492433548, 0.1428571492433548], [0.1428571492433548, 0.1428571492433548, 0.1428571492433548, 0.1428571492433548, 0.1428571492433548, 0.1428571492433548, 0.1428571492433548], [0.1428571492433548, 0.1428571492433548, 0.1428571492433548, 0.1428571492433548, 0.1428571492433548, 0.1428571492433548, 0.1428571492433548], [0.1428571492433548, 0.1428571492433548, 0.1428571492433548, 0.1428571492433548, 0.1428571492433548, 0.1428571492433548, 0.1428571492433548], [0.1428571492433548, 0.1428571492433548, 0.1428571492433548, 0.1428571492433548, 0.1428571492433548, 0.1428571492433548, 0.1428571492433548], [0.1428571492433548, 0.1428571492433548, 0.1428571492433548, 0.1428571492433548, 0.1428571492433548, 0.1428571492433548, 0.1428571492433548]], "coeff_list_in_victim": [[0.0, 0.07915285229682922, 0.34218519926071167, 0.0, 0.3144085109233856, 0.26425349712371826, 0.0]], "victims": {"DPN92": {"clean acc": 92.32000198364258, "prediction": 8, "poisons predictions": [8, 8, 8, 8, 8, 8, 8], "scores": [1.2082606031738394e-16, 4.033591223615712e-15, 3.194960498660583e-43, 8.467487147609373e-16, 1.536079274259278e-38, 3.603363576033969e-23, 1.3511807228638872e-09, 2.3570915744404566e-32, 1.0, 0.0], "malicious score": 1.0, "camera": {"2": {"prediction": 6, "scores": [1.1300637075412068e-12, 9.542858853388986e-14, 3.325257131088429e-35, 2.0401666134262086e-08, 7.450702988054224e-30, 8.306883453941972e-15, 0.9576143026351929, 4.301615621858456e-25, 0.042384903877973557, 0.0], "malicious score": 0.042384903877973557}, "4": {"prediction": 8, "scores": [8.222909853028426e-11, 1.2486830146263284e-12, 1.0597472590986407e-35, 3.090579525633075e-08, 2.4143271208375026e-29, 2.214657764901956e-14, 0.372915118932724, 1.00391691115113e-24, 0.6270851492881775, 0.0], "malicious score": 0.6270851492881775}}}, "SENet18": {"clean acc": 91.33000144958496, "prediction": 6, "poisons predictions": [8, 6, 8, 6, 8, 8, 8], "scores": [2.1353335100116055e-08, 5.6536069228951824e-12, 2.9417870049675e-12, 8.096807187392419e-13, 8.006099960766733e-08, 1.9083023803192524e-14, 0.9815883040428162, 2.2619774976695428e-13, 0.018410678952932358, 1.864780552196521e-09], "malicious score": 0.018410678952932358, "camera": {"2": {"prediction": 6, "scores": [1.686253017396666e-05, 6.160183428271848e-17, 2.7694952109413862e-08, 5.303012695634379e-09, 4.5600441467286146e-07, 2.8740502816190783e-13, 0.999548077583313, 3.173960524743488e-14, 0.0004341130261309445, 1.5175962916891272e-11], "malicious score": 0.0004341130261309445}, "4": {"prediction": 6, "scores": [5.540256097447127e-06, 4.7613446636741395e-18, 1.0214719348144996e-10, 2.8109922722840963e-10, 4.436526523932116e-08, 1.4091680567655113e-13, 0.9999828338623047, 4.452430804824598e-15, 1.2030047400912736e-05, 4.270684934165603e-12], "malicious score": 1.2030047400912736e-05}}}, "ResNet50": {"clean acc": 92.4200008392334, "prediction": 8, "poisons predictions": [8, 8, 8, 8, 8, 8, 8], "scores": [6.118069095242151e-42, 0.0, 0.0, 8.407790785948902e-45, 0.0, 3.0828566215145976e-44, 7.293256771845336e-07, 0.0, 1.0, 1.524612729185401e-42], "malicious score": 1.0, "camera": {"2": {"prediction": 8, "scores": [8.083150546084765e-32, 5.416784794615711e-38, 5.962917329272108e-39, 8.327002466919908e-29, 0.0, 1.0308926030290131e-32, 0.10757894068956375, 2.312142466135948e-43, 0.8924227356910706, 1.5083188790577406e-37], "malicious score": 0.8924227356910706}, "4": {"prediction": 8, "scores": [1.655123693584912e-30, 6.897261106329966e-40, 3.848960504945618e-40, 8.593447337456105e-32, 0.0, 2.5678962457170807e-33, 0.3179920017719269, 1.401298464324817e-45, 0.6820083856582642, 1.1183211941116315e-36], "malicious score": 0.6820083856582642}}}, "ResNeXt29_2x64d": {"clean acc": 92.50000228881837, "prediction": 6, "poisons predictions": [8, 8, 8, 6, 8, 8, 8], "scores": [4.275523540102454e-17, 2.9262800949753087e-12, 3.3115182942127603e-15, 3.368959833327523e-10, 8.407790785948902e-45, 1.3620892704497053e-25, 0.7496799826622009, 1.047662403789256e-24, 0.2503199279308319, 1.2202443794224563e-22], "malicious score": 0.2503199279308319, "camera": {"2": {"prediction": 6, "scores": [1.6092460480496285e-14, 9.404386124012287e-12, 5.0314491462089e-10, 1.5801282415850437e-06, 7.417298773087583e-37, 5.100444253862956e-19, 0.978076696395874, 2.5025591722426057e-20, 0.02192188985645771, 2.6514219880106297e-18], "malicious score": 0.02192188985645771}, "4": {"prediction": 6, "scores": [5.4838581660149495e-15, 3.5578130719304824e-11, 1.4351509618291264e-13, 3.2832394580850632e-09, 6.649497524852695e-40, 3.701827868937335e-22, 0.8581429123878479, 7.03615257894734e-22, 0.14185775816440582, 4.5459025650778624e-20], "malicious score": 0.14185775816440582}}}, "GoogLeNet": {"clean acc": 91.8600025177002, "prediction": 8, "poisons predictions": [8, 8, 8, 8, 8, 8, 8], "scores": [3.777078316894229e-19, 7.939051194227886e-09, 1.1430769180200887e-16, 8.939114337636056e-09, 1.1751162109358004e-12, 2.6542802677997912e-11, 0.02507697232067585, 8.466382594995991e-10, 0.9749234318733215, 1.99219022451496e-17], "malicious score": 0.9749234318733215, "camera": {"2": {"prediction": 6,