{"args": "Namespace(device='cuda', dset_path='datasets', end2end=False, eval_poisons_root='attack-results-eps0.30/100-overlap/linear-transfer-learning/mean/800', gpu='0', lr_decay_epoch=[30, 45], model_resume_path='model-chks', num_per_class=50, poison_label=8, retrain_bsize=64, retrain_epochs=60, retrain_lr=0.1, retrain_momentum=0.9, retrain_opt='adam', retrain_wd=0, subset_group=0, target_camera=True, target_index_end=9, target_index_start=8, target_index_step=1, target_label=6, target_net=['DPN92', 'SENet18', 'ResNet50', 'ResNeXt29_2x64d', 'GoogLeNet', 'MobileNetV2', 'ResNet18', 'DenseNet121'], target_print_size=[2, 4], test_chk_name='ckpt-%s-4800.t7', train_data_path='datasets/CIFAR10_TRAIN_Split.pth')", "poison_label": 8, "target_label": 6, "targets": {"8": {}, "8": {"800": {"time": 456.0, "coeffs_time": 0, "poisons_time": 9, "target_loss": 0.008600455708801746, "total_loss": 0.08339504152536392, "coeff_list": [[0.20000000298023224, 0.20000000298023224, 0.20000000298023224, 0.20000000298023224, 0.20000000298023224], [0.20000000298023224, 0.20000000298023224, 0.20000000298023224, 0.20000000298023224, 0.20000000298023224], [0.20000000298023224, 0.20000000298023224, 0.20000000298023224, 0.20000000298023224, 0.20000000298023224], [0.20000000298023224, 0.20000000298023224, 0.20000000298023224, 0.20000000298023224, 0.20000000298023224], [0.20000000298023224, 0.20000000298023224, 0.20000000298023224, 0.20000000298023224, 0.20000000298023224], [0.20000000298023224, 0.20000000298023224, 0.20000000298023224, 0.20000000298023224, 0.20000000298023224], [0.20000000298023224, 0.20000000298023224, 0.20000000298023224, 0.20000000298023224, 0.20000000298023224], [0.20000000298023224, 0.20000000298023224, 0.20000000298023224, 0.20000000298023224, 0.20000000298023224], [0.20000000298023224, 0.20000000298023224, 0.20000000298023224, 0.20000000298023224, 0.20000000298023224], [0.20000000298023224, 0.20000000298023224, 0.20000000298023224, 0.20000000298023224, 0.20000000298023224], [0.20000000298023224, 0.20000000298023224, 0.20000000298023224, 0.20000000298023224, 0.20000000298023224], [0.20000000298023224, 0.20000000298023224, 0.20000000298023224, 0.20000000298023224, 0.20000000298023224], [0.20000000298023224, 0.20000000298023224, 0.20000000298023224, 0.20000000298023224, 0.20000000298023224], [0.20000000298023224, 0.20000000298023224, 0.20000000298023224, 0.20000000298023224, 0.20000000298023224], [0.20000000298023224, 0.20000000298023224, 0.20000000298023224, 0.20000000298023224, 0.20000000298023224], [0.20000000298023224, 0.20000000298023224, 0.20000000298023224, 0.20000000298023224, 0.20000000298023224], [0.20000000298023224, 0.20000000298023224, 0.20000000298023224, 0.20000000298023224, 0.20000000298023224], [0.20000000298023224, 0.20000000298023224, 0.20000000298023224, 0.20000000298023224, 0.20000000298023224]], "coeff_list_in_victim": [[0.3269794285297394, 0.03482019528746605, 0.2166462391614914, 0.3986106216907501, 0.02294353023171425]], "victims": {"DPN92": {"clean acc": 92.76000099182129, "prediction": 8, "poisons predictions": [6, 8, 8, 8, 8], "scores": [1.4527710978651243e-10, 1.3089623793039167e-28, 0.0, 9.35919643304232e-21, 2.414033777632848e-28, 6.196342113975107e-23, 3.637016243729363e-09, 3.0229924784953785e-37, 1.0, 0.0], "malicious score": 1.0, "camera": {"2": {"prediction": 5, "scores": [5.319531104108598e-18, 5.911407265829219e-34, 3.1740388349246954e-18, 0.007417596876621246, 5.1095593034400366e-11, 0.9925813674926758, 1.7310188127339643e-07, 2.609116277265935e-29, 2.9344030849642877e-07, 2.4975426562727523e-35], "malicious score": 2.9344030849642877e-07}, "4": {"prediction": 3, "scores": [3.997864154759024e-17, 1.808158254007315e-21, 2.7668425520651552e-17, 0.9879029989242554, 2.94338969863972e-10, 0.012068584561347961, 2.5815147242091996e-10, 5.78175405642567e-23, 2.9155769880162552e-05, 1.3818469768351263e-31], "malicious score": 2.9155769880162552e-05}}}, "SENet18": {"clean acc": 91.2300018310547, "prediction": 8, "poisons predictions": [8, 8, 8, 8, 8], "scores": [8.751786850780263e-08, 5.1667688232236797e-20, 5.4063240444694444e-21, 3.5837974162724814e-14, 1.913652396268173e-11, 9.16052765216827e-17, 0.16800332069396973, 1.477478851655019e-26, 0.8319960832595825, 8.973211544215772e-24], "malicious score": 0.8319960832595825, "camera": {"2": {"prediction": 8, "scores": [1.4033004092084411e-08, 1.1953332879952802e-22, 0.0015518323052674532, 0.0067902556620538235, 1.2045843789110222e-07, 4.383717168821022e-05, 0.005501109175384045, 8.28243475016673e-20, 0.986112654209137, 2.050038063567891e-13], "malicious score": 0.986112654209137}, "4": {"prediction": 2, "scores": [9.894099406437817e-08, 3.559166600785811e-17, 0.9242395758628845, 0.005158596206456423, 2.4370312434740526e-09, 7.149129732653137e-09, 2.0000502445327584e-06, 4.3918170424157854e-13, 0.07060004770755768, 2.953066868187186e-14], "malicious score": 0.07060004770755768}}}, "ResNet50": {"clean acc": 93.35000152587891, "prediction": 8, "poisons predictions": [8, 8, 8, 8, 8], "scores": [2.8894330725883396e-33, 2.0931829634461374e-22, 6.105551678519723e-26, 0.0, 3.7454334151803794e-38, 1.540981928228542e-28, 4.609590178006329e-06, 2.490529096962891e-29, 0.9999961853027344, 2.7619137369316514e-20], "malicious score": 0.9999961853027344, "camera": {"2": {"prediction": 5, "scores": [1.1489548195215127e-27, 6.406177129568424e-13, 7.300790715855098e-17, 1.1228932147654273e-17, 9.704454293942585e-40, 1.0, 3.374765749611746e-26, 3.3963662851773583e-22, 3.4571596074783884e-07, 1.8637932749407665e-19], "malicious score": 3.4571596074783884e-07}, "4": {"prediction": 8, "scores": [7.229951473129406e-32, 1.5118497316755322e-15, 7.997249713040215e-15, 2.3988179504748015e-32, 2.8447900254104544e-40, 1.6666795981529203e-12, 3.582818763891993e-11, 3.1008577989016004e-24, 1.0, 1.6883725096140717e-16], "malicious score": 1.0}}}, "ResNeXt29_2x64d": {"clean acc": 93.54000205993653, "prediction": 8, "poisons predictions": [8, 8, 8, 8, 8], "scores": [1.0220460764241653e-19, 5.759187614653993e-13, 3.0607133208384197e-16, 1.4315156048397282e-12, 2.062910794704349e-36, 3.506367000542061e-17, 6.913903689564904e-06, 7.86936660165189e-21, 0.9999923706054688, 2.505024719767639e-19], "malicious score": 0.9999923706054688, "camera": {"2": {"prediction": 5, "scores": [5.931505377464623e-21, 7.972540697082013e-24, 4.5432414481183514e-05, 2.331156956358882e-08, 1.162184417938788e-18, 0.9999542236328125, 2.226383357187278e-12, 2.5126478520975763e-15, 2.2394721493901315e-11, 1.226533929759785e-13], "malicious score": 2.2394721493901315e-11}, "4": {"prediction": 3, "scores": [3.8667435206985075e-16, 8.32407652870534e-15, 0.000580527528654784, 0.6595190167427063, 4.224574113925392e-14, 0.33990028500556946, 1.8577638627448323e-07, 1.179570899506946e-13, 4.719512780582136e-09, 2.173541381600419e-11], "malicious score": 4.719512780582136e-09}}}, "GoogLeNet": {"clean acc": 92.31000175476075, "prediction": 6, "poisons predictions": [8, 8, 8, 8, 8], "scores": [5.068464536961415e-10, 7.684364256022036e-09, 2.1424168039629876e-07, 0.0005775411846116185, 8.950426177989357e-09, 4.4269199861446396e-06, 0.551925778388977, 6.266752450301283e-08, 0.44749218225479126, 4.440142697959004e-11], "malicious score": 0.44749218225479126, "camera": {"2": {"prediction": 5, "scores": [1.3069934023945962e-10, 7.819787352369989e-12, 0.10548361390829086, 0.05813673138618469, 3.134777841751202e-07, 0.8027229309082031, 0.0017620193539187312, 3.023518380107504e-10, 0.03189443424344063, 5.614417020183282e-08], "malicious score": 0.03189443424344063}, "4": {"prediction": 8, "scores": [2.331674853195409e-10, 3.9362499371087267e-10, 2.4055300400505075e-06, 0.05060272291302681, 1.0386364834857886e-07, 0.00019630312453955412, 0.0002425576385576278, 1.4994917200278346e-12, 0.9489558935165405, 9.32683796861511e-09], "malicious score": 0.9489558935165405}}}, "MobileNetV2": {"clean acc": 87.58000144958496, "prediction": 8,