{"args": "Namespace(device='cuda', dset_path='datasets', end2end=False, eval_poisons_root='attack-results-eps0.03/100-overlap/linear-transfer-learning/mean/800', gpu='2', lr_decay_epoch=[30, 45], model_resume_path='model-chks', num_per_class=50, poison_label=8, retrain_bsize=64, retrain_epochs=60, retrain_lr=0.1, retrain_momentum=0.9, retrain_opt='adam', retrain_wd=0, subset_group=0, target_camera=True, target_index_end=12, target_index_start=11, target_index_step=1, target_label=6, target_net=['DPN92', 'SENet18', 'ResNet50', 'ResNeXt29_2x64d', 'GoogLeNet', 'MobileNetV2', 'ResNet18', 'DenseNet121'], target_print_size=[2, 4], test_chk_name='ckpt-%s-4800.t7', train_data_path='datasets/CIFAR10_TRAIN_Split.pth')", "poison_label": 8, "target_label": 6, "targets": {"11": {}, "11": {"800": {"time": 371.0, "coeffs_time": 0, "poisons_time": 4, "target_loss": 0.023929763585329056, "total_loss": 0.14047066867351532, "coeff_list": [[0.20000000298023224, 0.20000000298023224, 0.20000000298023224, 0.20000000298023224, 0.20000000298023224], [0.20000000298023224, 0.20000000298023224, 0.20000000298023224, 0.20000000298023224, 0.20000000298023224], [0.20000000298023224, 0.20000000298023224, 0.20000000298023224, 0.20000000298023224, 0.20000000298023224], [0.20000000298023224, 0.20000000298023224, 0.20000000298023224, 0.20000000298023224, 0.20000000298023224], [0.20000000298023224, 0.20000000298023224, 0.20000000298023224, 0.20000000298023224, 0.20000000298023224], [0.20000000298023224, 0.20000000298023224, 0.20000000298023224, 0.20000000298023224, 0.20000000298023224], [0.20000000298023224, 0.20000000298023224, 0.20000000298023224, 0.20000000298023224, 0.20000000298023224], [0.20000000298023224, 0.20000000298023224, 0.20000000298023224, 0.20000000298023224, 0.20000000298023224], [0.20000000298023224, 0.20000000298023224, 0.20000000298023224, 0.20000000298023224, 0.20000000298023224], [0.20000000298023224, 0.20000000298023224, 0.20000000298023224, 0.20000000298023224, 0.20000000298023224], [0.20000000298023224, 0.20000000298023224, 0.20000000298023224, 0.20000000298023224, 0.20000000298023224], [0.20000000298023224, 0.20000000298023224, 0.20000000298023224, 0.20000000298023224, 0.20000000298023224], [0.20000000298023224, 0.20000000298023224, 0.20000000298023224, 0.20000000298023224, 0.20000000298023224], [0.20000000298023224, 0.20000000298023224, 0.20000000298023224, 0.20000000298023224, 0.20000000298023224], [0.20000000298023224, 0.20000000298023224, 0.20000000298023224, 0.20000000298023224, 0.20000000298023224], [0.20000000298023224, 0.20000000298023224, 0.20000000298023224, 0.20000000298023224, 0.20000000298023224], [0.20000000298023224, 0.20000000298023224, 0.20000000298023224, 0.20000000298023224, 0.20000000298023224], [0.20000000298023224, 0.20000000298023224, 0.20000000298023224, 0.20000000298023224, 0.20000000298023224]], "coeff_list_in_victim": [[0.476303368806839, 0.1955268830060959, 0.0, 0.20378325879573822, 0.12438653409481049]], "victims": {"DPN92": {"clean acc": 92.43000221252441, "prediction": 6, "poisons predictions": [8, 8, 8, 8, 8], "scores": [8.960504783317447e-05, 4.022743805810443e-22, 2.0585867952504134e-29, 1.805269970241597e-14, 2.852323312496263e-30, 1.7684139467560509e-16, 0.9894285202026367, 2.9629027898726814e-24, 0.010481138713657856, 1.1360326650281292e-41], "malicious score": 0.010481138713657856, "camera": {"2": {"prediction": 6, "scores": [5.031073305872269e-05, 1.322699614308644e-22, 2.3293563142052626e-31, 2.0867068652435233e-13, 8.438704718505667e-28, 1.1862073857080244e-15, 0.7184275984764099, 1.8589520790079952e-25, 0.2815227806568146, 2.1069782458702746e-37], "malicious score": 0.2815227806568146}, "4": {"prediction": 6, "scores": [0.00013676017988473177, 7.708563983041288e-22, 4.143985845518789e-29, 3.428320561466025e-12, 1.1870918916872743e-27, 1.5467792316621078e-14, 0.8220223188400269, 3.740607071969424e-23, 0.17784127593040466, 8.281064079067995e-38], "malicious score": 0.17784127593040466}}}, "SENet18": {"clean acc": 91.37000274658203, "prediction": 8, "poisons predictions": [8, 8, 8, 8, 8], "scores": [4.109493545456644e-07, 1.005292238343003e-10, 1.8327060702372222e-10, 1.2977328933683197e-10, 1.929520543342278e-09, 1.9012189825945436e-13, 1.7508140444988385e-05, 5.7981085210823124e-12, 0.9999828338623047, 8.55001922557575e-18], "malicious score": 0.9999828338623047, "camera": {"2": {"prediction": 8, "scores": [1.947300734173041e-05, 1.0057803114665864e-12, 3.103789447678196e-11, 8.708833099113633e-10, 1.2610356314723958e-08, 2.584529609100418e-14, 3.4269744446646655e-06, 1.5918042708604196e-12, 0.9999771118164062, 1.1915792632828372e-19], "malicious score": 0.9999771118164062}, "4": {"prediction": 8, "scores": [1.94129574992985e-06, 2.692344680532699e-10, 1.8347207086932826e-10, 3.636856593658422e-09, 1.9758591207619247e-08, 3.2780267215926084e-13, 7.491688620575587e-07, 9.798119260384652e-11, 0.9999980926513672, 1.3545297597515092e-17], "malicious score": 0.9999980926513672}}}, "ResNet50": {"clean acc": 92.81000175476075, "prediction": 6, "poisons predictions": [8, 8, 8, 8, 8], "scores": [2.860283751423824e-33, 3.832827744076894e-08, 2.4094582524948837e-23, 3.134612013187695e-23, 3.368790767422697e-30, 2.4742478325141832e-24, 0.7117186188697815, 1.6448497426183276e-39, 0.28828164935112, 1.1965851760755616e-34], "malicious score": 0.28828164935112, "camera": {"2": {"prediction": 6, "scores": [5.208889358677298e-32, 6.776083329423227e-14, 1.2824292432846337e-23, 1.2363968782232406e-20, 4.908564686186277e-28, 7.121149154486847e-24, 0.5501020550727844, 1.3255376832406351e-38, 0.44989830255508423, 1.3447880370372556e-33], "malicious score": 0.44989830255508423}, "4": {"prediction": 8, "scores": [1.741816157455231e-29, 9.536068462656644e-11, 1.6930337798992876e-18, 5.8742074036136875e-18, 2.2816607606952246e-26, 1.5862966298741629e-24, 0.0036392409820109606, 6.131314249041741e-35, 0.996360719203949, 4.699529741932094e-30], "malicious score": 0.996360719203949}}}, "ResNeXt29_2x64d": {"clean acc": 93.47000122070312, "prediction": 6, "poisons predictions": [8, 8, 8, 8, 8], "scores": [2.8966425095596697e-16, 1.1856705118345663e-20, 3.0931375337131975e-20, 5.857876033202314e-13, 0.0, 1.897505315490002e-32, 0.9749643206596375, 2.1714058856289433e-16, 0.025034939870238304, 3.987056860678364e-29], "malicious score": 0.025034939870238304, "camera": {"2": {"prediction": 8, "scores": [5.049853424310413e-09, 1.6254796970308835e-20, 3.008533905942551e-13, 1.0860806698431702e-10, 8.657553740075072e-37, 2.0456228550147247e-22, 0.27065467834472656, 1.3093595097046773e-09, 0.7293452620506287, 1.756903928889414e-22], "malicious score": 0.7293452620506287}, "4": {"prediction": 8, "scores": [2.2377269481843598e-10, 3.122635763709119e-19, 1.1343735602546354e-13, 2.515357366839055e-11, 4.4992891092541227e-41, 1.790549580137732e-24, 0.01044444926083088, 1.2634829293922678e-10, 0.9895550012588501, 1.055905139601568e-21], "malicious score": 0.9895550012588501}}}, "GoogLeNet": {"clean acc": 91.94000129699707, "prediction": 6, "poisons predictions": [8, 8, 8, 8, 8], "scores": [7.869406515315092e-11, 6.13900468238171e-08, 3.923138550132599e-11, 7.751121415822126e-07, 2.0061151351224993e-10, 1.0304673025984812e-07, 0.9629240036010742, 4.460291511132475e-12, 0.03707537800073624, 2.9554914830580425e-13], "malicious score": 0.03707537800073624, "camera": {"2": {"prediction": 6, "scores": [2.2682454525746465e-10, 8.635281822932939e-09, 6.709917066416438e-09, 5.19626701134257e-06, 3.7309696998555353e-10, 3.2925131563388277e-06, 0.9992058873176575, 1.783661434696937e-12, 0.0007853162242099643, 2.6125848446439948e-12], "malicious score": 0.0007853162242099643}, "4": {"prediction": 6, "scores": [2.2256976817125462e-10, 5.046610951353614e-08, 5.713388873118674e-09, 6.017206942487974e-06, 6.994927970183085e-10, 1.2736574035443482e-06, 0.9982677102088928, 2.175485486199946e-12, 0.0017247908981516957, 3.844109492529002e-12],