{"args": "Namespace(device='cuda', dset_path='datasets', end2end=False, eval_poisons_root='attack-results-eps0.03/100-overlap/linear-transfer-learning/mean/800', gpu='0', lr_decay_epoch=[30, 45], model_resume_path='model-chks', num_per_class=50, poison_label=8, retrain_bsize=64, retrain_epochs=60, retrain_lr=0.1, retrain_momentum=0.9, retrain_opt='adam', retrain_wd=0, subset_group=0, target_camera=True, target_index_end=9, target_index_start=8, target_index_step=1, target_label=6, target_net=['DPN92', 'SENet18', 'ResNet50', 'ResNeXt29_2x64d', 'GoogLeNet', 'MobileNetV2', 'ResNet18', 'DenseNet121'], target_print_size=[2, 4], test_chk_name='ckpt-%s-4800.t7', train_data_path='datasets/CIFAR10_TRAIN_Split.pth')", "poison_label": 8, "target_label": 6, "targets": {"8": {}, "8": {"800": {"time": 369.0, "coeffs_time": 0, "poisons_time": 4, "target_loss": 0.0076023293659091, "total_loss": 0.10892230272293091, "coeff_list": [[0.20000000298023224, 0.20000000298023224, 0.20000000298023224, 0.20000000298023224, 0.20000000298023224], [0.20000000298023224, 0.20000000298023224, 0.20000000298023224, 0.20000000298023224, 0.20000000298023224], [0.20000000298023224, 0.20000000298023224, 0.20000000298023224, 0.20000000298023224, 0.20000000298023224], [0.20000000298023224, 0.20000000298023224, 0.20000000298023224, 0.20000000298023224, 0.20000000298023224], [0.20000000298023224, 0.20000000298023224, 0.20000000298023224, 0.20000000298023224, 0.20000000298023224], [0.20000000298023224, 0.20000000298023224, 0.20000000298023224, 0.20000000298023224, 0.20000000298023224], [0.20000000298023224, 0.20000000298023224, 0.20000000298023224, 0.20000000298023224, 0.20000000298023224], [0.20000000298023224, 0.20000000298023224, 0.20000000298023224, 0.20000000298023224, 0.20000000298023224], [0.20000000298023224, 0.20000000298023224, 0.20000000298023224, 0.20000000298023224, 0.20000000298023224], [0.20000000298023224, 0.20000000298023224, 0.20000000298023224, 0.20000000298023224, 0.20000000298023224], [0.20000000298023224, 0.20000000298023224, 0.20000000298023224, 0.20000000298023224, 0.20000000298023224], [0.20000000298023224, 0.20000000298023224, 0.20000000298023224, 0.20000000298023224, 0.20000000298023224], [0.20000000298023224, 0.20000000298023224, 0.20000000298023224, 0.20000000298023224, 0.20000000298023224], [0.20000000298023224, 0.20000000298023224, 0.20000000298023224, 0.20000000298023224, 0.20000000298023224], [0.20000000298023224, 0.20000000298023224, 0.20000000298023224, 0.20000000298023224, 0.20000000298023224], [0.20000000298023224, 0.20000000298023224, 0.20000000298023224, 0.20000000298023224, 0.20000000298023224], [0.20000000298023224, 0.20000000298023224, 0.20000000298023224, 0.20000000298023224, 0.20000000298023224], [0.20000000298023224, 0.20000000298023224, 0.20000000298023224, 0.20000000298023224, 0.20000000298023224]], "coeff_list_in_victim": [[0.3564997613430023, 0.0, 0.10656014084815979, 0.4304000437259674, 0.10654009133577347]], "victims": {"DPN92": {"clean acc": 92.33000106811524, "prediction": 8, "poisons predictions": [8, 8, 8, 8, 8], "scores": [3.527741082872635e-16, 1.2525899628609956e-35, 1.1306493023229264e-36, 2.9564762717528357e-18, 5.769587821328845e-32, 7.376441172604249e-22, 2.419286602162174e-07, 2.097743801094251e-42, 1.0, 0.0], "malicious score": 1.0, "camera": {"2": {"prediction": 5, "scores": [4.911592515223856e-23, 4.312715074935568e-36, 1.7353483016888105e-12, 0.0020554319489747286, 2.404945171430614e-19, 0.9979422092437744, 1.553549054733594e-06, 5.891737553553017e-32, 8.164350678808649e-15, 7.534029361990573e-34], "malicious score": 8.164350678808649e-15}, "4": {"prediction": 3, "scores": [1.7009918976189367e-23, 3.6675222004493696e-27, 1.8575545615573397e-11, 0.992520809173584, 4.637022048041767e-16, 0.007478883024305105, 2.740712767845821e-09, 8.284297137074309e-28, 7.399232782034915e-09, 8.710849483096176e-31], "malicious score": 7.399232782034915e-09}}}, "SENet18": {"clean acc": 91.54000053405761, "prediction": 6, "poisons predictions": [8, 8, 8, 8, 8], "scores": [9.06101060849096e-09, 2.5005623469347927e-22, 8.738059919480745e-19, 6.087052389913694e-11, 7.412543112650383e-08, 2.680545130480383e-13, 0.5186803936958313, 1.1151222248555808e-28, 0.48131945729255676, 8.343188419660622e-21], "malicious score": 0.48131945729255676, "camera": {"2": {"prediction": 8, "scores": [4.973594019269667e-12, 5.1636687022582266e-30, 0.025744937360286713, 0.1689453274011612, 2.201724964834284e-05, 0.0075217355042696, 0.09636915475130081, 2.794996309994331e-25, 0.7013964653015137, 1.4933423941876356e-10], "malicious score": 0.7013964653015137}, "4": {"prediction": 2, "scores": [1.517034935172301e-11, 2.533622510352421e-21, 0.9012329578399658, 0.003386059543117881, 8.563250020188207e-08, 2.433044130611961e-07, 4.828727014682954e-06, 7.31352203877854e-19, 0.09537558257579803, 1.7809019883796573e-11], "malicious score": 0.09537558257579803}}}, "ResNet50": {"clean acc": 93.96000137329102, "prediction": 8, "poisons predictions": [8, 8, 8, 8, 8], "scores": [1.7990754184592683e-37, 3.3809429816294564e-23, 1.3392792033008442e-26, 1.1322203261226666e-21, 1.717090243357565e-36, 0.0, 7.681082934141159e-05, 1.486250489957081e-28, 0.9999237060546875, 2.635873239961196e-39], "malicious score": 0.9999237060546875, "camera": {"2": {"prediction": 8, "scores": [8.612647679127309e-24, 2.538186530732004e-15, 1.7826868860216713e-14, 1.4501330269922619e-06, 2.3312385598408374e-33, 7.119478075655328e-13, 3.597861171508034e-20, 6.639861495024408e-19, 0.9999980926513672, 5.83458781833762e-26], "malicious score": 0.9999980926513672}, "4": {"prediction": 8, "scores": [1.331217083326707e-32, 9.092490268347466e-19, 1.657928557302976e-16, 4.4561563098365065e-13, 2.472533070492778e-37, 4.021894852747328e-32, 3.436633866371608e-09, 2.748747367273486e-25, 1.0, 2.445354816734696e-33], "malicious score": 1.0}}}, "ResNeXt29_2x64d": {"clean acc": 93.2000015258789, "prediction": 8, "poisons predictions": [8, 8, 8, 8, 8], "scores": [1.5799723556312787e-18, 2.3765494568689523e-16, 7.665141039850089e-21, 6.843597953956615e-14, 4.203895392974451e-44, 1.8381896762250348e-20, 2.7458236218080856e-06, 2.159045119457398e-20, 0.9999980926513672, 2.3261311610384663e-25], "malicious score": 0.9999980926513672, "camera": {"2": {"prediction": 5, "scores": [3.640712227146094e-22, 1.9708436167664777e-25, 5.93539834881085e-06, 2.8529714768410486e-07, 8.735676532639405e-23, 0.9999942779541016, 3.6700011085688544e-11, 4.8640040291921677e-14, 6.6843566237650975e-09, 5.677839275686968e-18], "malicious score": 6.6843566237650975e-09}, "4": {"prediction": 3, "scores": [1.4698738095993735e-17, 5.0295602106821126e-17, 5.278320168145001e-05, 0.9185192584991455, 1.3839451295145074e-18, 0.08142469823360443, 9.613314233547499e-08, 4.092197067318004e-12, 3.0983735541667556e-06, 2.6876569821593724e-16], "malicious score": 3.0983735541667556e-06}}}, "GoogLeNet": {"clean acc": 92.33000106811524, "prediction": 6, "poisons predictions": [8, 8, 8, 8, 8], "scores": [1.7313256731044113e-11, 1.4366142941923954e-08, 1.9457607081108108e-08, 0.0001613989588804543, 3.0744506940294514e-09, 7.262661370077694e-07, 0.9646281003952026, 1.888600942301366e-10, 0.03521008789539337, 1.3758999907291514e-13], "malicious score": 0.03521008789539337, "camera": {"2": {"prediction": 5, "scores": [8.344006909022372e-12, 9.613904117244942e-11, 0.04442809522151947, 0.12828537821769714, 3.137079374937457e-06, 0.4759862422943115, 0.0014627623604610562, 2.4061787718548944e-12, 0.3498344123363495, 3.4817581706647616e-08], "malicious score": 0.3498344123363495}, "4": {"prediction": 8, "scores": [5.119995139662992e-12, 7.135040891448341e-10, 3.116523146218242e-07, 0.028774932026863098, 1.236060853671006e-07, 0.00019995030015707016, 6.222596857696772e-05, 1.7083535403837678e-15, 0.9709623456001282, 1.2826733009063673e-09], "malicious score": 0.9709623456001282}}}, "MobileNetV2": {"clean acc": 86.9500015258789, "prediction": 8,