{"args": "Namespace(device='cuda', dset_path='datasets', end2end=False, eval_poisons_root='attack-results-eps0.20/100-overlap/linear-transfer-learning/mean/800', gpu='1', lr_decay_epoch=[30, 45], model_resume_path='model-chks', num_per_class=50, poison_label=8, retrain_bsize=64, retrain_epochs=60, retrain_lr=0.1, retrain_momentum=0.9, retrain_opt='adam', retrain_wd=0, subset_group=0, target_camera=True, target_index_end=50, target_index_start=49, target_index_step=1, target_label=6, target_net=['DPN92', 'SENet18', 'ResNet50', 'ResNeXt29_2x64d', 'GoogLeNet', 'MobileNetV2', 'ResNet18', 'DenseNet121'], target_print_size=[2, 4], test_chk_name='ckpt-%s-4800.t7', train_data_path='datasets/CIFAR10_TRAIN_Split.pth')", "poison_label": 8, "target_label": 6, "targets": {"49": {}, "49": {"800": {"time": 342.0, "coeffs_time": 0, "poisons_time": 4, "target_loss": 0.06019894778728485, "total_loss": 0.0830136314034462, "coeff_list": [[0.20000000298023224, 0.20000000298023224, 0.20000000298023224, 0.20000000298023224, 0.20000000298023224], [0.20000000298023224, 0.20000000298023224, 0.20000000298023224, 0.20000000298023224, 0.20000000298023224], [0.20000000298023224, 0.20000000298023224, 0.20000000298023224, 0.20000000298023224, 0.20000000298023224], [0.20000000298023224, 0.20000000298023224, 0.20000000298023224, 0.20000000298023224, 0.20000000298023224], [0.20000000298023224, 0.20000000298023224, 0.20000000298023224, 0.20000000298023224, 0.20000000298023224], [0.20000000298023224, 0.20000000298023224, 0.20000000298023224, 0.20000000298023224, 0.20000000298023224], [0.20000000298023224, 0.20000000298023224, 0.20000000298023224, 0.20000000298023224, 0.20000000298023224], [0.20000000298023224, 0.20000000298023224, 0.20000000298023224, 0.20000000298023224, 0.20000000298023224], [0.20000000298023224, 0.20000000298023224, 0.20000000298023224, 0.20000000298023224, 0.20000000298023224], [0.20000000298023224, 0.20000000298023224, 0.20000000298023224, 0.20000000298023224, 0.20000000298023224], [0.20000000298023224, 0.20000000298023224, 0.20000000298023224, 0.20000000298023224, 0.20000000298023224], [0.20000000298023224, 0.20000000298023224, 0.20000000298023224, 0.20000000298023224, 0.20000000298023224], [0.20000000298023224, 0.20000000298023224, 0.20000000298023224, 0.20000000298023224, 0.20000000298023224], [0.20000000298023224, 0.20000000298023224, 0.20000000298023224, 0.20000000298023224, 0.20000000298023224], [0.20000000298023224, 0.20000000298023224, 0.20000000298023224, 0.20000000298023224, 0.20000000298023224], [0.20000000298023224, 0.20000000298023224, 0.20000000298023224, 0.20000000298023224, 0.20000000298023224], [0.20000000298023224, 0.20000000298023224, 0.20000000298023224, 0.20000000298023224, 0.20000000298023224], [0.20000000298023224, 0.20000000298023224, 0.20000000298023224, 0.20000000298023224, 0.20000000298023224]], "coeff_list_in_victim": [[0.0, 0.1541074514389038, 0.29110634326934814, 0.5142057538032532, 0.04058048874139786]], "victims": {"DPN92": {"clean acc": 92.65000190734864, "prediction": 6, "poisons predictions": [8, 8, 8, 8, 6], "scores": [1.3451263540520397e-11, 9.360574591976402e-24, 1.7087138152389e-28, 7.404501491115045e-12, 1.8817054159644144e-24, 1.2354470520582522e-16, 0.9923276901245117, 5.037531199488438e-31, 0.007672978099435568, 0.0], "malicious score": 0.007672978099435568, "camera": {}}, "SENet18": {"clean acc": 91.53000144958496, "prediction": 6, "poisons predictions": [8, 8, 6, 8, 6], "scores": [5.278478210080095e-10, 2.0316593383254152e-26, 2.726546322051604e-09, 5.752157221650123e-07, 0.0009594493312761188, 5.695694471619106e-10, 0.9942241311073303, 1.1099634718925497e-17, 0.004815926309674978, 2.132814561626225e-15], "malicious score": 0.004815926309674978, "camera": {}}, "ResNet50": {"clean acc": 92.83000183105469, "prediction": 8, "poisons predictions": [8, 8, 8, 8, 6], "scores": [0.0, 3.606826431575401e-17, 3.512715295054871e-38, 0.0, 1.4993893568275543e-43, 4.998263968656273e-34, 0.00014297914458438754, 1.3005564173203955e-27, 0.9998588562011719, 4.555537095087468e-35], "malicious score": 0.9998588562011719, "camera": {}}, "ResNeXt29_2x64d": {"clean acc": 92.78000183105469, "prediction": 6, "poisons predictions": [8, 8, 8, 8, 8], "scores": [4.572437735568804e-22, 1.0323210735939335e-17, 4.435127666600064e-13, 2.2672203003892832e-10, 4.3755291038807663e-32, 1.2185597583064256e-12, 0.9999542236328125, 1.5593737489211184e-19, 4.521107257460244e-05, 1.418597905160704e-14], "malicious score": 4.521107257460244e-05, "camera": {}}, "GoogLeNet": {"clean acc": 92.28000144958496, "prediction": 6, "poisons predictions": [8, 8, 8, 8, 8], "scores": [4.3727597497794646e-13, 2.421813027897457e-10, 1.9628016989514663e-09, 5.069267899671104e-06, 6.748215319873907e-09, 2.6287954923986945e-08, 0.9965659976005554, 1.1429573731902565e-08, 0.0034290426410734653, 1.6213694612170898e-14], "malicious score": 0.0034290426410734653, "camera": {}}, "MobileNetV2": {"clean acc": 87.4200008392334, "prediction": 3, "poisons predictions": [8, 8, 6, 8, 3], "scores": [2.5933403102924857e-13, 8.416795604466278e-24, 5.176152695617617e-15, 0.6233336329460144, 1.0529479272812416e-15, 6.999555015457792e-15, 1.1749219993362203e-05, 2.9767672189739146e-18, 0.3766537308692932, 1.013044138005215e-20], "malicious score": 0.3766537308692932, "camera": {}}, "ResNet18": {"clean acc": 92.76000213623047, "prediction": 6, "poisons predictions": [8, 8, 8, 8, 8], "scores": [1.0185722309976676e-23, 1.8074664007892104e-16, 1.2195414144351518e-15, 3.865063717967132e-06, 1.055173367487207e-19, 8.220581548812333e-09, 0.9979726672172546, 2.4193043977936788e-15, 0.002023169072344899, 1.7103623976588226e-22], "malicious score": 0.002023169072344899, "camera": {}}, "DenseNet121": {"clean acc": 93.09000205993652, "prediction": 6, "poisons predictions": [8, 8, 8, 8, 8], "scores": [8.213282853830606e-08, 4.3721964559288815e-15, 1.1217780448036924e-13, 3.3624412481003674e-06, 1.246023941803287e-07, 1.6992378277791431e-06, 0.9976281523704529, 2.587123233649353e-22, 0.002366672269999981, 2.62452033846991e-13], "malicious score": 0.002366672269999981, "camera": {}}}}}}, "poison_idx_list": [213, 225, 227, 247, 249]}