{"args": "Namespace(device='cuda', dset_path='datasets', end2end=False, eval_poisons_root='attack-results-eps0.01/100-overlap/linear-transfer-learning/mean/800', gpu='1', lr_decay_epoch=[30, 45], model_resume_path='model-chks', num_per_class=50, poison_label=8, retrain_bsize=64, retrain_epochs=60, retrain_lr=0.1, retrain_momentum=0.9, retrain_opt='adam', retrain_wd=0, subset_group=0, target_camera=True, target_index_end=38, target_index_start=37, target_index_step=1, target_label=6, target_net=['DPN92', 'SENet18', 'ResNet50', 'ResNeXt29_2x64d', 'GoogLeNet', 'MobileNetV2', 'ResNet18', 'DenseNet121'], target_print_size=[2, 4], test_chk_name='ckpt-%s-4800.t7', train_data_path='datasets/CIFAR10_TRAIN_Split.pth')", "poison_label": 8, "target_label": 6, "targets": {"37": {}, "37": {"800": {"time": 343.0, "coeffs_time": 0, "poisons_time": 4, "target_loss": 0.031283337622880936, "total_loss": 0.5053403973579407, "coeff_list": [[0.20000000298023224, 0.20000000298023224, 0.20000000298023224, 0.20000000298023224, 0.20000000298023224], [0.20000000298023224, 0.20000000298023224, 0.20000000298023224, 0.20000000298023224, 0.20000000298023224], [0.20000000298023224, 0.20000000298023224, 0.20000000298023224, 0.20000000298023224, 0.20000000298023224], [0.20000000298023224, 0.20000000298023224, 0.20000000298023224, 0.20000000298023224, 0.20000000298023224], [0.20000000298023224, 0.20000000298023224, 0.20000000298023224, 0.20000000298023224, 0.20000000298023224], [0.20000000298023224, 0.20000000298023224, 0.20000000298023224, 0.20000000298023224, 0.20000000298023224], [0.20000000298023224, 0.20000000298023224, 0.20000000298023224, 0.20000000298023224, 0.20000000298023224], [0.20000000298023224, 0.20000000298023224, 0.20000000298023224, 0.20000000298023224, 0.20000000298023224], [0.20000000298023224, 0.20000000298023224, 0.20000000298023224, 0.20000000298023224, 0.20000000298023224], [0.20000000298023224, 0.20000000298023224, 0.20000000298023224, 0.20000000298023224, 0.20000000298023224], [0.20000000298023224, 0.20000000298023224, 0.20000000298023224, 0.20000000298023224, 0.20000000298023224], [0.20000000298023224, 0.20000000298023224, 0.20000000298023224, 0.20000000298023224, 0.20000000298023224], [0.20000000298023224, 0.20000000298023224, 0.20000000298023224, 0.20000000298023224, 0.20000000298023224], [0.20000000298023224, 0.20000000298023224, 0.20000000298023224, 0.20000000298023224, 0.20000000298023224], [0.20000000298023224, 0.20000000298023224, 0.20000000298023224, 0.20000000298023224, 0.20000000298023224], [0.20000000298023224, 0.20000000298023224, 0.20000000298023224, 0.20000000298023224, 0.20000000298023224], [0.20000000298023224, 0.20000000298023224, 0.20000000298023224, 0.20000000298023224, 0.20000000298023224], [0.20000000298023224, 0.20000000298023224, 0.20000000298023224, 0.20000000298023224, 0.20000000298023224]], "coeff_list_in_victim": [[0.0, 0.0, 0.0074436417780816555, 0.9925563335418701, 0.0]], "victims": {"DPN92": {"clean acc": 92.34000129699707, "prediction": 6, "poisons predictions": [8, 8, 8, 8, 8], "scores": [1.0310121456396076e-14, 7.834675291341908e-15, 8.903360951950717e-36, 2.020738336764727e-18, 2.1876747000909422e-33, 8.377029315560704e-20, 1.0, 5.715225606380087e-37, 3.043815297587571e-07, 0.0], "malicious score": 3.043815297587571e-07, "camera": {"2": {"prediction": 6, "scores": [2.1131459658660817e-20, 5.2077015534181496e-23, 1.2786844675560968e-20, 5.309988893031914e-08, 3.5835929468120937e-25, 9.610188499209471e-06, 0.9999904632568359, 2.972662289712541e-31, 2.1715575171388224e-10, 7.352024496957299e-40], "malicious score": 2.1715575171388224e-10}, "4": {"prediction": 6, "scores": [1.7147590665824176e-22, 1.2349749358917531e-25, 4.435198721877903e-19, 7.862656161705672e-07, 4.130155816640151e-24, 0.0008452096953988075, 0.9991534948348999, 3.2693283817979264e-32, 2.235609787570869e-11, 3.516922833823853e-40], "malicious score": 2.235609787570869e-11}}}, "SENet18": {"clean acc": 91.46000137329102, "prediction": 6, "poisons predictions": [8, 8, 8, 8, 8], "scores": [1.7218968508472136e-30, 3.3662994513091474e-22, 3.973772939442885e-28, 2.340594216993474e-26, 2.3499171362768888e-18, 3.6372900307031476e-26, 1.0, 4.118793902326059e-25, 3.078393016029985e-17, 5.314526569107163e-31], "malicious score": 3.078393016029985e-17, "camera": {"2": {"prediction": 6, "scores": [1.1235104923577379e-24, 2.5461327347393853e-27, 7.797024648764013e-21, 1.0573451689595562e-19, 1.6912758357429808e-13, 2.8703127656799776e-14, 1.0, 1.1084540272039311e-30, 2.847048818921394e-09, 1.700280048470727e-21], "malicious score": 2.847048818921394e-09}, "4": {"prediction": 6, "scores": [2.3233997301541386e-25, 1.8374239842561973e-29, 2.045109875807455e-20, 1.4903799064977775e-18, 4.1874012937648253e-13, 7.872720704515945e-12, 1.0, 2.1393299235194832e-33, 1.1064302363195111e-08, 1.9921578765831302e-19], "malicious score": 1.1064302363195111e-08}}}, "ResNet50": {"clean acc": 94.3100025177002, "prediction": 6, "poisons predictions": [8, 8, 8, 8, 8], "scores": [0.0, 0.0, 5.633219826585765e-43, 4.091791515828466e-43, 3.3690074815612144e-31, 4.8902274257032804e-29, 1.0, 3.394376030528683e-27, 5.3602413306597096e-14, 1.1768851958621723e-17], "malicious score": 5.3602413306597096e-14, "camera": {"2": {"prediction": 5, "scores": [0.0, 2.3829080385843514e-41, 4.872002214847906e-35, 5.379921116174411e-40, 4.033737933448998e-26, 0.9965346455574036, 0.0034665525890886784, 4.8274835344204675e-23, 6.877286500700519e-12, 1.3675710874849756e-07], "malicious score": 6.877286500700519e-12}, "4": {"prediction": 5, "scores": [0.0, 0.0, 2.2888809116281562e-41, 0.0, 1.699213671375286e-32, 1.0, 5.0581981908114776e-14, 2.66310067195033e-32, 4.92114384111588e-21, 3.5584624384739567e-16], "malicious score": 4.92114384111588e-21}}}, "ResNeXt29_2x64d": {"clean acc": 93.06000099182128, "prediction": 6, "poisons predictions": [8, 8, 8, 8, 8], "scores": [2.3870267253334405e-30, 2.1323767214198597e-06, 2.791929384944337e-16, 8.452260419344881e-11, 9.80908925027372e-45, 3.5207422164145087e-28, 0.9999961853027344, 2.2229728989834835e-26, 1.957434960786486e-07, 3.344869634611148e-23], "malicious score": 1.957434960786486e-07, "camera": {"2": {"prediction": 6, "scores": [9.910029623098226e-25, 1.6463438597369464e-17, 4.397028852132223e-10, 2.5758816954435382e-11, 1.8837464362322714e-30, 2.922321412635043e-11, 1.0, 3.5900156077555226e-22, 9.447590088029756e-08, 1.860321202640236e-10], "malicious score": 9.447590088029756e-08}, "4": {"prediction": 6, "scores": [1.2701134834307095e-28, 3.238081104731047e-21, 5.136494340973741e-09, 3.6567603112214186e-11, 2.1075311262502904e-31, 1.9153669761351466e-09, 1.0, 3.1164875000167443e-24, 6.762313799202335e-12, 3.641577924623496e-12], "malicious score": 6.762313799202335e-12}}}, "GoogLeNet": {"clean acc": 92.01000213623047, "prediction": 6, "poisons predictions": [8, 8, 8, 8, 8], "scores": [1.4802649123818457e-12, 8.64913557441227e-11, 9.062902511791648e-11, 8.26881230153731e-09, 1.8614531574132065e-14, 1.0300044150923782e-09, 0.9999551773071289, 3.7084952886345945e-09, 4.5219567255117e-05, 8.731709546384696e-16], "malicious score": 4.5219567255117e-05, "camera": {"2": {"prediction": 6, "scores": [9.518558901147611e-13, 6.099150351435156e-11, 4.9754407882574014e-06, 5.677987701346865e-06, 6.97577945629746e-07, 0.0003192503936588764, 0.9996691346168518, 1.285090291958113e-07, 1.9548894059084887e-08, 1.6151978842957049e-12], "malicious score": 1.9548894059084887e-08}, "4": {"prediction": 6, "scores": [9.896220670192746e-14, 1.2189013904109758e-12, 1.5050759429868776e-05, 4.907861239189515e-06, 6.58039652989828e-06, 0.001490273280069232, 0.998482882976532, 1.2660684944876266e-07, 5.784362433480794e-10, 6.114752259221701e-13], "malicious score": 5.784362433480794e-10}}}, "MobileNetV2": {"clean acc": 87.51000099182129, "prediction": 6, "poisons predictions": [8, 8, 8, 6, 8],