{"args": "Namespace(device='cuda', dset_path='datasets', end2end=False, eval_poisons_root='attack-results-eps0.03/100-overlap/linear-transfer-learning/mean/800', gpu='2', lr_decay_epoch=[30, 45], model_resume_path='model-chks', num_per_class=50, poison_label=8, retrain_bsize=64, retrain_epochs=60, retrain_lr=0.1, retrain_momentum=0.9, retrain_opt='adam', retrain_wd=0, subset_group=0, target_camera=True, target_index_end=34, target_index_start=33, target_index_step=1, target_label=6, target_net=['DPN92', 'SENet18', 'ResNet50', 'ResNeXt29_2x64d', 'GoogLeNet', 'MobileNetV2', 'ResNet18', 'DenseNet121'], target_print_size=[2, 4], test_chk_name='ckpt-%s-4800.t7', train_data_path='datasets/CIFAR10_TRAIN_Split.pth')", "poison_label": 8, "target_label": 6, "targets": {"33": {}, "33": {"800": {"time": 378.0, "coeffs_time": 0, "poisons_time": 4, "target_loss": 0.02964038960635662, "total_loss": 0.10639956593513489, "coeff_list": [[0.20000000298023224, 0.20000000298023224, 0.20000000298023224, 0.20000000298023224, 0.20000000298023224], [0.20000000298023224, 0.20000000298023224, 0.20000000298023224, 0.20000000298023224, 0.20000000298023224], [0.20000000298023224, 0.20000000298023224, 0.20000000298023224, 0.20000000298023224, 0.20000000298023224], [0.20000000298023224, 0.20000000298023224, 0.20000000298023224, 0.20000000298023224, 0.20000000298023224], [0.20000000298023224, 0.20000000298023224, 0.20000000298023224, 0.20000000298023224, 0.20000000298023224], [0.20000000298023224, 0.20000000298023224, 0.20000000298023224, 0.20000000298023224, 0.20000000298023224], [0.20000000298023224, 0.20000000298023224, 0.20000000298023224, 0.20000000298023224, 0.20000000298023224], [0.20000000298023224, 0.20000000298023224, 0.20000000298023224, 0.20000000298023224, 0.20000000298023224], [0.20000000298023224, 0.20000000298023224, 0.20000000298023224, 0.20000000298023224, 0.20000000298023224], [0.20000000298023224, 0.20000000298023224, 0.20000000298023224, 0.20000000298023224, 0.20000000298023224], [0.20000000298023224, 0.20000000298023224, 0.20000000298023224, 0.20000000298023224, 0.20000000298023224], [0.20000000298023224, 0.20000000298023224, 0.20000000298023224, 0.20000000298023224, 0.20000000298023224], [0.20000000298023224, 0.20000000298023224, 0.20000000298023224, 0.20000000298023224, 0.20000000298023224], [0.20000000298023224, 0.20000000298023224, 0.20000000298023224, 0.20000000298023224, 0.20000000298023224], [0.20000000298023224, 0.20000000298023224, 0.20000000298023224, 0.20000000298023224, 0.20000000298023224], [0.20000000298023224, 0.20000000298023224, 0.20000000298023224, 0.20000000298023224, 0.20000000298023224], [0.20000000298023224, 0.20000000298023224, 0.20000000298023224, 0.20000000298023224, 0.20000000298023224], [0.20000000298023224, 0.20000000298023224, 0.20000000298023224, 0.20000000298023224, 0.20000000298023224]], "coeff_list_in_victim": [[0.03920944780111313, 0.4404635429382324, 0.0799812376499176, 0.4403457045555115, 0.0]], "victims": {"DPN92": {"clean acc": 92.2000015258789, "prediction": 6, "poisons predictions": [8, 8, 8, 8, 8], "scores": [6.344576110918877e-20, 4.644699611186192e-26, 6.788196333904323e-35, 4.639512126383348e-18, 2.8570371388826085e-31, 6.953253571933041e-21, 1.0, 4.398293829502287e-37, 9.793262734092423e-07, 0.0], "malicious score": 9.793262734092423e-07, "camera": {"2": {"prediction": 6, "scores": [1.3468826817836096e-18, 1.2233572087772403e-23, 2.4174870753474283e-30, 1.4611863151728355e-13, 1.734904120744347e-24, 6.584430732513801e-16, 0.9999961853027344, 3.6619248281222794e-30, 3.1020397273096023e-06, 0.0], "malicious score": 3.1020397273096023e-06}, "4": {"prediction": 6, "scores": [3.6491940595990304e-22, 3.511088925902505e-26, 1.7948391769706613e-22, 8.012306125237956e-07, 9.707466620028824e-16, 2.109320433874018e-07, 0.9999980926513672, 1.0164497770769359e-29, 2.7027143544022803e-12, 2.953120205792013e-39], "malicious score": 2.7027143544022803e-12}}}, "SENet18": {"clean acc": 91.65000114440917, "prediction": 6, "poisons predictions": [6, 8, 8, 8, 8], "scores": [2.3828846677443735e-17, 3.586437109749305e-14, 2.627050451294347e-16, 1.0312924559469083e-12, 8.799415809335187e-06, 2.35315895966788e-15, 0.9999885559082031, 1.5778021521684754e-13, 3.115137133136159e-06, 5.216933996266867e-28], "malicious score": 3.115137133136159e-06, "camera": {"2": {"prediction": 6, "scores": [4.546241855196698e-12, 2.4084443005180782e-18, 4.002751177522657e-15, 9.87492379533883e-12, 5.170578560864669e-07, 5.549619580578287e-16, 0.9667075276374817, 7.029554211944108e-14, 0.033291906118392944, 9.985285663624915e-31], "malicious score": 0.033291906118392944}, "4": {"prediction": 3, "scores": [5.532518230211281e-07, 9.859197981063426e-18, 0.00011275535507593304, 0.5854995846748352, 6.14185946545831e-09, 1.0618011461391297e-12, 4.399819894404739e-15, 1.3178319932194427e-05, 0.414374440908432, 1.8208179947884976e-21], "malicious score": 0.414374440908432}}}, "ResNet50": {"clean acc": 93.09000167846679, "prediction": 6, "poisons predictions": [8, 8, 8, 8, 8], "scores": [1.592605568471723e-20, 2.4159080339032055e-17, 4.937172750025277e-25, 4.881450076926489e-21, 2.546188321892405e-29, 4.005119769663592e-22, 0.9875921010971069, 2.0024934604934673e-15, 0.012406994588673115, 1.5310389355320558e-20], "malicious score": 0.012406994588673115, "camera": {"2": {"prediction": 6, "scores": [3.2701664001528906e-23, 1.8367507888852019e-22, 1.896574709526298e-29, 4.1577669973185634e-19, 1.6048880152725778e-28, 3.2482079018312013e-17, 0.9999866485595703, 3.31559590751212e-18, 1.2812088243663311e-05, 2.4686890342154002e-21], "malicious score": 1.2812088243663311e-05}, "4": {"prediction": 3, "scores": [5.4217849924597434e-24, 3.949600938222713e-24, 2.1588984423288846e-26, 1.0, 1.0616314541033336e-30, 2.5929965806691544e-26, 2.2859238136554386e-16, 4.464391314972138e-28, 5.296550661350353e-25, 9.523811031774582e-31], "malicious score": 5.296550661350353e-25}}}, "ResNeXt29_2x64d": {"clean acc": 92.34000129699707, "prediction": 8, "poisons predictions": [8, 8, 8, 8, 8], "scores": [1.8703957271925882e-19, 1.0900674851654912e-06, 1.550519452547986e-17, 1.2494765222470505e-08, 2.802596928649634e-45, 6.7886348682202505e-28, 0.40063852071762085, 1.7865441906836616e-17, 0.5993603467941284, 2.0988598589555974e-22], "malicious score": 0.5993603467941284, "camera": {"2": {"prediction": 6, "scores": [2.3141499711922536e-23, 1.3127964596751796e-15, 3.476963635883937e-21, 2.0653622909150293e-11, 9.80908925027372e-45, 5.693351147942982e-24, 1.0, 9.676961457511583e-24, 2.8947528818434876e-09, 1.527359204619484e-26], "malicious score": 2.8947528818434876e-09}, "4": {"prediction": 6, "scores": [3.2497835154619923e-16, 1.7638530610056269e-12, 7.014162861640472e-11, 0.00020932899496983737, 3.799577824132158e-27, 1.195644332239315e-13, 0.9997901916503906, 4.5867728560612664e-14, 1.7367515203758899e-09, 6.943370863876307e-20], "malicious score": 1.7367515203758899e-09}}}, "GoogLeNet": {"clean acc": 91.1900016784668, "prediction": 6, "poisons predictions": [8, 8, 8, 8, 8], "scores": [4.2163356139823804e-12, 3.2312527764588594e-07, 3.917050277885137e-12, 2.5778347207960906e-06, 1.4785388191551618e-11, 3.9763076387089313e-08, 0.6770598888397217, 4.7570496153337416e-11, 0.32293713092803955, 9.546181553576893e-12], "malicious score": 0.32293713092803955, "camera": {"2": {"prediction": 6, "scores": [8.148690056053454e-10, 3.486619561954285e-06, 1.113188091039774e-06, 0.00025436747819185257, 1.0528200533599374e-10, 1.622628406039439e-05, 0.7719438672065735, 2.1651906081388006e-06, 0.2277786135673523, 1.165612745213096e-13], "malicious score": 0.2277786135673523}, "4": {"prediction": 6, "scores": [1.8085495767650173e-08, 4.763887488934415e-07, 0.0013678385876119137, 0.19878025352954865, 3.503060597154217e-08, 0.07075943052768707, 0.7263310551643372, 1.6022212445676587e-09, 0.0027609565295279026, 1.5146915943731187e-09], "malicious score": 0.0027609565295279026}}},