{"args": "Namespace(device='cuda', dset_path='datasets', end2end=False, eval_poisons_root='attack-results-eps0.01/100-overlap/linear-transfer-learning/mean/800', gpu='1', lr_decay_epoch=[30, 45], model_resume_path='model-chks', num_per_class=50, poison_label=8, retrain_bsize=64, retrain_epochs=60, retrain_lr=0.1, retrain_momentum=0.9, retrain_opt='adam', retrain_wd=0, subset_group=0, target_camera=True, target_index_end=39, target_index_start=38, target_index_step=1, target_label=6, target_net=['DPN92', 'SENet18', 'ResNet50', 'ResNeXt29_2x64d', 'GoogLeNet', 'MobileNetV2', 'ResNet18', 'DenseNet121'], target_print_size=[2, 4], test_chk_name='ckpt-%s-4800.t7', train_data_path='datasets/CIFAR10_TRAIN_Split.pth')", "poison_label": 8, "target_label": 6, "targets": {"38": {}, "38": {"800": {"time": 437.0, "coeffs_time": 0, "poisons_time": 7, "target_loss": 0.024922925978899002, "total_loss": 0.4830763041973114, "coeff_list": [[0.20000000298023224, 0.20000000298023224, 0.20000000298023224, 0.20000000298023224, 0.20000000298023224], [0.20000000298023224, 0.20000000298023224, 0.20000000298023224, 0.20000000298023224, 0.20000000298023224], [0.20000000298023224, 0.20000000298023224, 0.20000000298023224, 0.20000000298023224, 0.20000000298023224], [0.20000000298023224, 0.20000000298023224, 0.20000000298023224, 0.20000000298023224, 0.20000000298023224], [0.20000000298023224, 0.20000000298023224, 0.20000000298023224, 0.20000000298023224, 0.20000000298023224], [0.20000000298023224, 0.20000000298023224, 0.20000000298023224, 0.20000000298023224, 0.20000000298023224], [0.20000000298023224, 0.20000000298023224, 0.20000000298023224, 0.20000000298023224, 0.20000000298023224], [0.20000000298023224, 0.20000000298023224, 0.20000000298023224, 0.20000000298023224, 0.20000000298023224], [0.20000000298023224, 0.20000000298023224, 0.20000000298023224, 0.20000000298023224, 0.20000000298023224], [0.20000000298023224, 0.20000000298023224, 0.20000000298023224, 0.20000000298023224, 0.20000000298023224], [0.20000000298023224, 0.20000000298023224, 0.20000000298023224, 0.20000000298023224, 0.20000000298023224], [0.20000000298023224, 0.20000000298023224, 0.20000000298023224, 0.20000000298023224, 0.20000000298023224], [0.20000000298023224, 0.20000000298023224, 0.20000000298023224, 0.20000000298023224, 0.20000000298023224], [0.20000000298023224, 0.20000000298023224, 0.20000000298023224, 0.20000000298023224, 0.20000000298023224], [0.20000000298023224, 0.20000000298023224, 0.20000000298023224, 0.20000000298023224, 0.20000000298023224], [0.20000000298023224, 0.20000000298023224, 0.20000000298023224, 0.20000000298023224, 0.20000000298023224], [0.20000000298023224, 0.20000000298023224, 0.20000000298023224, 0.20000000298023224, 0.20000000298023224], [0.20000000298023224, 0.20000000298023224, 0.20000000298023224, 0.20000000298023224, 0.20000000298023224]], "coeff_list_in_victim": [[0.0, 0.0, 0.025988150388002396, 0.9740118980407715, 0.0]], "victims": {"DPN92": {"clean acc": 92.66000175476074, "prediction": 6, "poisons predictions": [8, 8, 8, 8, 8], "scores": [1.0820734778992248e-25, 1.401298464324817e-44, 5.184804318001823e-44, 1.5249636766250562e-22, 8.337725862732662e-43, 1.2811497842357775e-28, 1.0, 0.0, 2.8621152756841406e-12, 0.0], "malicious score": 2.8621152756841406e-12, "camera": {"2": {"prediction": 3, "scores": [2.606338072228622e-39, 4.203895392974451e-45, 1.0504607672601196e-07, 0.9999980926513672, 9.91013848761213e-07, 1.301468017800289e-07, 6.768584165576358e-16, 9.296354142177269e-41, 1.0403428064766768e-16, 7.006492321624085e-45], "malicious score": 1.0403428064766768e-16}, "4": {"prediction": 3, "scores": [3.2690891874233657e-41, 2.6484540975739043e-43, 4.7326668806135785e-08, 0.9999942779541016, 5.329912710294593e-06, 3.6568736927478085e-10, 4.213225735904668e-15, 5.74532370373175e-44, 3.335000621179728e-20, 0.0], "malicious score": 3.335000621179728e-20}}}, "SENet18": {"clean acc": 91.50000190734863, "prediction": 6, "poisons predictions": [8, 8, 8, 8, 8], "scores": [1.064214634345706e-22, 1.3982217441090255e-15, 7.776600389754993e-18, 6.651917023795103e-15, 3.841392134940058e-11, 4.774403364004514e-18, 1.0, 3.121041579873576e-18, 1.9565606024229965e-08, 1.2564656410159374e-21], "malicious score": 1.9565606024229965e-08, "camera": {"2": {"prediction": 3, "scores": [4.027556102699587e-19, 7.494106616042011e-25, 0.0009579992620274425, 0.9989743828773499, 1.8263804912876935e-09, 6.742773985024542e-05, 3.942588968378026e-15, 4.794898211246587e-19, 3.5288868537524743e-15, 3.293476602550527e-12], "malicious score": 3.5288868537524743e-15}, "4": {"prediction": 2, "scores": [4.398115698029268e-19, 3.661952663828507e-30, 0.9994775056838989, 0.0005182682070881128, 1.6163280566403038e-13, 4.667584107664879e-06, 7.499593307480623e-11, 1.4624921091554852e-23, 1.11620585655963e-16, 2.8908668671780505e-14], "malicious score": 1.11620585655963e-16}}}, "ResNet50": {"clean acc": 93.16000137329101, "prediction": 6, "poisons predictions": [8, 8, 8, 8, 8], "scores": [4.803285179862861e-33, 7.958146618871441e-37, 8.354921607385413e-33, 0.0, 6.767082051990945e-25, 0.0, 1.0, 1.3472160527613027e-34, 2.7827221416032444e-08, 1.401298464324817e-45], "malicious score": 2.7827221416032444e-08, "camera": {"2": {"prediction": 3, "scores": [6.823713138071575e-35, 5.116813316512783e-40, 3.362773210246196e-20, 1.0, 5.4731009752048415e-28, 5.97939516428294e-36, 9.97211297633912e-24, 3.3094202623248117e-31, 1.1431683333285036e-07, 1.0693308581262679e-41], "malicious score": 1.1431683333285036e-07}, "4": {"prediction": 3, "scores": [8.274512283659399e-34, 2.563436478964239e-38, 3.7209144658242405e-21, 1.0, 1.070718155109642e-21, 2.0995654890978734e-41, 1.7115572942759914e-14, 1.9296392866927208e-23, 8.150148005370283e-07, 3.869573605355836e-40], "malicious score": 8.150148005370283e-07}}}, "ResNeXt29_2x64d": {"clean acc": 92.96000175476074, "prediction": 6, "poisons predictions": [8, 8, 8, 8, 8], "scores": [2.8657350330073654e-32, 2.623895782961417e-16, 2.005115450981693e-15, 2.063285542419635e-09, 5.869759007363794e-41, 4.043037498721856e-21, 1.0, 2.5165052275510907e-29, 2.908296216699857e-12, 2.1940095126159204e-33], "malicious score": 2.908296216699857e-12, "camera": {"2": {"prediction": 3, "scores": [1.1472764874943914e-21, 3.331736062419408e-18, 1.7464864868088625e-05, 0.989361047744751, 0.00014841044321656227, 0.010230354964733124, 0.0002428168518235907, 7.273922576410154e-21, 2.490652608743045e-14, 5.845179974940532e-15], "malicious score": 2.490652608743045e-14}, "4": {"prediction": 3, "scores": [1.1120288190974724e-22, 1.6251031230570188e-18, 3.587120590964332e-05, 0.9530198574066162, 7.850152178434655e-05, 0.0430566780269146, 0.003809211775660515, 3.9136548186911984e-22, 8.479168430754191e-13, 4.729322741260124e-14], "malicious score": 8.479168430754191e-13}}}, "GoogLeNet": {"clean acc": 91.78000183105469, "prediction": 6, "poisons predictions": [8, 8, 8, 8, 8], "scores": [6.811666844724201e-14, 9.327339248188515e-12, 1.0364007568819389e-10, 3.145201787901897e-07, 3.948043669765866e-08, 3.333648805892153e-07, 0.999760627746582, 2.6800275887417513e-10, 0.0002386853302596137, 6.721912014907936e-15], "malicious score": 0.0002386853302596137, "camera": {"2": {"prediction": 5, "scores": [1.5830743562827293e-13, 7.215508052160757e-11, 6.704167753923684e-05, 0.005378547124564648, 1.0344797374273185e-05, 0.9886381030082703, 0.005898635368794203, 8.043008126916787e-14, 7.065985755616566e-06, 1.6139516390012432e-07], "malicious score": 7.065985755616566e-06}, "4": {"prediction": 5, "scores": [1.5427956357111708e-14, 3.61309441566926e-12, 0.0005167747149243951, 0.009453526698052883, 7.888012623880059e-05, 0.8340986371040344, 0.1558406800031662, 5.810501683750288e-14, 1.1654818990791682e-05, 7.855677885970636e-09], "malicious score": 1.1654818990791682e-05}}}, "MobileNetV2": {"clean acc": 87.47000160217286, "prediction": 6, "poisons predictions": [8, 8, 8, 6, 6],