{"args": "Namespace(device='cuda', dset_path='datasets', end2end=False, eval_poisons_root='attack-results-eps0.03/100-overlap/linear-transfer-learning/mean/800', gpu='0', lr_decay_epoch=[30, 45], model_resume_path='model-chks', num_per_class=50, poison_label=8, retrain_bsize=64, retrain_epochs=60, retrain_lr=0.1, retrain_momentum=0.9, retrain_opt='adam', retrain_wd=0, subset_group=0, target_camera=True, target_index_end=43, target_index_start=42, target_index_step=1, target_label=6, target_net=['DPN92', 'SENet18', 'ResNet50', 'ResNeXt29_2x64d', 'GoogLeNet', 'MobileNetV2', 'ResNet18', 'DenseNet121'], target_print_size=[2, 4], test_chk_name='ckpt-%s-4800.t7', train_data_path='datasets/CIFAR10_TRAIN_Split.pth')", "poison_label": 8, "target_label": 6, "targets": {"42": {}, "42": {"800": {"time": 331.0, "coeffs_time": 0, "poisons_time": 4, "target_loss": 0.01184279564768076, "total_loss": 0.11833226680755615, "coeff_list": [[0.20000000298023224, 0.20000000298023224, 0.20000000298023224, 0.20000000298023224, 0.20000000298023224], [0.20000000298023224, 0.20000000298023224, 0.20000000298023224, 0.20000000298023224, 0.20000000298023224], [0.20000000298023224, 0.20000000298023224, 0.20000000298023224, 0.20000000298023224, 0.20000000298023224], [0.20000000298023224, 0.20000000298023224, 0.20000000298023224, 0.20000000298023224, 0.20000000298023224], [0.20000000298023224, 0.20000000298023224, 0.20000000298023224, 0.20000000298023224, 0.20000000298023224], [0.20000000298023224, 0.20000000298023224, 0.20000000298023224, 0.20000000298023224, 0.20000000298023224], [0.20000000298023224, 0.20000000298023224, 0.20000000298023224, 0.20000000298023224, 0.20000000298023224], [0.20000000298023224, 0.20000000298023224, 0.20000000298023224, 0.20000000298023224, 0.20000000298023224], [0.20000000298023224, 0.20000000298023224, 0.20000000298023224, 0.20000000298023224, 0.20000000298023224], [0.20000000298023224, 0.20000000298023224, 0.20000000298023224, 0.20000000298023224, 0.20000000298023224], [0.20000000298023224, 0.20000000298023224, 0.20000000298023224, 0.20000000298023224, 0.20000000298023224], [0.20000000298023224, 0.20000000298023224, 0.20000000298023224, 0.20000000298023224, 0.20000000298023224], [0.20000000298023224, 0.20000000298023224, 0.20000000298023224, 0.20000000298023224, 0.20000000298023224], [0.20000000298023224, 0.20000000298023224, 0.20000000298023224, 0.20000000298023224, 0.20000000298023224], [0.20000000298023224, 0.20000000298023224, 0.20000000298023224, 0.20000000298023224, 0.20000000298023224], [0.20000000298023224, 0.20000000298023224, 0.20000000298023224, 0.20000000298023224, 0.20000000298023224], [0.20000000298023224, 0.20000000298023224, 0.20000000298023224, 0.20000000298023224, 0.20000000298023224], [0.20000000298023224, 0.20000000298023224, 0.20000000298023224, 0.20000000298023224, 0.20000000298023224]], "coeff_list_in_victim": [[0.3595018684864044, 0.07941415905952454, 0.18927034735679626, 0.1270233392715454, 0.24479028582572937]], "victims": {"DPN92": {"clean acc": 92.40000190734864, "prediction": 6, "poisons predictions": [8, 8, 8, 8, 8], "scores": [3.5512443611871454e-18, 1.771716299085975e-38, 4.874365486547162e-34, 6.821946695314175e-19, 4.897470727853499e-29, 2.1938065769063722e-20, 0.9999961853027344, 1.1210387714598537e-44, 5.25275754625909e-06, 0.0], "malicious score": 5.25275754625909e-06, "camera": {}}, "SENet18": {"clean acc": 91.13000144958497, "prediction": 6, "poisons predictions": [8, 8, 8, 6, 6], "scores": [6.404130697967858e-11, 3.3506402097316368e-09, 2.339372185550248e-14, 7.04488279778398e-14, 1.7499399262987936e-08, 6.902718397279418e-15, 0.9992297291755676, 1.107517398103719e-12, 0.0007696132524870336, 2.1141490722852883e-17], "malicious score": 0.0007696132524870336, "camera": {}}, "ResNet50": {"clean acc": 93.05000190734863, "prediction": 6, "poisons predictions": [8, 8, 8, 8, 8], "scores": [1.5551532593017163e-30, 5.713138743038574e-20, 7.893693669554989e-35, 1.95373133047395e-18, 1.939982651652781e-20, 2.007748300865486e-30, 0.6316232681274414, 1.2567341314027511e-21, 0.3683769106864929, 1.170749153005246e-12], "malicious score": 0.3683769106864929, "camera": {}}, "ResNeXt29_2x64d": {"clean acc": 92.53000183105469, "prediction": 6, "poisons predictions": [8, 8, 8, 8, 8], "scores": [1.0877101355860618e-25, 6.835396913345019e-24, 5.224974827664408e-15, 7.092196163682729e-09, 0.0, 5.616891884371025e-19, 0.9980564117431641, 3.284247408152235e-28, 0.0019430359825491905, 3.348002220198442e-20], "malicious score": 0.0019430359825491905, "camera": {}}, "GoogLeNet": {"clean acc": 92.19000129699707, "prediction": 6, "poisons predictions": [8, 8, 6, 6, 6], "scores": [9.261860755335055e-14, 4.6227832672940394e-10, 1.3815941663289366e-12, 4.7143581468844786e-05, 3.7640031536056995e-08, 3.4185217145932256e-07, 0.8286564350128174, 4.054682700704859e-10, 0.17129622399806976, 2.0927726218644693e-10], "malicious score": 0.17129622399806976, "camera": {}}, "MobileNetV2": {"clean acc": 86.26000099182129, "prediction": 6, "poisons predictions": [8, 6, 8, 8, 6], "scores": [7.68665628380922e-15, 1.4017336485874603e-18, 1.2477948071957498e-16, 3.1282422696676804e-06, 1.2171574720370178e-22, 5.3919851609074854e-15, 0.9962495565414429, 6.621305771402168e-31, 0.0037482513580471277, 2.4660762485413322e-18], "malicious score": 0.0037482513580471277, "camera": {}}, "ResNet18": {"clean acc": 92.5200023651123, "prediction": 6, "poisons predictions": [8, 8, 6, 6, 8], "scores": [5.2954580803317734e-18, 1.505041313798472e-09, 1.0735962899938167e-12, 0.00010648841998772696, 4.321401732475596e-25, 9.497826969351308e-10, 0.851749062538147, 9.255107097372317e-12, 0.14814454317092896, 2.4337078367213776e-22], "malicious score": 0.14814454317092896, "camera": {}}, "DenseNet121": {"clean acc": 92.87000122070313, "prediction": 6, "poisons predictions": [8, 8, 8, 8, 8], "scores": [1.0468924216411324e-07, 2.0756183230496994e-11, 7.963323056525695e-11, 2.1599513274850324e-05, 1.1021802492905408e-07, 4.629255727195414e-06, 0.7075538635253906, 9.114899046090865e-17, 0.29241958260536194, 4.72929639894204e-10], "malicious score": 0.29241958260536194, "camera": {}}}}}}, "poison_idx_list": [213, 225, 227, 247, 249]}