{"args": "Namespace(device='cuda', dset_path='datasets', end2end=False, eval_poisons_root='attack-results-10poisons/100-overlap/linear-transfer-learning/convex/800', gpu='0', lr_decay_epoch=[30, 45], model_resume_path='model-chks', num_per_class=50, poison_label=8, retrain_bsize=64, retrain_epochs=60, retrain_lr=0.1, retrain_momentum=0.9, retrain_opt='adam', retrain_wd=0, subset_group=0, target_camera=True, target_index_end=33, target_index_start=32, target_index_step=1, target_label=6, target_net=['DPN92', 'SENet18', 'ResNet50', 'ResNeXt29_2x64d', 'GoogLeNet', 'MobileNetV2', 'ResNet18', 'DenseNet121'], target_print_size=[2, 4], test_chk_name='ckpt-%s-4800.t7', train_data_path='datasets/CIFAR10_TRAIN_Split.pth')", "poison_label": 8, "target_label": 6, "targets": {"32": {}, "32": {"800": {"time": 33872.0, "coeffs_time": 31811, "poisons_time": 33473, "target_loss": 0.004828931298106909, "total_loss": 0.0012333258055150509, "coeff_list": [[0.047698117792606354, 0.13586123287677765, 0.16549211740493774, 0.0, 0.2554689645767212, 0.07731722295284271, 0.034748148173093796, 0.01569734513759613, 0.2672880291938782, 0.00042889255564659834], [0.11901630461215973, 0.0, 0.06694978475570679, 0.10426847636699677, 0.35426223278045654, 0.0, 0.0, 0.07355940341949463, 0.09633545577526093, 0.18560832738876343], [0.0, 0.1267046183347702, 0.1993856281042099, 0.039345137774944305, 0.49872103333473206, 0.0, 0.13308215141296387, 0.0, 0.002761445939540863, 0.0], [0.0, 0.6734906435012817, 0.0, 0.04949158802628517, 0.12124866247177124, 0.0, 0.08522667735815048, 0.0, 0.07054245471954346, 0.0], [0.008532975800335407, 0.3815089762210846, 0.12709292769432068, 0.18040205538272858, 0.00811088364571333, 0.16639932990074158, 0.12338153272867203, 0.0, 0.0, 0.004571288358420134], [0.0315462164580822, 0.4370374381542206, 0.0, 0.20505373179912567, 0.0, 0.0, 0.0, 0.17542840540409088, 0.0, 0.15093421936035156], [0.0, 0.16797499358654022, 0.0, 0.3010135591030121, 0.0, 0.027560140937566757, 0.4383607506752014, 0.013841068372130394, 0.0506451353430748, 0.0006043352768756449], [0.024913938716053963, 0.03892223909497261, 0.0, 0.08743685483932495, 0.18234388530254364, 0.0, 0.02696128934621811, 0.25597697496414185, 0.3467358946800232, 0.03670892119407654], [0.0, 0.28778231143951416, 0.052947428077459335, 0.2197946161031723, 0.3066364526748657, 0.000844730413518846, 0.0, 0.0, 0.11276061087846756, 0.019233891740441322], [0.048343509435653687, 0.3317071795463562, 0.08861463516950607, 0.05262672156095505, 0.4107435941696167, 0.0, 0.000820773420855403, 0.0625520646572113, 0.004591493867337704, 0.0], [0.05781728774309158, 0.24666713178157806, 0.0, 0.1837797611951828, 0.1756455898284912, 0.09499811381101608, 0.0035805830266326666, 0.237511545419693, 0.0, 0.0], [0.0, 0.056435346603393555, 0.1381497085094452, 0.2146301418542862, 0.061494164168834686, 0.20624461770057678, 0.09871098399162292, 0.08495325595140457, 0.07225899398326874, 0.06712277978658676], [0.00943804532289505, 0.13252273201942444, 0.038818616420030594, 0.07551801204681396, 0.0439714640378952, 0.0986192598938942, 0.1854977160692215, 0.07641677558422089, 0.33919742703437805, 0.0], [0.1423448771238327, 0.0, 0.06259340792894363, 0.38819101452827454, 0.0555594265460968, 0.0, 0.16711251437664032, 0.013239343650639057, 0.1436459720134735, 0.027313461527228355], [0.03791957348585129, 0.37182220816612244, 0.0, 0.0, 0.08192504942417145, 0.06499455869197845, 0.08862297236919403, 0.0, 0.35471564531326294, 0.0], [0.04095218703150749, 0.3858245611190796, 0.2184770107269287, 0.0, 0.2389678955078125, 0.009783684276044369, 0.019851863384246826, 0.035676971077919006, 0.050465770065784454, 0.0], [0.15451952815055847, 0.0, 0.04589579254388809, 0.07299540191888809, 0.18984755873680115, 0.18715833127498627, 0.0975295677781105, 0.0, 0.23278194665908813, 0.01927190087735653], [0.11942201852798462, 0.04897003620862961, 0.0, 0.0, 0.15795265138149261, 0.0, 0.2841853201389313, 0.2052079141139984, 0.17694102227687836, 0.007321055047214031]], "coeff_list_in_victim": [[0.03302866593003273, 0.0, 0.0, 0.256402850151062, 0.5302203297615051, 0.05135694146156311, 0.03880152478814125, 0.0, 0.08279819786548615, 0.007391559425741434]], "victims": {"DPN92": {"clean acc": 91.48000221252441, "prediction": 8, "poisons predictions": [8, 8, 8, 6, 6, 6, 8, 8, 8, 8], "scores": [2.9776710769674293e-21, 3.644558573002028e-16, 9.853863514412022e-32, 2.35371780659549e-13, 1.864435673027316e-24, 5.971132953634079e-17, 0.01129237748682499, 1.401298464324817e-45, 0.9887079000473022, 0.0], "malicious score": 0.9887079000473022, "camera": {"2": {"prediction": 6, "scores": [1.4665381065028134e-14, 1.5957414629583742e-15, 2.3747636919096956e-39, 4.641696505240309e-15, 6.375577423040739e-29, 5.6926868639519135e-21, 0.9980677962303162, 0.0, 0.0019326721085235476, 0.0], "malicious score": 0.0019326721085235476}, "4": {"prediction": 6, "scores": [2.0750956190179488e-15, 3.833199427800461e-16, 7.4013580501729325e-37, 4.581013845171567e-13, 1.0992980092456927e-25, 3.5467229919589306e-18, 0.979914128780365, 4.203895392974451e-45, 0.020084969699382782, 0.0], "malicious score": 0.020084969699382782}}}, "SENet18": {"clean acc": 90.65000190734864, "prediction": 6, "poisons predictions": [6, 8, 5, 8, 8, 8, 8, 8, 6, 8], "scores": [8.954782555186812e-16, 8.873673009498345e-14, 2.8994933709972214e-17, 2.673978117921638e-13, 1.306634522801886e-10, 2.0980588939762497e-15, 1.0, 5.2816742269475253e-20, 4.3082442857667047e-07, 2.2011457418026338e-16], "malicious score": 4.3082442857667047e-07, "camera": {"2": {"prediction": 8, "scores": [6.776716965362084e-10, 6.699582295183193e-13, 1.903104647341721e-14, 4.292070254763303e-09, 2.311383795472466e-08, 1.638003860153503e-12, 0.4854609966278076, 4.6260479421167e-17, 0.5145379304885864, 1.1788730121210442e-14], "malicious score": 0.5145379304885864}, "4": {"prediction": 6, "scores": [9.881546671414512e-14, 4.265575929583362e-14, 4.380851921657404e-19, 5.241062358413151e-12, 1.2589729259104843e-09, 5.445836720485188e-14, 0.978022575378418, 4.2938533622908524e-21, 0.021977046504616737, 2.276005904876038e-15], "malicious score": 0.021977046504616737}}}, "ResNet50": {"clean acc": 92.65000190734864, "prediction": 8, "poisons predictions": [8, 6, 8, 6, 8, 8, 8, 8, 8, 8], "scores": [1.3230534557178862e-36, 2.4462285855481974e-28, 2.476203687742169e-38, 7.233441870386093e-28, 3.9195144373433926e-28, 1.4265474031641053e-26, 0.005276423413306475, 0.0, 0.9947229623794556, 7.207211828208106e-23], "malicious score": 0.9947229623794556, "camera": {"2": {"prediction": 8, "scores": [2.1646280772348654e-35, 9.94065443603407e-26, 5.046071846397966e-38, 1.8151373884773393e-22, 2.558205041409788e-27, 1.992661044214562e-25, 0.30747443437576294, 0.0, 0.6925265192985535, 3.6367997294916875e-21], "malicious score": 0.6925265192985535}, "4": {"prediction": 8, "scores": [5.638853747734206e-34, 7.376035832205319e-25, 5.051722558913542e-35, 6.653981080339776e-20, 7.701099910971469e-29, 2.405755773279274e-24, 0.018060388043522835, 0.0, 0.9819385409355164, 3.758689215421155e-22], "malicious score": 0.9819385409355164}}}, "ResNeXt29_2x64d": {"clean acc": 92.45000038146972, "prediction": 6, "poisons predictions": [8, 8, 8, 8, 8, 8, 8, 8, 8, 8], "scores": [3.3250392062274643e-29, 3.0393607665285123e-25, 6.16521400988515e-17, 3.3003466626269073e-10, 7.617458452069706e-41, 1.3151232679571565e-21, 0.9612815976142883, 6.052141924117072e-28, 0.03871789574623108, 2.456932335644582e-24], "malicious score": 0.03871789574623108, "camera": {"2": {"prediction": 8, "scores": [3.213719795810876e-26, 4.4605726522607777e-23, 3.747016670918643e-17, 4.087502020411193e-06, 3.6644048148392993e-34, 6.3481657645846276e-18, 0.44426897168159485, 3.909564354016574e-23, 0.5557267069816589, 1.3058528309787934e-24], "malicious score": 0.5557267069816589}, "4": {"prediction": 6,