{"args": "Namespace(device='cuda', dset_path='datasets', end2end=False, eval_poisons_root='attack-results-3poisons/100-overlap/linear-transfer-learning/mean/800', gpu='0', lr_decay_epoch=[30, 45], model_resume_path='model-chks', num_per_class=50, poison_label=8, retrain_bsize=64, retrain_epochs=60, retrain_lr=0.1, retrain_momentum=0.9, retrain_opt='adam', retrain_wd=0, subset_group=0, target_camera=True, target_index_end=25, target_index_start=24, target_index_step=1, target_label=6, target_net=['DPN92', 'SENet18', 'ResNet50', 'ResNeXt29_2x64d', 'GoogLeNet', 'MobileNetV2', 'ResNet18', 'DenseNet121'], target_print_size=[2, 4], test_chk_name='ckpt-%s-4800.t7', train_data_path='datasets/CIFAR10_TRAIN_Split.pth')", "poison_label": 8, "target_label": 6, "targets": {"24": {}, "24": {"800": {"time": 367.0, "coeffs_time": 0, "poisons_time": 4, "target_loss": 0.010201745666563511, "total_loss": 0.08259723335504532, "coeff_list": [[0.3333333432674408, 0.3333333432674408, 0.3333333432674408], [0.3333333432674408, 0.3333333432674408, 0.3333333432674408], [0.3333333432674408, 0.3333333432674408, 0.3333333432674408], [0.3333333432674408, 0.3333333432674408, 0.3333333432674408], [0.3333333432674408, 0.3333333432674408, 0.3333333432674408], [0.3333333432674408, 0.3333333432674408, 0.3333333432674408], [0.3333333432674408, 0.3333333432674408, 0.3333333432674408], [0.3333333432674408, 0.3333333432674408, 0.3333333432674408], [0.3333333432674408, 0.3333333432674408, 0.3333333432674408], [0.3333333432674408, 0.3333333432674408, 0.3333333432674408], [0.3333333432674408, 0.3333333432674408, 0.3333333432674408], [0.3333333432674408, 0.3333333432674408, 0.3333333432674408], [0.3333333432674408, 0.3333333432674408, 0.3333333432674408], [0.3333333432674408, 0.3333333432674408, 0.3333333432674408], [0.3333333432674408, 0.3333333432674408, 0.3333333432674408], [0.3333333432674408, 0.3333333432674408, 0.3333333432674408], [0.3333333432674408, 0.3333333432674408, 0.3333333432674408], [0.3333333432674408, 0.3333333432674408, 0.3333333432674408]], "coeff_list_in_victim": [[0.42147156596183777, 0.0, 0.5785284042358398]], "victims": {"DPN92": {"clean acc": 93.03000106811524, "prediction": 6, "poisons predictions": [8, 8, 8], "scores": [5.366461719447102e-10, 4.37297246644853e-26, 1.6168905280517631e-34, 2.845716961770786e-14, 4.00006081559372e-17, 6.696647245552827e-16, 0.7370275259017944, 3.9056131295477434e-31, 0.26297175884246826, 0.0], "malicious score": 0.26297175884246826, "camera": {"2": {"prediction": 6, "scores": [1.8531311901659464e-11, 1.230175174187793e-31, 5.300118491456863e-36, 2.9961942918504676e-16, 3.197525222857332e-21, 1.046048797603741e-17, 1.0, 4.955206896282599e-34, 4.284292032252779e-09, 0.0], "malicious score": 4.284292032252779e-09}, "4": {"prediction": 6, "scores": [1.0351590461546434e-12, 3.0393818411263673e-34, 2.0456728702951982e-34, 2.268584519829551e-16, 3.345099350906748e-23, 1.5267786079615505e-16, 1.0, 1.0055829561012867e-34, 1.2644482899962228e-12, 0.0], "malicious score": 1.2644482899962228e-12}}}, "SENet18": {"clean acc": 91.63000183105468, "prediction": 8, "poisons predictions": [6, 8, 6], "scores": [2.6648657239225493e-12, 2.2174795333285147e-08, 8.734517015912546e-14, 1.0470206646129299e-10, 0.00011557456309674308, 1.0287463155650434e-12, 0.24218933284282684, 6.427021835365206e-16, 0.7576942443847656, 2.9334075722945926e-14], "malicious score": 0.7576942443847656, "camera": {"2": {"prediction": 6, "scores": [2.0263507538587078e-10, 5.432762174021255e-15, 2.4874963800166072e-17, 3.928822198129289e-11, 2.0401229505750962e-07, 1.1705923502660504e-13, 0.9963274598121643, 3.177694456244297e-20, 0.0036721588112413883, 4.791554540415495e-18], "malicious score": 0.0036721588112413883}, "4": {"prediction": 6, "scores": [1.1819109024813201e-09, 2.0970448684834442e-13, 9.086129201460458e-15, 5.983569750789286e-10, 1.354547634946357e-06, 2.1474965902767984e-12, 0.9960044622421265, 3.5043725853671344e-18, 0.003993586637079716, 1.076286120197821e-16], "malicious score": 0.003993586637079716}}}, "ResNet50": {"clean acc": 92.7900016784668, "prediction": 6, "poisons predictions": [8, 6, 8], "scores": [7.62657109598321e-39, 0.0, 0.0, 1.647801662700547e-32, 4.768193089596619e-27, 4.201506313365128e-24, 1.0, 0.0, 2.150518980670313e-07, 2.2449557946120635e-14], "malicious score": 2.150518980670313e-07, "camera": {"2": {"prediction": 6, "scores": [8.349097399770657e-39, 0.0, 0.0, 1.713893131008528e-25, 1.744423139626859e-21, 2.4877640569351043e-23, 1.0, 0.0, 1.6067590422608191e-06, 3.3594917212692588e-12], "malicious score": 1.6067590422608191e-06}, "4": {"prediction": 6, "scores": [1.380083253990448e-37, 0.0, 0.0, 1.3087024198160878e-21, 1.9881841885660275e-22, 3.500271978888453e-25, 1.0, 0.0, 3.458023201119431e-09, 5.277075400733546e-15], "malicious score": 3.458023201119431e-09}}}, "ResNeXt29_2x64d": {"clean acc": 92.7300018310547, "prediction": 6, "poisons predictions": [8, 8, 8], "scores": [1.0854693239227465e-22, 1.7481660563589685e-07, 5.2989365402436814e-17, 8.905763593247684e-08, 1.611146883574428e-33, 3.2198421518872293e-19, 0.9742969870567322, 5.684911598434566e-23, 0.02570352703332901, 7.205380969137332e-20], "malicious score": 0.02570352703332901, "camera": {"2": {"prediction": 6, "scores": [8.504684175638761e-23, 9.658555893629706e-17, 1.3369151705827642e-12, 1.5271469237632118e-05, 1.5236682087468173e-13, 9.888848850891918e-09, 0.9999847412109375, 1.6067980874487666e-22, 3.584801504530333e-07, 8.4685528209361375e-16], "malicious score": 3.584801504530333e-07}, "4": {"prediction": 6, "scores": [5.1803139791183e-25, 2.1095651682027644e-17, 4.2169907973552134e-14, 3.667650503302866e-07, 9.945486869749557e-23, 1.0451391141419464e-10, 1.0, 1.6661695114329857e-25, 5.02842711913587e-10, 1.545536152578497e-16], "malicious score": 5.02842711913587e-10}}}, "GoogLeNet": {"clean acc": 92.4000015258789, "prediction": 6, "poisons predictions": [8, 6, 8], "scores": [3.3693360990127985e-08, 3.143842150166165e-06, 1.0685601292692581e-09, 4.773251203005202e-05, 6.300186942098662e-05, 2.188960206694901e-05, 0.5304996967315674, 9.808404684008565e-07, 0.4693635404109955, 8.147570951244631e-10], "malicious score": 0.4693635404109955, "camera": {"2": {"prediction": 6, "scores": [2.1052176890634655e-08, 1.2154424666732666e-06, 1.8243063948375493e-08, 0.0001576308422954753, 5.011738267057808e-06, 0.00010915551683865488, 0.9898484945297241, 3.5914109020040996e-08, 0.009878350421786308, 6.231156146618844e-10], "malicious score": 0.009878350421786308}, "4": {"prediction": 6, "scores": [1.7779442362808595e-09, 1.9105380033579422e-07, 6.582887834838402e-08, 9.563365165377036e-05, 5.487700036610477e-07, 6.160174234537408e-05, 0.9949601888656616, 8.193208600459911e-08, 0.004881590139120817, 6.854500040481826e-12], "malicious score": 0.004881590139120817}}}, "MobileNetV2": {"clean acc": 87.49000129699706, "prediction": 6, "poisons predictions": [8, 8, 8], "scores": [2.1076115992064857e-16, 3.3436624580218677e-09, 8.521068731317006e-19, 4.6723954566507686e-11, 1.389446134641034e-26, 3.6126769973299274e-18, 1.0, 6.793436054055365e-33, 4.251048721926054e-07, 1.3733571465879948e-20], "malicious score": 4.251048721926054e-07, "camera": {"2": {"prediction": 6, "scores": [3.283680344643011e-15, 2.334163778778849e-20, 3.788701123663696e-12, 8.233983272987189e-09, 3.456749729550925e-17, 5.603818868356661e-14, 1.0, 3.49204132467812e-26, 9.256347077712945e-11, 4.6593436161331843e-17], "malicious score": 9.256347077712945e-11}, "4": {"prediction": 6, "scores": [1.2577614730974185e-12, 1.78921085554241e-17, 8.0317840911448e-07, 0.00029931709286756814, 2.2470069208080368e-11, 6.076490866036011e-09, 0.9996986985206604, 4.232566561967473e-18, 4.405489164582832e-07, 2.6659773062232965e-17], "malicious score": 4.405489164582832e-07}}}, "ResNet18": {"clean acc": 92.64000129699707, "prediction": 6, "poisons predictions": [6, 8, 8],