{"args": "Namespace(device='cuda', dset_path='datasets', end2end=False, eval_poisons_root='attack-results-10poisons/100-overlap/linear-transfer-learning/convex/800', gpu='0', lr_decay_epoch=[30, 45], model_resume_path='model-chks', num_per_class=50, poison_label=8, retrain_bsize=64, retrain_epochs=60, retrain_lr=0.1, retrain_momentum=0.9, retrain_opt='adam', retrain_wd=0, subset_group=0, target_camera=True, target_index_end=19, target_index_start=18, target_index_step=1, target_label=6, target_net=['DPN92', 'SENet18', 'ResNet50', 'ResNeXt29_2x64d', 'GoogLeNet', 'MobileNetV2', 'ResNet18', 'DenseNet121'], target_print_size=[2, 4], test_chk_name='ckpt-%s-4800.t7', train_data_path='datasets/CIFAR10_TRAIN_Split.pth')", "poison_label": 8, "target_label": 6, "targets": {"18": {}, "18": {"800": {"time": 31938.0, "coeffs_time": 29905, "poisons_time": 31550, "target_loss": 0.0082998126745224, "total_loss": 0.001130388700403273, "coeff_list": [[0.050589580088853836, 0.0, 0.21473519504070282, 0.0803951844573021, 0.28913140296936035, 0.03072945959866047, 0.07273614406585693, 0.18654948472976685, 0.0751335546374321, 0.0], [0.13551737368106842, 0.020237557590007782, 0.048312533646821976, 0.2007570117712021, 0.2105250060558319, 0.0, 0.075029656291008, 0.19651813805103302, 0.023701898753643036, 0.08940079063177109], [0.07997807115316391, 0.0027822046540677547, 0.32336193323135376, 0.0, 0.2104715257883072, 0.058328237384557724, 0.280342161655426, 0.0, 0.04426169767975807, 0.0004741695011034608], [0.0, 0.5688794851303101, 0.0, 0.0582585372030735, 0.04357803240418434, 0.12780414521694183, 0.014039414003491402, 0.18744030594825745, 0.0, 0.0], [0.13317830860614777, 0.21486298739910126, 0.15708626806735992, 0.04251869395375252, 0.0, 0.11815403401851654, 0.11206714808940887, 0.17637670040130615, 0.03881651535630226, 0.006939390208572149], [0.0737532451748848, 0.23238703608512878, 0.049674876034259796, 0.0, 0.07545793801546097, 0.0, 0.201772540807724, 0.11860276758670807, 0.047646913677453995, 0.2007046341896057], [0.0, 0.5737082958221436, 0.0, 0.01679784432053566, 0.06273622065782547, 0.08159681409597397, 0.24622997641563416, 0.0, 0.018930809572339058, 0.0], [0.18964169919490814, 0.0826961025595665, 0.11141964048147202, 0.0, 0.05456439405679703, 0.10434966534376144, 0.25434836745262146, 0.0, 0.08541981130838394, 0.11756034195423126], [0.008283362723886967, 0.21656519174575806, 0.11773782223463058, 0.0, 0.4471924304962158, 0.1314837485551834, 0.035656701773405075, 0.006713288836181164, 0.036367446184158325, 0.0], [0.04313512519001961, 0.3760680854320526, 0.003243729006499052, 0.05917345732450485, 0.18123580515384674, 0.15586453676223755, 0.018780997022986412, 0.013490663841366768, 0.14577963948249817, 0.0032280029263347387], [0.11031734198331833, 0.12496142834424973, 0.07988986372947693, 0.13559861481189728, 0.029185831546783447, 0.046255070716142654, 0.1598312258720398, 0.09319690614938736, 0.10982168465852737, 0.11094209551811218], [0.3259948194026947, 0.0, 0.15179483592510223, 0.053343892097473145, 0.14527054131031036, 0.0, 0.12460029870271683, 0.19899556040763855, 0.0, 0.0], [0.4183201789855957, 0.0, 0.0, 0.1690576821565628, 0.22052858769893646, 0.06813009083271027, 0.03508257493376732, 0.052089668810367584, 0.036791328340768814, 0.0], [0.06885658204555511, 0.13855639100074768, 0.0, 0.20111046731472015, 0.19554710388183594, 0.1465364694595337, 0.21352262794971466, 0.0, 0.007653568871319294, 0.02821684069931507], [0.02478194236755371, 0.060981810092926025, 0.03624644875526428, 0.01952297054231167, 0.48652923107147217, 0.026471775025129318, 0.2376680076122284, 0.0013580350205302238, 0.10643984377384186, 0.0], [0.05226857587695122, 0.556432843208313, 0.0, 0.0, 0.256719708442688, 0.023982252925634384, 0.05555720254778862, 0.008995912037789822, 0.014730984345078468, 0.031312473118305206], [0.0, 0.1271359622478485, 0.24821025133132935, 0.11977320164442062, 0.10152172297239304, 0.16617925465106964, 0.0, 0.05095876753330231, 0.16410115361213684, 0.022119728848338127], [0.08419834822416306, 0.035606157034635544, 0.2514391839504242, 0.0, 0.14781370759010315, 0.0, 0.0, 0.1390429586172104, 0.2934395968914032, 0.048460058867931366]], "coeff_list_in_victim": [[0.03813318535685539, 0.36273565888404846, 0.0, 0.0, 0.09211596846580505, 0.4205915331840515, 0.0, 0.08642363548278809, 0.0, 0.0]], "victims": {"DPN92": {"clean acc": 91.02000160217285, "prediction": 8, "poisons predictions": [8, 8, 8, 6, 8, 8, 8, 8, 8, 8], "scores": [1.5514258322468777e-08, 5.228938872278057e-24, 1.401298464324817e-45, 7.289273847099298e-16, 2.212355214176914e-34, 6.199616844472022e-19, 2.225190698368351e-08, 3.5624943219043033e-32, 1.0, 3.923635700109488e-44], "malicious score": 1.0, "camera": {"2": {"prediction": 3, "scores": [2.4388237956918246e-11, 1.6845814850382347e-33, 3.312956266690432e-24, 0.9625604152679443, 1.186731126693391e-17, 0.027448603883385658, 0.009990210644900799, 7.155632615444148e-29, 2.3476406582623177e-11, 4.028607219364111e-31], "malicious score": 2.3476406582623177e-11}, "4": {"prediction": 8, "scores": [0.00043671243474818766, 1.8357500588735002e-21, 3.2106741759376584e-30, 0.0005551325739361346, 1.0098594200716825e-23, 1.1015503105227253e-06, 0.035871703177690506, 1.501969353114499e-21, 0.963135302066803, 3.099665567581597e-30], "malicious score": 0.963135302066803}}}, "SENet18": {"clean acc": 91.46000137329102, "prediction": 6, "poisons predictions": [8, 8, 8, 6, 8, 8, 8, 8, 8, 0], "scores": [8.307003973584415e-09, 1.6505513622533385e-09, 1.951944023081964e-10, 2.453870706631278e-08, 7.489820745831821e-06, 1.3910232557826085e-12, 0.8142775893211365, 7.770447832270225e-14, 0.18571442365646362, 1.3619365509497106e-13], "malicious score": 0.18571442365646362, "camera": {"2": {"prediction": 6, "scores": [1.3041347168840645e-10, 6.66360868718807e-20, 4.735518199794342e-09, 2.7755173505283892e-05, 0.0001254071539733559, 3.961117545259185e-05, 0.9963968992233276, 9.22816100737369e-22, 0.00341044832020998, 2.7233587607256027e-10], "malicious score": 0.00341044832020998}, "4": {"prediction": 6, "scores": [9.4299963393496e-09, 3.428441409350676e-14, 1.3438633539308853e-09, 5.645453029501368e-07, 3.6991033994127065e-05, 4.364296657399791e-08, 0.8237432837486267, 3.133724781564882e-17, 0.176219180226326, 5.874418312901142e-11], "malicious score": 0.176219180226326}}}, "ResNet50": {"clean acc": 91.21000175476074, "prediction": 8, "poisons predictions": [8, 8, 8, 6, 8, 8, 8, 8, 8, 8], "scores": [0.0, 1.6956135729890988e-32, 7.006492321624085e-44, 4.47123982236118e-37, 2.3978665347346047e-32, 0.0, 7.930299195102464e-10, 0.0, 1.0, 1.425096206936163e-17], "malicious score": 1.0, "camera": {"2": {"prediction": 8, "scores": [0.0, 1.0220060825646658e-21, 1.401298464324817e-45, 1.0328467732072812e-21, 1.7654428117630158e-22, 1.6815581571897805e-44, 9.706172221513043e-08, 6.173056046982257e-40, 1.0, 3.3256429259502504e-17], "malicious score": 1.0}, "4": {"prediction": 8, "scores": [0.0, 5.116494275971838e-22, 0.0, 1.3510371073004293e-23, 5.941788064233628e-28, 0.0, 1.2386874512215762e-11, 3.1361059631589406e-39, 1.0, 1.7208546328369156e-13], "malicious score": 1.0}}}, "ResNeXt29_2x64d": {"clean acc": 91.62000045776367, "prediction": 8, "poisons predictions": [8, 8, 8, 6, 8, 8, 8, 8, 8, 8], "scores": [1.1193247298147748e-20, 4.858450863842734e-10, 4.5159765704738675e-08, 0.025195065885782242, 7.518730762192101e-33, 3.583058968316854e-18, 0.0012804130092263222, 2.6435613680736436e-13, 0.9735242128372192, 1.285193631204995e-12], "malicious score": 0.9735242128372192, "camera": {"2": {"prediction": 6, "scores": [2.2872869136379212e-29, 1.8462986311674687e-21, 3.206073915466151e-14, 0.06545840948820114, 3.5763450900301494e-23, 6.2948925005912315e-06, 0.9345351457595825, 4.3563372080352865e-27, 1.899019164142146e-09, 1.5445602425095267e-13], "malicious score": 1.899019164142146e-09}, "4": {"prediction": 3,