{"args": "Namespace(device='cuda', dset_path='datasets', end2end=False, eval_poisons_root='attack-results-eps0.03/100-overlap/linear-transfer-learning/mean/800', gpu='2', lr_decay_epoch=[30, 45], model_resume_path='model-chks', num_per_class=50, poison_label=8, retrain_bsize=64, retrain_epochs=60, retrain_lr=0.1, retrain_momentum=0.9, retrain_opt='adam', retrain_wd=0, subset_group=0, target_camera=True, target_index_end=14, target_index_start=13, target_index_step=1, target_label=6, target_net=['DPN92', 'SENet18', 'ResNet50', 'ResNeXt29_2x64d', 'GoogLeNet', 'MobileNetV2', 'ResNet18', 'DenseNet121'], target_print_size=[2, 4], test_chk_name='ckpt-%s-4800.t7', train_data_path='datasets/CIFAR10_TRAIN_Split.pth')", "poison_label": 8, "target_label": 6, "targets": {"13": {}, "13": {"800": {"time": 331.0, "coeffs_time": 0, "poisons_time": 4, "target_loss": 0.013907882384955883, "total_loss": 0.12875498831272125, "coeff_list": [[0.20000000298023224, 0.20000000298023224, 0.20000000298023224, 0.20000000298023224, 0.20000000298023224], [0.20000000298023224, 0.20000000298023224, 0.20000000298023224, 0.20000000298023224, 0.20000000298023224], [0.20000000298023224, 0.20000000298023224, 0.20000000298023224, 0.20000000298023224, 0.20000000298023224], [0.20000000298023224, 0.20000000298023224, 0.20000000298023224, 0.20000000298023224, 0.20000000298023224], [0.20000000298023224, 0.20000000298023224, 0.20000000298023224, 0.20000000298023224, 0.20000000298023224], [0.20000000298023224, 0.20000000298023224, 0.20000000298023224, 0.20000000298023224, 0.20000000298023224], [0.20000000298023224, 0.20000000298023224, 0.20000000298023224, 0.20000000298023224, 0.20000000298023224], [0.20000000298023224, 0.20000000298023224, 0.20000000298023224, 0.20000000298023224, 0.20000000298023224], [0.20000000298023224, 0.20000000298023224, 0.20000000298023224, 0.20000000298023224, 0.20000000298023224], [0.20000000298023224, 0.20000000298023224, 0.20000000298023224, 0.20000000298023224, 0.20000000298023224], [0.20000000298023224, 0.20000000298023224, 0.20000000298023224, 0.20000000298023224, 0.20000000298023224], [0.20000000298023224, 0.20000000298023224, 0.20000000298023224, 0.20000000298023224, 0.20000000298023224], [0.20000000298023224, 0.20000000298023224, 0.20000000298023224, 0.20000000298023224, 0.20000000298023224], [0.20000000298023224, 0.20000000298023224, 0.20000000298023224, 0.20000000298023224, 0.20000000298023224], [0.20000000298023224, 0.20000000298023224, 0.20000000298023224, 0.20000000298023224, 0.20000000298023224], [0.20000000298023224, 0.20000000298023224, 0.20000000298023224, 0.20000000298023224, 0.20000000298023224], [0.20000000298023224, 0.20000000298023224, 0.20000000298023224, 0.20000000298023224, 0.20000000298023224], [0.20000000298023224, 0.20000000298023224, 0.20000000298023224, 0.20000000298023224, 0.20000000298023224]], "coeff_list_in_victim": [[0.0, 0.0, 0.9274522066116333, 0.0, 0.0725478082895279]], "victims": {"DPN92": {"clean acc": 92.1500015258789, "prediction": 6, "poisons predictions": [8, 8, 8, 8, 6], "scores": [1.8999374989947526e-11, 2.0261564172139165e-26, 5.086080800899576e-36, 1.1273132750481197e-18, 2.3081049825378766e-28, 2.2409007399109507e-21, 1.0, 3.22524791703997e-36, 3.2003791261558945e-07, 0.0], "malicious score": 3.2003791261558945e-07, "camera": {"2": {"prediction": 6, "scores": [8.384732907984471e-09, 3.740507359951004e-23, 9.884883695668175e-25, 2.0291731836485916e-11, 4.581060111480614e-23, 2.6536991666061514e-14, 1.0, 1.3742470108909583e-29, 2.718581804117548e-08, 0.0], "malicious score": 2.718581804117548e-08}, "4": {"prediction": 6, "scores": [7.699497928115306e-07, 4.044798165580372e-20, 1.2326552164442409e-24, 7.67950633639991e-11, 1.4508080504745416e-21, 8.31646288835565e-14, 0.9999961853027344, 3.1670698821793296e-27, 3.929877493646927e-06, 0.0], "malicious score": 3.929877493646927e-06}}}, "SENet18": {"clean acc": 91.50000228881837, "prediction": 6, "poisons predictions": [8, 8, 6, 8, 6], "scores": [2.0487551932735215e-10, 1.1258085818150975e-19, 1.9469831910367425e-18, 6.079668446772794e-16, 2.0208496334661596e-11, 2.2218385581807093e-17, 0.9999752044677734, 2.751933285853316e-20, 2.519600275263656e-05, 5.571994758436045e-25], "malicious score": 2.519600275263656e-05, "camera": {"2": {"prediction": 6, "scores": [8.372400372991251e-08, 2.358933249857352e-19, 2.0726409837112548e-17, 3.209653476701248e-14, 2.511446883790569e-10, 3.7763635170396975e-16, 0.9996262192726135, 5.541846957272917e-19, 0.0003735951613634825, 2.6223353654402135e-23], "malicious score": 0.0003735951613634825}, "4": {"prediction": 6, "scores": [1.6874884749995545e-05, 1.7363867707525287e-17, 2.6805219471886165e-15, 2.7399388096913113e-13, 6.518249273668175e-10, 2.049871824881663e-15, 0.9839182496070862, 7.002832980024107e-17, 0.01606510952115059, 1.592500772402541e-22], "malicious score": 0.01606510952115059}}}, "ResNet50": {"clean acc": 92.16000099182129, "prediction": 6, "poisons predictions": [8, 8, 8, 8, 8], "scores": [0.0, 7.335350998601535e-32, 8.02969400375906e-35, 9.136765881031875e-31, 4.623292206519548e-26, 8.660914922474162e-24, 0.9997901916503906, 2.174083039137859e-16, 0.0002102252619806677, 1.4077263874436027e-23], "malicious score": 0.0002102252619806677, "camera": {"2": {"prediction": 6, "scores": [0.0, 1.1262856803704021e-26, 1.1664292546472359e-35, 4.3757091358623066e-26, 7.253779209116336e-28, 4.681961820498045e-21, 0.9999294281005859, 4.926364871593591e-10, 7.039683259790763e-05, 5.1109005276639653e-20], "malicious score": 7.039683259790763e-05}, "4": {"prediction": 6, "scores": [0.0, 3.1529524305009823e-28, 1.2143494900692528e-33, 1.7759747518754367e-28, 1.2778057679992137e-29, 9.14036838693083e-21, 1.0, 1.3159894285408313e-09, 1.0601141298138828e-07, 1.9735354560551474e-19], "malicious score": 1.0601141298138828e-07}}}, "ResNeXt29_2x64d": {"clean acc": 92.45000228881835, "prediction": 6, "poisons predictions": [8, 8, 8, 8, 8], "scores": [1.4316020968350225e-32, 1.1741659158541169e-20, 6.278502548998045e-15, 6.907687755131064e-10, 3.4037539698449807e-42, 1.5142696410117556e-28, 0.9999618530273438, 1.96373038402839e-24, 3.634964014054276e-05, 5.95691841161946e-23], "malicious score": 3.634964014054276e-05, "camera": {"2": {"prediction": 8, "scores": [2.1161607776756702e-22, 3.4864642423082515e-11, 4.595934115059208e-06, 0.0009642094955779612, 4.598872743716379e-28, 8.642784222551121e-19, 0.09131273627281189, 1.0224742737598505e-13, 0.9077185988426208, 3.2146991232190336e-12], "malicious score": 0.9077185988426208}, "4": {"prediction": 8, "scores": [1.6996315921848608e-21, 2.835650325661021e-10, 1.1298677549120839e-08, 0.008773946203291416, 1.58674887520296e-26, 5.327782907043978e-23, 1.0773447684186976e-05, 6.715453887418121e-11, 0.9912154078483582, 9.488558366349239e-17], "malicious score": 0.9912154078483582}}}, "GoogLeNet": {"clean acc": 91.29000091552734, "prediction": 6, "poisons predictions": [8, 8, 8, 8, 8], "scores": [1.4139246549841125e-14, 3.3867628701500507e-09, 1.5225367841487092e-11, 1.4883457311043458e-07, 6.907447530624111e-11, 9.551091029180725e-10, 0.8813228011131287, 1.0504602521166362e-08, 0.11867702007293701, 1.0723589106676999e-18], "malicious score": 0.11867702007293701, "camera": {"2": {"prediction": 8, "scores": [2.2109741880209366e-13, 5.54303802857703e-09, 1.911267020204832e-07, 8.48592935653869e-06, 3.156316541463866e-09, 2.688806489459239e-06, 0.018589552491903305, 0.007957639172673225, 0.9734416007995605, 1.7821012050902923e-15], "malicious score": 0.9734416007995605}, "4": {"prediction": 8, "scores": [8.469590859812998e-15, 2.9920190769416877e-09, 1.5068667380546685e-07, 3.1251352083927486e-06, 1.6220616863571458e-11, 2.809292141137121e-07, 0.01070751529186964, 0.38460269570350647, 0.6046865582466125, 1.8493897340307454e-17], "malicious score": 0.6046865582466125}}}, "MobileNetV2": {"clean acc": 86.14000244140625, "prediction": 8, "poisons predictions": [6, 8, 6, 6, 8],