{"args": "Namespace(device='cuda', dset_path='datasets', end2end=False, eval_poisons_root='attack-results-3poisons/100-overlap/linear-transfer-learning/mean/800', gpu='0', lr_decay_epoch=[30, 45], model_resume_path='model-chks', num_per_class=50, poison_label=8, retrain_bsize=64, retrain_epochs=60, retrain_lr=0.1, retrain_momentum=0.9, retrain_opt='adam', retrain_wd=0, subset_group=0, target_camera=True, target_index_end=38, target_index_start=37, target_index_step=1, target_label=6, target_net=['DPN92', 'SENet18', 'ResNet50', 'ResNeXt29_2x64d', 'GoogLeNet', 'MobileNetV2', 'ResNet18', 'DenseNet121'], target_print_size=[2, 4], test_chk_name='ckpt-%s-4800.t7', train_data_path='datasets/CIFAR10_TRAIN_Split.pth')", "poison_label": 8, "target_label": 6, "targets": {"37": {}, "37": {"800": {"time": 326.0, "coeffs_time": 0, "poisons_time": 4, "target_loss": 0.03534911572933197, "total_loss": 0.0789516270160675, "coeff_list": [[0.3333333432674408, 0.3333333432674408, 0.3333333432674408], [0.3333333432674408, 0.3333333432674408, 0.3333333432674408], [0.3333333432674408, 0.3333333432674408, 0.3333333432674408], [0.3333333432674408, 0.3333333432674408, 0.3333333432674408], [0.3333333432674408, 0.3333333432674408, 0.3333333432674408], [0.3333333432674408, 0.3333333432674408, 0.3333333432674408], [0.3333333432674408, 0.3333333432674408, 0.3333333432674408], [0.3333333432674408, 0.3333333432674408, 0.3333333432674408], [0.3333333432674408, 0.3333333432674408, 0.3333333432674408], [0.3333333432674408, 0.3333333432674408, 0.3333333432674408], [0.3333333432674408, 0.3333333432674408, 0.3333333432674408], [0.3333333432674408, 0.3333333432674408, 0.3333333432674408], [0.3333333432674408, 0.3333333432674408, 0.3333333432674408], [0.3333333432674408, 0.3333333432674408, 0.3333333432674408], [0.3333333432674408, 0.3333333432674408, 0.3333333432674408], [0.3333333432674408, 0.3333333432674408, 0.3333333432674408], [0.3333333432674408, 0.3333333432674408, 0.3333333432674408], [0.3333333432674408, 0.3333333432674408, 0.3333333432674408]], "coeff_list_in_victim": [[0.3383488655090332, 0.5653267502784729, 0.0963243693113327]], "victims": {"DPN92": {"clean acc": 92.27000160217285, "prediction": 6, "poisons predictions": [8, 8, 8], "scores": [2.971507762072889e-11, 2.635818501880063e-35, 5.516281025806505e-35, 1.8309202385185083e-18, 1.4331053483982128e-31, 6.338135128523152e-22, 0.6447058916091919, 1.8342151915037868e-38, 0.35529282689094543, 0.0], "malicious score": 0.35529282689094543, "camera": {"2": {"prediction": 6, "scores": [1.1581326271889747e-22, 0.0, 1.2964421148099593e-24, 1.425473610406746e-14, 4.313522629813592e-28, 3.879109707061179e-12, 1.0, 6.928913636042135e-38, 1.770575330139001e-22, 0.0], "malicious score": 1.770575330139001e-22}, "4": {"prediction": 6, "scores": [1.1549102378734452e-25, 0.0, 3.9216910393959935e-24, 7.435598259341886e-15, 3.219631014070585e-28, 4.5246608543214606e-11, 1.0, 1.2333556459724164e-39, 6.251362910162907e-27, 0.0], "malicious score": 6.251362910162907e-27}}}, "SENet18": {"clean acc": 91.16000137329101, "prediction": 6, "poisons predictions": [6, 6, 6], "scores": [1.3929487771568994e-11, 1.9723899434293674e-13, 5.582428090773535e-22, 4.400316722241695e-18, 8.021341924013825e-11, 1.9297021214201967e-19, 0.999786376953125, 1.63995509925662e-19, 0.0002137281553586945, 1.4477050692592984e-23], "malicious score": 0.0002137281553586945, "camera": {"2": {"prediction": 6, "scores": [1.5687436159123047e-12, 1.2771944017606324e-25, 3.9955486446139167e-16, 9.251166456156201e-13, 3.805378678833904e-09, 1.9183567234737353e-10, 0.9654269218444824, 8.994733247432011e-24, 0.03457297012209892, 2.288505345085543e-17], "malicious score": 0.03457297012209892}, "4": {"prediction": 6, "scores": [3.88204415445112e-14, 4.6174161388887365e-29, 1.1116595925036998e-15, 7.316869332640863e-12, 4.485953386534902e-09, 1.5452830126605477e-08, 0.9852271676063538, 1.2526631695390713e-25, 0.014772798866033554, 5.452732775697788e-16], "malicious score": 0.014772798866033554}}}, "ResNet50": {"clean acc": 94.12000160217285, "prediction": 8, "poisons predictions": [8, 8, 8], "scores": [1.5955958952593446e-37, 1.961817850054744e-44, 7.932469097428e-31, 1.9615670176296298e-39, 1.1857397848660974e-25, 1.8868483822133662e-41, 0.016247443854808807, 5.590132488157358e-18, 0.9837531447410583, 4.3036335918641705e-33], "malicious score": 0.9837531447410583, "camera": {"2": {"prediction": 6, "scores": [2.74255019572269e-30, 1.5582438923291966e-42, 1.5402089770847574e-17, 1.033955532639298e-34, 7.748679900795001e-17, 7.553636827140053e-09, 1.0, 1.76926135964095e-08, 7.007416565410485e-13, 1.9793811871727486e-24], "malicious score": 7.007416565410485e-13}, "4": {"prediction": 5, "scores": [1.4699426142060894e-30, 3.7414668997472616e-43, 3.3356705916707695e-15, 2.1722663936087606e-32, 5.91780788326661e-14, 0.918938934803009, 0.08106093108654022, 4.607671133527447e-09, 2.914859755310133e-20, 2.7618195551412563e-27], "malicious score": 2.914859755310133e-20}}}, "ResNeXt29_2x64d": {"clean acc": 93.06000175476075, "prediction": 8, "poisons predictions": [8, 8, 8], "scores": [3.5537743223731803e-28, 3.470848195911279e-17, 1.1680862999105655e-19, 1.0930961864830113e-11, 0.0, 6.2643221075727e-28, 0.16983267664909363, 3.863519514855459e-21, 0.8301668167114258, 4.476202084117675e-31], "malicious score": 0.8301668167114258, "camera": {"2": {"prediction": 8, "scores": [5.246218870406923e-25, 1.971452765296728e-25, 6.226002244140438e-13, 5.854038669019391e-15, 1.8595738048579836e-35, 2.7690207765607155e-11, 0.20267252624034882, 1.223284966915024e-19, 0.7973272800445557, 6.61181213132498e-17], "malicious score": 0.7973272800445557}, "4": {"prediction": 6, "scores": [3.0759238994102426e-27, 3.4281685417776475e-28, 7.115873862373334e-11, 3.755997249332843e-13, 1.146319591225336e-34, 1.3825485645213575e-08, 0.9999332427978516, 5.7706983159894035e-21, 6.593352736672387e-05, 3.889210507141611e-18], "malicious score": 6.593352736672387e-05}}}, "GoogLeNet": {"clean acc": 92.26000137329102, "prediction": 8, "poisons predictions": [8, 8, 6], "scores": [2.3656137049243853e-09, 2.0611901163647417e-06, 2.7727217744022425e-10, 6.103163286752533e-06, 2.7196720570055177e-11, 1.0656201254732878e-07, 0.11196072399616241, 7.942429078866553e-07, 0.8880301117897034, 4.316880511910648e-13], "malicious score": 0.8880301117897034, "camera": {"2": {"prediction": 6, "scores": [3.1445868131640964e-09, 1.8918755984032032e-07, 4.745301339426078e-05, 0.0019689672626554966, 0.0006742533296346664, 0.02252153679728508, 0.9747556447982788, 1.0046142961073201e-05, 2.180577939725481e-05, 5.934034064125626e-08], "malicious score": 2.180577939725481e-05}, "4": {"prediction": 6, "scores": [1.5838205191798238e-09, 7.945655688956776e-09, 0.00035817691241391003, 0.004751188680529594, 0.02071726880967617, 0.21691717207431793, 0.757233202457428, 2.115392271662131e-05, 1.5159829445110518e-06, 2.756006551862811e-07], "malicious score": 1.5159829445110518e-06}}}, "MobileNetV2": {"clean acc": 86.93000068664551, "prediction": 6, "poisons predictions": [8, 8, 6], "scores": [2.370803206530603e-13, 5.290805571434021e-10, 1.712972211992403e-13, 2.661235498635506e-07, 1.6091682123392207e-19, 1.0213621745572472e-15, 0.9999160766601562, 5.424036993128923e-25, 8.448353037238121e-05, 3.598246500349761e-27], "malicious score": 8.448353037238121e-05, "camera": {"2": {"prediction": 6, "scores": [7.831370101019086e-12, 4.787168231268346e-11, 4.233267902886695e-11, 2.2736155358416e-07, 1.0765577001365344e-15, 6.3927143578723644e-09, 1.0, 7.088718129729238e-21, 1.686079054152856e-11, 3.7178846830123927e-25], "malicious score": 1.686079054152856e-11}, "4": {"prediction": 6, "scores": [4.4075034420776316e-12, 6.99862395684217e-14, 1.7845184174802853e-07, 0.0005458853556774557, 2.1933377336580406e-09, 2.1133313566679135e-05, 0.999433696269989, 1.8293843709161505e-18, 1.25170056611279e-14, 3.2255661609467396e-22], "malicious score": 1.25170056611279e-14}}},