{"args": "Namespace(device='cuda', dset_path='datasets', end2end=False, eval_poisons_root='attack-results-eps0.05/100-overlap/linear-transfer-learning/mean/800', gpu='1', lr_decay_epoch=[30, 45], model_resume_path='model-chks', num_per_class=50, poison_label=8, retrain_bsize=64, retrain_epochs=60, retrain_lr=0.1, retrain_momentum=0.9, retrain_opt='adam', retrain_wd=0, subset_group=0, target_camera=True, target_index_end=34, target_index_start=33, target_index_step=1, target_label=6, target_net=['DPN92', 'SENet18', 'ResNet50', 'ResNeXt29_2x64d', 'GoogLeNet', 'MobileNetV2', 'ResNet18', 'DenseNet121'], target_print_size=[2, 4], test_chk_name='ckpt-%s-4800.t7', train_data_path='datasets/CIFAR10_TRAIN_Split.pth')", "poison_label": 8, "target_label": 6, "targets": {"33": {}, "33": {"800": {"time": 366.0, "coeffs_time": 0, "poisons_time": 4, "target_loss": 0.02423541061580181, "total_loss": 0.07928537577390671, "coeff_list": [[0.20000000298023224, 0.20000000298023224, 0.20000000298023224, 0.20000000298023224, 0.20000000298023224], [0.20000000298023224, 0.20000000298023224, 0.20000000298023224, 0.20000000298023224, 0.20000000298023224], [0.20000000298023224, 0.20000000298023224, 0.20000000298023224, 0.20000000298023224, 0.20000000298023224], [0.20000000298023224, 0.20000000298023224, 0.20000000298023224, 0.20000000298023224, 0.20000000298023224], [0.20000000298023224, 0.20000000298023224, 0.20000000298023224, 0.20000000298023224, 0.20000000298023224], [0.20000000298023224, 0.20000000298023224, 0.20000000298023224, 0.20000000298023224, 0.20000000298023224], [0.20000000298023224, 0.20000000298023224, 0.20000000298023224, 0.20000000298023224, 0.20000000298023224], [0.20000000298023224, 0.20000000298023224, 0.20000000298023224, 0.20000000298023224, 0.20000000298023224], [0.20000000298023224, 0.20000000298023224, 0.20000000298023224, 0.20000000298023224, 0.20000000298023224], [0.20000000298023224, 0.20000000298023224, 0.20000000298023224, 0.20000000298023224, 0.20000000298023224], [0.20000000298023224, 0.20000000298023224, 0.20000000298023224, 0.20000000298023224, 0.20000000298023224], [0.20000000298023224, 0.20000000298023224, 0.20000000298023224, 0.20000000298023224, 0.20000000298023224], [0.20000000298023224, 0.20000000298023224, 0.20000000298023224, 0.20000000298023224, 0.20000000298023224], [0.20000000298023224, 0.20000000298023224, 0.20000000298023224, 0.20000000298023224, 0.20000000298023224], [0.20000000298023224, 0.20000000298023224, 0.20000000298023224, 0.20000000298023224, 0.20000000298023224], [0.20000000298023224, 0.20000000298023224, 0.20000000298023224, 0.20000000298023224, 0.20000000298023224], [0.20000000298023224, 0.20000000298023224, 0.20000000298023224, 0.20000000298023224, 0.20000000298023224], [0.20000000298023224, 0.20000000298023224, 0.20000000298023224, 0.20000000298023224, 0.20000000298023224]], "coeff_list_in_victim": [[0.5744203329086304, 0.425579696893692, 0.0, 0.0, 0.0]], "victims": {"DPN92": {"clean acc": 91.93000106811523, "prediction": 6, "poisons predictions": [8, 8, 8, 8, 8], "scores": [7.585293206264013e-14, 1.2932361726696974e-17, 1.5559725556743418e-37, 9.7304228134939e-22, 5.722836787015037e-38, 8.265607925491098e-21, 0.9999809265136719, 2.762555038028919e-36, 1.7860507796285674e-05, 0.0], "malicious score": 1.7860507796285674e-05, "camera": {"2": {"prediction": 6, "scores": [7.0353024621272464e-12, 3.3101382525485565e-17, 1.432941366936273e-31, 1.6620571811763507e-16, 1.7740035625773564e-29, 2.9775992716802755e-16, 0.9998989105224609, 1.693995016009542e-27, 0.00010056692553916946, 0.0], "malicious score": 0.00010056692553916946}, "4": {"prediction": 6, "scores": [3.688142388605202e-14, 1.1650602405852993e-19, 6.729848405912521e-20, 2.7734188279282534e-07, 8.305132239793303e-17, 1.3496006090463197e-07, 1.0, 2.791984730936732e-22, 8.667194073552764e-09, 3.261992591752185e-31], "malicious score": 8.667194073552764e-09}}}, "SENet18": {"clean acc": 91.67000198364258, "prediction": 6, "poisons predictions": [6, 8, 8, 8, 8], "scores": [1.4080042687325545e-10, 4.544343200352241e-12, 2.01317814584837e-15, 2.6817736399620262e-12, 2.275112274219282e-05, 1.605854866942001e-14, 0.9993593096733093, 3.853289079957731e-14, 0.0006175959715619683, 1.2353541007802029e-14], "malicious score": 0.0006175959715619683, "camera": {"2": {"prediction": 8, "scores": [3.5630055208457634e-05, 2.1742904298610382e-16, 7.97215212681307e-15, 9.30754171651893e-12, 1.7840487487319479e-07, 2.9333949515036786e-15, 0.0694294422864914, 3.824350792237851e-15, 0.9305340051651001, 2.2546245235037386e-17], "malicious score": 0.9305340051651001}, "4": {"prediction": 8, "scores": [1.1939776413782965e-05, 1.7986625643756637e-12, 0.00027660219348035753, 0.3059122860431671, 3.3507809860111593e-09, 3.864780939721868e-09, 1.4268317430343735e-13, 1.6787468837264896e-07, 0.6937990188598633, 1.9162984729852867e-13], "malicious score": 0.6937990188598633}}}, "ResNet50": {"clean acc": 92.57000160217285, "prediction": 8, "poisons predictions": [8, 8, 8, 8, 8], "scores": [6.18518409374662e-19, 8.807357702689744e-36, 1.4729404648847476e-37, 1.0056604663149915e-25, 9.142621001333794e-24, 3.6404874316858814e-31, 0.0055005899630486965, 2.9838504171826596e-14, 0.994499146938324, 2.4033988131101375e-16], "malicious score": 0.994499146938324, "camera": {"2": {"prediction": 6, "scores": [2.5974470878704165e-22, 1.1182395376475184e-37, 2.2088667693152091e-41, 7.360093341241041e-19, 1.8445849744235608e-24, 1.5928871683068318e-25, 0.9999923706054688, 6.350445557070885e-17, 8.400626029470004e-06, 7.479881605045484e-18], "malicious score": 8.400626029470004e-06}, "4": {"prediction": 3, "scores": [7.035919589374907e-42, 0.0, 0.0, 1.0, 0.0, 5.605193857299268e-45, 2.3272324016248381e-32, 3.655707433730583e-41, 1.7357743947745077e-40, 6.490814486752553e-42], "malicious score": 1.7357743947745077e-40}}}, "ResNeXt29_2x64d": {"clean acc": 92.9400016784668, "prediction": 8, "poisons predictions": [8, 8, 8, 8, 8], "scores": [2.1686344166957787e-22, 8.61798750851489e-13, 3.364900724592626e-14, 3.422163386002097e-10, 0.0, 2.5560200738878805e-27, 0.3346821665763855, 2.6877937496235685e-21, 0.6653182506561279, 1.0046417952636039e-30], "malicious score": 0.6653182506561279, "camera": {"2": {"prediction": 6, "scores": [1.0782789829894018e-24, 6.555241968491871e-21, 2.7818298405373094e-16, 7.863554946085927e-11, 5.74532370373175e-44, 2.3084023937456857e-22, 1.0, 9.071710097348251e-25, 6.405786567853511e-09, 9.484894021117146e-34], "malicious score": 6.405786567853511e-09}, "4": {"prediction": 6, "scores": [4.942256818457729e-19, 1.0009454512153071e-17, 2.51670968509643e-08, 0.000188411635463126, 4.70940715953211e-27, 8.140828235050218e-14, 0.9998111724853516, 5.780983347868128e-15, 6.7302738902819126e-12, 2.967288277185983e-26], "malicious score": 6.7302738902819126e-12}}}, "GoogLeNet": {"clean acc": 91.65000076293946, "prediction": 8, "poisons predictions": [8, 8, 6, 6, 8], "scores": [4.3079315071789526e-13, 4.903638455289183e-07, 5.228212827945722e-12, 8.117726792988833e-06, 1.0495503256638741e-13, 2.337278814934507e-08, 0.08978002518415451, 1.9527043556340912e-13, 0.9102116823196411, 7.204885132949812e-09], "malicious score": 0.9102116823196411, "camera": {"2": {"prediction": 8, "scores": [1.534405796865812e-10, 5.9700050769606605e-06, 4.265961592864187e-07, 0.0005344857927411795, 2.0430753443212435e-12, 7.828302841517143e-06, 0.3602634072303772, 2.696364687082564e-09, 0.6391881108283997, 2.330047821352821e-10], "malicious score": 0.6391881108283997}, "4": {"prediction": 6, "scores": [2.6562581023625853e-09, 4.948795435666398e-07, 0.001005128026008606, 0.3104493021965027, 1.1729682780625694e-09, 0.04408731311559677, 0.6444342136383057, 3.1015923336596973e-12, 2.3447613784810528e-05, 6.242296279879156e-08], "malicious score": 2.3447613784810528e-05}}}, "MobileNetV2": {"clean acc": 86.58000106811524, "prediction": 6, "poisons predictions": [6, 6, 8, 8, 8],