{"args": "Namespace(device='cuda', dset_path='datasets', end2end=False, eval_poisons_root='attack-results-eps0.20/100-overlap/linear-transfer-learning/mean/800', gpu='1', lr_decay_epoch=[30, 45], model_resume_path='model-chks', num_per_class=50, poison_label=8, retrain_bsize=64, retrain_epochs=60, retrain_lr=0.1, retrain_momentum=0.9, retrain_opt='adam', retrain_wd=0, subset_group=0, target_camera=True, target_index_end=41, target_index_start=40, target_index_step=1, target_label=6, target_net=['DPN92', 'SENet18', 'ResNet50', 'ResNeXt29_2x64d', 'GoogLeNet', 'MobileNetV2', 'ResNet18', 'DenseNet121'], target_print_size=[2, 4], test_chk_name='ckpt-%s-4800.t7', train_data_path='datasets/CIFAR10_TRAIN_Split.pth')", "poison_label": 8, "target_label": 6, "targets": {"40": {}, "40": {"800": {"time": 335.0, "coeffs_time": 0, "poisons_time": 4, "target_loss": 0.01200399361550808, "total_loss": 0.0735679566860199, "coeff_list": [[0.20000000298023224, 0.20000000298023224, 0.20000000298023224, 0.20000000298023224, 0.20000000298023224], [0.20000000298023224, 0.20000000298023224, 0.20000000298023224, 0.20000000298023224, 0.20000000298023224], [0.20000000298023224, 0.20000000298023224, 0.20000000298023224, 0.20000000298023224, 0.20000000298023224], [0.20000000298023224, 0.20000000298023224, 0.20000000298023224, 0.20000000298023224, 0.20000000298023224], [0.20000000298023224, 0.20000000298023224, 0.20000000298023224, 0.20000000298023224, 0.20000000298023224], [0.20000000298023224, 0.20000000298023224, 0.20000000298023224, 0.20000000298023224, 0.20000000298023224], [0.20000000298023224, 0.20000000298023224, 0.20000000298023224, 0.20000000298023224, 0.20000000298023224], [0.20000000298023224, 0.20000000298023224, 0.20000000298023224, 0.20000000298023224, 0.20000000298023224], [0.20000000298023224, 0.20000000298023224, 0.20000000298023224, 0.20000000298023224, 0.20000000298023224], [0.20000000298023224, 0.20000000298023224, 0.20000000298023224, 0.20000000298023224, 0.20000000298023224], [0.20000000298023224, 0.20000000298023224, 0.20000000298023224, 0.20000000298023224, 0.20000000298023224], [0.20000000298023224, 0.20000000298023224, 0.20000000298023224, 0.20000000298023224, 0.20000000298023224], [0.20000000298023224, 0.20000000298023224, 0.20000000298023224, 0.20000000298023224, 0.20000000298023224], [0.20000000298023224, 0.20000000298023224, 0.20000000298023224, 0.20000000298023224, 0.20000000298023224], [0.20000000298023224, 0.20000000298023224, 0.20000000298023224, 0.20000000298023224, 0.20000000298023224], [0.20000000298023224, 0.20000000298023224, 0.20000000298023224, 0.20000000298023224, 0.20000000298023224], [0.20000000298023224, 0.20000000298023224, 0.20000000298023224, 0.20000000298023224, 0.20000000298023224], [0.20000000298023224, 0.20000000298023224, 0.20000000298023224, 0.20000000298023224, 0.20000000298023224]], "coeff_list_in_victim": [[0.08397313952445984, 0.09160087257623672, 0.06967651098966599, 0.0708727091550827, 0.6838768720626831]], "victims": {"DPN92": {"clean acc": 91.6400016784668, "prediction": 6, "poisons predictions": [8, 6, 8, 6, 8], "scores": [1.6142333025825906e-09, 1.242758799277629e-17, 5.9363038688376507e-36, 8.449422158305925e-15, 1.5988766871743597e-26, 9.674753572331152e-15, 0.6263022422790527, 3.0283808634542774e-38, 0.373698353767395, 0.0], "malicious score": 0.373698353767395, "camera": {}}, "SENet18": {"clean acc": 90.91000061035156, "prediction": 6, "poisons predictions": [8, 6, 8, 6, 8], "scores": [2.746567140388123e-10, 1.935129651499827e-17, 2.8012169006196818e-19, 1.4849952593553456e-13, 5.449840578819476e-09, 3.4547080492757973e-16, 0.9958202242851257, 1.0106993003007364e-16, 0.004180033225566149, 1.794436991699808e-20], "malicious score": 0.004180033225566149, "camera": {}}, "ResNet50": {"clean acc": 92.59000053405762, "prediction": 6, "poisons predictions": [8, 8, 8, 8, 8], "scores": [6.218583225153276e-36, 8.727805316246761e-40, 9.965596823851573e-34, 1.7136796751372255e-30, 1.8727653326469018e-40, 4.755579569528454e-30, 0.9999904632568359, 2.382207389352189e-44, 9.68454605754232e-06, 4.755460824579473e-19], "malicious score": 9.68454605754232e-06, "camera": {}}, "ResNeXt29_2x64d": {"clean acc": 92.94000129699707, "prediction": 6, "poisons predictions": [8, 8, 8, 6, 8], "scores": [1.3084088188896512e-27, 5.1677307317263624e-14, 1.8575773331699178e-17, 1.4184736718547697e-10, 7.146622168056567e-43, 5.4343744236461656e-24, 0.9835730195045471, 4.675776786547374e-25, 0.016426363959908485, 1.5927141561219596e-21], "malicious score": 0.016426363959908485, "camera": {}}, "GoogLeNet": {"clean acc": 92.27000160217285, "prediction": 8, "poisons predictions": [8, 8, 6, 8, 8], "scores": [6.984861365515183e-14, 2.1757460899607395e-07, 2.001339404572613e-16, 5.865706043550745e-06, 1.2091680434700436e-10, 6.791973650166483e-10, 0.11981560289859772, 8.089836213538385e-19, 0.8801788091659546, 2.3935762261118043e-09], "malicious score": 0.8801788091659546, "camera": {}}, "MobileNetV2": {"clean acc": 86.41000175476074, "prediction": 6, "poisons predictions": [6, 8, 6, 8, 8], "scores": [3.4245566382651305e-08, 1.1723831727341238e-15, 1.173225516737375e-09, 1.1139289199491031e-05, 1.3632269866013328e-26, 2.082199657138517e-08, 0.9999332427978516, 6.91364768986762e-17, 5.484764915308915e-05, 1.643302026303581e-23], "malicious score": 5.484764915308915e-05, "camera": {}}, "ResNet18": {"clean acc": 92.53000183105469, "prediction": 6, "poisons predictions": [8, 8, 8, 8, 8], "scores": [3.849860520810189e-24, 1.1622778434139391e-10, 2.731934578957713e-20, 1.077126398740802e-06, 1.6673648822234284e-25, 1.8668187828918548e-10, 0.9885372519493103, 1.680975972098583e-23, 0.011461765505373478, 2.169762116710075e-20], "malicious score": 0.011461765505373478, "camera": {}}, "DenseNet121": {"clean acc": 92.79000091552734, "prediction": 6, "poisons predictions": [8, 8, 8, 8, 8], "scores": [2.7659241368382936e-06, 8.413215328399726e-13, 9.367275184690715e-12, 1.3093527968521812e-06, 1.0689133205232793e-06, 4.415497642185073e-06, 0.9747639894485474, 3.990087599760805e-20, 0.025226544588804245, 3.1124788076736243e-12], "malicious score": 0.025226544588804245, "camera": {}}}}}}, "poison_idx_list": [213, 225, 227, 247, 249]}