{"args": "Namespace(device='cuda', dset_path='datasets', end2end=False, eval_poisons_root='attack-results-3poisons/100-overlap/linear-transfer-learning/mean/800', gpu='0', lr_decay_epoch=[30, 45], model_resume_path='model-chks', num_per_class=50, poison_label=8, retrain_bsize=64, retrain_epochs=60, retrain_lr=0.1, retrain_momentum=0.9, retrain_opt='adam', retrain_wd=0, subset_group=0, target_camera=True, target_index_end=37, target_index_start=36, target_index_step=1, target_label=6, target_net=['DPN92', 'SENet18', 'ResNet50', 'ResNeXt29_2x64d', 'GoogLeNet', 'MobileNetV2', 'ResNet18', 'DenseNet121'], target_print_size=[2, 4], test_chk_name='ckpt-%s-4800.t7', train_data_path='datasets/CIFAR10_TRAIN_Split.pth')", "poison_label": 8, "target_label": 6, "targets": {"36": {}, "36": {"800": {"time": 324.0, "coeffs_time": 0, "poisons_time": 4, "target_loss": 0.01009360235184431, "total_loss": 0.09454984217882156, "coeff_list": [[0.3333333432674408, 0.3333333432674408, 0.3333333432674408], [0.3333333432674408, 0.3333333432674408, 0.3333333432674408], [0.3333333432674408, 0.3333333432674408, 0.3333333432674408], [0.3333333432674408, 0.3333333432674408, 0.3333333432674408], [0.3333333432674408, 0.3333333432674408, 0.3333333432674408], [0.3333333432674408, 0.3333333432674408, 0.3333333432674408], [0.3333333432674408, 0.3333333432674408, 0.3333333432674408], [0.3333333432674408, 0.3333333432674408, 0.3333333432674408], [0.3333333432674408, 0.3333333432674408, 0.3333333432674408], [0.3333333432674408, 0.3333333432674408, 0.3333333432674408], [0.3333333432674408, 0.3333333432674408, 0.3333333432674408], [0.3333333432674408, 0.3333333432674408, 0.3333333432674408], [0.3333333432674408, 0.3333333432674408, 0.3333333432674408], [0.3333333432674408, 0.3333333432674408, 0.3333333432674408], [0.3333333432674408, 0.3333333432674408, 0.3333333432674408], [0.3333333432674408, 0.3333333432674408, 0.3333333432674408], [0.3333333432674408, 0.3333333432674408, 0.3333333432674408], [0.3333333432674408, 0.3333333432674408, 0.3333333432674408]], "coeff_list_in_victim": [[0.20577393472194672, 0.12933920323848724, 0.6648868918418884]], "victims": {"DPN92": {"clean acc": 92.09000091552734, "prediction": 8, "poisons predictions": [8, 8, 8], "scores": [2.4599140424910265e-17, 5.538575159224422e-25, 1.5167791613631243e-35, 2.62735263029828e-15, 2.297273623722258e-21, 1.6103075709149512e-15, 0.053170181810855865, 1.1281321442862659e-38, 0.9468279480934143, 0.0], "malicious score": 0.9468279480934143, "camera": {"2": {"prediction": 3, "scores": [1.0422683210394012e-33, 3.0297860905509087e-26, 2.1376225234348567e-09, 0.76639324426651, 6.891052180435508e-05, 0.2335384339094162, 4.765873029555223e-09, 3.1182213747988046e-33, 5.322297113358914e-16, 7.055662203179086e-38], "malicious score": 5.322297113358914e-16}, "4": {"prediction": 3, "scores": [7.999888334303503e-34, 7.501882935674743e-26, 7.908578236737185e-10, 0.9942886233329773, 0.0023807028774172068, 0.003330020699650049, 3.609163315432262e-11, 1.2985312286330249e-31, 3.441524643196274e-18, 4.98869679060457e-36], "malicious score": 3.441524643196274e-18}}}, "SENet18": {"clean acc": 91.49000205993653, "prediction": 8, "poisons predictions": [8, 8, 8], "scores": [3.312816332499758e-17, 7.754716334033168e-16, 1.225831519978951e-18, 1.2974026297740693e-08, 0.0002651554823387414, 7.989848474672379e-13, 0.3424118161201477, 1.846298429219077e-21, 0.6573237776756287, 3.8758384707952015e-17], "malicious score": 0.6573237776756287, "camera": {"2": {"prediction": 3, "scores": [4.442954057108471e-19, 4.6645755533389143e-23, 7.873805774050169e-11, 0.9404196739196777, 0.012272217310965061, 0.04083746299147606, 0.0003173982840962708, 7.80919890561146e-21, 0.006153011694550514, 2.556490852345661e-10], "malicious score": 0.006153011694550514}, "4": {"prediction": 3, "scores": [3.322525938331668e-23, 5.645306556734768e-28, 6.223476595179633e-12, 0.9993860125541687, 3.736045982805081e-05, 0.0005675448919646442, 4.134068781747047e-11, 3.89580819755133e-23, 1.0021961315942463e-05, 1.5945930556884869e-13], "malicious score": 1.0021961315942463e-05}}}, "ResNet50": {"clean acc": 92.37000274658203, "prediction": 8, "poisons predictions": [8, 8, 8], "scores": [6.852270963960207e-29, 0.0, 9.80908925027372e-45, 1.0695663883721516e-37, 3.3013042095495024e-36, 1.4665838880646448e-35, 0.4136369228363037, 9.369903661041546e-23, 0.5863646268844604, 0.0], "malicious score": 0.5863646268844604, "camera": {"2": {"prediction": 8, "scores": [6.306600275786284e-26, 4.073671045126589e-38, 1.9706866680354557e-39, 5.9402485931059346e-05, 1.0137136884514082e-26, 5.9939789391745626e-24, 1.5345108638007117e-29, 2.1322747565562247e-25, 0.99993896484375, 9.821925144206935e-40], "malicious score": 0.99993896484375}, "4": {"prediction": 3, "scores": [1.0307816648045568e-26, 5.9046596348123905e-37, 1.7832622521430488e-32, 1.0, 1.1684149305284385e-21, 3.575345652567041e-25, 9.80908925027372e-45, 2.810447595782118e-31, 3.8222058407200166e-08, 4.3169100020183706e-37], "malicious score": 3.8222058407200166e-08}}}, "ResNeXt29_2x64d": {"clean acc": 92.6900016784668, "prediction": 8, "poisons predictions": [8, 8, 8], "scores": [1.1126951225724583e-22, 1.3286686204386222e-12, 1.59446691960774e-11, 0.004723444581031799, 1.3332885661835401e-20, 2.0138847830846168e-15, 0.37376323342323303, 7.075600621642225e-25, 0.6215124726295471, 3.022708726797533e-19], "malicious score": 0.6215124726295471, "camera": {"2": {"prediction": 3, "scores": [2.4040804930406834e-21, 7.652268526243373e-18, 0.003351375926285982, 0.5384551882743835, 5.335153332453046e-07, 0.4077762961387634, 0.04924367368221283, 1.8656934639041656e-18, 0.0011724635260179639, 1.694602574583981e-12], "malicious score": 0.0011724635260179639}, "4": {"prediction": 3, "scores": [9.948978052571703e-23, 7.620570448182458e-19, 6.63298408198898e-07, 0.9984705448150635, 0.0012303804978728294, 0.00028927926905453205, 5.931035957473796e-06, 5.1386608382682156e-20, 3.3738667752913898e-06, 1.142911826004713e-15], "malicious score": 3.3738667752913898e-06}}}, "GoogLeNet": {"clean acc": 92.35000190734863, "prediction": 6, "poisons predictions": [8, 8, 8], "scores": [7.500404811122685e-12, 1.27901486735027e-07, 4.294479793998107e-08, 0.00027643050998449326, 2.1655922921581805e-07, 0.00029582713614217937, 0.9622291326522827, 4.046481465874718e-12, 0.037198398262262344, 2.1697492691430398e-09], "malicious score": 0.037198398262262344, "camera": {"2": {"prediction": 5, "scores": [1.263743612794216e-13, 6.559456311450163e-10, 0.0002825813426170498, 0.017403092235326767, 0.000829836237244308, 0.8358640074729919, 0.0008599217981100082, 6.04221403813221e-12, 0.14476042985916138, 2.2286055667564142e-08], "malicious score": 0.14476042985916138}, "4": {"prediction": 5, "scores": [1.112321887565158e-14, 1.490004300497283e-11, 0.0015772775514051318, 0.012291936203837395, 7.066851685522124e-05, 0.9821529388427734, 1.5330026144511066e-05, 3.612312272222029e-14, 0.0038921788800507784, 1.8064320039812287e-09], "malicious score": 0.0038921788800507784}}}, "MobileNetV2": {"clean acc": 87.47000198364258, "prediction": 8, "poisons predictions": [8, 8, 6], "scores": [5.473027288067307e-17, 2.412601792994831e-17, 5.847190509555844e-10, 0.00013892908464185894, 1.2953713621755014e-06, 1.076087136064885e-12, 0.3513900637626648, 5.858719566466397e-26, 0.6484698057174683, 4.814745634562973e-20], "malicious score": 0.6484698057174683, "camera": {"2": {"prediction": 3, "scores": [3.2079443759719254e-15, 3.1571611288468944e-23, 2.333793190700817e-06, 0.9794226288795471, 5.668361890975859e-10, 3.8543992997297494e-10, 1.3002113519178238e-05, 1.8948016113963505e-23, 0.020561683923006058, 8.236183075462798e-20], "malicious score": 0.020561683923006058}, "4": {"prediction": 3,