{"args": "Namespace(device='cuda', dset_path='datasets', end2end=False, eval_poisons_root='attack-results-3poisons/100-overlap/linear-transfer-learning/mean/800', gpu='0', lr_decay_epoch=[30, 45], model_resume_path='model-chks', num_per_class=50, poison_label=8, retrain_bsize=64, retrain_epochs=60, retrain_lr=0.1, retrain_momentum=0.9, retrain_opt='adam', retrain_wd=0, subset_group=0, target_camera=True, target_index_end=48, target_index_start=47, target_index_step=1, target_label=6, target_net=['DPN92', 'SENet18', 'ResNet50', 'ResNeXt29_2x64d', 'GoogLeNet', 'MobileNetV2', 'ResNet18', 'DenseNet121'], target_print_size=[2, 4], test_chk_name='ckpt-%s-4800.t7', train_data_path='datasets/CIFAR10_TRAIN_Split.pth')", "poison_label": 8, "target_label": 6, "targets": {"47": {}, "47": {"800": {"time": 330.0, "coeffs_time": 0, "poisons_time": 4, "target_loss": 0.006066776346415281, "total_loss": 0.06825097650289536, "coeff_list": [[0.3333333432674408, 0.3333333432674408, 0.3333333432674408], [0.3333333432674408, 0.3333333432674408, 0.3333333432674408], [0.3333333432674408, 0.3333333432674408, 0.3333333432674408], [0.3333333432674408, 0.3333333432674408, 0.3333333432674408], [0.3333333432674408, 0.3333333432674408, 0.3333333432674408], [0.3333333432674408, 0.3333333432674408, 0.3333333432674408], [0.3333333432674408, 0.3333333432674408, 0.3333333432674408], [0.3333333432674408, 0.3333333432674408, 0.3333333432674408], [0.3333333432674408, 0.3333333432674408, 0.3333333432674408], [0.3333333432674408, 0.3333333432674408, 0.3333333432674408], [0.3333333432674408, 0.3333333432674408, 0.3333333432674408], [0.3333333432674408, 0.3333333432674408, 0.3333333432674408], [0.3333333432674408, 0.3333333432674408, 0.3333333432674408], [0.3333333432674408, 0.3333333432674408, 0.3333333432674408], [0.3333333432674408, 0.3333333432674408, 0.3333333432674408], [0.3333333432674408, 0.3333333432674408, 0.3333333432674408], [0.3333333432674408, 0.3333333432674408, 0.3333333432674408], [0.3333333432674408, 0.3333333432674408, 0.3333333432674408]], "coeff_list_in_victim": [[0.6462751626968384, 0.3537248373031616, 0.0]], "victims": {"DPN92": {"clean acc": 92.62000122070313, "prediction": 6, "poisons predictions": [8, 8, 8], "scores": [5.610057307592342e-09, 3.308742101376487e-14, 1.43562562573512e-34, 1.0275260460199109e-13, 2.538609942726496e-32, 7.261150937090072e-26, 0.7152391672134399, 1.7287819154375268e-41, 0.28476035594940186, 0.0], "malicious score": 0.28476035594940186, "camera": {}}, "SENet18": {"clean acc": 91.4400016784668, "prediction": 6, "poisons predictions": [8, 6, 6], "scores": [5.393584884272329e-13, 3.966233157876031e-12, 5.789142630960572e-17, 2.7292203870141196e-13, 3.260828691509232e-07, 4.305972031980751e-15, 0.9998760223388672, 9.299462231341656e-17, 0.00012356278602965176, 7.562478070750742e-19], "malicious score": 0.00012356278602965176, "camera": {}}, "ResNet50": {"clean acc": 93.63000106811523, "prediction": 8, "poisons predictions": [8, 8, 6], "scores": [6.866362475191604e-44, 1.891752926838503e-43, 5.392726966268551e-37, 1.471363387541058e-43, 1.0786544254846224e-37, 1.1532686361393244e-42, 0.03163837641477585, 1.8291662111222962e-35, 0.9683610796928406, 6.080002426692578e-28], "malicious score": 0.9683610796928406, "camera": {}}, "ResNeXt29_2x64d": {"clean acc": 93.2700008392334, "prediction": 8, "poisons predictions": [8, 8, 8], "scores": [3.8447404979909426e-23, 5.763820354331983e-07, 3.483343442248904e-13, 1.477345024092358e-09, 1.5686069989403258e-37, 1.9284413269420614e-29, 0.023500975221395493, 2.0043388865847978e-19, 0.9764978289604187, 3.2086778480345336e-23], "malicious score": 0.9764978289604187, "camera": {}}, "GoogLeNet": {"clean acc": 92.26000061035157, "prediction": 6, "poisons predictions": [8, 8, 6], "scores": [4.050293900183938e-13, 5.719011930693796e-10, 7.336437013449881e-11, 5.154506652615964e-06, 1.4772541523377924e-10, 1.659783066543241e-08, 0.5934796333312988, 5.431175509329478e-08, 0.4065147638320923, 1.1020570849125388e-13], "malicious score": 0.4065147638320923, "camera": {}}, "MobileNetV2": {"clean acc": 87.1900016784668, "prediction": 6, "poisons predictions": [6, 8, 8], "scores": [7.516014720321262e-12, 2.10249213807034e-20, 1.105321129762915e-11, 3.606196514738258e-06, 2.729955161601268e-20, 8.626259428989869e-13, 0.9461527466773987, 6.389197094050835e-26, 0.05384405329823494, 8.721644935528342e-26], "malicious score": 0.05384405329823494, "camera": {}}, "ResNet18": {"clean acc": 93.32000122070312, "prediction": 6, "poisons predictions": [8, 8, 6], "scores": [1.6151532603947606e-25, 4.108674716007954e-07, 1.1965027493093805e-12, 0.0006489634397439659, 1.5629437635601563e-23, 6.537719671184661e-11, 0.6739547848701477, 3.8700681548320404e-10, 0.32539576292037964, 1.0046946293960648e-24], "malicious score": 0.32539576292037964, "camera": {}}, "DenseNet121": {"clean acc": 93.20000190734864, "prediction": 8, "poisons predictions": [8, 8, 8], "scores": [6.07646200023737e-07, 1.0991303700524924e-10, 1.6137816416517126e-08, 1.5141054063860793e-05, 9.256617886421736e-06, 8.685721581969119e-07, 0.14310963451862335, 1.1436564407572433e-17, 0.8568647503852844, 8.449160641965658e-12], "malicious score": 0.8568647503852844, "camera": {}}}}}}, "poison_idx_list": [213, 225, 227]}