{"args": "Namespace(device='cuda', dset_path='datasets', end2end=False, eval_poisons_root='attack-results-10poisons/100-overlap/linear-transfer-learning/convex/800', gpu='0', lr_decay_epoch=[30, 45], model_resume_path='model-chks', num_per_class=50, poison_label=8, retrain_bsize=64, retrain_epochs=60, retrain_lr=0.1, retrain_momentum=0.9, retrain_opt='adam', retrain_wd=0, subset_group=0, target_camera=True, target_index_end=10, target_index_start=9, target_index_step=1, target_label=6, target_net=['DPN92', 'SENet18', 'ResNet50', 'ResNeXt29_2x64d', 'GoogLeNet', 'MobileNetV2', 'ResNet18', 'DenseNet121'], target_print_size=[2, 4], test_chk_name='ckpt-%s-4800.t7', train_data_path='datasets/CIFAR10_TRAIN_Split.pth')", "poison_label": 8, "target_label": 6, "targets": {"9": {}, "9": {"800": {"time": 28419.0, "coeffs_time": 26410, "poisons_time": 28007, "target_loss": 0.03507000952959061, "total_loss": 0.0014336708700284362, "coeff_list": [[0.48446035385131836, 0.0, 0.029810886830091476, 0.0, 0.03542197495698929, 0.04682566970586777, 0.0, 0.3318782150745392, 0.07160291820764542, 0.0], [0.11188684403896332, 0.11483296006917953, 0.05135597288608551, 0.17149022221565247, 0.0, 0.03918294236063957, 0.1486029326915741, 0.20622515678405762, 0.10217313468456268, 0.054249830543994904], [0.05895908921957016, 0.03211719170212746, 0.03347943723201752, 0.29059118032455444, 0.2900788187980652, 0.05305733531713486, 0.0, 0.24171695113182068, 0.0, 0.0], [0.032940786331892014, 0.2807180881500244, 0.11632196605205536, 0.07415130734443665, 0.2750892639160156, 0.0, 0.020024815574288368, 0.060885630548000336, 0.13986808061599731, 0.0], [0.112605020403862, 0.0, 0.0576849989593029, 0.07450085878372192, 0.2734435796737671, 0.039711251854896545, 0.22493413090705872, 0.21523283421993256, 0.0018873116932809353, 0.0], [0.037721648812294006, 0.14406037330627441, 0.05767754837870598, 0.23896802961826324, 0.0, 0.14201387763023376, 0.16462187469005585, 0.010355398058891296, 0.08118852972984314, 0.12339264154434204], [0.03589692711830139, 0.046116575598716736, 0.04144784063100815, 0.033199988305568695, 0.0, 0.49275103211402893, 0.2319100946187973, 0.11867757141590118, 0.0, 0.0], [0.18756361305713654, 0.0, 0.04468611255288124, 0.2478782683610916, 0.0, 0.04153962805867195, 0.2573389410972595, 0.013467710465192795, 0.17135266959667206, 0.03617303445935249], [0.25796937942504883, 0.03193839639425278, 0.2280154675245285, 0.061601415276527405, 0.073482945561409, 0.0, 0.0, 0.025239011272788048, 0.32175344228744507, 0.0], [0.0, 0.011869044043123722, 0.004887961782515049, 0.025045134127140045, 0.22980375587940216, 0.12366397678852081, 0.10998636484146118, 0.42198389768600464, 0.05909690633416176, 0.013663027435541153], [0.18822626769542694, 0.015461957082152367, 0.06740967184305191, 0.04309924319386482, 0.16059917211532593, 0.04548050835728645, 0.0, 0.2728067934513092, 0.20424702763557434, 0.0026693346444517374], [0.18866081535816193, 0.029541824012994766, 0.0, 0.0, 0.08976810425519943, 0.047674547880887985, 0.0973568931221962, 0.2230299711227417, 0.3142896294593811, 0.009678236208856106], [0.0, 0.15590056777000427, 0.1982392519712448, 0.18116405606269836, 0.0, 0.0, 0.3371011018753052, 0.11183943599462509, 0.0027614105492830276, 0.012994074262678623], [0.08861156553030014, 0.08843124657869339, 0.12235210835933685, 0.02525165304541588, 0.20682579278945923, 0.0, 0.17655493319034576, 0.12368226051330566, 0.16829036176204681, 0.0], [0.018276158720254898, 0.006316586397588253, 0.1071404367685318, 0.0, 0.38135793805122375, 0.0, 0.11581048369407654, 0.37109845876693726, 0.0, 0.0], [0.0, 0.13038146495819092, 0.005878820084035397, 0.3312482535839081, 0.14943158626556396, 0.06920958310365677, 0.012735595926642418, 0.2563810348510742, 0.04473361372947693, 0.0], [0.04178867116570473, 0.17815008759498596, 0.09354839473962784, 0.07153882086277008, 0.0, 0.022801782935857773, 0.3947254717350006, 0.08053801953792572, 0.10259786248207092, 0.014310832135379314], [0.057787343859672546, 0.13851037621498108, 0.20457030832767487, 0.15351323783397675, 0.0, 0.136440709233284, 0.2630404829978943, 0.0, 0.046137552708387375, 0.0]], "coeff_list_in_victim": [[0.0, 0.0, 0.16525256633758545, 0.0, 0.18998239934444427, 0.0, 0.18269401788711548, 0.3917371332645416, 0.0, 0.07033398002386093]], "victims": {"DPN92": {"clean acc": 91.42000198364258, "prediction": 8, "poisons predictions": [8, 8, 8, 8, 8, 8, 8, 8, 8, 8], "scores": [1.865317619519353e-24, 7.8713729937817e-15, 3.305888125875614e-38, 1.533051714116581e-17, 5.96059624938266e-32, 5.019872855544199e-20, 0.16442234814167023, 8.488505577494012e-41, 0.8355758786201477, 0.0], "malicious score": 0.8355758786201477, "camera": {"2": {"prediction": 8, "scores": [4.359772001776073e-30, 6.360339695988203e-16, 1.7927225681149427e-17, 0.0016124364919960499, 2.5544531632093123e-14, 2.1652493842339027e-07, 9.244552678921991e-09, 1.302539781918764e-31, 0.9983877539634705, 2.3401684354224445e-43], "malicious score": 0.9983877539634705}, "4": {"prediction": 6, "scores": [3.719384412363807e-27, 2.2587098819536677e-20, 4.757034519538984e-21, 0.16053509712219238, 3.931719316438431e-13, 0.000465104152681306, 0.8363699316978455, 2.0844976069706815e-37, 0.0026307457592338324, 4.203895392974451e-45], "malicious score": 0.0026307457592338324}}}, "SENet18": {"clean acc": 90.97000122070312, "prediction": 8, "poisons predictions": [6, 8, 8, 8, 6, 5, 6, 8, 8, 8], "scores": [2.914236938522663e-05, 0.011618597432971, 3.035926843253378e-09, 8.33095612051693e-07, 0.00013365279301069677, 4.051424126738645e-12, 0.05332791060209274, 1.8557148818900554e-13, 0.9348898530006409, 4.639701166667121e-13], "malicious score": 0.9348898530006409, "camera": {"2": {"prediction": 8, "scores": [6.577430960996722e-11, 7.361811715789202e-10, 4.263030761730846e-10, 3.3850548675218306e-07, 3.835846307254087e-09, 1.3789641086989213e-12, 1.3923904695900546e-08, 1.3621311359905652e-17, 1.0, 1.5296258996846251e-13], "malicious score": 1.0}, "4": {"prediction": 8, "scores": [2.1523753645277116e-13, 4.68840994876491e-15, 2.067784610204626e-09, 1.768562287907116e-05, 1.8330531537102956e-09, 1.17497949304185e-12, 3.255587743833388e-10, 7.6325157722940655e-22, 0.9999828934669495, 2.5140380449222574e-15], "malicious score": 0.9999828934669495}}}, "ResNet50": {"clean acc": 92.80000114440918, "prediction": 8, "poisons predictions": [8, 8, 8, 8, 6, 8, 8, 6, 8, 8], "scores": [9.339117511361131e-36, 5.106883334441395e-36, 2.2802012689401283e-39, 3.7089970536535e-28, 9.22874962382673e-24, 7.965650462957361e-29, 9.467415111430455e-06, 1.2379757270092953e-39, 0.9999904632568359, 2.97829449165272e-22], "malicious score": 0.9999904632568359, "camera": {"2": {"prediction": 6, "scores": [3.6053258182318997e-25, 2.0668786805514686e-23, 2.5418181077813416e-24, 0.2873794436454773, 1.2667133830746025e-07, 2.30476216529496e-05, 0.5565382838249207, 5.549349865779969e-29, 0.15605512261390686, 4.075991455465555e-06], "malicious score": 0.15605512261390686}, "4": {"prediction": 3, "scores": [5.838571615471355e-34, 7.380984130110838e-34, 2.6242546978858814e-32, 1.0, 6.125468513494547e-13, 3.4060409110234644e-17, 1.2223266705239607e-15, 4.659737783419314e-40, 1.0464029911721574e-19, 4.402484514473013e-17], "malicious score": 1.0464029911721574e-19}}}, "ResNeXt29_2x64d": {"clean acc": 92.59000167846679, "prediction": 6, "poisons predictions": [8, 8, 8, 6, 8, 8, 8, 8, 8, 8], "scores": [4.174816673736337e-28, 2.852647317582585e-13, 1.4805250834749738e-19, 3.314876151350177e-10, 1.3082239064335067e-35, 9.931785913826156e-26, 0.8223124742507935, 1.2272742187160247e-23, 0.17768698930740356, 1.8006760660934746e-21], "malicious score": 0.17768698930740356, "camera": {"2": {"prediction": 8, "scores": [5.349061088898776e-24, 1.7767742535436005e-28, 4.419197011884535e-06, 1.6627772292734933e-12, 5.335938049578852e-16, 0.00022886120132170618, 0.2020445615053177, 4.259829938648853e-17, 0.7977220416069031, 1.5243784901031177e-08], "malicious score": 0.7977220416069031},