{"args": "Namespace(device='cuda', dset_path='datasets', end2end=False, eval_poisons_root='attack-results-10poisons/100-overlap/linear-transfer-learning/convex/800', gpu='2', lr_decay_epoch=[30, 45], model_resume_path='model-chks', num_per_class=50, poison_label=8, retrain_bsize=64, retrain_epochs=60, retrain_lr=0.1, retrain_momentum=0.9, retrain_opt='adam', retrain_wd=0, subset_group=0, target_camera=True, target_index_end=9, target_index_start=8, target_index_step=1, target_label=6, target_net=['DPN92', 'SENet18', 'ResNet50', 'ResNeXt29_2x64d', 'GoogLeNet', 'MobileNetV2', 'ResNet18', 'DenseNet121'], target_print_size=[2, 4], test_chk_name='ckpt-%s-4800.t7', train_data_path='datasets/CIFAR10_TRAIN_Split.pth')", "poison_label": 8, "target_label": 6, "targets": {"8": {}, "8": {"800": {"time": 28395.0, "coeffs_time": 26381, "poisons_time": 27987, "target_loss": 0.005940071307122707, "total_loss": 0.0016970712458714843, "coeff_list": [[0.291848361492157, 0.08807241171598434, 0.000823821232188493, 0.15625405311584473, 0.20296098291873932, 0.17462356388568878, 0.0, 0.020504243671894073, 0.0, 0.06491260230541229], [0.07106544822454453, 0.16503585875034332, 0.018984684720635414, 0.13971127569675446, 0.10485073924064636, 0.0, 0.22532059252262115, 0.0004639973631128669, 0.10873472690582275, 0.16583251953125], [0.0, 0.0, 0.05376935750246048, 0.04547526314854622, 0.10025592893362045, 0.08060132712125778, 0.07801113277673721, 0.0, 0.43411850929260254, 0.20776842534542084], [0.0, 0.07606873661279678, 0.1534869223833084, 0.2134598195552826, 0.03317152336239815, 0.0, 0.0, 0.0, 0.4593261778354645, 0.06448686122894287], [0.02526409551501274, 0.055546559393405914, 0.035042811185121536, 0.12275093793869019, 0.0, 0.34259873628616333, 0.02106255292892456, 0.0, 0.2063431739807129, 0.1913911998271942], [0.0498870424926281, 0.06317997723817825, 0.08275359123945236, 0.19841614365577698, 0.0, 0.12753050029277802, 0.29473426938056946, 0.0, 0.15072551369667053, 0.03277299180626869], [0.023348400369286537, 0.0, 0.09146550297737122, 0.053548138588666916, 0.024313637986779213, 0.025023119524121284, 0.16154614090919495, 0.5279005765914917, 0.08551394194364548, 0.007340520154684782], [0.3262406587600708, 0.08221680670976639, 0.053479406982660294, 0.0, 0.0750420093536377, 0.0, 0.07134900987148285, 0.02590310573577881, 0.13028809428215027, 0.2354809194803238], [0.03886342793703079, 0.0, 0.07421041280031204, 0.10792633891105652, 0.0, 0.1780177652835846, 0.052313923835754395, 0.0009385083103552461, 0.3167858421802521, 0.23094376921653748], [0.07434655725955963, 0.04643401503562927, 0.13044831156730652, 0.0068681444972753525, 0.0, 0.06336156278848648, 0.18537241220474243, 0.0, 0.0, 0.4931689202785492], [0.10550731420516968, 0.16458916664123535, 0.1584387719631195, 0.0, 0.20460796356201172, 0.09064846485853195, 0.10172989219427109, 0.036379989236593246, 0.08094862848520279, 0.05714978277683258], [0.06264781951904297, 0.18885257840156555, 0.07949671894311905, 0.1332263946533203, 0.09852668642997742, 0.0, 0.21808075904846191, 0.11206464469432831, 0.0, 0.10710439085960388], [0.1133190244436264, 0.249283567070961, 0.0, 0.03356160968542099, 0.024361515417695045, 0.27890288829803467, 0.06463296711444855, 0.0, 0.06968290358781815, 0.16625559329986572], [0.02853190340101719, 0.03791580721735954, 0.0, 0.08829080313444138, 0.09154650568962097, 0.16559624671936035, 0.264948308467865, 0.02978459559381008, 0.07006014138460159, 0.223325714468956], [0.10835482180118561, 0.29027384519577026, 0.0006963540799915791, 0.24498039484024048, 0.02553204819560051, 0.22003519535064697, 0.019901227205991745, 0.0, 0.09022610634565353, 0.0], [0.002933991141617298, 0.23793925344944, 0.0, 0.10041855275630951, 0.0, 0.2835683226585388, 0.025129908695816994, 0.017710240557789803, 0.003905104473233223, 0.3283945322036743], [0.13580241799354553, 0.09070274978876114, 0.1212240606546402, 0.18235749006271362, 0.07885745167732239, 0.14165693521499634, 0.008783061988651752, 0.0, 0.2217210978269577, 0.018894772976636887], [0.0, 0.1016027107834816, 0.11039280891418457, 0.1021680161356926, 0.19064384698867798, 0.046411048620939255, 0.23191964626312256, 0.07159470021724701, 0.04321857914328575, 0.10204863548278809]], "coeff_list_in_victim": [[0.29159432649612427, 0.0, 0.0, 0.0, 0.09063650667667389, 0.0, 0.1249212771654129, 0.02058609202504158, 0.4722617566585541, 0.0]], "victims": {"DPN92": {"clean acc": 92.22000236511231, "prediction": 8, "poisons predictions": [8, 8, 8, 6, 6, 8, 8, 8, 6, 8], "scores": [3.7947676112537465e-09, 4.9420780489361304e-30, 1.9222071916603238e-35, 6.583691795528995e-19, 1.7590802762315204e-33, 2.1561314080614228e-20, 2.7429759938968346e-06, 6.134549429900395e-33, 0.9999961853027344, 0.0], "malicious score": 0.9999961853027344, "camera": {"2": {"prediction": 5, "scores": [6.960827425029684e-18, 1.5518350257766377e-37, 8.88511399871339e-12, 0.018996674567461014, 7.974903603327204e-19, 0.9690557718276978, 1.1445952623034827e-05, 2.865712513247704e-25, 0.011936675757169724, 1.280226277007153e-41], "malicious score": 0.011936675757169724}, "4": {"prediction": 3, "scores": [3.0798126233972486e-18, 3.4325244536440545e-29, 3.6014757148761234e-11, 0.8203299641609192, 8.299743323538643e-18, 0.1793530434370041, 9.688666068541352e-06, 1.0703469941604693e-20, 0.00030714485910721123, 6.8869055106786055e-40], "malicious score": 0.00030714485910721123}}}, "SENet18": {"clean acc": 90.18000106811523, "prediction": 8, "poisons predictions": [8, 3, 8, 8, 8, 8, 8, 2, 8, 8], "scores": [4.0466084259491164e-14, 1.0521829157023717e-19, 6.080378759172503e-19, 2.8087341480409478e-15, 8.510671334338582e-12, 7.279849811467706e-17, 0.010404097847640514, 1.2586135325560114e-23, 0.9895964860916138, 5.303033258209866e-20], "malicious score": 0.9895964860916138, "camera": {"2": {"prediction": 8, "scores": [3.6622847766551447e-13, 2.950536422973906e-27, 2.2369708574387914e-07, 5.369136601984792e-07, 1.7329478130267972e-11, 1.2808305527300945e-08, 3.0191042696969816e-06, 4.170130159720868e-24, 0.9999961853027344, 6.432757972130165e-13], "malicious score": 0.9999961853027344}, "4": {"prediction": 8, "scores": [5.702238126126247e-10, 5.995615106111751e-20, 5.790384420834016e-06, 1.046385023073526e-06, 3.78112775464845e-12, 2.4635370132752854e-11, 2.4204393156423976e-08, 8.31834992423741e-18, 0.999992311000824, 1.6193220809396225e-12], "malicious score": 0.999992311000824}}}, "ResNet50": {"clean acc": 92.58000106811524, "prediction": 8, "poisons predictions": [8, 8, 8, 8, 8, 8, 8, 8, 8, 8], "scores": [3.747742575236942e-26, 5.116873846750184e-26, 0.0, 3.001581310583758e-42, 5.857427580877735e-43, 0.0, 1.6213854223678936e-06, 0.0, 1.0, 0.0], "malicious score": 1.0, "camera": {"2": {"prediction": 8, "scores": [4.663794644151618e-22, 1.7087694592632374e-09, 2.8864444856818026e-20, 1.922200463036483e-12, 7.475862540332727e-32, 7.417253589519987e-19, 9.688191326522868e-16, 1.3512656712736254e-28, 1.0, 1.174704106377848e-34], "malicious score": 1.0}, "4": {"prediction": 8, "scores": [2.5980646653178094e-27, 7.76208155020734e-17, 5.2536754583447565e-30, 1.4518213625649995e-28, 2.5351310907639563e-40, 4.430539164516804e-38, 8.30995094958098e-09, 2.3391062511864863e-39, 1.0, 0.0], "malicious score": 1.0}}}, "ResNeXt29_2x64d": {"clean acc": 93.03000144958496, "prediction": 8, "poisons predictions": [8, 8, 8, 8, 8, 8, 8, 8, 8, 8], "scores": [2.8276477768831945e-20, 7.480297676893598e-21, 3.724369075792643e-19, 7.023611293260901e-12, 5.248421821442626e-32, 6.465189949442262e-22, 0.000144165416713804, 1.8326074389754914e-22, 0.999855101108551, 1.0720633939315168e-20], "malicious score": 0.999855101108551, "camera": {"2": {"prediction": 5, "scores": [6.62256547928817e-17, 2.8514182057336797e-24, 3.936858320230385e-06, 3.9233711390807e-07, 9.566188935965095e-17, 0.9999065399169922, 1.0196933544648346e-05, 3.0927796588808626e-15, 7.930184074211866e-05, 2.020801467784647e-13], "malicious score": 7.930184074211866e-05}, "4": {"prediction": 3,