{"args": "Namespace(device='cuda', dset_path='datasets', end2end=False, eval_poisons_root='attack-results-3poisons/100-overlap/linear-transfer-learning/mean/800', gpu='0', lr_decay_epoch=[30, 45], model_resume_path='model-chks', num_per_class=50, poison_label=8, retrain_bsize=64, retrain_epochs=60, retrain_lr=0.1, retrain_momentum=0.9, retrain_opt='adam', retrain_wd=0, subset_group=0, target_camera=True, target_index_end=40, target_index_start=39, target_index_step=1, target_label=6, target_net=['DPN92', 'SENet18', 'ResNet50', 'ResNeXt29_2x64d', 'GoogLeNet', 'MobileNetV2', 'ResNet18', 'DenseNet121'], target_print_size=[2, 4], test_chk_name='ckpt-%s-4800.t7', train_data_path='datasets/CIFAR10_TRAIN_Split.pth')", "poison_label": 8, "target_label": 6, "targets": {"39": {}, "39": {"800": {"time": 327.0, "coeffs_time": 0, "poisons_time": 4, "target_loss": 0.008770331740379333, "total_loss": 0.08138027787208557, "coeff_list": [[0.3333333432674408, 0.3333333432674408, 0.3333333432674408], [0.3333333432674408, 0.3333333432674408, 0.3333333432674408], [0.3333333432674408, 0.3333333432674408, 0.3333333432674408], [0.3333333432674408, 0.3333333432674408, 0.3333333432674408], [0.3333333432674408, 0.3333333432674408, 0.3333333432674408], [0.3333333432674408, 0.3333333432674408, 0.3333333432674408], [0.3333333432674408, 0.3333333432674408, 0.3333333432674408], [0.3333333432674408, 0.3333333432674408, 0.3333333432674408], [0.3333333432674408, 0.3333333432674408, 0.3333333432674408], [0.3333333432674408, 0.3333333432674408, 0.3333333432674408], [0.3333333432674408, 0.3333333432674408, 0.3333333432674408], [0.3333333432674408, 0.3333333432674408, 0.3333333432674408], [0.3333333432674408, 0.3333333432674408, 0.3333333432674408], [0.3333333432674408, 0.3333333432674408, 0.3333333432674408], [0.3333333432674408, 0.3333333432674408, 0.3333333432674408], [0.3333333432674408, 0.3333333432674408, 0.3333333432674408], [0.3333333432674408, 0.3333333432674408, 0.3333333432674408], [0.3333333432674408, 0.3333333432674408, 0.3333333432674408]], "coeff_list_in_victim": [[0.6221961975097656, 0.09297551214694977, 0.284828245639801]], "victims": {"DPN92": {"clean acc": 92.55000114440918, "prediction": 8, "poisons predictions": [8, 8, 8], "scores": [1.6978629060419165e-13, 5.588094040504064e-15, 9.292915917487762e-29, 1.724332482355706e-11, 3.1152583222224298e-27, 7.133641550735592e-13, 0.14225280284881592, 8.276000386039143e-33, 0.8577468991279602, 1.8216880036222622e-44], "malicious score": 0.8577468991279602, "camera": {"2": {"prediction": 6, "scores": [5.636432516737972e-16, 2.5232732611210967e-21, 7.825606491125367e-27, 1.6783280321064353e-10, 2.6622874725041646e-25, 1.8503049759033274e-08, 0.9999847412109375, 2.5317134275728168e-33, 1.673237420618534e-05, 1.211002132869507e-41], "malicious score": 1.673237420618534e-05}, "4": {"prediction": 5, "scores": [2.6380100379378423e-21, 3.756624797986628e-22, 1.0330390531307397e-15, 0.0011853212490677834, 6.420228525249108e-14, 0.9988105297088623, 4.8034244173322804e-06, 1.9479584734227754e-31, 2.6077173406746645e-11, 5.033130031089525e-32], "malicious score": 2.6077173406746645e-11}}}, "SENet18": {"clean acc": 91.47000083923339, "prediction": 6, "poisons predictions": [6, 8, 8], "scores": [1.937264784146464e-07, 1.0241343363637245e-11, 1.4301716755316107e-10, 1.0400097671947606e-08, 1.0388306748154719e-07, 1.0330200583830162e-10, 0.9874847531318665, 2.342453899200129e-17, 0.012515195645391941, 8.453101500022209e-14], "malicious score": 0.012515195645391941, "camera": {"2": {"prediction": 6, "scores": [3.368063423644929e-12, 1.1741641582720201e-23, 4.85939286653061e-15, 2.7524957139923867e-12, 6.489812853782695e-11, 7.099592441717206e-11, 1.0, 9.746920198103026e-29, 5.8828259597021315e-08, 5.382323691352866e-16], "malicious score": 5.8828259597021315e-08}, "4": {"prediction": 8, "scores": [0.0003865799226332456, 3.2502809884998266e-15, 0.0019721912685781717, 0.23355646431446075, 0.0005727478419430554, 0.0020206246990710497, 0.16100072860717773, 7.856249114629357e-16, 0.6004905700683594, 5.466372687834564e-09], "malicious score": 0.6004905700683594}}}, "ResNet50": {"clean acc": 92.97000160217286, "prediction": 6, "poisons predictions": [8, 8, 8], "scores": [2.3893041751084976e-30, 1.2539769865559213e-19, 4.5393257408342586e-24, 2.953439491391349e-21, 9.338045872762723e-29, 7.348647229514838e-19, 1.0, 2.255601815425485e-20, 5.074145104089212e-09, 2.133528425112303e-17], "malicious score": 5.074145104089212e-09, "camera": {"2": {"prediction": 8, "scores": [3.673984928624251e-23, 6.40770422832837e-13, 1.096408711348827e-17, 1.1556661547729163e-06, 2.607902965852578e-21, 1.0581257007744038e-12, 0.2958402931690216, 6.538329482051828e-15, 0.7041584253311157, 5.824688821542967e-12], "malicious score": 0.7041584253311157}, "4": {"prediction": 3, "scores": [1.115454348497465e-20, 2.1524331206279612e-09, 1.4154693466183728e-16, 0.9993443489074707, 1.75022396177665e-19, 4.488424354409659e-10, 1.2313439157196626e-09, 1.5203631756333102e-11, 0.0006556339794769883, 5.996897423088399e-12], "malicious score": 0.0006556339794769883}}}, "ResNeXt29_2x64d": {"clean acc": 92.88000221252442, "prediction": 8, "poisons predictions": [8, 8, 6], "scores": [1.2124550885893022e-20, 6.1201694753765246e-12, 6.07929919738126e-08, 0.00011389869177946821, 4.514731818822636e-25, 2.910121450728446e-16, 0.4731573760509491, 2.008839783092852e-19, 0.5267278552055359, 9.33899881764373e-16], "malicious score": 0.5267278552055359, "camera": {"2": {"prediction": 6, "scores": [2.3564460108031265e-23, 1.170209827639354e-18, 1.081629785737448e-10, 1.859857547970023e-07, 1.097588229543297e-18, 1.416907979834292e-10, 0.9788511991500854, 2.773205802424637e-23, 0.02114945650100708, 5.959568255553549e-11], "malicious score": 0.02114945650100708}, "4": {"prediction": 6, "scores": [4.548851334714643e-20, 1.3968256855811847e-14, 3.689936967088414e-10, 0.015576557256281376, 5.320939848940057e-15, 5.220306409370323e-10, 0.8621509075164795, 1.7612222068999433e-18, 0.12227270007133484, 8.87749075639821e-12], "malicious score": 0.12227270007133484}}}, "GoogLeNet": {"clean acc": 91.95000228881835, "prediction": 8, "poisons predictions": [8, 8, 6], "scores": [1.1890588340335295e-12, 5.415841997091775e-09, 3.7960617191856727e-06, 0.0007980434456840158, 4.9859899320381373e-08, 3.270121669629589e-05, 0.46101030707359314, 9.451690857531503e-06, 0.5381456613540649, 1.801553481048379e-12], "malicious score": 0.5381456613540649, "camera": {"2": {"prediction": 6, "scores": [5.340337113496352e-12, 2.4315340851899236e-09, 3.6579713196260855e-05, 0.029569853097200394, 5.819750867885887e-07, 0.014562309719622135, 0.9002906084060669, 7.121737155557639e-08, 0.055539820343256, 1.4024185979177872e-10], "malicious score": 0.055539820343256}, "4": {"prediction": 6, "scores": [1.5330022407750166e-13, 4.107146622800428e-09, 2.7044861781178042e-06, 0.034639328718185425, 3.747274934795541e-09, 0.0007785612251609564, 0.9055121541023254, 2.9728559169939217e-08, 0.0590672641992569, 8.639090311179931e-12], "malicious score": 0.0590672641992569}}}, "MobileNetV2": {"clean acc": 87.09000244140626, "prediction": 8, "poisons predictions": [6, 8, 6], "scores": [3.585589325449945e-10, 1.6433120489378616e-11, 3.0274270102381706e-05, 0.0367758572101593, 3.191116533345084e-13, 7.420796754864512e-10, 0.061018429696559906, 2.3975779567751573e-21, 0.9021745920181274, 2.489656430234438e-13], "malicious score": 0.9021745920181274, "camera": {"2": {"prediction": 6, "scores": [8.979447585488742e-08, 1.6419416226653993e-07, 6.204949750099331e-05, 0.015434585511684418, 2.6951035847488924e-10, 4.4279906433075666e-05, 0.9841669201850891, 1.4421449693400217e-21, 0.00029159788391552866, 4.5501413747928154e-10], "malicious score": 0.00029159788391552866}, "4": {"prediction": 6,