{"args": "Namespace(device='cuda', dset_path='datasets', end2end=False, eval_poisons_root='attack-results-eps0.05/100-overlap/linear-transfer-learning/mean/800', gpu='0', lr_decay_epoch=[30, 45], model_resume_path='model-chks', num_per_class=50, poison_label=8, retrain_bsize=64, retrain_epochs=60, retrain_lr=0.1, retrain_momentum=0.9, retrain_opt='adam', retrain_wd=0, subset_group=0, target_camera=True, target_index_end=49, target_index_start=48, target_index_step=1, target_label=6, target_net=['DPN92', 'SENet18', 'ResNet50', 'ResNeXt29_2x64d', 'GoogLeNet', 'MobileNetV2', 'ResNet18', 'DenseNet121'], target_print_size=[2, 4], test_chk_name='ckpt-%s-4800.t7', train_data_path='datasets/CIFAR10_TRAIN_Split.pth')", "poison_label": 8, "target_label": 6, "targets": {"48": {}, "48": {"800": {"time": 331.0, "coeffs_time": 0, "poisons_time": 4, "target_loss": 0.018834257498383522, "total_loss": 0.10740343481302261, "coeff_list": [[0.20000000298023224, 0.20000000298023224, 0.20000000298023224, 0.20000000298023224, 0.20000000298023224], [0.20000000298023224, 0.20000000298023224, 0.20000000298023224, 0.20000000298023224, 0.20000000298023224], [0.20000000298023224, 0.20000000298023224, 0.20000000298023224, 0.20000000298023224, 0.20000000298023224], [0.20000000298023224, 0.20000000298023224, 0.20000000298023224, 0.20000000298023224, 0.20000000298023224], [0.20000000298023224, 0.20000000298023224, 0.20000000298023224, 0.20000000298023224, 0.20000000298023224], [0.20000000298023224, 0.20000000298023224, 0.20000000298023224, 0.20000000298023224, 0.20000000298023224], [0.20000000298023224, 0.20000000298023224, 0.20000000298023224, 0.20000000298023224, 0.20000000298023224], [0.20000000298023224, 0.20000000298023224, 0.20000000298023224, 0.20000000298023224, 0.20000000298023224], [0.20000000298023224, 0.20000000298023224, 0.20000000298023224, 0.20000000298023224, 0.20000000298023224], [0.20000000298023224, 0.20000000298023224, 0.20000000298023224, 0.20000000298023224, 0.20000000298023224], [0.20000000298023224, 0.20000000298023224, 0.20000000298023224, 0.20000000298023224, 0.20000000298023224], [0.20000000298023224, 0.20000000298023224, 0.20000000298023224, 0.20000000298023224, 0.20000000298023224], [0.20000000298023224, 0.20000000298023224, 0.20000000298023224, 0.20000000298023224, 0.20000000298023224], [0.20000000298023224, 0.20000000298023224, 0.20000000298023224, 0.20000000298023224, 0.20000000298023224], [0.20000000298023224, 0.20000000298023224, 0.20000000298023224, 0.20000000298023224, 0.20000000298023224], [0.20000000298023224, 0.20000000298023224, 0.20000000298023224, 0.20000000298023224, 0.20000000298023224], [0.20000000298023224, 0.20000000298023224, 0.20000000298023224, 0.20000000298023224, 0.20000000298023224], [0.20000000298023224, 0.20000000298023224, 0.20000000298023224, 0.20000000298023224, 0.20000000298023224]], "coeff_list_in_victim": [[0.07163898646831512, 0.4404929280281067, 0.0, 0.4601813554763794, 0.027686724439263344]], "victims": {"DPN92": {"clean acc": 92.50000076293945, "prediction": 8, "poisons predictions": [8, 8, 8, 6, 8], "scores": [9.537716687191278e-05, 8.541669147484756e-19, 6.552535531876464e-23, 7.009711956934908e-14, 1.2257597982939576e-28, 9.498609581173878e-13, 4.816950240638107e-05, 3.0828566215145976e-44, 0.9998569488525391, 4.5615067610701445e-41], "malicious score": 0.9998569488525391, "camera": {}}, "SENet18": {"clean acc": 91.9400016784668, "prediction": 8, "poisons predictions": [8, 8, 8, 8, 8], "scores": [4.77661799003215e-10, 3.120857657587864e-14, 2.2712842891181584e-14, 3.551584026872945e-10, 1.4958427527744789e-06, 1.220856855775057e-18, 0.001605303375981748, 3.697490389794888e-17, 0.9983934164047241, 6.467314850420115e-21], "malicious score": 0.9983934164047241, "camera": {}}, "ResNet50": {"clean acc": 92.68000183105468, "prediction": 8, "poisons predictions": [8, 8, 8, 8, 8], "scores": [6.983389074022089e-16, 1.3398518791187636e-33, 3.644932326290004e-17, 1.3365555321462488e-31, 5.009962008863349e-28, 8.363582783845316e-21, 0.016240226104855537, 1.6522374388833255e-19, 0.9837605953216553, 2.4885689023988435e-17], "malicious score": 0.9837605953216553, "camera": {}}, "ResNeXt29_2x64d": {"clean acc": 92.61000175476075, "prediction": 6, "poisons predictions": [8, 8, 8, 8, 8], "scores": [3.333233645694267e-12, 1.086450041043463e-09, 8.261528350317349e-09, 0.0011165938340127468, 2.87968006402069e-28, 6.341309393734146e-20, 0.7191377282142639, 2.212858337695703e-22, 0.2797454297542572, 5.901988988269317e-19], "malicious score": 0.2797454297542572, "camera": {}}, "GoogLeNet": {"clean acc": 91.80000190734863, "prediction": 6, "poisons predictions": [8, 8, 8, 6, 8], "scores": [1.4911686330165708e-09, 1.4852250387775712e-05, 0.023056432604789734, 0.28584957122802734, 2.7656802558340132e-05, 0.00226067123003304, 0.438252329826355, 3.050647683267016e-05, 0.2505078613758087, 1.2128418269696795e-08], "malicious score": 0.2505078613758087, "camera": {}}, "MobileNetV2": {"clean acc": 87.04000205993653, "prediction": 8, "poisons predictions": [8, 8, 6, 6, 6], "scores": [1.510556671746599e-06, 4.3842728264392255e-22, 1.3989128432034814e-11, 0.006216914858669043, 3.4797341123324005e-30, 2.270812426985458e-10, 0.018041417002677917, 9.167509346051432e-19, 0.9757400751113892, 4.629787178633826e-11], "malicious score": 0.9757400751113892, "camera": {}}, "ResNet18": {"clean acc": 92.24000091552735, "prediction": 8, "poisons predictions": [8, 6, 8, 8, 8], "scores": [9.314150891069067e-19, 1.3918082686359412e-07, 1.0853130663546403e-20, 0.0001237252727150917, 2.9406490496110343e-19, 6.076805725285794e-12, 0.05454862490296364, 1.3145567804868225e-13, 0.9453274607658386, 6.063802990275129e-16], "malicious score": 0.9453274607658386, "camera": {}}, "DenseNet121": {"clean acc": 93.31000213623047, "prediction": 8, "poisons predictions": [8, 8, 8, 8, 8], "scores": [1.8645674572326243e-05, 1.4475861915413946e-12, 9.18904135005505e-08, 0.0008846105192787945, 6.075835667918028e-11, 4.154205453232862e-05, 0.24107441306114197, 1.3088611446022361e-15, 0.757980465888977, 1.0020158924817224e-08], "malicious score": 0.757980465888977, "camera": {}}}}}}, "poison_idx_list": [213, 225, 227, 247, 249]}