{"args": "Namespace(device='cuda', dset_path='datasets', end2end=False, eval_poisons_root='attack-results-eps0.30/100-overlap/linear-transfer-learning/mean/800', gpu='0', lr_decay_epoch=[30, 45], model_resume_path='model-chks', num_per_class=50, poison_label=8, retrain_bsize=64, retrain_epochs=60, retrain_lr=0.1, retrain_momentum=0.9, retrain_opt='adam', retrain_wd=0, subset_group=0, target_camera=True, target_index_end=13, target_index_start=12, target_index_step=1, target_label=6, target_net=['DPN92', 'SENet18', 'ResNet50', 'ResNeXt29_2x64d', 'GoogLeNet', 'MobileNetV2', 'ResNet18', 'DenseNet121'], target_print_size=[2, 4], test_chk_name='ckpt-%s-4800.t7', train_data_path='datasets/CIFAR10_TRAIN_Split.pth')", "poison_label": 8, "target_label": 6, "targets": {"12": {}, "12": {"800": {"time": 452.0, "coeffs_time": 0, "poisons_time": 7, "target_loss": 0.006264575757086277, "total_loss": 0.09061911702156067, "coeff_list": [[0.20000000298023224, 0.20000000298023224, 0.20000000298023224, 0.20000000298023224, 0.20000000298023224], [0.20000000298023224, 0.20000000298023224, 0.20000000298023224, 0.20000000298023224, 0.20000000298023224], [0.20000000298023224, 0.20000000298023224, 0.20000000298023224, 0.20000000298023224, 0.20000000298023224], [0.20000000298023224, 0.20000000298023224, 0.20000000298023224, 0.20000000298023224, 0.20000000298023224], [0.20000000298023224, 0.20000000298023224, 0.20000000298023224, 0.20000000298023224, 0.20000000298023224], [0.20000000298023224, 0.20000000298023224, 0.20000000298023224, 0.20000000298023224, 0.20000000298023224], [0.20000000298023224, 0.20000000298023224, 0.20000000298023224, 0.20000000298023224, 0.20000000298023224], [0.20000000298023224, 0.20000000298023224, 0.20000000298023224, 0.20000000298023224, 0.20000000298023224], [0.20000000298023224, 0.20000000298023224, 0.20000000298023224, 0.20000000298023224, 0.20000000298023224], [0.20000000298023224, 0.20000000298023224, 0.20000000298023224, 0.20000000298023224, 0.20000000298023224], [0.20000000298023224, 0.20000000298023224, 0.20000000298023224, 0.20000000298023224, 0.20000000298023224], [0.20000000298023224, 0.20000000298023224, 0.20000000298023224, 0.20000000298023224, 0.20000000298023224], [0.20000000298023224, 0.20000000298023224, 0.20000000298023224, 0.20000000298023224, 0.20000000298023224], [0.20000000298023224, 0.20000000298023224, 0.20000000298023224, 0.20000000298023224, 0.20000000298023224], [0.20000000298023224, 0.20000000298023224, 0.20000000298023224, 0.20000000298023224, 0.20000000298023224], [0.20000000298023224, 0.20000000298023224, 0.20000000298023224, 0.20000000298023224, 0.20000000298023224], [0.20000000298023224, 0.20000000298023224, 0.20000000298023224, 0.20000000298023224, 0.20000000298023224], [0.20000000298023224, 0.20000000298023224, 0.20000000298023224, 0.20000000298023224, 0.20000000298023224]], "coeff_list_in_victim": [[0.122246652841568, 0.05876557528972626, 0.0, 0.4938257038593292, 0.32516202330589294]], "victims": {"DPN92": {"clean acc": 92.17000160217285, "prediction": 8, "poisons predictions": [8, 8, 8, 8, 8], "scores": [1.4156153462993593e-12, 2.5803184149568465e-25, 8.168232533323694e-33, 8.616355919770571e-14, 5.180303169836487e-29, 2.7524022218838005e-15, 6.931918323971331e-05, 1.981749022580283e-36, 0.9999313354492188, 0.0], "malicious score": 0.9999313354492188, "camera": {"2": {"prediction": 8, "scores": [6.713921301711754e-21, 1.4673464555864297e-33, 1.6019121840059055e-17, 0.0002463785349391401, 2.1239267788105472e-20, 0.4677894413471222, 7.315002770180712e-11, 2.176714799248162e-30, 0.5319638252258301, 3.6376721619753366e-37], "malicious score": 0.5319638252258301}, "4": {"prediction": 5, "scores": [9.997525663122062e-30, 2.97380757502084e-39, 7.642299180064761e-16, 4.640786210075021e-05, 6.681549782309947e-21, 0.9997292160987854, 7.493079106282645e-17, 9.577890518836722e-36, 0.00022420124150812626, 4.535666817387995e-40], "malicious score": 0.00022420124150812626}}}, "SENet18": {"clean acc": 91.6200023651123, "prediction": 6, "poisons predictions": [8, 6, 8, 8, 8], "scores": [1.09973624851838e-14, 1.9869084979303675e-24, 4.9976858182464515e-14, 6.382719873465614e-14, 3.3816940914199733e-10, 1.2604672893542362e-13, 0.9204001426696777, 7.596721839808386e-24, 0.07960034161806107, 2.291185865219552e-18], "malicious score": 0.07960034161806107, "camera": {"2": {"prediction": 8, "scores": [2.3047920350383447e-17, 2.58348793850154e-34, 1.3760338896974533e-13, 1.764558009258177e-14, 2.1146797854476596e-11, 3.0936003758696984e-11, 0.0002995235554408282, 3.792838411459233e-30, 0.9997006058692932, 2.3744719927605254e-18], "malicious score": 0.9997006058692932}, "4": {"prediction": 8, "scores": [4.825709655088422e-18, 9.881643972405006e-32, 2.5681477886126125e-13, 5.006516035077624e-12, 3.5832803391144807e-09, 2.996309333980207e-08, 0.08201128989458084, 2.189900159514104e-29, 0.9179894328117371, 8.183273183092073e-16], "malicious score": 0.9179894328117371}}}, "ResNet50": {"clean acc": 93.50000190734863, "prediction": 8, "poisons predictions": [8, 8, 8, 8, 8], "scores": [0.0, 1.0878982007508486e-15, 5.827384039158755e-25, 0.0, 8.96831017167883e-44, 1.6733727359440268e-26, 0.002550151664763689, 1.8105855158894167e-39, 0.9974493384361267, 1.3027617226625156e-26], "malicious score": 0.9974493384361267, "camera": {"2": {"prediction": 8, "scores": [6.573491096147717e-42, 2.3761995517936063e-13, 3.574575391029813e-21, 0.0, 2.8973275074349204e-39, 2.877792839098281e-12, 2.9528693630709313e-05, 1.9633048342914045e-30, 0.9999704360961914, 6.364865946616008e-20], "malicious score": 0.9999704360961914}, "4": {"prediction": 6, "scores": [3.643376007244524e-43, 1.454059214783213e-15, 6.520827619938614e-20, 0.0, 7.031011452044715e-34, 4.493007192182581e-21, 0.9996595978736877, 7.460560689557691e-33, 0.00034069729736074805, 2.283887272627607e-21], "malicious score": 0.00034069729736074805}}}, "ResNeXt29_2x64d": {"clean acc": 92.59000129699707, "prediction": 6, "poisons predictions": [8, 8, 8, 8, 8], "scores": [2.5551686871893843e-22, 6.733349373607563e-25, 6.820436142945807e-12, 5.6215577711512393e-14, 3.431986658680934e-37, 2.539378342439501e-22, 0.9283517003059387, 1.9137217055813585e-26, 0.07164853811264038, 5.120284342413754e-21], "malicious score": 0.07164853811264038, "camera": {"2": {"prediction": 8, "scores": [1.9383321678367964e-21, 8.772128386673355e-43, 7.457497019913717e-08, 3.4448950390697355e-21, 4.304749944155467e-33, 9.738694295435835e-09, 8.508765859005507e-06, 6.744608883915396e-25, 0.9999923706054688, 3.208941462377429e-19], "malicious score": 0.9999923706054688}, "4": {"prediction": 8, "scores": [1.2856761356059555e-24, 2.802596928649634e-45, 1.084994205591272e-09, 5.563926289097444e-24, 2.845697335898058e-35, 1.2084930833822227e-09, 5.722395144402981e-06, 9.001507068721175e-29, 0.9999942779541016, 2.1861468521223885e-19], "malicious score": 0.9999942779541016}}}, "GoogLeNet": {"clean acc": 92.44000129699707, "prediction": 6, "poisons predictions": [8, 8, 8, 6, 8], "scores": [4.816569845332748e-14, 4.702931377664754e-10, 2.952714339699014e-07, 0.00021131652465555817, 1.3576416657556933e-09, 1.2880608665000182e-05, 0.9754711985588074, 3.5141463285981445e-06, 0.024300485849380493, 3.742376634280342e-12], "malicious score": 0.024300485849380493, "camera": {"2": {"prediction": 5, "scores": [2.3376742763758784e-09, 1.5908536710185217e-09, 0.05965259298682213, 0.1281156986951828, 3.124641807517037e-07, 0.5110644102096558, 0.14290545880794525, 4.2315871695564056e-08, 0.15826104581356049, 4.854711050938931e-07], "malicious score": 0.15826104581356049}, "4": {"prediction": 6, "scores": [2.8342188596042206e-09, 5.482251319577358e-10, 0.0029977576341480017, 0.037042826414108276, 0.008320587687194347, 0.21413570642471313, 0.732798159122467, 2.2945891942072194e-06, 0.004700306802988052, 2.4748981104494305e-06], "malicious score": 0.004700306802988052}}}, "MobileNetV2": {"clean acc": 87.52000198364257, "prediction": 8,