{"args": "Namespace(device='cuda', dset_path='datasets', end2end=False, eval_poisons_root='attack-results-eps0.05/100-overlap/linear-transfer-learning/mean/800', gpu='1', lr_decay_epoch=[30, 45], model_resume_path='model-chks', num_per_class=50, poison_label=8, retrain_bsize=64, retrain_epochs=60, retrain_lr=0.1, retrain_momentum=0.9, retrain_opt='adam', retrain_wd=0, subset_group=0, target_camera=True, target_index_end=14, target_index_start=13, target_index_step=1, target_label=6, target_net=['DPN92', 'SENet18', 'ResNet50', 'ResNeXt29_2x64d', 'GoogLeNet', 'MobileNetV2', 'ResNet18', 'DenseNet121'], target_print_size=[2, 4], test_chk_name='ckpt-%s-4800.t7', train_data_path='datasets/CIFAR10_TRAIN_Split.pth')", "poison_label": 8, "target_label": 6, "targets": {"13": {}, "13": {"800": {"time": 376.0, "coeffs_time": 0, "poisons_time": 4, "target_loss": 0.010354917496442795, "total_loss": 0.08819735050201416, "coeff_list": [[0.20000000298023224, 0.20000000298023224, 0.20000000298023224, 0.20000000298023224, 0.20000000298023224], [0.20000000298023224, 0.20000000298023224, 0.20000000298023224, 0.20000000298023224, 0.20000000298023224], [0.20000000298023224, 0.20000000298023224, 0.20000000298023224, 0.20000000298023224, 0.20000000298023224], [0.20000000298023224, 0.20000000298023224, 0.20000000298023224, 0.20000000298023224, 0.20000000298023224], [0.20000000298023224, 0.20000000298023224, 0.20000000298023224, 0.20000000298023224, 0.20000000298023224], [0.20000000298023224, 0.20000000298023224, 0.20000000298023224, 0.20000000298023224, 0.20000000298023224], [0.20000000298023224, 0.20000000298023224, 0.20000000298023224, 0.20000000298023224, 0.20000000298023224], [0.20000000298023224, 0.20000000298023224, 0.20000000298023224, 0.20000000298023224, 0.20000000298023224], [0.20000000298023224, 0.20000000298023224, 0.20000000298023224, 0.20000000298023224, 0.20000000298023224], [0.20000000298023224, 0.20000000298023224, 0.20000000298023224, 0.20000000298023224, 0.20000000298023224], [0.20000000298023224, 0.20000000298023224, 0.20000000298023224, 0.20000000298023224, 0.20000000298023224], [0.20000000298023224, 0.20000000298023224, 0.20000000298023224, 0.20000000298023224, 0.20000000298023224], [0.20000000298023224, 0.20000000298023224, 0.20000000298023224, 0.20000000298023224, 0.20000000298023224], [0.20000000298023224, 0.20000000298023224, 0.20000000298023224, 0.20000000298023224, 0.20000000298023224], [0.20000000298023224, 0.20000000298023224, 0.20000000298023224, 0.20000000298023224, 0.20000000298023224], [0.20000000298023224, 0.20000000298023224, 0.20000000298023224, 0.20000000298023224, 0.20000000298023224], [0.20000000298023224, 0.20000000298023224, 0.20000000298023224, 0.20000000298023224, 0.20000000298023224], [0.20000000298023224, 0.20000000298023224, 0.20000000298023224, 0.20000000298023224, 0.20000000298023224]], "coeff_list_in_victim": [[0.0, 0.004217755980789661, 0.7539419531822205, 0.0, 0.24184027314186096]], "victims": {"DPN92": {"clean acc": 91.89000205993652, "prediction": 6, "poisons predictions": [8, 8, 8, 8, 6], "scores": [1.2064173271486567e-10, 1.5347513326225102e-21, 1.401298464324817e-44, 3.080173739433416e-20, 1.127235899617217e-33, 1.9537060950029186e-21, 0.9999771118164062, 1.5414283107572988e-44, 2.1757628928753547e-05, 0.0], "malicious score": 2.1757628928753547e-05, "camera": {"2": {"prediction": 6, "scores": [6.846602900623111e-06, 2.347948065915931e-16, 2.3982714102538584e-30, 8.265050449596245e-11, 1.8523890027955892e-26, 4.343698794748163e-13, 0.9998302459716797, 7.179264707734926e-34, 0.00016211117326747626, 0.0], "malicious score": 0.00016211117326747626}, "4": {"prediction": 6, "scores": [0.00013314747775439173, 5.907837966664248e-14, 6.0872340190382715e-31, 5.442190101345723e-11, 1.3098783881781362e-25, 2.606103538266985e-13, 0.9939568042755127, 1.558108798870517e-32, 0.005910880398005247, 1.401298464324817e-45], "malicious score": 0.005910880398005247}}}, "SENet18": {"clean acc": 91.61000175476075, "prediction": 6, "poisons predictions": [6, 6, 8, 8, 6], "scores": [5.4257038199340535e-21, 6.030610733687549e-15, 1.3249677471833354e-21, 1.9663769285346096e-16, 5.76810890717816e-11, 4.607223958352953e-16, 1.0, 1.6893002753891112e-16, 3.39803136739647e-07, 5.828891037538006e-19], "malicious score": 3.39803136739647e-07, "camera": {"2": {"prediction": 6, "scores": [5.927827318870906e-18, 5.551503699490336e-16, 1.5275736626885695e-20, 1.1242792822749575e-14, 3.438218876272714e-10, 5.1124151604026256e-15, 0.9999980926513672, 7.823650522258683e-16, 2.652933062563534e-06, 2.8516553241446566e-18], "malicious score": 2.652933062563534e-06}, "4": {"prediction": 6, "scores": [3.256534368051609e-16, 1.8607148834963796e-14, 1.7738714528271042e-18, 1.0416628226216779e-13, 8.417015973094522e-10, 2.4816996398971565e-14, 0.9999275207519531, 1.5946843997215188e-13, 7.239302794914693e-05, 3.0529572121939795e-17], "malicious score": 7.239302794914693e-05}}}, "ResNet50": {"clean acc": 92.02000122070312, "prediction": 6, "poisons predictions": [8, 8, 6, 8, 8], "scores": [6.74847961927348e-22, 1.1526514974212382e-19, 3.3185264387857464e-21, 3.735441522015185e-25, 1.0072850513935843e-24, 4.7588702304198696e-20, 0.9376015067100525, 5.17488771833996e-08, 0.06239815801382065, 1.6339856551139675e-11], "malicious score": 0.06239815801382065, "camera": {"2": {"prediction": 8, "scores": [2.7904677402583434e-18, 2.6166616345479204e-14, 2.9041065365939144e-19, 1.470876409370455e-19, 1.6231676706732481e-21, 8.7237278490436e-14, 0.04382229596376419, 0.026108670979738235, 0.930069088935852, 6.662705054338858e-09], "malicious score": 0.930069088935852}, "4": {"prediction": 8, "scores": [1.2993035424627738e-17, 1.1219170937323136e-13, 2.1016133155381696e-17, 1.3900495544140868e-20, 2.594644549064092e-22, 2.0845358859183927e-12, 0.02804642729461193, 0.397842139005661, 0.5741115212440491, 2.2627988371937136e-08], "malicious score": 0.5741115212440491}}}, "ResNeXt29_2x64d": {"clean acc": 92.50000190734863, "prediction": 6, "poisons predictions": [8, 8, 8, 8, 8], "scores": [1.0061861681526114e-25, 2.902493542933371e-05, 3.1130915089560207e-15, 1.3920771380071528e-06, 9.383684273195865e-36, 4.5427162280270436e-26, 0.9977138042449951, 2.7185292155044235e-16, 0.0022564518731087446, 1.4826569223109381e-25], "malicious score": 0.0022564518731087446, "camera": {"2": {"prediction": 8, "scores": [2.386740735605912e-18, 0.0023181361611932516, 5.5845870150506016e-08, 0.007298427168279886, 2.1827915353819284e-24, 8.509342412158301e-19, 0.12487602233886719, 1.2872367616267866e-09, 0.8655071258544922, 5.831858370141708e-16], "malicious score": 0.8655071258544922}, "4": {"prediction": 8, "scores": [3.53365204935549e-17, 0.16387677192687988, 2.7792304013729563e-09, 0.05762598291039467, 1.1470002220944958e-22, 1.7385838018797956e-21, 0.0001140477106673643, 7.104632118171139e-07, 0.7783827185630798, 3.771220637386435e-18], "malicious score": 0.7783827185630798}}}, "GoogLeNet": {"clean acc": 91.16000175476074, "prediction": 8, "poisons predictions": [6, 8, 8, 8, 8], "scores": [3.8819959371005973e-16, 2.2531818189008845e-08, 6.115242318603664e-13, 1.7703061985230306e-06, 1.7795853679558604e-10, 1.0820002671607654e-08, 0.2662264108657837, 4.581896639876959e-09, 0.7337719798088074, 3.055724889702155e-13], "malicious score": 0.7337719798088074, "camera": {"2": {"prediction": 8, "scores": [1.000889705859466e-14, 1.6342625031029456e-08, 7.3430799218954235e-09, 7.25487052477547e-06, 1.4617300703179126e-09, 3.5276380003779195e-06, 0.0038255485706031322, 0.0001348822988802567, 0.99602872133255, 1.2722969379430626e-11], "malicious score": 0.99602872133255}, "4": {"prediction": 8, "scores": [6.91552373549689e-16, 1.857298848051414e-08, 1.2416626837818967e-08, 1.6958947526291013e-06, 5.430200993722378e-12, 4.3552142869884847e-07, 0.000671869667712599, 0.001667102100327611, 0.9976586103439331, 2.1291017451678662e-13], "malicious score": 0.9976586103439331}}},