{"args": "Namespace(device='cuda', dset_path='datasets', end2end=False, eval_poisons_root='attack-results-10poisons/100-overlap/linear-transfer-learning/mean/800', gpu='1', lr_decay_epoch=[30, 45], model_resume_path='model-chks', num_per_class=50, poison_label=8, retrain_bsize=64, retrain_epochs=60, retrain_lr=0.1, retrain_momentum=0.9, retrain_opt='adam', retrain_wd=0, subset_group=0, target_camera=True, target_index_end=28, target_index_start=27, target_index_step=1, target_label=6, target_net=['DPN92', 'SENet18', 'ResNet50', 'ResNeXt29_2x64d', 'GoogLeNet', 'MobileNetV2', 'ResNet18', 'DenseNet121'], target_print_size=[2, 4], test_chk_name='ckpt-%s-4800.t7', train_data_path='datasets/CIFAR10_TRAIN_Split.pth')", "poison_label": 8, "target_label": 6, "targets": {"27": {}, "27": {"800": {"time": 389.0, "coeffs_time": 0, "poisons_time": 4, "target_loss": 0.023279184475541115, "total_loss": 0.05806250870227814, "coeff_list": [[0.10000000149011612, 0.10000000149011612, 0.10000000149011612, 0.10000000149011612, 0.10000000149011612, 0.10000000149011612, 0.10000000149011612, 0.10000000149011612, 0.10000000149011612, 0.10000000149011612], [0.10000000149011612, 0.10000000149011612, 0.10000000149011612, 0.10000000149011612, 0.10000000149011612, 0.10000000149011612, 0.10000000149011612, 0.10000000149011612, 0.10000000149011612, 0.10000000149011612], [0.10000000149011612, 0.10000000149011612, 0.10000000149011612, 0.10000000149011612, 0.10000000149011612, 0.10000000149011612, 0.10000000149011612, 0.10000000149011612, 0.10000000149011612, 0.10000000149011612], [0.10000000149011612, 0.10000000149011612, 0.10000000149011612, 0.10000000149011612, 0.10000000149011612, 0.10000000149011612, 0.10000000149011612, 0.10000000149011612, 0.10000000149011612, 0.10000000149011612], [0.10000000149011612, 0.10000000149011612, 0.10000000149011612, 0.10000000149011612, 0.10000000149011612, 0.10000000149011612, 0.10000000149011612, 0.10000000149011612, 0.10000000149011612, 0.10000000149011612], [0.10000000149011612, 0.10000000149011612, 0.10000000149011612, 0.10000000149011612, 0.10000000149011612, 0.10000000149011612, 0.10000000149011612, 0.10000000149011612, 0.10000000149011612, 0.10000000149011612], [0.10000000149011612, 0.10000000149011612, 0.10000000149011612, 0.10000000149011612, 0.10000000149011612, 0.10000000149011612, 0.10000000149011612, 0.10000000149011612, 0.10000000149011612, 0.10000000149011612], [0.10000000149011612, 0.10000000149011612, 0.10000000149011612, 0.10000000149011612, 0.10000000149011612, 0.10000000149011612, 0.10000000149011612, 0.10000000149011612, 0.10000000149011612, 0.10000000149011612], [0.10000000149011612, 0.10000000149011612, 0.10000000149011612, 0.10000000149011612, 0.10000000149011612, 0.10000000149011612, 0.10000000149011612, 0.10000000149011612, 0.10000000149011612, 0.10000000149011612], [0.10000000149011612, 0.10000000149011612, 0.10000000149011612, 0.10000000149011612, 0.10000000149011612, 0.10000000149011612, 0.10000000149011612, 0.10000000149011612, 0.10000000149011612, 0.10000000149011612], [0.10000000149011612, 0.10000000149011612, 0.10000000149011612, 0.10000000149011612, 0.10000000149011612, 0.10000000149011612, 0.10000000149011612, 0.10000000149011612, 0.10000000149011612, 0.10000000149011612], [0.10000000149011612, 0.10000000149011612, 0.10000000149011612, 0.10000000149011612, 0.10000000149011612, 0.10000000149011612, 0.10000000149011612, 0.10000000149011612, 0.10000000149011612, 0.10000000149011612], [0.10000000149011612, 0.10000000149011612, 0.10000000149011612, 0.10000000149011612, 0.10000000149011612, 0.10000000149011612, 0.10000000149011612, 0.10000000149011612, 0.10000000149011612, 0.10000000149011612], [0.10000000149011612, 0.10000000149011612, 0.10000000149011612, 0.10000000149011612, 0.10000000149011612, 0.10000000149011612, 0.10000000149011612, 0.10000000149011612, 0.10000000149011612, 0.10000000149011612], [0.10000000149011612, 0.10000000149011612, 0.10000000149011612, 0.10000000149011612, 0.10000000149011612, 0.10000000149011612, 0.10000000149011612, 0.10000000149011612, 0.10000000149011612, 0.10000000149011612], [0.10000000149011612, 0.10000000149011612, 0.10000000149011612, 0.10000000149011612, 0.10000000149011612, 0.10000000149011612, 0.10000000149011612, 0.10000000149011612, 0.10000000149011612, 0.10000000149011612], [0.10000000149011612, 0.10000000149011612, 0.10000000149011612, 0.10000000149011612, 0.10000000149011612, 0.10000000149011612, 0.10000000149011612, 0.10000000149011612, 0.10000000149011612, 0.10000000149011612], [0.10000000149011612, 0.10000000149011612, 0.10000000149011612, 0.10000000149011612, 0.10000000149011612, 0.10000000149011612, 0.10000000149011612, 0.10000000149011612, 0.10000000149011612, 0.10000000149011612]], "coeff_list_in_victim": [[0.0, 0.6271588802337646, 0.0, 0.37284108996391296, 0.0, 0.0, 0.0, 0.0, 0.0, 0.0]], "victims": {"DPN92": {"clean acc": 91.57000160217285, "prediction": 8, "poisons predictions": [8, 8, 8, 8, 8, 8, 8, 8, 8, 8], "scores": [2.0924927393860987e-18, 3.696436535224716e-15, 1.1489666498538473e-40, 5.475264381490344e-16, 1.5239057606545987e-29, 9.483406003070253e-20, 1.7931915863300674e-05, 2.925517260485927e-37, 0.9999809265136719, 0.0], "malicious score": 0.9999809265136719, "camera": {"2": {"prediction": 8, "scores": [1.1368740612125549e-19, 0.05774497613310814, 6.180944999902439e-17, 0.007602883968502283, 9.205721359766819e-16, 3.633949530179592e-10, 1.838546236305485e-21, 5.036163453755001e-25, 0.9346518516540527, 1.1691990204029047e-22], "malicious score": 0.9346518516540527}, "4": {"prediction": 8, "scores": [7.00260491211206e-21, 2.507598573231462e-10, 8.148293858055461e-23, 0.00035619677510112524, 6.269243885961492e-14, 1.1835503410662085e-10, 1.4378969261770946e-16, 6.026796324937071e-29, 0.9996433854103088, 1.0450378749205724e-28], "malicious score": 0.9996433854103088}}}, "SENet18": {"clean acc": 91.63000183105468, "prediction": 6, "poisons predictions": [6, 8, 8, 8, 8, 8, 8, 8, 8, 8], "scores": [2.7134792190963708e-08, 9.656719868189612e-12, 2.98058950974232e-15, 1.1639632833959634e-11, 4.573942715069279e-05, 3.3372216678158697e-16, 0.6360061168670654, 1.755150115956977e-13, 0.3639480769634247, 6.334373872038801e-19], "malicious score": 0.3639480769634247, "camera": {"2": {"prediction": 8, "scores": [0.00011273998097749427, 9.510260959820493e-14, 8.290273854072439e-07, 2.773835603875341e-06, 5.5458622227888554e-05, 3.929215619535853e-09, 0.0010811128886416554, 2.149496509604165e-12, 0.9987466931343079, 6.5673738149085725e-12], "malicious score": 0.9987466931343079}, "4": {"prediction": 8, "scores": [0.00011069749598391354, 9.760448663228478e-17, 2.32736382249632e-11, 3.9707183532300405e-06, 2.686440666366252e-06, 2.091539580417745e-10, 5.6398430814397216e-08, 5.826768866799012e-15, 0.9998817443847656, 4.776674390229163e-13], "malicious score": 0.9998817443847656}}}, "ResNet50": {"clean acc": 92.99000129699706, "prediction": 8, "poisons predictions": [8, 8, 8, 8, 8, 8, 8, 8, 8, 8], "scores": [5.0109466188315074e-39, 4.748171489301806e-20, 1.1610550190271681e-32, 6.776057703089051e-29, 2.2246406255187578e-29, 0.0, 0.00036973526584915817, 6.673892686680554e-33, 0.9996300339698792, 1.657700473317856e-24], "malicious score": 0.9996300339698792, "camera": {"2": {"prediction": 8, "scores": [3.748646488921284e-32, 5.562130200864601e-10, 6.394833381959123e-25, 4.117601195404035e-17, 2.266308140810064e-25, 5.485099431029761e-35, 5.388431367769897e-10, 4.606334759285908e-28, 1.0, 3.185491067787431e-17], "malicious score": 1.0}, "4": {"prediction": 8, "scores": [1.530430450194318e-29, 2.9296129966382978e-09, 3.2338282916932673e-25, 2.387621079579655e-13, 1.3698695836907705e-24, 4.038757369107258e-26, 5.4744115490779066e-11, 1.3464918879797722e-26, 1.0, 2.3644762595203734e-17], "malicious score": 1.0}}}, "ResNeXt29_2x64d": {"clean acc": 92.23000144958496, "prediction": 8, "poisons predictions": [8, 8, 8, 8, 8, 8, 8, 8, 8, 8],