{"args": "Namespace(device='cuda', dset_path='datasets', end2end=False, eval_poisons_root='attack-results-7poisons/100-overlap/linear-transfer-learning/mean/800', gpu='2', lr_decay_epoch=[30, 45], model_resume_path='model-chks', num_per_class=50, poison_label=8, retrain_bsize=64, retrain_epochs=60, retrain_lr=0.1, retrain_momentum=0.9, retrain_opt='adam', retrain_wd=0, subset_group=0, target_camera=True, target_index_end=45, target_index_start=44, target_index_step=1, target_label=6, target_net=['DPN92', 'SENet18', 'ResNet50', 'ResNeXt29_2x64d', 'GoogLeNet', 'MobileNetV2', 'ResNet18', 'DenseNet121'], target_print_size=[2, 4], test_chk_name='ckpt-%s-4800.t7', train_data_path='datasets/CIFAR10_TRAIN_Split.pth')", "poison_label": 8, "target_label": 6, "targets": {"44": {}, "44": {"800": {"time": 388.0, "coeffs_time": 0, "poisons_time": 4, "target_loss": 0.008316997438669205, "total_loss": 0.08675581216812134, "coeff_list": [[0.1428571492433548, 0.1428571492433548, 0.1428571492433548, 0.1428571492433548, 0.1428571492433548, 0.1428571492433548, 0.1428571492433548], [0.1428571492433548, 0.1428571492433548, 0.1428571492433548, 0.1428571492433548, 0.1428571492433548, 0.1428571492433548, 0.1428571492433548], [0.1428571492433548, 0.1428571492433548, 0.1428571492433548, 0.1428571492433548, 0.1428571492433548, 0.1428571492433548, 0.1428571492433548], [0.1428571492433548, 0.1428571492433548, 0.1428571492433548, 0.1428571492433548, 0.1428571492433548, 0.1428571492433548, 0.1428571492433548], [0.1428571492433548, 0.1428571492433548, 0.1428571492433548, 0.1428571492433548, 0.1428571492433548, 0.1428571492433548, 0.1428571492433548], [0.1428571492433548, 0.1428571492433548, 0.1428571492433548, 0.1428571492433548, 0.1428571492433548, 0.1428571492433548, 0.1428571492433548], [0.1428571492433548, 0.1428571492433548, 0.1428571492433548, 0.1428571492433548, 0.1428571492433548, 0.1428571492433548, 0.1428571492433548], [0.1428571492433548, 0.1428571492433548, 0.1428571492433548, 0.1428571492433548, 0.1428571492433548, 0.1428571492433548, 0.1428571492433548], [0.1428571492433548, 0.1428571492433548, 0.1428571492433548, 0.1428571492433548, 0.1428571492433548, 0.1428571492433548, 0.1428571492433548], [0.1428571492433548, 0.1428571492433548, 0.1428571492433548, 0.1428571492433548, 0.1428571492433548, 0.1428571492433548, 0.1428571492433548], [0.1428571492433548, 0.1428571492433548, 0.1428571492433548, 0.1428571492433548, 0.1428571492433548, 0.1428571492433548, 0.1428571492433548], [0.1428571492433548, 0.1428571492433548, 0.1428571492433548, 0.1428571492433548, 0.1428571492433548, 0.1428571492433548, 0.1428571492433548], [0.1428571492433548, 0.1428571492433548, 0.1428571492433548, 0.1428571492433548, 0.1428571492433548, 0.1428571492433548, 0.1428571492433548], [0.1428571492433548, 0.1428571492433548, 0.1428571492433548, 0.1428571492433548, 0.1428571492433548, 0.1428571492433548, 0.1428571492433548], [0.1428571492433548, 0.1428571492433548, 0.1428571492433548, 0.1428571492433548, 0.1428571492433548, 0.1428571492433548, 0.1428571492433548], [0.1428571492433548, 0.1428571492433548, 0.1428571492433548, 0.1428571492433548, 0.1428571492433548, 0.1428571492433548, 0.1428571492433548], [0.1428571492433548, 0.1428571492433548, 0.1428571492433548, 0.1428571492433548, 0.1428571492433548, 0.1428571492433548, 0.1428571492433548], [0.1428571492433548, 0.1428571492433548, 0.1428571492433548, 0.1428571492433548, 0.1428571492433548, 0.1428571492433548, 0.1428571492433548]], "coeff_list_in_victim": [[0.0, 0.3381391167640686, 0.0, 0.43451082706451416, 0.22735005617141724, 0.0, 0.0]], "victims": {"DPN92": {"clean acc": 91.75000076293945, "prediction": 6, "poisons predictions": [8, 8, 8, 8, 8, 8, 8], "scores": [3.135381223314665e-13, 5.100549181723658e-16, 2.2535398526194227e-33, 1.578204060492805e-11, 2.8955364596629997e-32, 3.265861466387216e-18, 1.0, 2.133353104412614e-36, 6.912990180296674e-09, 0.0], "malicious score": 6.912990180296674e-09, "camera": {}}, "SENet18": {"clean acc": 90.95000190734864, "prediction": 6, "poisons predictions": [8, 8, 8, 8, 8, 8, 6], "scores": [1.726733529494595e-07, 4.136019860667631e-17, 8.123736128240466e-10, 1.299503976648353e-10, 6.3227942881383115e-09, 2.2391335747357077e-12, 0.7426933646202087, 2.5019178081283483e-14, 0.25730565190315247, 8.166714218368844e-16], "malicious score": 0.25730565190315247, "camera": {}}, "ResNet50": {"clean acc": 92.53000183105469, "prediction": 6, "poisons predictions": [8, 8, 8, 8, 8, 8, 8], "scores": [4.6813818606419804e-32, 1.0250564434728484e-34, 3.2699935449513386e-22, 7.225261513220393e-14, 6.440882371494165e-18, 2.6287687071597057e-28, 0.99910968542099, 0.0, 0.0008903862326405942, 6.500198702667176e-32], "malicious score": 0.0008903862326405942, "camera": {}}, "ResNeXt29_2x64d": {"clean acc": 92.44000244140625, "prediction": 6, "poisons predictions": [8, 8, 8, 8, 8, 8, 8], "scores": [2.8727451549696384e-21, 7.20306494420154e-22, 1.3383949981279897e-12, 4.220189708803446e-08, 3.863883773071292e-38, 1.0773473130167869e-21, 0.9986581206321716, 3.841718687407403e-24, 0.001341705908998847, 1.698341949755231e-21], "malicious score": 0.001341705908998847, "camera": {}}, "GoogLeNet": {"clean acc": 91.90000114440917, "prediction": 8, "poisons predictions": [8, 6, 8, 8, 8, 6, 8], "scores": [8.185218614009671e-10, 3.0679515816700587e-07, 9.219637036039785e-07, 2.6701538445195183e-05, 5.46382383781463e-11, 8.63214154378511e-06, 0.32260897755622864, 1.1770489436457865e-06, 0.6773533821105957, 9.019367826386404e-13], "malicious score": 0.6773533821105957, "camera": {}}, "MobileNetV2": {"clean acc": 87.10000228881836, "prediction": 6, "poisons predictions": [8, 8, 8, 6, 8, 6, 8], "scores": [2.5526198044190096e-08, 1.1500358887417406e-08, 1.878302646218799e-05, 1.868795334303286e-05, 2.611360079981038e-19, 0.00017470087914261967, 0.7666995525360107, 6.563018798398396e-15, 0.23308852314949036, 5.5127554493992486e-17], "malicious score": 0.23308852314949036, "camera": {}}, "ResNet18": {"clean acc": 92.40000114440917, "prediction": 6, "poisons predictions": [8, 8, 8, 8, 8, 8, 8], "scores": [1.2404320332723362e-19, 1.1092928797751256e-09, 2.3434031604097072e-08, 0.002478461479768157, 1.7993705202279956e-22, 7.43931650504237e-07, 0.9708646535873413, 1.4033739448304772e-10, 0.026655979454517365, 3.251358129459166e-31], "malicious score": 0.026655979454517365, "camera": {}}, "DenseNet121": {"clean acc": 92.94000129699707, "prediction": 6, "poisons predictions": [8, 8, 8, 8, 8, 8, 8], "scores": [2.9409923740786326e-07, 2.766008255772334e-10, 2.5121920543824672e-08, 0.00011359679774614051, 2.2089374773770487e-10, 0.00010018861212302, 0.6554117798805237, 8.568556524048822e-20, 0.3443741202354431, 2.1634707168664315e-14], "malicious score": 0.3443741202354431, "camera": {}}}}}}, "poison_idx_list": [213, 225, 227, 247, 249, 253, 261]}