{"args": "Namespace(device='cuda', dset_path='datasets', end2end=False, eval_poisons_root='attack-results-eps0.20/100-overlap/linear-transfer-learning/mean/800', gpu='1', lr_decay_epoch=[30, 45], model_resume_path='model-chks', num_per_class=50, poison_label=8, retrain_bsize=64, retrain_epochs=60, retrain_lr=0.1, retrain_momentum=0.9, retrain_opt='adam', retrain_wd=0, subset_group=0, target_camera=True, target_index_end=33, target_index_start=32, target_index_step=1, target_label=6, target_net=['DPN92', 'SENet18', 'ResNet50', 'ResNeXt29_2x64d', 'GoogLeNet', 'MobileNetV2', 'ResNet18', 'DenseNet121'], target_print_size=[2, 4], test_chk_name='ckpt-%s-4800.t7', train_data_path='datasets/CIFAR10_TRAIN_Split.pth')", "poison_label": 8, "target_label": 6, "targets": {"32": {}, "32": {"800": {"time": 368.0, "coeffs_time": 0, "poisons_time": 4, "target_loss": 0.015877433121204376, "total_loss": 0.07168995589017868, "coeff_list": [[0.20000000298023224, 0.20000000298023224, 0.20000000298023224, 0.20000000298023224, 0.20000000298023224], [0.20000000298023224, 0.20000000298023224, 0.20000000298023224, 0.20000000298023224, 0.20000000298023224], [0.20000000298023224, 0.20000000298023224, 0.20000000298023224, 0.20000000298023224, 0.20000000298023224], [0.20000000298023224, 0.20000000298023224, 0.20000000298023224, 0.20000000298023224, 0.20000000298023224], [0.20000000298023224, 0.20000000298023224, 0.20000000298023224, 0.20000000298023224, 0.20000000298023224], [0.20000000298023224, 0.20000000298023224, 0.20000000298023224, 0.20000000298023224, 0.20000000298023224], [0.20000000298023224, 0.20000000298023224, 0.20000000298023224, 0.20000000298023224, 0.20000000298023224], [0.20000000298023224, 0.20000000298023224, 0.20000000298023224, 0.20000000298023224, 0.20000000298023224], [0.20000000298023224, 0.20000000298023224, 0.20000000298023224, 0.20000000298023224, 0.20000000298023224], [0.20000000298023224, 0.20000000298023224, 0.20000000298023224, 0.20000000298023224, 0.20000000298023224], [0.20000000298023224, 0.20000000298023224, 0.20000000298023224, 0.20000000298023224, 0.20000000298023224], [0.20000000298023224, 0.20000000298023224, 0.20000000298023224, 0.20000000298023224, 0.20000000298023224], [0.20000000298023224, 0.20000000298023224, 0.20000000298023224, 0.20000000298023224, 0.20000000298023224], [0.20000000298023224, 0.20000000298023224, 0.20000000298023224, 0.20000000298023224, 0.20000000298023224], [0.20000000298023224, 0.20000000298023224, 0.20000000298023224, 0.20000000298023224, 0.20000000298023224], [0.20000000298023224, 0.20000000298023224, 0.20000000298023224, 0.20000000298023224, 0.20000000298023224], [0.20000000298023224, 0.20000000298023224, 0.20000000298023224, 0.20000000298023224, 0.20000000298023224], [0.20000000298023224, 0.20000000298023224, 0.20000000298023224, 0.20000000298023224, 0.20000000298023224]], "coeff_list_in_victim": [[0.20535808801651, 0.1686657965183258, 0.0, 0.0026180818676948547, 0.6233580112457275]], "victims": {"DPN92": {"clean acc": 92.12000198364258, "prediction": 8, "poisons predictions": [8, 8, 8, 8, 8], "scores": [1.383610429943566e-21, 1.3715633937974462e-17, 1.4476594780293573e-25, 4.862826807894294e-10, 3.349416818195459e-22, 4.047705226550846e-10, 0.023963255807757378, 0.0, 0.9760379195213318, 0.0], "malicious score": 0.9760379195213318, "camera": {"2": {"prediction": 6, "scores": [6.86955672983089e-18, 1.8459158732430433e-16, 1.3251068636911327e-32, 1.927968852274975e-12, 2.2515189941005922e-27, 3.9306675725684845e-14, 0.9983343482017517, 0.0, 0.0016653557540848851, 0.0], "malicious score": 0.0016653557540848851}, "4": {"prediction": 6, "scores": [5.738062987364504e-19, 3.8561211319698975e-17, 5.4282252727751945e-30, 4.2244055475926245e-10, 2.1969269761704027e-23, 4.384598586981703e-11, 0.6329432129859924, 0.0, 0.36705800890922546, 0.0], "malicious score": 0.36705800890922546}}}, "SENet18": {"clean acc": 91.27000198364257, "prediction": 6, "poisons predictions": [6, 6, 8, 8, 8], "scores": [3.053787344186958e-15, 1.383915725072793e-11, 4.081406978877211e-13, 1.3751918492843629e-09, 2.099928224197356e-06, 2.1027594943046068e-10, 0.9999752044677734, 2.666671687951588e-15, 2.1961175661999732e-05, 1.2121963589156737e-12], "malicious score": 2.1961175661999732e-05, "camera": {"2": {"prediction": 6, "scores": [9.554274732481716e-11, 5.209193840172155e-11, 1.4150869712126202e-11, 7.116214533198217e-07, 5.439191954792477e-05, 9.623986052531563e-09, 0.5787854194641113, 4.929223804302219e-13, 0.4211592674255371, 1.3862034783929111e-11], "malicious score": 0.4211592674255371}, "4": {"prediction": 6, "scores": [2.369658356799094e-14, 2.356180571830291e-12, 1.861999070147712e-15, 2.5561799343876146e-09, 3.803243771471898e-06, 3.694676509180539e-10, 0.8638825416564941, 1.682136626586606e-16, 0.13611449301242828, 4.436043546385271e-12], "malicious score": 0.13611449301242828}}}, "ResNet50": {"clean acc": 93.13000221252442, "prediction": 8, "poisons predictions": [8, 8, 8, 8, 8], "scores": [0.0, 2.347691453358037e-21, 2.2750080568313405e-37, 2.2244951651458096e-30, 3.624784943048727e-32, 6.229966204544169e-18, 0.0005794544704258442, 1.2555952361012855e-26, 0.9994203448295593, 4.47756847875107e-31], "malicious score": 0.9994203448295593, "camera": {"2": {"prediction": 8, "scores": [0.0, 9.166267106967794e-23, 2.068989156606306e-40, 6.144424783332331e-28, 4.548189896662422e-36, 2.6855097133130278e-20, 0.008464345708489418, 1.2980863967592793e-22, 0.9915350079536438, 8.434181371104719e-32], "malicious score": 0.9915350079536438}, "4": {"prediction": 8, "scores": [0.0, 9.645428389966943e-21, 1.9072776098442894e-35, 1.4817247352399998e-24, 1.496034670724736e-35, 3.425713447678841e-19, 0.0034082974307239056, 2.876715056454396e-21, 0.9965916872024536, 6.98487735790387e-32], "malicious score": 0.9965916872024536}}}, "ResNeXt29_2x64d": {"clean acc": 93.17000122070313, "prediction": 6, "poisons predictions": [8, 8, 8, 8, 8], "scores": [3.0164056826326286e-28, 1.6920540589099737e-16, 2.015320148176375e-13, 1.4851249396929944e-10, 2.5412841923746164e-32, 1.3994256078832842e-18, 0.8310270309448242, 1.3567454373392406e-21, 0.16897320747375488, 1.1156540643576796e-13], "malicious score": 0.16897320747375488, "camera": {"2": {"prediction": 6, "scores": [8.364131170315037e-27, 5.9315913116041e-15, 1.5341977430767713e-14, 7.99917870608624e-06, 8.008431746665142e-28, 2.7931559415915203e-15, 0.9762818217277527, 5.346751963706493e-18, 0.023711014539003372, 1.5151356054119922e-14], "malicious score": 0.023711014539003372}, "4": {"prediction": 6, "scores": [7.909942963390084e-27, 1.4930346523456435e-14, 3.0170616981302356e-13, 0.00012321364192757756, 1.2603819700703085e-30, 2.3709909090317144e-15, 0.99870765209198, 8.235248878358496e-18, 0.0011683765333145857, 1.9587118097575502e-15], "malicious score": 0.0011683765333145857}}}, "GoogLeNet": {"clean acc": 92.23000106811523, "prediction": 6, "poisons predictions": [8, 8, 8, 8, 8], "scores": [2.13222993948603e-14, 2.1656054727259288e-10, 4.123632635355534e-08, 3.924285920220427e-06, 5.8371011135704975e-08, 1.605543729965575e-05, 0.9961669445037842, 9.598101868846243e-09, 0.0038134190253913403, 1.9039877638925284e-13], "malicious score": 0.0038134190253913403, "camera": {"2": {"prediction": 6, "scores": [1.7997329899807786e-16, 3.666927872458814e-12, 8.464141388643542e-13, 2.1820997062604874e-06, 1.8212547558960068e-07, 2.9020548026892357e-06, 0.9999151229858398, 6.636857836784106e-16, 7.922503573354334e-05, 5.76128068863202e-11], "malicious score": 7.922503573354334e-05}, "4": {"prediction": 6, "scores": [8.185864574515079e-16, 7.236954785438954e-11, 1.3908241962637402e-12, 1.0537131629462237e-06, 5.889003773518198e-07, 3.965828909713309e-06, 0.9991334676742554, 7.762981745059946e-14, 0.0008611922385171056, 4.448449941740762e-11], "malicious score": 0.0008611922385171056}}}, "MobileNetV2": {"clean acc": 87.30000190734863, "prediction": 6, "poisons predictions": [8, 8, 8, 8, 8],