{"args": "Namespace(device='cuda', dset_path='datasets', end2end=False, eval_poisons_root='attack-results-eps0.03/100-overlap/linear-transfer-learning/mean/800', gpu='0', lr_decay_epoch=[30, 45], model_resume_path='model-chks', num_per_class=50, poison_label=8, retrain_bsize=64, retrain_epochs=60, retrain_lr=0.1, retrain_momentum=0.9, retrain_opt='adam', retrain_wd=0, subset_group=0, target_camera=True, target_index_end=19, target_index_start=18, target_index_step=1, target_label=6, target_net=['DPN92', 'SENet18', 'ResNet50', 'ResNeXt29_2x64d', 'GoogLeNet', 'MobileNetV2', 'ResNet18', 'DenseNet121'], target_print_size=[2, 4], test_chk_name='ckpt-%s-4800.t7', train_data_path='datasets/CIFAR10_TRAIN_Split.pth')", "poison_label": 8, "target_label": 6, "targets": {"18": {}, "18": {"800": {"time": 333.0, "coeffs_time": 0, "poisons_time": 4, "target_loss": 0.026204654946923256, "total_loss": 0.12377604097127914, "coeff_list": [[0.20000000298023224, 0.20000000298023224, 0.20000000298023224, 0.20000000298023224, 0.20000000298023224], [0.20000000298023224, 0.20000000298023224, 0.20000000298023224, 0.20000000298023224, 0.20000000298023224], [0.20000000298023224, 0.20000000298023224, 0.20000000298023224, 0.20000000298023224, 0.20000000298023224], [0.20000000298023224, 0.20000000298023224, 0.20000000298023224, 0.20000000298023224, 0.20000000298023224], [0.20000000298023224, 0.20000000298023224, 0.20000000298023224, 0.20000000298023224, 0.20000000298023224], [0.20000000298023224, 0.20000000298023224, 0.20000000298023224, 0.20000000298023224, 0.20000000298023224], [0.20000000298023224, 0.20000000298023224, 0.20000000298023224, 0.20000000298023224, 0.20000000298023224], [0.20000000298023224, 0.20000000298023224, 0.20000000298023224, 0.20000000298023224, 0.20000000298023224], [0.20000000298023224, 0.20000000298023224, 0.20000000298023224, 0.20000000298023224, 0.20000000298023224], [0.20000000298023224, 0.20000000298023224, 0.20000000298023224, 0.20000000298023224, 0.20000000298023224], [0.20000000298023224, 0.20000000298023224, 0.20000000298023224, 0.20000000298023224, 0.20000000298023224], [0.20000000298023224, 0.20000000298023224, 0.20000000298023224, 0.20000000298023224, 0.20000000298023224], [0.20000000298023224, 0.20000000298023224, 0.20000000298023224, 0.20000000298023224, 0.20000000298023224], [0.20000000298023224, 0.20000000298023224, 0.20000000298023224, 0.20000000298023224, 0.20000000298023224], [0.20000000298023224, 0.20000000298023224, 0.20000000298023224, 0.20000000298023224, 0.20000000298023224], [0.20000000298023224, 0.20000000298023224, 0.20000000298023224, 0.20000000298023224, 0.20000000298023224], [0.20000000298023224, 0.20000000298023224, 0.20000000298023224, 0.20000000298023224, 0.20000000298023224], [0.20000000298023224, 0.20000000298023224, 0.20000000298023224, 0.20000000298023224, 0.20000000298023224]], "coeff_list_in_victim": [[0.20944780111312866, 0.5102126598358154, 0.18118485808372498, 0.0, 0.09915468096733093]], "victims": {"DPN92": {"clean acc": 92.26000213623047, "prediction": 8, "poisons predictions": [8, 8, 8, 8, 8], "scores": [6.718286158502451e-07, 7.522132497932181e-21, 2.7063742348247216e-29, 5.667293891120639e-13, 8.762966553282538e-33, 7.633009452094868e-15, 5.505850822373759e-06, 5.447540394094799e-29, 0.9999942779541016, 0.0], "malicious score": 0.9999942779541016, "camera": {"2": {"prediction": 3, "scores": [3.705268286376663e-18, 6.853684513200512e-36, 7.64882861294801e-17, 0.8488281965255737, 4.49405779233988e-19, 0.1297701746225357, 0.021401146426796913, 1.6399630255588824e-32, 3.726151831529023e-08, 8.572457368491712e-40], "malicious score": 3.726151831529023e-08}, "4": {"prediction": 8, "scores": [1.02022772174859e-10, 6.77868570286868e-24, 1.7613874103779067e-21, 3.9297821786021814e-05, 1.0309350458653278e-26, 4.833299271922442e-07, 2.1980389647069387e-05, 4.1436011619087376e-24, 0.99993896484375, 4.628488827664871e-40], "malicious score": 0.99993896484375}}}, "SENet18": {"clean acc": 91.55000228881836, "prediction": 6, "poisons predictions": [8, 8, 8, 8, 8], "scores": [2.138039612020748e-08, 9.600341144277991e-08, 2.1650583548193936e-08, 4.2008335299215105e-07, 1.2535962014226243e-05, 2.3667406923166823e-10, 0.9898315072059631, 1.9126956019022145e-08, 0.010155180469155312, 1.612877257118684e-15], "malicious score": 0.010155180469155312, "camera": {"2": {"prediction": 6, "scores": [3.726698637185333e-12, 7.913760004769964e-16, 2.0643179610146944e-08, 0.0001977011124836281, 0.00032817202736623585, 0.00021200181799940765, 0.9992621541023254, 5.0535476411178726e-15, 1.1495747997969374e-07, 6.2197269903863095e-12], "malicious score": 1.1495747997969374e-07}, "4": {"prediction": 6, "scores": [6.845805589072995e-10, 8.478983487547609e-11, 1.616669038639884e-07, 1.0767777894216124e-05, 9.810640767682344e-05, 1.025374217533681e-06, 0.9998512268066406, 2.235921170434807e-11, 3.85537241527345e-05, 5.683618181130667e-13], "malicious score": 3.85537241527345e-05}}}, "ResNet50": {"clean acc": 92.92000122070313, "prediction": 8, "poisons predictions": [8, 8, 8, 8, 8], "scores": [2.338381524732006e-33, 8.407790785948902e-44, 6.011990092996259e-35, 8.909455924598042e-33, 1.4559958056922784e-12, 4.050718268103078e-32, 9.262232647522239e-10, 4.080896238660059e-34, 1.0, 1.1992035420851033e-19], "malicious score": 1.0, "camera": {"2": {"prediction": 6, "scores": [4.4807122208429095e-31, 2.1397827550239957e-42, 0.0, 9.04415952687267e-20, 2.284626481052765e-11, 1.3550813341237172e-19, 0.9999980926513672, 7.614228066745867e-36, 2.343425649087294e-06, 3.698586890075131e-19], "malicious score": 2.343425649087294e-06}, "4": {"prediction": 8, "scores": [5.783211025028604e-30, 1.1878807082081474e-41, 0.0, 8.013934508271431e-20, 9.535080592185997e-16, 3.440522048595072e-21, 2.4510910634489846e-07, 1.240575154745182e-32, 1.0, 1.2878978482636083e-12], "malicious score": 1.0}}}, "ResNeXt29_2x64d": {"clean acc": 92.68000144958496, "prediction": 3, "poisons predictions": [8, 8, 8, 8, 8], "scores": [5.007102004128683e-07, 2.2179597181093413e-06, 0.000208680794457905, 0.9318194389343262, 1.1049753162418817e-30, 6.842853920215747e-14, 0.0030687302350997925, 1.7235622706834874e-08, 0.06490030884742737, 2.28237110336477e-14], "malicious score": 0.06490030884742737, "camera": {"2": {"prediction": 6, "scores": [3.0311493294668125e-19, 4.071327287716981e-22, 5.282083659352566e-10, 0.01348856557160616, 1.24288713681541e-24, 9.477456046624866e-07, 0.9865114688873291, 7.401438849404382e-23, 7.1370223755750375e-19, 7.918833202728425e-16], "malicious score": 7.1370223755750375e-19}, "4": {"prediction": 3, "scores": [2.3127484153587403e-14, 2.5820547905867778e-15, 2.032335032708943e-06, 0.6477775573730469, 2.1769870968413122e-24, 4.770889177052595e-07, 0.35222044587135315, 1.0016235752049671e-13, 3.2859659004208508e-12, 3.7778246785198644e-13], "malicious score": 3.2859659004208508e-12}}}, "GoogLeNet": {"clean acc": 91.8600025177002, "prediction": 8, "poisons predictions": [8, 8, 8, 8, 8], "scores": [8.064576229038778e-10, 4.975858246325515e-06, 6.232873772660241e-08, 0.00013207340089138597, 1.492929530000353e-10, 2.445211066515185e-06, 0.015963366255164146, 2.815404354095108e-09, 0.9838971495628357, 6.883432018822688e-11], "malicious score": 0.9838971495628357, "camera": {"2": {"prediction": 6, "scores": [1.8176428417948642e-10, 3.773837065068619e-08, 8.19841403654209e-08, 0.0036769877187907696, 4.351398956714547e-07, 1.310404059040593e-05, 0.9755796194076538, 9.635553466225133e-10, 0.020729508250951767, 6.6505322138255e-08], "malicious score": 0.020729508250951767}, "4": {"prediction": 8, "scores": [9.564544711793133e-10, 1.141135271609528e-06, 1.753924010472474e-07, 0.006384387146681547, 1.8476775665021705e-08, 7.056318622744584e-07, 0.4058614671230316, 1.9142868623589493e-08, 0.5877522230148315, 1.0410060369281382e-08], "malicious score": 0.5877522230148315}}}, "MobileNetV2": {"clean acc": 86.79000205993653, "prediction": 8,