{"args": "Namespace(device='cuda', dset_path='datasets', end2end=False, eval_poisons_root='attack-results-10poisons/100-overlap/linear-transfer-learning/mean/800', gpu='1', lr_decay_epoch=[30, 45], model_resume_path='model-chks', num_per_class=50, poison_label=8, retrain_bsize=64, retrain_epochs=60, retrain_lr=0.1, retrain_momentum=0.9, retrain_opt='adam', retrain_wd=0, subset_group=0, target_camera=True, target_index_end=36, target_index_start=35, target_index_step=1, target_label=6, target_net=['DPN92', 'SENet18', 'ResNet50', 'ResNeXt29_2x64d', 'GoogLeNet', 'MobileNetV2', 'ResNet18', 'DenseNet121'], target_print_size=[2, 4], test_chk_name='ckpt-%s-4800.t7', train_data_path='datasets/CIFAR10_TRAIN_Split.pth')", "poison_label": 8, "target_label": 6, "targets": {"35": {}, "35": {"800": {"time": 438.0, "coeffs_time": 0, "poisons_time": 4, "target_loss": 0.008946373127400875, "total_loss": 0.05694982782006264, "coeff_list": [[0.10000000149011612, 0.10000000149011612, 0.10000000149011612, 0.10000000149011612, 0.10000000149011612, 0.10000000149011612, 0.10000000149011612, 0.10000000149011612, 0.10000000149011612, 0.10000000149011612], [0.10000000149011612, 0.10000000149011612, 0.10000000149011612, 0.10000000149011612, 0.10000000149011612, 0.10000000149011612, 0.10000000149011612, 0.10000000149011612, 0.10000000149011612, 0.10000000149011612], [0.10000000149011612, 0.10000000149011612, 0.10000000149011612, 0.10000000149011612, 0.10000000149011612, 0.10000000149011612, 0.10000000149011612, 0.10000000149011612, 0.10000000149011612, 0.10000000149011612], [0.10000000149011612, 0.10000000149011612, 0.10000000149011612, 0.10000000149011612, 0.10000000149011612, 0.10000000149011612, 0.10000000149011612, 0.10000000149011612, 0.10000000149011612, 0.10000000149011612], [0.10000000149011612, 0.10000000149011612, 0.10000000149011612, 0.10000000149011612, 0.10000000149011612, 0.10000000149011612, 0.10000000149011612, 0.10000000149011612, 0.10000000149011612, 0.10000000149011612], [0.10000000149011612, 0.10000000149011612, 0.10000000149011612, 0.10000000149011612, 0.10000000149011612, 0.10000000149011612, 0.10000000149011612, 0.10000000149011612, 0.10000000149011612, 0.10000000149011612], [0.10000000149011612, 0.10000000149011612, 0.10000000149011612, 0.10000000149011612, 0.10000000149011612, 0.10000000149011612, 0.10000000149011612, 0.10000000149011612, 0.10000000149011612, 0.10000000149011612], [0.10000000149011612, 0.10000000149011612, 0.10000000149011612, 0.10000000149011612, 0.10000000149011612, 0.10000000149011612, 0.10000000149011612, 0.10000000149011612, 0.10000000149011612, 0.10000000149011612], [0.10000000149011612, 0.10000000149011612, 0.10000000149011612, 0.10000000149011612, 0.10000000149011612, 0.10000000149011612, 0.10000000149011612, 0.10000000149011612, 0.10000000149011612, 0.10000000149011612], [0.10000000149011612, 0.10000000149011612, 0.10000000149011612, 0.10000000149011612, 0.10000000149011612, 0.10000000149011612, 0.10000000149011612, 0.10000000149011612, 0.10000000149011612, 0.10000000149011612], [0.10000000149011612, 0.10000000149011612, 0.10000000149011612, 0.10000000149011612, 0.10000000149011612, 0.10000000149011612, 0.10000000149011612, 0.10000000149011612, 0.10000000149011612, 0.10000000149011612], [0.10000000149011612, 0.10000000149011612, 0.10000000149011612, 0.10000000149011612, 0.10000000149011612, 0.10000000149011612, 0.10000000149011612, 0.10000000149011612, 0.10000000149011612, 0.10000000149011612], [0.10000000149011612, 0.10000000149011612, 0.10000000149011612, 0.10000000149011612, 0.10000000149011612, 0.10000000149011612, 0.10000000149011612, 0.10000000149011612, 0.10000000149011612, 0.10000000149011612], [0.10000000149011612, 0.10000000149011612, 0.10000000149011612, 0.10000000149011612, 0.10000000149011612, 0.10000000149011612, 0.10000000149011612, 0.10000000149011612, 0.10000000149011612, 0.10000000149011612], [0.10000000149011612, 0.10000000149011612, 0.10000000149011612, 0.10000000149011612, 0.10000000149011612, 0.10000000149011612, 0.10000000149011612, 0.10000000149011612, 0.10000000149011612, 0.10000000149011612], [0.10000000149011612, 0.10000000149011612, 0.10000000149011612, 0.10000000149011612, 0.10000000149011612, 0.10000000149011612, 0.10000000149011612, 0.10000000149011612, 0.10000000149011612, 0.10000000149011612], [0.10000000149011612, 0.10000000149011612, 0.10000000149011612, 0.10000000149011612, 0.10000000149011612, 0.10000000149011612, 0.10000000149011612, 0.10000000149011612, 0.10000000149011612, 0.10000000149011612], [0.10000000149011612, 0.10000000149011612, 0.10000000149011612, 0.10000000149011612, 0.10000000149011612, 0.10000000149011612, 0.10000000149011612, 0.10000000149011612, 0.10000000149011612, 0.10000000149011612]], "coeff_list_in_victim": [[0.0, 0.0, 0.06766101717948914, 0.11200062185525894, 0.2209918200969696, 0.34038856625556946, 0.0, 0.2589579224586487, 0.0, 0.0]], "victims": {"DPN92": {"clean acc": 92.29000244140624, "prediction": 8, "poisons predictions": [6, 8, 8, 8, 8, 6, 8, 8, 8, 6], "scores": [3.7710007365904665e-20, 4.1272516930103136e-27, 8.715095539175335e-41, 2.0755547108753606e-15, 6.291725933639793e-26, 8.441694002520599e-29, 0.09239032864570618, 1.8756133495106694e-32, 0.9076113104820251, 0.0], "malicious score": 0.9076113104820251, "camera": {"2": {"prediction": 6, "scores": [6.022556043282223e-14, 1.4740687415472167e-24, 4.165776689596592e-30, 2.9093880637987013e-09, 5.2189935045073715e-17, 7.00429142352113e-20, 0.9999980926513672, 3.130042607884722e-26, 1.0309297522326233e-06, 1.4347824610860195e-34], "malicious score": 1.0309297522326233e-06}, "4": {"prediction": 6, "scores": [1.2182567996351345e-17, 9.106034421410549e-25, 3.4697360626809166e-32, 3.801771120137687e-10, 2.152813231195303e-18, 1.3862315988992718e-20, 0.9999923706054688, 4.2041771868490286e-27, 6.783352546335664e-06, 4.059970830300578e-39], "malicious score": 6.783352546335664e-06}}}, "SENet18": {"clean acc": 90.9400016784668, "prediction": 6, "poisons predictions": [8, 8, 8, 8, 8, 8, 6, 8, 6, 8], "scores": [8.361321306438185e-07, 1.6177040377141717e-20, 3.222134295420803e-15, 1.0344963601027768e-11, 2.3778865543278016e-09, 2.133619084107439e-16, 0.7504482269287109, 1.3440635630143236e-20, 0.24955002963542938, 6.013633872705038e-30], "malicious score": 0.24955002963542938, "camera": {"2": {"prediction": 8, "scores": [2.5208173610735685e-06, 7.1454293780709e-22, 1.6109088319586038e-16, 1.739776898934675e-11, 6.675119568200216e-09, 3.0590441365367367e-16, 0.014753706753253937, 7.262384759919263e-22, 0.98524409532547, 2.5372489976849103e-29], "malicious score": 0.98524409532547}, "4": {"prediction": 8, "scores": [1.9596109268604778e-07, 2.3062460897929184e-22, 3.636763669586859e-18, 2.4729324490935234e-12, 7.55106865923949e-10, 5.869148201551191e-17, 0.0054487246088683605, 1.3711152266145507e-22, 0.994550347328186, 3.014033155112895e-30], "malicious score": 0.994550347328186}}}, "ResNet50": {"clean acc": 93.58000144958496, "prediction": 8, "poisons predictions": [8, 6, 8, 8, 8, 6, 8, 8, 8, 8], "scores": [5.305279215862054e-35, 4.355021106767161e-21, 7.2067093040899575e-25, 1.401298464324817e-45, 2.8753179568288564e-31, 4.107117694436176e-19, 0.06166661158204079, 2.2681819077609668e-20, 0.9383314251899719, 4.3275262118854606e-23], "malicious score": 0.9383314251899719, "camera": {"2": {"prediction": 6, "scores": [5.224678401314492e-29, 8.912744438227576e-20, 5.721791666168989e-22, 2.2959320212928844e-37, 2.5379206850123148e-26, 8.860351563555469e-09, 0.9852008819580078, 9.418731335914146e-19, 0.014799336902797222, 1.7006952543641374e-21], "malicious score": 0.014799336902797222}, "4": {"prediction": 6, "scores": [3.593936224394907e-36, 3.8139144466381766e-25, 1.4729823444952593e-26, 3.408045026002436e-38, 1.9144459523268775e-32, 5.216537308000669e-20, 1.0, 2.623586183291532e-23, 6.824021347995313e-10, 2.828923307005382e-26], "malicious score": 6.824021347995313e-10}}}, "ResNeXt29_2x64d": {"clean acc": 92.63000030517578,