{"args": "Namespace(device='cuda', dset_path='datasets', end2end=False, eval_poisons_root='attack-results-eps0.05/100-overlap/linear-transfer-learning/mean/800', gpu='3', lr_decay_epoch=[30, 45], model_resume_path='model-chks', num_per_class=50, poison_label=8, retrain_bsize=64, retrain_epochs=60, retrain_lr=0.1, retrain_momentum=0.9, retrain_opt='adam', retrain_wd=0, subset_group=0, target_camera=True, target_index_end=20, target_index_start=19, target_index_step=1, target_label=6, target_net=['DPN92', 'SENet18', 'ResNet50', 'ResNeXt29_2x64d', 'GoogLeNet', 'MobileNetV2', 'ResNet18', 'DenseNet121'], target_print_size=[2, 4], test_chk_name='ckpt-%s-4800.t7', train_data_path='datasets/CIFAR10_TRAIN_Split.pth')", "poison_label": 8, "target_label": 6, "targets": {"19": {}, "19": {"800": {"time": 446.0, "coeffs_time": 0, "poisons_time": 6, "target_loss": 0.03908665105700493, "total_loss": 0.10966295003890991, "coeff_list": [[0.20000000298023224, 0.20000000298023224, 0.20000000298023224, 0.20000000298023224, 0.20000000298023224], [0.20000000298023224, 0.20000000298023224, 0.20000000298023224, 0.20000000298023224, 0.20000000298023224], [0.20000000298023224, 0.20000000298023224, 0.20000000298023224, 0.20000000298023224, 0.20000000298023224], [0.20000000298023224, 0.20000000298023224, 0.20000000298023224, 0.20000000298023224, 0.20000000298023224], [0.20000000298023224, 0.20000000298023224, 0.20000000298023224, 0.20000000298023224, 0.20000000298023224], [0.20000000298023224, 0.20000000298023224, 0.20000000298023224, 0.20000000298023224, 0.20000000298023224], [0.20000000298023224, 0.20000000298023224, 0.20000000298023224, 0.20000000298023224, 0.20000000298023224], [0.20000000298023224, 0.20000000298023224, 0.20000000298023224, 0.20000000298023224, 0.20000000298023224], [0.20000000298023224, 0.20000000298023224, 0.20000000298023224, 0.20000000298023224, 0.20000000298023224], [0.20000000298023224, 0.20000000298023224, 0.20000000298023224, 0.20000000298023224, 0.20000000298023224], [0.20000000298023224, 0.20000000298023224, 0.20000000298023224, 0.20000000298023224, 0.20000000298023224], [0.20000000298023224, 0.20000000298023224, 0.20000000298023224, 0.20000000298023224, 0.20000000298023224], [0.20000000298023224, 0.20000000298023224, 0.20000000298023224, 0.20000000298023224, 0.20000000298023224], [0.20000000298023224, 0.20000000298023224, 0.20000000298023224, 0.20000000298023224, 0.20000000298023224], [0.20000000298023224, 0.20000000298023224, 0.20000000298023224, 0.20000000298023224, 0.20000000298023224], [0.20000000298023224, 0.20000000298023224, 0.20000000298023224, 0.20000000298023224, 0.20000000298023224], [0.20000000298023224, 0.20000000298023224, 0.20000000298023224, 0.20000000298023224, 0.20000000298023224], [0.20000000298023224, 0.20000000298023224, 0.20000000298023224, 0.20000000298023224, 0.20000000298023224]], "coeff_list_in_victim": [[0.0, 0.35728418827056885, 0.055282674729824066, 0.0, 0.5874330997467041]], "victims": {"DPN92": {"clean acc": 91.78000030517578, "prediction": 8, "poisons predictions": [8, 8, 8, 6, 8], "scores": [2.807543086902342e-09, 1.060494747573415e-10, 1.9850710400076145e-28, 2.2488216844251951e-10, 4.669267053787799e-19, 2.0304662465275847e-11, 8.32570185593795e-06, 2.702836602443436e-28, 0.9999923706054688, 1.264991219973167e-38], "malicious score": 0.9999923706054688, "camera": {"2": {"prediction": 5, "scores": [1.7113387096312493e-10, 3.657950350013756e-20, 1.3246820307344365e-10, 0.31890612840652466, 0.0006503292825073004, 0.6803959608078003, 4.432207060744986e-05, 1.6773043668542786e-32, 3.3821395390987163e-06, 5.853048642633989e-25], "malicious score": 3.3821395390987163e-06}, "4": {"prediction": 5, "scores": [3.5771681298514546e-13, 3.1076273469761684e-19, 1.4038128992588383e-10, 0.10394175350666046, 0.0026966892182826996, 0.8928807377815247, 3.1423987820744514e-05, 4.387778416231907e-33, 0.00044880484347231686, 2.084860271847916e-25], "malicious score": 0.00044880484347231686}}}, "SENet18": {"clean acc": 91.57000198364258, "prediction": 6, "poisons predictions": [8, 8, 8, 6, 6], "scores": [9.112294030444446e-09, 6.970415130508334e-12, 2.8344118718770517e-10, 1.0782265746911435e-07, 3.0047727705095895e-05, 2.23605453597564e-10, 0.9553612470626831, 1.0964857494188962e-10, 0.044608328491449356, 8.144256516200935e-15], "malicious score": 0.044608328491449356, "camera": {"2": {"prediction": 3, "scores": [1.3688731571870338e-11, 2.8907449847617687e-18, 1.5177608929661801e-06, 0.9999923706054688, 1.1392932037779246e-06, 3.252272335885209e-07, 1.5804368924676737e-10, 6.097329672410945e-13, 5.385329131968319e-06, 9.21835611317201e-12], "malicious score": 5.385329131968319e-06}, "4": {"prediction": 8, "scores": [4.098007411812432e-05, 1.8442628355069173e-15, 0.0069505199790000916, 0.3533928394317627, 0.00030848552705720067, 0.00013815141574013978, 0.0009509647497907281, 9.540088857784568e-11, 0.6382178068161011, 2.791768816123863e-09], "malicious score": 0.6382178068161011}}}, "ResNet50": {"clean acc": 90.63000144958497, "prediction": 8, "poisons predictions": [8, 8, 8, 6, 8], "scores": [1.1796374803362788e-22, 6.129995756402399e-23, 2.5636342379230155e-29, 2.802596928649634e-45, 3.791503543584326e-32, 5.074291729025093e-31, 1.8829467152148283e-10, 2.0906644892865975e-19, 1.0, 2.768954232115465e-32], "malicious score": 1.0, "camera": {"2": {"prediction": 8, "scores": [0.0010992931202054024, 1.242260339040513e-07, 0.16971148550510406, 5.116457487019943e-06, 4.586850287416064e-22, 6.432515902819334e-16, 1.1211485950685177e-29, 1.0627689301975204e-17, 0.8291836977005005, 4.738081513879795e-25], "malicious score": 0.8291836977005005}, "4": {"prediction": 2, "scores": [1.066246386471903e-05, 1.5289580712618545e-09, 0.9577038288116455, 3.8375138695266397e-17, 2.388250775688353e-27, 9.098046233726832e-18, 4.169632782920126e-26, 1.3499631540835454e-19, 0.0422857441008091, 1.8132166662475217e-26], "malicious score": 0.0422857441008091}}}, "ResNeXt29_2x64d": {"clean acc": 91.76000137329102, "prediction": 6, "poisons predictions": [8, 8, 8, 8, 8], "scores": [6.7879702516535594e-18, 1.12143219155314e-08, 1.160432511936255e-14, 0.0021418246906250715, 7.626002726503085e-28, 2.385519868720572e-19, 0.770439863204956, 1.8426317784880607e-22, 0.22741906344890594, 6.574018791767914e-15], "malicious score": 0.22741906344890594, "camera": {"2": {"prediction": 3, "scores": [1.597957268061167e-17, 4.8580547343970405e-24, 8.808652298777602e-17, 1.0, 8.334306992642277e-15, 2.5591101503533165e-14, 4.4718485099799754e-13, 1.5476824802092732e-25, 4.519525872763387e-16, 7.165101328682141e-24], "malicious score": 4.519525872763387e-16}, "4": {"prediction": 3, "scores": [6.929716391823604e-07, 2.4982371131523377e-21, 3.989280799032713e-07, 0.9322158098220825, 2.512473838578444e-05, 0.06770391762256622, 1.3678117056770134e-06, 8.612917304817898e-15, 5.25034629390575e-05, 4.206636150527743e-10], "malicious score": 5.25034629390575e-05}}}, "GoogLeNet": {"clean acc": 91.79000129699708, "prediction": 5, "poisons predictions": [8, 8, 8, 6, 8], "scores": [4.961322463969964e-09, 4.507158188338245e-11, 0.0020532102789729834, 5.67544593650382e-05, 1.00270423075699e-08, 0.7774388790130615, 0.08382192999124527, 9.546979207186723e-09, 0.1366291493177414, 8.365443754376756e-11], "malicious score": 0.1366291493177414, "camera": {"2": {"prediction": 2, "scores": [0.0002716420858632773, 1.0102023217939404e-08, 0.7092214822769165, 0.25550419092178345, 1.3632914352967873e-08, 0.035001493990421295, 1.1233836403334863e-06, 2.5640187240670383e-19, 1.4043821217057939e-08, 7.759922482364345e-09], "malicious score": 1.4043821217057939e-08}, "4": {"prediction": 5, "scores": [0.000609866576269269, 1.3086005612450435e-09, 0.27459201216697693, 0.022908233106136322, 5.020088065066375e-05, 0.7018195390701294, 4.225816155667417e-06, 1.0389161488836163e-14, 1.529325709270779e-05, 6.126451239651942e-07], "malicious score": 1.529325709270779e-05}}},