{"args": "Namespace(device='cuda', dset_path='datasets', end2end=False, eval_poisons_root='attack-results-10poisons/100-overlap/linear-transfer-learning/convex/800', gpu='1', lr_decay_epoch=[30, 45], model_resume_path='model-chks', num_per_class=50, poison_label=8, retrain_bsize=64, retrain_epochs=60, retrain_lr=0.1, retrain_momentum=0.9, retrain_opt='adam', retrain_wd=0, subset_group=0, target_camera=True, target_index_end=38, target_index_start=37, target_index_step=1, target_label=6, target_net=['DPN92', 'SENet18', 'ResNet50', 'ResNeXt29_2x64d', 'GoogLeNet', 'MobileNetV2', 'ResNet18', 'DenseNet121'], target_print_size=[2, 4], test_chk_name='ckpt-%s-4800.t7', train_data_path='datasets/CIFAR10_TRAIN_Split.pth')", "poison_label": 8, "target_label": 6, "targets": {"37": {}, "37": {"800": {"time": 46946.0, "coeffs_time": 44774, "poisons_time": 46546, "target_loss": 0.013872473500669003, "total_loss": 0.0007562744431197643, "coeff_list": [[0.0, 0.10679332911968231, 0.21699309349060059, 0.32563838362693787, 0.1430799663066864, 0.0, 0.0, 0.11680281907320023, 0.09069240093231201, 0.0], [0.030967233702540398, 0.1643814742565155, 0.0, 0.1288169026374817, 0.26213812828063965, 0.0, 0.1343979388475418, 0.0, 0.0699540376663208, 0.20934423804283142], [0.04196162149310112, 0.010669587180018425, 0.0, 0.2010912299156189, 0.20158103108406067, 0.06697592884302139, 0.0, 0.10426775366067886, 0.3695475459098816, 0.0039052930660545826], [0.0, 0.32679128646850586, 0.20174579322338104, 0.008972801268100739, 0.10975027829408646, 0.0, 0.19419141113758087, 0.08876807987689972, 0.0, 0.06978028267621994], [0.10871046781539917, 0.09518449008464813, 0.0, 0.0, 0.15810216963291168, 0.26639243960380554, 0.1163729801774025, 0.0, 0.24158859252929688, 0.013648844324052334], [0.15133561193943024, 0.3149438798427582, 0.0, 0.0, 0.13747566938400269, 0.0, 0.26764410734176636, 0.04687120392918587, 0.0, 0.0817294791340828], [0.028818562626838684, 0.044702619314193726, 0.2504710555076599, 0.031583793461322784, 0.0, 0.13337087631225586, 0.5048544406890869, 0.0, 0.0061986856162548065, 0.0], [0.29583874344825745, 0.19117553532123566, 0.02447343058884144, 0.03121398575603962, 0.12179293483495712, 0.04206955060362816, 0.13701342046260834, 0.014122932218015194, 0.13930955529212952, 0.002989925444126129], [0.14247354865074158, 0.28253525495529175, 0.3002281188964844, 0.013243434019386768, 0.15405993163585663, 0.0, 0.08267770707607269, 0.0, 0.024782078340649605, 0.0], [0.007566706743091345, 0.35150739550590515, 0.31852248311042786, 0.07128788530826569, 0.1364828646183014, 0.0, 0.012091314420104027, 0.043585821986198425, 0.016679536551237106, 0.04227600619196892], [0.18434780836105347, 0.1270485818386078, 0.1629437506198883, 0.0, 0.07529737800359726, 0.0, 0.12130589038133621, 0.09894885867834091, 0.18057475984096527, 0.049532923847436905], [0.17678646743297577, 0.027982523664832115, 0.08798858523368835, 0.21102380752563477, 0.05784804746508598, 0.11857893317937851, 0.1648387908935547, 0.0, 0.06207270920276642, 0.09288013726472855], [0.0, 0.0, 0.42840126156806946, 0.2496650069952011, 0.057362429797649384, 0.05004151538014412, 0.19486276805400848, 0.019666990265250206, 0.0, 0.0], [0.214069202542305, 0.0749061182141304, 0.0, 0.0, 0.06421536952257156, 0.03287949785590172, 0.4084366261959076, 0.011719909496605396, 0.17303776741027832, 0.020735474303364754], [0.31523221731185913, 0.006076529156416655, 0.45935559272766113, 0.005198560655117035, 0.0, 0.0, 0.14968840777873993, 0.007589330896735191, 0.05685940384864807, 0.0], [0.029215892776846886, 0.04759129509329796, 0.5282589197158813, 0.07326915115118027, 0.07527479529380798, 0.0, 0.17162442207336426, 0.019710538908839226, 0.0, 0.05505511537194252], [0.21736939251422882, 0.07552807778120041, 0.01645408570766449, 0.183569073677063, 0.261056512594223, 0.09572454541921616, 0.02879265509545803, 0.04333342984318733, 0.031967367976903915, 0.04620485007762909], [0.0, 0.056154049932956696, 0.17220568656921387, 0.020779592916369438, 0.0704398900270462, 0.2870238423347473, 0.014338793233036995, 0.24055920541286469, 0.0, 0.138498917222023]], "coeff_list_in_victim": [[0.0, 0.057029303163290024, 0.0, 0.0, 0.04066630080342293, 0.0, 0.4473262429237366, 0.0, 0.41532328724861145, 0.03965477645397186]], "victims": {"DPN92": {"clean acc": 91.28000183105469, "prediction": 8, "poisons predictions": [8, 8, 8, 8, 8, 8, 8, 8, 8, 8], "scores": [2.1891583711634497e-20, 5.644333356550509e-37, 1.7383855317334572e-35, 1.7281483535858122e-11, 2.0996601101167324e-30, 2.473865698509819e-20, 0.3429602384567261, 8.734293328136585e-42, 0.6570392847061157, 0.0], "malicious score": 0.6570392847061157, "camera": {"2": {"prediction": 6, "scores": [5.11579522968483e-28, 0.0, 5.265563958474238e-26, 1.6654013723638172e-09, 3.393081420420066e-27, 5.064625802075895e-11, 1.0, 1.1645631017617825e-40, 1.5931087869914624e-29, 0.0], "malicious score": 1.5931087869914624e-29}, "4": {"prediction": 6, "scores": [9.77722316352937e-31, 0.0, 1.9435331289682098e-25, 5.75110625788966e-10, 3.293181508274756e-27, 1.1630368890180875e-09, 1.0, 2.2420775429197073e-43, 1.3421627184894316e-35, 0.0], "malicious score": 1.3421627184894316e-35}}}, "SENet18": {"clean acc": 91.46000137329102, "prediction": 8, "poisons predictions": [8, 8, 8, 6, 6, 8, 6, 8, 8, 8], "scores": [7.146355035514418e-11, 6.028124614060326e-12, 4.237883844381086e-17, 8.462688015631326e-13, 4.683160454987956e-07, 1.0109504455695973e-15, 0.3131157457828522, 5.465159146080702e-18, 0.686884343624115, 5.566199191729606e-16], "malicious score": 0.686884343624115, "camera": {"2": {"prediction": 6, "scores": [4.971977274337291e-10, 5.462717308912446e-19, 1.238086889954193e-12, 1.7546917252531102e-09, 1.6271430922643049e-06, 1.933249649255231e-08, 0.5950886607170105, 1.5228244120678416e-22, 0.4049106240272522, 4.6061109787443044e-11], "malicious score": 0.4049106240272522}, "4": {"prediction": 6, "scores": [6.233197291649617e-11, 5.069403041218939e-21, 2.3352465794435062e-12, 1.1184714487910696e-08, 2.1595692487608176e-06, 1.2444166941349977e-06, 0.8404204845428467, 2.105553966936513e-24, 0.1595762073993683, 1.5342690451447538e-09], "malicious score": 0.1595762073993683}}}, "ResNet50": {"clean acc": 91.75000228881837, "prediction": 8, "poisons predictions": [8, 8, 8, 8, 8, 8, 8, 8, 8, 8], "scores": [0.0, 1.5589066889915973e-23, 9.949190773845176e-26, 3.602582912976687e-14, 1.3999565809153796e-37, 3.60604014278853e-33, 0.00032471699523739517, 5.689178783022802e-14, 0.9996757507324219, 6.885542888051896e-38], "malicious score": 0.9996757507324219, "camera": {"2": {"prediction": 6, "scores": [8.509665184305317e-41, 9.178374995627253e-30, 2.178966853723491e-22, 1.5061715081744507e-18, 1.1514511004633117e-35, 0.0037911399267613888, 0.9962096214294434, 8.126568168398407e-11, 5.636412581111472e-08, 2.063573653803664e-27], "malicious score": 5.636412581111472e-08}, "4": {"prediction": 5, "scores": [8.253647954873173e-43, 1.7602100972655574e-38, 1.1615540606246995e-27, 6.628730640357153e-25, 4.349013861939929e-40, 0.999992311000824, 8.576465006626677e-06, 5.748168073881635e-17, 4.184692243245047e-18, 1.4577058407062522e-33], "malicious score": 4.184692243245047e-18}}}, "ResNeXt29_2x64d": {"clean acc": 92.79000091552734, "prediction": 6, "poisons predictions": [8, 8, 8, 8, 6, 8, 8, 8, 8, 8], "scores": [6.005164197949691e-26, 2.1317152452095869e-16, 1.6480773407876431e-18, 2.100446383393028e-14, 0.0, 1.8606722156341049e-29, 0.760342001914978, 2.4755399373731287e-25, 0.23965691030025482, 1.5329141071286867e-21], "malicious score": 0.23965691030025482, "camera": {"2": {"prediction": 6, "scores": [2.1200635565637244e-22, 3.397723315260956e-24, 1.2192746812189625e-10, 2.373161589777731e-16, 1.7776910379932998e-34, 3.576116347492331e-10, 1.0, 5.268749226953797e-22, 6.390803974909431e-08, 2.5214722670918732e-11], "malicious score": 6.390803974909431e-08}, "4": {"prediction": 6,