{"args": "Namespace(device='cuda', dset_path='datasets', end2end=False, eval_poisons_root='attack-results-7poisons/100-overlap/linear-transfer-learning/mean/800', gpu='2', lr_decay_epoch=[30, 45], model_resume_path='model-chks', num_per_class=50, poison_label=8, retrain_bsize=64, retrain_epochs=60, retrain_lr=0.1, retrain_momentum=0.9, retrain_opt='adam', retrain_wd=0, subset_group=0, target_camera=True, target_index_end=44, target_index_start=43, target_index_step=1, target_label=6, target_net=['DPN92', 'SENet18', 'ResNet50', 'ResNeXt29_2x64d', 'GoogLeNet', 'MobileNetV2', 'ResNet18', 'DenseNet121'], target_print_size=[2, 4], test_chk_name='ckpt-%s-4800.t7', train_data_path='datasets/CIFAR10_TRAIN_Split.pth')", "poison_label": 8, "target_label": 6, "targets": {"43": {}, "43": {"800": {"time": 396.0, "coeffs_time": 0, "poisons_time": 4, "target_loss": 0.0024158137384802103, "total_loss": 0.04985969886183739, "coeff_list": [[0.1428571492433548, 0.1428571492433548, 0.1428571492433548, 0.1428571492433548, 0.1428571492433548, 0.1428571492433548, 0.1428571492433548], [0.1428571492433548, 0.1428571492433548, 0.1428571492433548, 0.1428571492433548, 0.1428571492433548, 0.1428571492433548, 0.1428571492433548], [0.1428571492433548, 0.1428571492433548, 0.1428571492433548, 0.1428571492433548, 0.1428571492433548, 0.1428571492433548, 0.1428571492433548], [0.1428571492433548, 0.1428571492433548, 0.1428571492433548, 0.1428571492433548, 0.1428571492433548, 0.1428571492433548, 0.1428571492433548], [0.1428571492433548, 0.1428571492433548, 0.1428571492433548, 0.1428571492433548, 0.1428571492433548, 0.1428571492433548, 0.1428571492433548], [0.1428571492433548, 0.1428571492433548, 0.1428571492433548, 0.1428571492433548, 0.1428571492433548, 0.1428571492433548, 0.1428571492433548], [0.1428571492433548, 0.1428571492433548, 0.1428571492433548, 0.1428571492433548, 0.1428571492433548, 0.1428571492433548, 0.1428571492433548], [0.1428571492433548, 0.1428571492433548, 0.1428571492433548, 0.1428571492433548, 0.1428571492433548, 0.1428571492433548, 0.1428571492433548], [0.1428571492433548, 0.1428571492433548, 0.1428571492433548, 0.1428571492433548, 0.1428571492433548, 0.1428571492433548, 0.1428571492433548], [0.1428571492433548, 0.1428571492433548, 0.1428571492433548, 0.1428571492433548, 0.1428571492433548, 0.1428571492433548, 0.1428571492433548], [0.1428571492433548, 0.1428571492433548, 0.1428571492433548, 0.1428571492433548, 0.1428571492433548, 0.1428571492433548, 0.1428571492433548], [0.1428571492433548, 0.1428571492433548, 0.1428571492433548, 0.1428571492433548, 0.1428571492433548, 0.1428571492433548, 0.1428571492433548], [0.1428571492433548, 0.1428571492433548, 0.1428571492433548, 0.1428571492433548, 0.1428571492433548, 0.1428571492433548, 0.1428571492433548], [0.1428571492433548, 0.1428571492433548, 0.1428571492433548, 0.1428571492433548, 0.1428571492433548, 0.1428571492433548, 0.1428571492433548], [0.1428571492433548, 0.1428571492433548, 0.1428571492433548, 0.1428571492433548, 0.1428571492433548, 0.1428571492433548, 0.1428571492433548], [0.1428571492433548, 0.1428571492433548, 0.1428571492433548, 0.1428571492433548, 0.1428571492433548, 0.1428571492433548, 0.1428571492433548], [0.1428571492433548, 0.1428571492433548, 0.1428571492433548, 0.1428571492433548, 0.1428571492433548, 0.1428571492433548, 0.1428571492433548], [0.1428571492433548, 0.1428571492433548, 0.1428571492433548, 0.1428571492433548, 0.1428571492433548, 0.1428571492433548, 0.1428571492433548]], "coeff_list_in_victim": [[0.04783620685338974, 0.0, 0.0, 0.25726136565208435, 0.26206621527671814, 0.3090924024581909, 0.12374380230903625]], "victims": {"DPN92": {"clean acc": 92.06000137329102, "prediction": 6, "poisons predictions": [8, 8, 8, 8, 8, 8, 6], "scores": [5.464702024227108e-10, 0.0, 7.719548314077994e-35, 1.563599394876491e-16, 3.7672577735943784e-30, 3.47299183446871e-18, 0.9889040589332581, 0.0, 0.011096523143351078, 0.0], "malicious score": 0.011096523143351078, "camera": {}}, "SENet18": {"clean acc": 91.60000114440918, "prediction": 6, "poisons predictions": [8, 6, 6, 8, 8, 8, 6], "scores": [2.6091865947819315e-06, 3.159386641193862e-10, 9.104343797958214e-15, 5.325857532767486e-10, 1.2975301615369972e-06, 2.0954145536766777e-12, 0.9383189082145691, 1.704104251373101e-14, 0.06167672574520111, 1.939913854553943e-11], "malicious score": 0.06167672574520111, "camera": {}}, "ResNet50": {"clean acc": 92.90000267028809, "prediction": 8, "poisons predictions": [8, 8, 8, 8, 6, 8, 8], "scores": [4.169829827306715e-38, 4.1308150205542765e-14, 0.0, 3.7656735245929447e-32, 0.0, 3.48822470802839e-31, 0.49821290373802185, 2.1833349974367533e-22, 0.5017853379249573, 3.659092791454188e-36], "malicious score": 0.5017853379249573, "camera": {}}, "ResNeXt29_2x64d": {"clean acc": 93.10000190734863, "prediction": 6, "poisons predictions": [8, 8, 8, 8, 8, 8, 8], "scores": [1.3946601470015752e-27, 1.7517014228030092e-10, 1.5471037136060248e-18, 7.500909615654194e-11, 0.0, 1.783623184174665e-24, 0.951583981513977, 1.7507861833934517e-25, 0.04841615632176399, 1.2395815137996945e-25], "malicious score": 0.04841615632176399, "camera": {}}, "GoogLeNet": {"clean acc": 92.07000122070312, "prediction": 8, "poisons predictions": [8, 8, 8, 8, 6, 8, 8], "scores": [1.2546488919258132e-16, 7.220327113977021e-11, 3.9669382009962714e-15, 1.1157180734855388e-09, 1.2006170255034199e-13, 6.957199139706605e-12, 0.10336761921644211, 7.654124001277296e-10, 0.896632730960846, 7.665850314913611e-19], "malicious score": 0.896632730960846, "camera": {}}, "MobileNetV2": {"clean acc": 87.01000099182129, "prediction": 8, "poisons predictions": [6, 8, 8, 8, 8, 8, 8], "scores": [7.938694840392557e-11, 4.081900900729414e-15, 5.5515618833746226e-18, 1.7505235518910922e-05, 8.049628644172801e-20, 6.384016384446329e-16, 0.23660744726657867, 5.552979266315692e-26, 0.7633733153343201, 4.450836740394162e-29], "malicious score": 0.7633733153343201, "camera": {}}, "ResNet18": {"clean acc": 92.81000137329102, "prediction": 6, "poisons predictions": [8, 6, 8, 6, 6, 8, 6], "scores": [1.5763926893442443e-15, 4.496980920976057e-08, 9.692177060927065e-10, 7.280769204953685e-05, 1.9570725397367686e-26, 2.2437982138967527e-08, 0.7577831149101257, 3.689890840791188e-12, 0.24214430153369904, 4.972714016411974e-15], "malicious score": 0.24214430153369904, "camera": {}}, "DenseNet121": {"clean acc": 93.04000129699708, "prediction": 8, "poisons predictions": [8, 8, 8, 8, 8, 8, 8], "scores": [3.3203590987795906e-08, 3.537311069057303e-11, 6.575546507292529e-08, 1.2336755617070594e-06, 4.956421435053926e-06, 9.811777090362739e-06, 0.2005356252193451, 1.6179340520855983e-18, 0.7994481921195984, 7.474986985455106e-15], "malicious score": 0.7994481921195984, "camera": {}}}}}}, "poison_idx_list": [213, 225, 227, 247, 249, 253, 261]}