{"args": "Namespace(device='cuda', dset_path='datasets', end2end=False, eval_poisons_root='attack-results-10poisons/100-overlap/linear-transfer-learning/convex/800', gpu='0', lr_decay_epoch=[30, 45], model_resume_path='model-chks', num_per_class=50, poison_label=8, retrain_bsize=64, retrain_epochs=60, retrain_lr=0.1, retrain_momentum=0.9, retrain_opt='adam', retrain_wd=0, subset_group=0, target_camera=True, target_index_end=1, target_index_start=0, target_index_step=1, target_label=6, target_net=['DPN92', 'SENet18', 'ResNet50', 'ResNeXt29_2x64d', 'GoogLeNet', 'MobileNetV2', 'ResNet18', 'DenseNet121'], target_print_size=[2, 4], test_chk_name='ckpt-%s-4800.t7', train_data_path='datasets/CIFAR10_TRAIN_Split.pth')", "poison_label": 8, "target_label": 6, "targets": {"0": {}, "0": {"800": {"time": 34807.0, "coeffs_time": 32732, "poisons_time": 34401, "target_loss": 0.00753561407327652, "total_loss": 0.0015000674175098538, "coeff_list": [[0.0, 0.05358549579977989, 0.016475945711135864, 0.15204012393951416, 0.3365473747253418, 0.09008008241653442, 0.0762660801410675, 0.21331115067005157, 0.06169374659657478, 0.0], [0.00569046288728714, 0.0, 0.08865415304899216, 0.10390187054872513, 0.0692601203918457, 0.02695927396416664, 0.15212665498256683, 0.06389710307121277, 0.035333242267370224, 0.4541771411895752], [0.0, 0.3345183730125427, 0.0, 0.0, 0.22973741590976715, 0.18311215937137604, 0.0, 0.1421130746603012, 0.09006287157535553, 0.020456161350011826], [0.0, 0.5860992670059204, 0.03347107395529747, 0.0, 0.09191456437110901, 0.2408551573753357, 0.0, 0.04654255509376526, 0.0011174012906849384, 0.0], [0.1623256951570511, 0.025082966312766075, 0.05591787025332451, 0.0034145107492804527, 0.14867645502090454, 0.2711854577064514, 0.15847168862819672, 0.16089600324630737, 0.0, 0.014029319398105145], [0.09421662986278534, 0.2220449447631836, 0.09253823757171631, 0.06622064858675003, 0.15403391420841217, 0.07810183614492416, 0.16872943937778473, 0.0, 0.03137165680527687, 0.09274269640445709], [0.0, 0.0, 0.013402337208390236, 0.0833236500620842, 0.0, 0.031606391072273254, 0.022075554355978966, 0.04714192450046539, 0.4769913852214813, 0.3254587650299072], [0.2535436153411865, 0.1406250298023224, 0.10827211290597916, 0.043497104197740555, 0.08554363995790482, 0.0, 0.0, 0.3129192590713501, 0.020243579521775246, 0.03535562753677368], [0.0, 0.2361626923084259, 0.01637490652501583, 0.036323804408311844, 0.13442513346672058, 0.3808143734931946, 0.03955281525850296, 0.04953325167298317, 0.1068129763007164, 0.0], [0.0, 0.46387016773223877, 0.0, 0.0, 0.07209265977144241, 0.0, 0.06197957694530487, 0.018270591273903847, 0.15871469676494598, 0.22507236897945404], [0.2442561537027359, 0.1138392761349678, 0.0, 0.0, 0.20566485822200775, 0.06061071902513504, 0.22843287885189056, 0.1330411732196808, 0.0, 0.014154931530356407], [0.0, 0.025950033217668533, 0.31032586097717285, 0.1896941065788269, 0.0, 0.15257751941680908, 0.050204504281282425, 0.0884605199098587, 0.14440421760082245, 0.03838331624865532], [0.04164057597517967, 0.0, 0.10976141691207886, 0.09173598885536194, 0.23229996860027313, 0.0, 0.18849828839302063, 0.3360637128353119, 0.0, 0.0], [0.05096479877829552, 0.40994396805763245, 0.06442335993051529, 0.060869067907333374, 0.08797334134578705, 0.0249162670224905, 0.1404503583908081, 0.09278929233551025, 0.0, 0.067669577896595], [0.054041892290115356, 0.23603752255439758, 0.11112134903669357, 0.06259199976921082, 0.33726102113723755, 0.14027532935142517, 0.0, 0.0, 0.05279960110783577, 0.0058713313192129135], [0.0, 0.5291094779968262, 0.0, 0.0, 0.03850942850112915, 0.0, 0.04717522859573364, 0.0, 0.09443226456642151, 0.2907736003398895], [0.1552346795797348, 0.06235451623797417, 0.26300689578056335, 0.07176172733306885, 0.15254278481006622, 0.0, 0.08520988374948502, 0.030679019168019295, 0.07107732445001602, 0.1081332117319107], [0.18031467497348785, 0.17430686950683594, 0.26927298307418823, 0.1362609714269638, 0.0, 0.019673585891723633, 0.1419525146484375, 0.03990395739674568, 0.03831446170806885, 0.0]], "coeff_list_in_victim": [[0.0, 0.34698599576950073, 0.08185496181249619, 0.0, 0.39080214500427246, 0.0, 0.0, 0.15319852530956268, 0.011913236230611801, 0.015245090238749981]], "victims": {"DPN92": {"clean acc": 91.47000160217286, "prediction": 6, "poisons predictions": [8, 8, 8, 6, 8, 8, 8, 8, 8, 8], "scores": [5.379655537569015e-16, 2.3096063916395258e-17, 2.8351463557444663e-33, 2.0828263558314575e-09, 9.458885987859118e-25, 2.6379952750257302e-17, 0.837688684463501, 2.0512206920786672e-41, 0.1623116135597229, 0.0], "malicious score": 0.1623116135597229, "camera": {"2": {"prediction": 3, "scores": [8.407790785948902e-45, 1.7850614248811259e-37, 5.998121821448876e-08, 0.9935095310211182, 0.003954459447413683, 0.002535047475248575, 8.652642158324397e-09, 0.0, 3.693941532656756e-30, 3.037360104832345e-22], "malicious score": 3.693941532656756e-30}, "4": {"prediction": 5, "scores": [5.74532370373175e-44, 5.739364822142055e-38, 2.518403485751719e-09, 0.051839131861925125, 2.6629634248820366e-06, 0.9481543898582458, 4.310092208470451e-06, 0.0, 3.258648639462514e-30, 3.812163102243248e-28], "malicious score": 3.258648639462514e-30}}}, "SENet18": {"clean acc": 91.42000122070313, "prediction": 8, "poisons predictions": [8, 8, 8, 8, 6, 8, 6, 8, 8, 8], "scores": [3.7131346608543225e-11, 9.078739341921476e-17, 9.722841723859368e-17, 1.9550329852791037e-06, 2.9143689062038902e-06, 1.3197358136873838e-11, 0.000687375373672694, 5.732621048832578e-17, 0.9993078112602234, 2.630943202961691e-15], "malicious score": 0.9993078112602234, "camera": {"2": {"prediction": 3, "scores": [1.714568856392483e-15, 7.593225565520802e-29, 3.0311010320617504e-13, 0.9997805953025818, 5.866690599987123e-08, 0.00016176662757061422, 1.0101506436877017e-11, 5.0057581977695895e-21, 5.746647002524696e-05, 7.138490753372251e-12], "malicious score": 5.746647002524696e-05}, "4": {"prediction": 3, "scores": [3.0647151483265134e-12, 1.2082682040198913e-26, 2.1309067791547287e-12, 0.9964491724967957, 1.5174996406130958e-05, 0.0003994388098362833, 3.927994374208765e-09, 1.671802716062648e-19, 0.00313618965446949, 4.6700499370389e-12], "malicious score": 0.00313618965446949}}}, "ResNet50": {"clean acc": 92.72000160217286, "prediction": 8, "poisons predictions": [8, 8, 8, 8, 8, 6, 6, 8, 8, 8], "scores": [3.0331805909542828e-40, 4.465252490694911e-24, 1.746498372447494e-31, 5.198023391955434e-35, 0.0, 5.012304477043438e-41, 0.007731580641120672, 1.2563985941498808e-21, 0.9922671318054199, 4.239231431881883e-37], "malicious score": 0.9922671318054199, "camera": {"2": {"prediction": 3, "scores": [3.435754871987346e-32, 1.3168508556691062e-20, 6.064837793221433e-18, 1.0, 1.4925010474433412e-27, 5.349021532240379e-16, 8.681147003677522e-34, 2.4151879582727496e-33, 2.103767604566542e-09, 7.278108067748977e-30], "malicious score": 2.103767604566542e-09}, "4": {"prediction": 3, "scores": [1.2990633401310093e-28, 6.290308409844453e-19, 5.619748373250633e-13, 1.0, 1.3160152329826899e-23, 7.173667719963597e-15, 5.582428916281035e-29, 1.9074208924578323e-30, 1.404042677677353e-07, 2.1799017098559984e-26], "malicious score": 1.404042677677353e-07}}}, "ResNeXt29_2x64d": {"clean acc": 93.03000221252441, "prediction": 6, "poisons predictions": [8, 8, 8, 8, 8, 8, 8, 8, 8, 8], "scores": [1.081645809778449e-22, 1.5353975035825584e-11, 4.3301938299810077e-19, 9.54094442340292e-11, 2.7325320054333933e-43, 6.306556579520343e-32, 0.8823555111885071, 2.010559533945025e-24, 0.11764615774154663, 6.440788572600386e-24], "malicious score": 0.11764615774154663, "camera": {"2": {"prediction": 3, "scores": [3.3316790759617756e-14, 2.839635433416678e-20, 2.206374194457794e-09, 0.9645038843154907, 5.017881790081447e-07, 0.0039942036382853985, 0.03150093927979469, 1.4089050718537477e-20, 5.830213467561407e-08, 5.3725732196419074e-11], "malicious score": 5.830213467561407e-08}, "4": {"prediction": 3,