{"args": "Namespace(device='cuda', dset_path='datasets', end2end=False, eval_poisons_root='attack-results-eps0.03/100-overlap/linear-transfer-learning/mean/800', gpu='2', lr_decay_epoch=[30, 45], model_resume_path='model-chks', num_per_class=50, poison_label=8, retrain_bsize=64, retrain_epochs=60, retrain_lr=0.1, retrain_momentum=0.9, retrain_opt='adam', retrain_wd=0, subset_group=0, target_camera=True, target_index_end=46, target_index_start=45, target_index_step=1, target_label=6, target_net=['DPN92', 'SENet18', 'ResNet50', 'ResNeXt29_2x64d', 'GoogLeNet', 'MobileNetV2', 'ResNet18', 'DenseNet121'], target_print_size=[2, 4], test_chk_name='ckpt-%s-4800.t7', train_data_path='datasets/CIFAR10_TRAIN_Split.pth')", "poison_label": 8, "target_label": 6, "targets": {"45": {}, "45": {"800": {"time": 332.0, "coeffs_time": 0, "poisons_time": 4, "target_loss": 0.016931122168898582, "total_loss": 0.08770371228456497, "coeff_list": [[0.20000000298023224, 0.20000000298023224, 0.20000000298023224, 0.20000000298023224, 0.20000000298023224], [0.20000000298023224, 0.20000000298023224, 0.20000000298023224, 0.20000000298023224, 0.20000000298023224], [0.20000000298023224, 0.20000000298023224, 0.20000000298023224, 0.20000000298023224, 0.20000000298023224], [0.20000000298023224, 0.20000000298023224, 0.20000000298023224, 0.20000000298023224, 0.20000000298023224], [0.20000000298023224, 0.20000000298023224, 0.20000000298023224, 0.20000000298023224, 0.20000000298023224], [0.20000000298023224, 0.20000000298023224, 0.20000000298023224, 0.20000000298023224, 0.20000000298023224], [0.20000000298023224, 0.20000000298023224, 0.20000000298023224, 0.20000000298023224, 0.20000000298023224], [0.20000000298023224, 0.20000000298023224, 0.20000000298023224, 0.20000000298023224, 0.20000000298023224], [0.20000000298023224, 0.20000000298023224, 0.20000000298023224, 0.20000000298023224, 0.20000000298023224], [0.20000000298023224, 0.20000000298023224, 0.20000000298023224, 0.20000000298023224, 0.20000000298023224], [0.20000000298023224, 0.20000000298023224, 0.20000000298023224, 0.20000000298023224, 0.20000000298023224], [0.20000000298023224, 0.20000000298023224, 0.20000000298023224, 0.20000000298023224, 0.20000000298023224], [0.20000000298023224, 0.20000000298023224, 0.20000000298023224, 0.20000000298023224, 0.20000000298023224], [0.20000000298023224, 0.20000000298023224, 0.20000000298023224, 0.20000000298023224, 0.20000000298023224], [0.20000000298023224, 0.20000000298023224, 0.20000000298023224, 0.20000000298023224, 0.20000000298023224], [0.20000000298023224, 0.20000000298023224, 0.20000000298023224, 0.20000000298023224, 0.20000000298023224], [0.20000000298023224, 0.20000000298023224, 0.20000000298023224, 0.20000000298023224, 0.20000000298023224], [0.20000000298023224, 0.20000000298023224, 0.20000000298023224, 0.20000000298023224, 0.20000000298023224]], "coeff_list_in_victim": [[0.0, 0.1941252201795578, 0.2540416121482849, 0.13184243440628052, 0.41999077796936035]], "victims": {"DPN92": {"clean acc": 92.0200023651123, "prediction": 6, "poisons predictions": [8, 8, 8, 6, 6], "scores": [4.690013636243946e-14, 1.63051982939727e-12, 8.155557062370435e-43, 4.832049001866906e-17, 1.553439260284566e-38, 1.921224109830832e-21, 0.5980984568595886, 1.8860948285607686e-33, 0.4018998146057129, 0.0], "malicious score": 0.4018998146057129, "camera": {}}, "SENet18": {"clean acc": 90.97000122070312, "prediction": 6, "poisons predictions": [8, 6, 8, 6, 6], "scores": [5.171833517003677e-10, 1.9516592786317233e-08, 2.0369166677116452e-15, 2.1713866815709082e-11, 2.1224506781436503e-05, 1.0956493992511727e-14, 0.9997082352638245, 8.740336444603583e-17, 0.0002706462692003697, 2.4042284000427913e-20], "malicious score": 0.0002706462692003697, "camera": {}}, "ResNet50": {"clean acc": 93.2400016784668, "prediction": 8, "poisons predictions": [8, 8, 8, 6, 8], "scores": [5.187010594050538e-35, 4.0497727639427795e-26, 1.085944652719303e-39, 1.1081654139534455e-32, 0.0, 1.0299543712787405e-42, 0.059816088527441025, 2.6624670822171524e-44, 0.9401838183403015, 0.0], "malicious score": 0.9401838183403015, "camera": {}}, "ResNeXt29_2x64d": {"clean acc": 92.6400016784668, "prediction": 6, "poisons predictions": [8, 8, 8, 6, 8], "scores": [2.4749665242418848e-23, 8.796700257107659e-09, 1.0139624947300336e-16, 6.605671565296234e-10, 0.0, 5.0998295788955775e-31, 0.9714542031288147, 7.082726007768634e-26, 0.02854546345770359, 1.6454452520784994e-18], "malicious score": 0.02854546345770359, "camera": {}}, "GoogLeNet": {"clean acc": 91.78000144958496, "prediction": 6, "poisons predictions": [8, 8, 8, 6, 6], "scores": [3.990092354829236e-14, 8.802968770593722e-11, 7.327990942940232e-07, 0.0004153976042289287, 6.224370324714457e-11, 2.808427052514162e-05, 0.9864239692687988, 3.380193236424134e-09, 0.013131526298820972, 4.571028343162975e-13], "malicious score": 0.013131526298820972, "camera": {}}, "MobileNetV2": {"clean acc": 87.2500015258789, "prediction": 8, "poisons predictions": [8, 6, 8, 6, 6], "scores": [4.88988754002162e-12, 3.91258020081167e-22, 1.2123616455368691e-14, 3.247662107241922e-06, 1.4021365190692066e-23, 2.3932632168632926e-15, 0.3636864423751831, 2.3379503966623165e-28, 0.6363106966018677, 8.70663500671006e-30], "malicious score": 0.6363106966018677, "camera": {}}, "ResNet18": {"clean acc": 92.82000122070312, "prediction": 6, "poisons predictions": [8, 8, 8, 6, 6], "scores": [1.3170637719587774e-17, 1.8004764413864956e-14, 2.7162839577425657e-13, 4.042906766699161e-06, 1.1911486847547304e-17, 9.229097486240789e-10, 0.8769295811653137, 1.255175375842091e-16, 0.12306621670722961, 9.24100931115477e-24], "malicious score": 0.12306621670722961, "camera": {}}, "DenseNet121": {"clean acc": 92.7300018310547, "prediction": 6, "poisons predictions": [8, 8, 8, 8, 8], "scores": [6.761778914565753e-10, 1.6891185672385234e-10, 1.0731080607451204e-10, 3.0959115974837914e-05, 3.578864288256156e-11, 3.817542904016591e-08, 0.9308024644851685, 6.961929476790437e-22, 0.06916668266057968, 1.289260781467405e-10], "malicious score": 0.06916668266057968, "camera": {}}}}}}, "poison_idx_list": [213, 225, 227, 247, 249]}