{"args": "Namespace(device='cuda', dset_path='datasets', end2end=False, eval_poisons_root='attack-results-eps0.20/100-overlap/linear-transfer-learning/mean/800', gpu='1', lr_decay_epoch=[30, 45], model_resume_path='model-chks', num_per_class=50, poison_label=8, retrain_bsize=64, retrain_epochs=60, retrain_lr=0.1, retrain_momentum=0.9, retrain_opt='adam', retrain_wd=0, subset_group=0, target_camera=True, target_index_end=37, target_index_start=36, target_index_step=1, target_label=6, target_net=['DPN92', 'SENet18', 'ResNet50', 'ResNeXt29_2x64d', 'GoogLeNet', 'MobileNetV2', 'ResNet18', 'DenseNet121'], target_print_size=[2, 4], test_chk_name='ckpt-%s-4800.t7', train_data_path='datasets/CIFAR10_TRAIN_Split.pth')", "poison_label": 8, "target_label": 6, "targets": {"36": {}, "36": {"800": {"time": 357.0, "coeffs_time": 0, "poisons_time": 4, "target_loss": 0.0223753210157156, "total_loss": 0.07539712637662888, "coeff_list": [[0.20000000298023224, 0.20000000298023224, 0.20000000298023224, 0.20000000298023224, 0.20000000298023224], [0.20000000298023224, 0.20000000298023224, 0.20000000298023224, 0.20000000298023224, 0.20000000298023224], [0.20000000298023224, 0.20000000298023224, 0.20000000298023224, 0.20000000298023224, 0.20000000298023224], [0.20000000298023224, 0.20000000298023224, 0.20000000298023224, 0.20000000298023224, 0.20000000298023224], [0.20000000298023224, 0.20000000298023224, 0.20000000298023224, 0.20000000298023224, 0.20000000298023224], [0.20000000298023224, 0.20000000298023224, 0.20000000298023224, 0.20000000298023224, 0.20000000298023224], [0.20000000298023224, 0.20000000298023224, 0.20000000298023224, 0.20000000298023224, 0.20000000298023224], [0.20000000298023224, 0.20000000298023224, 0.20000000298023224, 0.20000000298023224, 0.20000000298023224], [0.20000000298023224, 0.20000000298023224, 0.20000000298023224, 0.20000000298023224, 0.20000000298023224], [0.20000000298023224, 0.20000000298023224, 0.20000000298023224, 0.20000000298023224, 0.20000000298023224], [0.20000000298023224, 0.20000000298023224, 0.20000000298023224, 0.20000000298023224, 0.20000000298023224], [0.20000000298023224, 0.20000000298023224, 0.20000000298023224, 0.20000000298023224, 0.20000000298023224], [0.20000000298023224, 0.20000000298023224, 0.20000000298023224, 0.20000000298023224, 0.20000000298023224], [0.20000000298023224, 0.20000000298023224, 0.20000000298023224, 0.20000000298023224, 0.20000000298023224], [0.20000000298023224, 0.20000000298023224, 0.20000000298023224, 0.20000000298023224, 0.20000000298023224], [0.20000000298023224, 0.20000000298023224, 0.20000000298023224, 0.20000000298023224, 0.20000000298023224], [0.20000000298023224, 0.20000000298023224, 0.20000000298023224, 0.20000000298023224, 0.20000000298023224], [0.20000000298023224, 0.20000000298023224, 0.20000000298023224, 0.20000000298023224, 0.20000000298023224]], "coeff_list_in_victim": [[0.0, 0.5227944254875183, 0.0, 0.05686492100358009, 0.4203406274318695]], "victims": {"DPN92": {"clean acc": 92.1900016784668, "prediction": 8, "poisons predictions": [8, 8, 8, 8, 8], "scores": [5.4560383217744477e-17, 1.896102164167246e-09, 6.538740131859265e-34, 9.50935094556904e-11, 5.067320323221153e-19, 1.0129874716824361e-10, 0.1859063357114792, 1.0697412984464686e-38, 0.8140944242477417, 0.0], "malicious score": 0.8140944242477417, "camera": {"2": {"prediction": 3, "scores": [5.9044658798521175e-34, 1.058187459350779e-21, 1.2596477680371088e-13, 0.7804409265518188, 3.684601324493997e-05, 0.21952131390571594, 8.126002981612146e-09, 1.4180530894135167e-38, 1.6260385038435743e-08, 5.215485681961135e-34], "malicious score": 1.6260385038435743e-08}, "4": {"prediction": 3, "scores": [1.1786091812632262e-34, 8.754257677945343e-23, 9.299679548232186e-16, 0.9975330233573914, 0.00014057436783332378, 0.0023257092107087374, 1.0287630469729692e-10, 2.1228624964568128e-38, 2.2207563912801653e-11, 1.2232442537838335e-32], "malicious score": 2.2207563912801653e-11}}}, "SENet18": {"clean acc": 91.48000221252441, "prediction": 6, "poisons predictions": [8, 8, 8, 8, 8], "scores": [7.72745576976587e-17, 9.239831989804603e-12, 1.0963255962408776e-16, 7.078452490816289e-09, 0.00014870513405185193, 8.439899820689156e-12, 0.9570866227149963, 8.468231859841585e-23, 0.042764369398355484, 5.134086392479008e-16], "malicious score": 0.042764369398355484, "camera": {"2": {"prediction": 3, "scores": [2.8787298141331604e-17, 1.1371428949116346e-19, 1.911323321834857e-09, 0.7732760310173035, 0.05437571927905083, 0.17164559662342072, 0.00022335506218951195, 9.640893790291792e-23, 0.0004789918602909893, 1.6802923497039046e-09], "malicious score": 0.0004789918602909893}, "4": {"prediction": 3, "scores": [1.5943988701903437e-20, 1.994668818477866e-25, 7.924821909810476e-11, 0.9943531155586243, 0.00015721407544333488, 0.0054904380813241005, 3.2813765593608935e-11, 1.565836511569221e-25, 6.06704375627487e-08, 3.0306746695574205e-12], "malicious score": 6.06704375627487e-08}}}, "ResNet50": {"clean acc": 93.44000129699707, "prediction": 8, "poisons predictions": [8, 8, 8, 8, 8], "scores": [1.3605763094409598e-35, 1.8883069605773648e-16, 4.290056136406205e-28, 2.491155026335709e-15, 3.3600292970579926e-20, 1.5730564585039702e-33, 0.09679797291755676, 2.655668051901603e-22, 0.903202474117279, 1.1451714685035974e-13], "malicious score": 0.903202474117279, "camera": {"2": {"prediction": 3, "scores": [6.401613664883557e-34, 6.680484753675671e-27, 2.1150836994948427e-33, 0.9999637603759766, 1.5441041375020452e-16, 1.879719064205068e-23, 4.344025239406933e-44, 8.232275358936566e-23, 3.580698466976173e-05, 1.0109897977954354e-21], "malicious score": 3.580698466976173e-05}, "4": {"prediction": 3, "scores": [9.328383450258286e-32, 2.660318864569109e-32, 1.3351969155238735e-28, 1.0, 6.127346893758379e-14, 2.961765823582648e-21, 0.0, 3.088094004803221e-26, 2.3096650460241452e-12, 1.055757940917667e-25], "malicious score": 2.3096650460241452e-12}}}, "ResNeXt29_2x64d": {"clean acc": 93.16000137329101, "prediction": 6, "poisons predictions": [8, 8, 8, 8, 8], "scores": [5.555021548313219e-23, 8.326375179612544e-12, 6.338115796089561e-13, 0.11018294841051102, 3.7892978263372974e-21, 1.52533137487941e-13, 0.6275877356529236, 2.401584309718441e-16, 0.26222896575927734, 2.3134067902458395e-17], "malicious score": 0.26222896575927734, "camera": {"2": {"prediction": 3, "scores": [3.689126324839063e-22, 9.444446927129999e-21, 7.348223152803257e-05, 0.8415682315826416, 1.116376413534681e-08, 0.031018877401947975, 0.1262233704328537, 1.097344545959722e-12, 0.0011160311987623572, 1.0771076955698455e-12], "malicious score": 0.0011160311987623572}, "4": {"prediction": 3, "scores": [2.2481849489811294e-23, 2.318296249353644e-21, 1.528917970006205e-08, 0.9998712539672852, 0.00010092953743878752, 1.5631443602615036e-05, 1.1828617061837576e-05, 1.2394844028376043e-14, 2.2385628994925355e-07, 4.763981301876652e-17], "malicious score": 2.2385628994925355e-07}}}, "GoogLeNet": {"clean acc": 92.14000129699707, "prediction": 6, "poisons predictions": [8, 8, 8, 8, 8], "scores": [5.143778198518634e-13, 1.457677853977657e-07, 4.227593564110066e-08, 0.0002556006074883044, 4.341295607446227e-06, 8.734490256756544e-05, 0.9046153426170349, 4.879988080297437e-10, 0.0950368270277977, 1.1123698406834137e-08], "malicious score": 0.0950368270277977, "camera": {"2": {"prediction": 8, "scores": [2.9448901542154793e-13, 3.96080918063646e-10, 0.0002098108670907095, 0.014710581861436367, 0.028526591137051582, 0.2959947884082794, 0.005521368235349655, 4.5927264769041187e-10, 0.6550350189208984, 1.953072569449432e-06], "malicious score": 0.6550350189208984}, "4": {"prediction": 5, "scores": [1.7831400147671345e-13, 5.847031886441201e-11, 0.003630017163231969, 0.04168042540550232, 0.01806933805346489, 0.8000434637069702, 0.000860275758896023, 1.6788233997422353e-11, 0.13571400940418243, 2.3173367935669376e-06], "malicious score": 0.13571400940418243}}}, "MobileNetV2": {"clean acc": 87.25000190734863,