{"args": "Namespace(device='cuda', dset_path='datasets', end2end=False, eval_poisons_root='attack-results-10poisons/100-overlap/linear-transfer-learning/convex/800', gpu='2', lr_decay_epoch=[30, 45], model_resume_path='model-chks', num_per_class=50, poison_label=8, retrain_bsize=64, retrain_epochs=60, retrain_lr=0.1, retrain_momentum=0.9, retrain_opt='adam', retrain_wd=0, subset_group=0, target_camera=True, target_index_end=15, target_index_start=14, target_index_step=1, target_label=6, target_net=['DPN92', 'SENet18', 'ResNet50', 'ResNeXt29_2x64d', 'GoogLeNet', 'MobileNetV2', 'ResNet18', 'DenseNet121'], target_print_size=[2, 4], test_chk_name='ckpt-%s-4800.t7', train_data_path='datasets/CIFAR10_TRAIN_Split.pth')", "poison_label": 8, "target_label": 6, "targets": {"14": {}, "14": {"800": {"time": 23345.0, "coeffs_time": 21368, "poisons_time": 22958, "target_loss": 0.033861320465803146, "total_loss": 0.001463618827983737, "coeff_list": [[0.0, 0.0043303947895765305, 0.14119255542755127, 0.14771130681037903, 0.481109619140625, 0.013263572007417679, 0.11183596402406693, 0.09236304461956024, 0.0, 0.008193626999855042], [0.0, 0.03787946328520775, 0.0, 0.04202476888895035, 0.26241564750671387, 0.0, 0.044652871787548065, 0.5316810011863708, 0.05901956185698509, 0.022326624020934105], [0.21275950968265533, 0.0, 0.13677600026130676, 0.5188846588134766, 0.07222264260053635, 0.00024353363551199436, 0.05375048890709877, 0.00536322733387351, 0.0, 0.0], [0.07630538195371628, 0.0, 0.0, 0.16112811863422394, 0.0, 0.0, 0.1526246964931488, 0.08691041171550751, 0.5230314135551453, 0.0], [0.19290167093276978, 0.08819953352212906, 0.006507975980639458, 0.0, 0.20271921157836914, 0.19699746370315552, 0.11172004044055939, 0.02409200742840767, 0.1768622249364853, 0.0], [0.0816086083650589, 0.0, 0.18808528780937195, 0.05710174888372421, 0.1681438535451889, 0.0, 0.08708792924880981, 0.05791603773832321, 0.28375622630119324, 0.07630036026239395], [0.0, 0.0, 0.5405997037887573, 0.009967043064534664, 0.0, 0.027325693517923355, 0.39105066657066345, 0.0, 0.0310568455606699, 0.0], [0.14510010182857513, 0.0, 0.08669345080852509, 0.10373563319444656, 0.0, 0.07335596531629562, 0.226937934756279, 0.30068346858024597, 0.04313730075955391, 0.020356127992272377], [0.021096058189868927, 0.02569747157394886, 0.2253033071756363, 0.5591838359832764, 0.014820550568401814, 0.0010976288467645645, 0.10104448348283768, 0.051756709814071655, 0.0, 0.0], [0.16277672350406647, 0.0, 0.0, 0.21654067933559418, 0.0, 0.01168154552578926, 0.2767603397369385, 0.0, 0.1524495929479599, 0.1797911673784256], [0.0, 0.0, 0.0, 0.02350609004497528, 0.21330463886260986, 0.14911966025829315, 0.04412553831934929, 0.1799989938735962, 0.38994500041007996, 0.0], [0.2746179699897766, 0.0, 0.10646112263202667, 0.0, 0.12408524751663208, 0.10413549840450287, 0.0, 0.0, 0.20592033863067627, 0.18477989733219147], [0.0, 0.006086759734898806, 0.16179141402244568, 0.06421338766813278, 0.0, 0.0, 0.31139451265335083, 0.40963804721832275, 0.046875886619091034, 0.0], [0.0, 0.09944882988929749, 0.053093500435352325, 0.2513010501861572, 0.11402676999568939, 0.03419869393110275, 0.26932141184806824, 0.03446252644062042, 0.052817098796367645, 0.0913301557302475], [0.026070259511470795, 0.02549019642174244, 0.23598834872245789, 0.2906319200992584, 0.1272258162498474, 0.001846153987571597, 0.20692473649978638, 0.028283536434173584, 0.0013496484607458115, 0.056189484894275665], [0.09290432184934616, 0.0, 0.04920944944024086, 0.2980744242668152, 0.13434216380119324, 0.0, 0.3322187066078186, 0.0, 0.022355342283844948, 0.07089556753635406], [0.0924261063337326, 0.13481086492538452, 0.0, 0.14999762177467346, 0.10469112545251846, 0.041657108813524246, 0.22573569416999817, 0.18920943140983582, 0.044575244188308716, 0.016896717250347137], [0.0, 0.29458087682724, 0.18182069063186646, 0.058148276060819626, 0.02090482972562313, 0.0, 0.09590436518192291, 0.0, 0.31620776653289795, 0.032433219254016876]], "coeff_list_in_victim": [[0.0, 0.0, 0.0, 0.0, 0.2817573547363281, 0.24419769644737244, 0.1230962872505188, 0.0, 0.35094860196113586, 0.0]], "victims": {"DPN92": {"clean acc": 92.03000183105469, "prediction": 8, "poisons predictions": [8, 8, 8, 8, 6, 8, 8, 8, 8, 8], "scores": [4.815277454505021e-28, 0.0, 2.0884550057213846e-13, 1.012045117931848e-06, 3.5865507413331747e-23, 0.0002392904571024701, 0.0009493110119365156, 0.0, 0.9988105893135071, 0.0], "malicious score": 0.9988105893135071, "camera": {"2": {"prediction": 5, "scores": [1.3018416264364518e-35, 0.0, 2.411490278297901e-12, 0.0006089257076382637, 3.679258306003472e-23, 0.9993860125541687, 4.1612220229581e-06, 0.0, 1.3905565765526262e-06, 2.7468252497695064e-41], "malicious score": 1.3905565765526262e-06}, "4": {"prediction": 6, "scores": [7.043788326524991e-27, 0.0, 1.257831432936664e-15, 0.00011430566519265994, 1.1404117978090528e-23, 0.037552088499069214, 0.8840401768684387, 0.0, 0.07829364389181137, 1.2149257685696164e-42], "malicious score": 0.07829364389181137}}}, "SENet18": {"clean acc": 90.16000137329101, "prediction": 8, "poisons predictions": [6, 3, 5, 8, 6, 3, 8, 8, 3, 9], "scores": [3.2101795000016864e-07, 2.58712834092418e-18, 1.482051113776972e-11, 1.8961935666084173e-06, 1.0558925112036377e-07, 2.102248330970724e-08, 0.2413606494665146, 1.4394840973305005e-22, 0.7586370706558228, 2.0630719336457115e-25], "malicious score": 0.7586370706558228, "camera": {"2": {"prediction": 8, "scores": [1.2309287703710092e-12, 1.0412326774555481e-30, 1.691567241834946e-08, 1.0320486865111889e-07, 3.989990204900096e-08, 4.92419749207329e-05, 0.21617649495601654, 1.1886001837232211e-28, 0.7837749719619751, 3.324745652374222e-30], "malicious score": 0.7837749719619751}, "4": {"prediction": 8, "scores": [2.687548534413553e-13, 1.4640507167853047e-29, 6.279994302360592e-09, 1.8098377552178135e-07, 1.0405618411368778e-07, 0.0003727467264980078, 0.2307582050561905, 4.1591439373314e-28, 0.7688690423965454, 3.2316155946320207e-28], "malicious score": 0.7688690423965454}}}, "ResNet50": {"clean acc": 90.91000137329101, "prediction": 8, "poisons predictions": [8, 8, 8, 8, 8, 8, 8, 8, 8, 8], "scores": [1.733779876219902e-31, 2.8943377194522124e-36, 4.203895392974451e-45, 0.0, 2.0383147332222357e-40, 1.2344061994311207e-38, 0.08822271227836609, 0.0, 0.9117772579193115, 0.0], "malicious score": 0.9117772579193115, "camera": {"2": {"prediction": 6, "scores": [1.3489318654782034e-29, 8.077912515760662e-39, 3.5071713259749435e-31, 0.0, 0.0, 8.309274822339515e-19, 0.999548077583313, 0.0, 0.00045157576096244156, 0.0], "malicious score": 0.00045157576096244156}, "4": {"prediction": 6, "scores": [5.391380228133451e-33, 3.3936365949325555e-40, 2.8148071035821714e-36, 0.0, 0.0, 5.421363370957806e-27, 0.9999790787696838, 0.0, 2.12734448723495e-05, 0.0], "malicious score": 2.12734448723495e-05}}}, "ResNeXt29_2x64d": {"clean acc": 92.98000144958496, "prediction": 8, "poisons predictions": [8, 8, 8, 8, 8, 8, 8, 8, 8, 8], "scores": [8.291211917705733e-30, 6.0007094533770694e-30, 6.282616746841537e-17, 1.2618865237623052e-17, 5.637423721978739e-42, 6.522504418437835e-17, 0.010438305325806141, 7.776695003063256e-39, 0.9895606637001038, 5.87430215114388e-31], "malicious score": 0.9895606637001038, "camera": {"2": {"prediction": 8, "scores": [6.030990764429529e-26, 1.5329830596870157e-30, 5.011044530711661e-12, 6.516038793605294e-13, 1.5649868875742547e-27, 3.636177279986441e-05, 0.004018986597657204, 3.274988317646542e-36, 0.9959455728530884, 1.675660494198926e-25], "malicious score": 0.9959455728530884}, "4": {"prediction": 8, "scores": [7.612956091873817e-27, 7.727552408294351e-30, 9.31587977332643e-14, 1.0166679781029031e-12, 4.641807499966604e-28, 9.541173540128511e-07, 0.011644170619547367, 4.483864512589852e-36, 0.988355278968811, 9.880618423361258e-26], "malicious score": 0.988355278968811}}}, "GoogLeNet": {"clean acc": 92.11000175476075, "prediction": 8, "poisons predictions": [6, 8, 8, 8, 8, 8, 8, 8, 8, 8],