{"args": "Namespace(device='cuda', dset_path='datasets', end2end=False, eval_poisons_root='attack-results-eps0.03/100-overlap/linear-transfer-learning/mean/800', gpu='2', lr_decay_epoch=[30, 45], model_resume_path='model-chks', num_per_class=50, poison_label=8, retrain_bsize=64, retrain_epochs=60, retrain_lr=0.1, retrain_momentum=0.9, retrain_opt='adam', retrain_wd=0, subset_group=0, target_camera=True, target_index_end=6, target_index_start=5, target_index_step=1, target_label=6, target_net=['DPN92', 'SENet18', 'ResNet50', 'ResNeXt29_2x64d', 'GoogLeNet', 'MobileNetV2', 'ResNet18', 'DenseNet121'], target_print_size=[2, 4], test_chk_name='ckpt-%s-4800.t7', train_data_path='datasets/CIFAR10_TRAIN_Split.pth')", "poison_label": 8, "target_label": 6, "targets": {"5": {}, "5": {"800": {"time": 342.0, "coeffs_time": 0, "poisons_time": 4, "target_loss": 0.01880447193980217, "total_loss": 0.10774971544742584, "coeff_list": [[0.20000000298023224, 0.20000000298023224, 0.20000000298023224, 0.20000000298023224, 0.20000000298023224], [0.20000000298023224, 0.20000000298023224, 0.20000000298023224, 0.20000000298023224, 0.20000000298023224], [0.20000000298023224, 0.20000000298023224, 0.20000000298023224, 0.20000000298023224, 0.20000000298023224], [0.20000000298023224, 0.20000000298023224, 0.20000000298023224, 0.20000000298023224, 0.20000000298023224], [0.20000000298023224, 0.20000000298023224, 0.20000000298023224, 0.20000000298023224, 0.20000000298023224], [0.20000000298023224, 0.20000000298023224, 0.20000000298023224, 0.20000000298023224, 0.20000000298023224], [0.20000000298023224, 0.20000000298023224, 0.20000000298023224, 0.20000000298023224, 0.20000000298023224], [0.20000000298023224, 0.20000000298023224, 0.20000000298023224, 0.20000000298023224, 0.20000000298023224], [0.20000000298023224, 0.20000000298023224, 0.20000000298023224, 0.20000000298023224, 0.20000000298023224], [0.20000000298023224, 0.20000000298023224, 0.20000000298023224, 0.20000000298023224, 0.20000000298023224], [0.20000000298023224, 0.20000000298023224, 0.20000000298023224, 0.20000000298023224, 0.20000000298023224], [0.20000000298023224, 0.20000000298023224, 0.20000000298023224, 0.20000000298023224, 0.20000000298023224], [0.20000000298023224, 0.20000000298023224, 0.20000000298023224, 0.20000000298023224, 0.20000000298023224], [0.20000000298023224, 0.20000000298023224, 0.20000000298023224, 0.20000000298023224, 0.20000000298023224], [0.20000000298023224, 0.20000000298023224, 0.20000000298023224, 0.20000000298023224, 0.20000000298023224], [0.20000000298023224, 0.20000000298023224, 0.20000000298023224, 0.20000000298023224, 0.20000000298023224], [0.20000000298023224, 0.20000000298023224, 0.20000000298023224, 0.20000000298023224, 0.20000000298023224], [0.20000000298023224, 0.20000000298023224, 0.20000000298023224, 0.20000000298023224, 0.20000000298023224]], "coeff_list_in_victim": [[0.0, 0.34672442078590393, 0.02562800981104374, 0.18444779515266418, 0.4431997239589691]], "victims": {"DPN92": {"clean acc": 92.51000175476074, "prediction": 8, "poisons predictions": [8, 8, 8, 8, 8], "scores": [6.354069714831212e-09, 2.172216263301762e-25, 8.972191405702063e-30, 3.0569660603146565e-17, 1.6475262186788584e-23, 6.170408063067009e-19, 6.675399788491632e-09, 6.6826932765376556e-37, 1.0, 1.961817850054744e-44], "malicious score": 1.0, "camera": {"2": {"prediction": 3, "scores": [6.901567761730121e-09, 3.3722390564327078e-21, 1.5100245036592241e-05, 0.9943777322769165, 1.664747228957708e-09, 0.005606827791780233, 1.3390397124446451e-10, 3.007866831482945e-29, 5.3716078696197656e-08, 1.8938625437992873e-15], "malicious score": 5.3716078696197656e-08}, "4": {"prediction": 3, "scores": [9.129263317531056e-11, 1.780323222498122e-20, 1.4585455687665672e-07, 0.9976053237915039, 1.5124687058332142e-09, 0.0023245206102728844, 2.870044757408152e-10, 6.820581592284638e-30, 6.933101394679397e-05, 3.9698558192179787e-17], "malicious score": 6.933101394679397e-05}}}, "SENet18": {"clean acc": 91.59000167846679, "prediction": 8, "poisons predictions": [8, 8, 8, 6, 8], "scores": [3.372308874749312e-14, 8.689995945054818e-11, 2.305155316042051e-22, 7.483995339667833e-17, 1.828975686180012e-11, 6.5854036458066736e-18, 0.00011743479262804613, 5.206039592475786e-13, 0.9998817443847656, 1.4417173880491657e-19], "malicious score": 0.9998817443847656, "camera": {"2": {"prediction": 6, "scores": [1.7336918745058938e-07, 1.2981790935197995e-13, 3.3415903377687073e-09, 0.00025037923478521407, 0.0002556615509092808, 6.461516477429541e-07, 0.9979307651519775, 1.8820797365037834e-08, 0.001562765915878117, 2.606277552715669e-13], "malicious score": 0.001562765915878117}, "4": {"prediction": 6, "scores": [2.4674909226973796e-08, 5.291799116957652e-12, 8.9250455984069e-12, 8.66392610987532e-08, 3.0480578061542474e-06, 2.1335319622117765e-10, 0.8085914850234985, 1.110052716413179e-09, 0.1914059966802597, 2.501848393778321e-16], "malicious score": 0.1914059966802597}}}, "ResNet50": {"clean acc": 94.2500015258789, "prediction": 8, "poisons predictions": [8, 8, 8, 8, 8], "scores": [1.9487120104406355e-28, 9.173335478545024e-15, 3.0609358756280354e-23, 4.147262594888259e-35, 3.186952888017161e-30, 4.429756421525725e-33, 6.6688841116047115e-09, 1.1490580145137212e-38, 1.0, 1.8869009605460435e-33], "malicious score": 1.0, "camera": {"2": {"prediction": 3, "scores": [1.44878382076997e-21, 7.542977473098261e-14, 0.007949652150273323, 0.992049515247345, 3.7430842956455968e-19, 1.71828051300657e-31, 1.1768325309269322e-15, 2.0434146440143938e-23, 5.316935780541598e-10, 1.988908890942463e-33], "malicious score": 5.316935780541598e-10}, "4": {"prediction": 3, "scores": [4.814625574981908e-24, 4.885866559424523e-13, 5.194269903086024e-08, 0.9999923706054688, 5.870096001737601e-22, 2.3883255246335602e-33, 1.5152470207377422e-12, 1.2644946016258694e-30, 7.114005711628124e-06, 6.546177888693101e-34], "malicious score": 7.114005711628124e-06}}}, "ResNeXt29_2x64d": {"clean acc": 93.20000190734864, "prediction": 8, "poisons predictions": [8, 8, 8, 8, 8], "scores": [1.718497352194515e-23, 9.131545867541034e-22, 7.603732049440599e-18, 1.1950983605513166e-11, 3.6155288158403144e-34, 2.6620499803049323e-28, 1.3711969060192786e-10, 2.230143700078725e-24, 1.0, 5.157232820165878e-22], "malicious score": 1.0, "camera": {"2": {"prediction": 3, "scores": [3.060888550779383e-16, 8.002971392474777e-19, 1.903595947538861e-09, 0.9999866485595703, 3.145296290085753e-08, 5.341363202432392e-13, 1.327979134657653e-05, 1.265819912331602e-18, 1.0048192278233614e-09, 9.673526539227936e-17], "malicious score": 1.0048192278233614e-09}, "4": {"prediction": 3, "scores": [1.9690115980472645e-16, 7.079435860446928e-17, 9.936333006388409e-11, 0.9999990463256836, 1.2252828959780082e-13, 3.608163155445287e-16, 1.9723697164408804e-07, 2.2287874310881288e-20, 3.881676775563392e-07, 1.820469468260307e-15], "malicious score": 3.881676775563392e-07}}}, "GoogLeNet": {"clean acc": 92.10000114440918, "prediction": 8, "poisons predictions": [8, 8, 8, 8, 8], "scores": [6.752476182370071e-13, 6.341611538118741e-07, 1.1063196585761923e-17, 1.3460427794598218e-07, 1.154703777039856e-09, 1.9148646210331854e-11, 1.4662523994957155e-07, 3.654221683682983e-15, 0.9999990463256836, 1.084617048952019e-10], "malicious score": 0.9999990463256836, "camera": {"2": {"prediction": 8, "scores": [9.540285361708811e-08, 0.00014591279614251107, 6.415985262719914e-05, 0.3080930709838867, 6.284084065555362e-06, 0.0013980356743559241, 0.008288566954433918, 9.472241047081553e-11, 0.6820038557052612, 1.0191907051648741e-07], "malicious score": 0.6820038557052612}, "4": {"prediction": 8, "scores": [2.8410397590050707e-08, 7.720203575445339e-05, 7.580840701848501e-06, 0.35313621163368225, 9.188604053633753e-06, 0.00032458509667776525, 0.0034772739745676517, 5.2520529592037235e-11, 0.642967939376831, 3.859935659988878e-08], "malicious score": 0.642967939376831}}}, "MobileNetV2": {"clean acc": 86.85000152587891, "prediction": 8,