{"args": "Namespace(device='cuda', dset_path='datasets', end2end=False, eval_poisons_root='attack-results-eps0.05/100-overlap/linear-transfer-learning/mean/800', gpu='0', lr_decay_epoch=[30, 45], model_resume_path='model-chks', num_per_class=50, poison_label=8, retrain_bsize=64, retrain_epochs=60, retrain_lr=0.1, retrain_momentum=0.9, retrain_opt='adam', retrain_wd=0, subset_group=0, target_camera=True, target_index_end=25, target_index_start=24, target_index_step=1, target_label=6, target_net=['DPN92', 'SENet18', 'ResNet50', 'ResNeXt29_2x64d', 'GoogLeNet', 'MobileNetV2', 'ResNet18', 'DenseNet121'], target_print_size=[2, 4], test_chk_name='ckpt-%s-4800.t7', train_data_path='datasets/CIFAR10_TRAIN_Split.pth')", "poison_label": 8, "target_label": 6, "targets": {"24": {}, "24": {"800": {"time": 368.0, "coeffs_time": 0, "poisons_time": 4, "target_loss": 0.011655814945697784, "total_loss": 0.0828051045536995, "coeff_list": [[0.20000000298023224, 0.20000000298023224, 0.20000000298023224, 0.20000000298023224, 0.20000000298023224], [0.20000000298023224, 0.20000000298023224, 0.20000000298023224, 0.20000000298023224, 0.20000000298023224], [0.20000000298023224, 0.20000000298023224, 0.20000000298023224, 0.20000000298023224, 0.20000000298023224], [0.20000000298023224, 0.20000000298023224, 0.20000000298023224, 0.20000000298023224, 0.20000000298023224], [0.20000000298023224, 0.20000000298023224, 0.20000000298023224, 0.20000000298023224, 0.20000000298023224], [0.20000000298023224, 0.20000000298023224, 0.20000000298023224, 0.20000000298023224, 0.20000000298023224], [0.20000000298023224, 0.20000000298023224, 0.20000000298023224, 0.20000000298023224, 0.20000000298023224], [0.20000000298023224, 0.20000000298023224, 0.20000000298023224, 0.20000000298023224, 0.20000000298023224], [0.20000000298023224, 0.20000000298023224, 0.20000000298023224, 0.20000000298023224, 0.20000000298023224], [0.20000000298023224, 0.20000000298023224, 0.20000000298023224, 0.20000000298023224, 0.20000000298023224], [0.20000000298023224, 0.20000000298023224, 0.20000000298023224, 0.20000000298023224, 0.20000000298023224], [0.20000000298023224, 0.20000000298023224, 0.20000000298023224, 0.20000000298023224, 0.20000000298023224], [0.20000000298023224, 0.20000000298023224, 0.20000000298023224, 0.20000000298023224, 0.20000000298023224], [0.20000000298023224, 0.20000000298023224, 0.20000000298023224, 0.20000000298023224, 0.20000000298023224], [0.20000000298023224, 0.20000000298023224, 0.20000000298023224, 0.20000000298023224, 0.20000000298023224], [0.20000000298023224, 0.20000000298023224, 0.20000000298023224, 0.20000000298023224, 0.20000000298023224], [0.20000000298023224, 0.20000000298023224, 0.20000000298023224, 0.20000000298023224, 0.20000000298023224], [0.20000000298023224, 0.20000000298023224, 0.20000000298023224, 0.20000000298023224, 0.20000000298023224]], "coeff_list_in_victim": [[0.0, 0.25889286398887634, 0.0, 0.0, 0.741107165813446]], "victims": {"DPN92": {"clean acc": 92.53000144958496, "prediction": 6, "poisons predictions": [8, 8, 8, 8, 6], "scores": [3.2212674874802347e-19, 1.3833402222587147e-15, 3.294506530397059e-31, 4.236621632940779e-14, 2.7192234590346845e-24, 1.1541239799516944e-14, 0.8027719259262085, 1.0523337803772708e-37, 0.19722892343997955, 0.0], "malicious score": 0.19722892343997955, "camera": {"2": {"prediction": 6, "scores": [1.5072744242743195e-19, 2.2399423938179647e-22, 5.84009220924964e-32, 2.9412496997818045e-15, 1.69451212819961e-27, 8.653618402603769e-16, 1.0, 3.5409130635330938e-40, 1.8224596942673088e-08, 0.0], "malicious score": 1.8224596942673088e-08}, "4": {"prediction": 6, "scores": [1.1953716278974514e-19, 1.2089840644765003e-24, 1.3439908019279118e-29, 2.085301434296121e-14, 2.1963348419215786e-28, 5.358564883050504e-14, 1.0, 1.869655851354565e-39, 2.026577690383835e-11, 0.0], "malicious score": 2.026577690383835e-11}}}, "SENet18": {"clean acc": 91.42000160217285, "prediction": 8, "poisons predictions": [6, 8, 8, 6, 6], "scores": [8.532986617233772e-16, 2.6188265778159803e-08, 1.0143001008869855e-14, 1.9898494310610637e-11, 5.1853588956873864e-05, 4.277862989516233e-14, 0.10779399424791336, 7.94121869533758e-16, 0.8921538591384888, 7.184292901253955e-15], "malicious score": 0.8921538591384888, "camera": {"2": {"prediction": 6, "scores": [4.2915128915799183e-13, 9.933730296064129e-16, 5.076823077495739e-18, 2.567419367383028e-12, 7.1778094934416e-07, 2.3913650160284957e-15, 0.9994508624076843, 1.8547643400608087e-19, 0.0005487655871547759, 5.2316683930335216e-18], "malicious score": 0.0005487655871547759}, "4": {"prediction": 6, "scores": [2.553588417109065e-12, 8.101870140487383e-14, 2.0412882047524247e-15, 6.755793841017876e-11, 3.9616706999368034e-06, 6.267736844941738e-14, 0.9981458783149719, 1.9906177541704966e-17, 0.0018500308506190777, 1.2011603494934802e-16], "malicious score": 0.0018500308506190777}}}, "ResNet50": {"clean acc": 93.2900016784668, "prediction": 6, "poisons predictions": [8, 6, 8, 6, 8], "scores": [2.2712459091500725e-21, 4.745193277602781e-31, 3.447747124295113e-29, 2.6928272363736645e-25, 2.7305008731641907e-32, 1.1981314567931347e-30, 0.7862875461578369, 8.089239193048013e-29, 0.2137121707201004, 6.39973008657144e-42], "malicious score": 0.2137121707201004, "camera": {"2": {"prediction": 6, "scores": [3.791616491965248e-26, 5.550869999992481e-38, 1.0959832546558315e-30, 5.967741425466912e-24, 1.9634162241360884e-31, 4.945877787405389e-34, 1.0, 1.885402394659456e-35, 3.389247922314098e-07, 3.1389085600875902e-43], "malicious score": 3.389247922314098e-07}, "4": {"prediction": 6, "scores": [1.3564012135445125e-25, 9.082704913975068e-36, 1.625683966070828e-28, 6.583889801888125e-20, 2.5791100724414216e-31, 1.990928169831985e-33, 1.0, 4.959935046802293e-34, 4.6801535091844926e-08, 2.802596928649634e-43], "malicious score": 4.6801535091844926e-08}}}, "ResNeXt29_2x64d": {"clean acc": 92.99000129699706, "prediction": 6, "poisons predictions": [8, 8, 8, 8, 8], "scores": [1.6530338680254078e-24, 4.3258327786952633e-20, 2.456642510081155e-16, 4.758565069762355e-11, 2.6068313736811996e-34, 2.0610592536536532e-24, 0.9595670104026794, 3.228633151172043e-21, 0.04043292626738548, 7.323801900404175e-25], "malicious score": 0.04043292626738548, "camera": {"2": {"prediction": 6, "scores": [7.859552717607059e-22, 6.568654156914713e-30, 9.496150393806246e-12, 8.787447569602591e-08, 2.6977570771378155e-14, 2.916506446071221e-12, 1.0, 3.4072848976069253e-19, 1.075818971685294e-07, 6.752522626076046e-22], "malicious score": 1.075818971685294e-07}, "4": {"prediction": 6, "scores": [1.1904318900873067e-23, 1.8300791193940674e-29, 3.444731750280178e-13, 5.115025292212749e-09, 4.167683113192872e-23, 1.9874919310151895e-13, 1.0, 9.194182180722052e-22, 3.8730312290624624e-09, 6.521044835628765e-22], "malicious score": 3.8730312290624624e-09}}}, "GoogLeNet": {"clean acc": 92.30000190734863, "prediction": 6, "poisons predictions": [6, 6, 8, 6, 8], "scores": [4.082758089940519e-11, 6.92489692255549e-08, 1.2842589491857126e-10, 3.4139706258429214e-05, 7.427655509673059e-05, 7.466154784196988e-05, 0.6011171340942383, 8.128549211505742e-08, 0.3986995816230774, 3.099525636152123e-10], "malicious score": 0.3986995816230774, "camera": {"2": {"prediction": 6, "scores": [7.642930732743025e-11, 1.2584797559611616e-07, 5.298351535287793e-09, 0.00025842347531579435, 1.7957141608349048e-05, 0.0008948007598519325, 0.8313373923301697, 7.143296176792546e-09, 0.16749140620231628, 6.235388316788715e-10], "malicious score": 0.16749140620231628}, "4": {"prediction": 6, "scores": [4.299519941464158e-12, 4.549894327965376e-08, 2.1147394946297027e-08, 0.00016819544543977827, 1.4288671081885695e-06, 0.0004115400370210409, 0.8976911306381226, 4.5329599629440054e-08, 0.10172750055789948, 8.694699474287582e-12], "malicious score": 0.10172750055789948}}}, "MobileNetV2": {"clean acc": 86.89000129699707, "prediction": 6, "poisons predictions": [6, 8, 8, 8, 6],