{"args": "Namespace(device='cuda', dset_path='datasets', end2end=False, eval_poisons_root='attack-results-eps0.20/100-overlap/linear-transfer-learning/mean/800', gpu='1', lr_decay_epoch=[30, 45], model_resume_path='model-chks', num_per_class=50, poison_label=8, retrain_bsize=64, retrain_epochs=60, retrain_lr=0.1, retrain_momentum=0.9, retrain_opt='adam', retrain_wd=0, subset_group=0, target_camera=True, target_index_end=31, target_index_start=30, target_index_step=1, target_label=6, target_net=['DPN92', 'SENet18', 'ResNet50', 'ResNeXt29_2x64d', 'GoogLeNet', 'MobileNetV2', 'ResNet18', 'DenseNet121'], target_print_size=[2, 4], test_chk_name='ckpt-%s-4800.t7', train_data_path='datasets/CIFAR10_TRAIN_Split.pth')", "poison_label": 8, "target_label": 6, "targets": {"30": {}, "30": {"800": {"time": 371.0, "coeffs_time": 0, "poisons_time": 4, "target_loss": 0.006572897545993328, "total_loss": 0.06407202780246735, "coeff_list": [[0.20000000298023224, 0.20000000298023224, 0.20000000298023224, 0.20000000298023224, 0.20000000298023224], [0.20000000298023224, 0.20000000298023224, 0.20000000298023224, 0.20000000298023224, 0.20000000298023224], [0.20000000298023224, 0.20000000298023224, 0.20000000298023224, 0.20000000298023224, 0.20000000298023224], [0.20000000298023224, 0.20000000298023224, 0.20000000298023224, 0.20000000298023224, 0.20000000298023224], [0.20000000298023224, 0.20000000298023224, 0.20000000298023224, 0.20000000298023224, 0.20000000298023224], [0.20000000298023224, 0.20000000298023224, 0.20000000298023224, 0.20000000298023224, 0.20000000298023224], [0.20000000298023224, 0.20000000298023224, 0.20000000298023224, 0.20000000298023224, 0.20000000298023224], [0.20000000298023224, 0.20000000298023224, 0.20000000298023224, 0.20000000298023224, 0.20000000298023224], [0.20000000298023224, 0.20000000298023224, 0.20000000298023224, 0.20000000298023224, 0.20000000298023224], [0.20000000298023224, 0.20000000298023224, 0.20000000298023224, 0.20000000298023224, 0.20000000298023224], [0.20000000298023224, 0.20000000298023224, 0.20000000298023224, 0.20000000298023224, 0.20000000298023224], [0.20000000298023224, 0.20000000298023224, 0.20000000298023224, 0.20000000298023224, 0.20000000298023224], [0.20000000298023224, 0.20000000298023224, 0.20000000298023224, 0.20000000298023224, 0.20000000298023224], [0.20000000298023224, 0.20000000298023224, 0.20000000298023224, 0.20000000298023224, 0.20000000298023224], [0.20000000298023224, 0.20000000298023224, 0.20000000298023224, 0.20000000298023224, 0.20000000298023224], [0.20000000298023224, 0.20000000298023224, 0.20000000298023224, 0.20000000298023224, 0.20000000298023224], [0.20000000298023224, 0.20000000298023224, 0.20000000298023224, 0.20000000298023224, 0.20000000298023224], [0.20000000298023224, 0.20000000298023224, 0.20000000298023224, 0.20000000298023224, 0.20000000298023224]], "coeff_list_in_victim": [[0.0, 0.22642070055007935, 0.2715587615966797, 0.4416457414627075, 0.06037473678588867]], "victims": {"DPN92": {"clean acc": 92.10000114440918, "prediction": 8, "poisons predictions": [8, 8, 8, 8, 6], "scores": [2.710060265087577e-08, 1.0826646753373399e-16, 1.0335373046282855e-27, 1.5028117639204197e-10, 4.677603329904561e-37, 7.106415845050448e-16, 0.4811175465583801, 4.963190155963613e-34, 0.5188822150230408, 0.0], "malicious score": 0.5188822150230408, "camera": {"2": {"prediction": 3, "scores": [3.1399352536039303e-17, 2.8609342032789246e-21, 1.1011935178821541e-13, 0.8758998513221741, 1.0117637105753634e-24, 0.1240772232413292, 2.3731519831926562e-05, 1.237875602092154e-25, 7.589904527094404e-08, 7.955451641664851e-41], "malicious score": 7.589904527094404e-08}, "4": {"prediction": 5, "scores": [6.044736709800329e-20, 1.968940389684275e-27, 4.139577745800212e-14, 0.0011750408448278904, 4.346454120978997e-30, 0.9967114329338074, 0.0021144908387213945, 3.526374117054383e-28, 6.932237561763088e-10, 9.80908925027372e-45], "malicious score": 6.932237561763088e-10}}}, "SENet18": {"clean acc": 90.85000114440918, "prediction": 6, "poisons predictions": [8, 8, 8, 6, 6], "scores": [5.245750665447413e-13, 3.832187157254043e-18, 5.330633712219424e-10, 9.522387323102066e-10, 1.3002112098092766e-07, 3.1143271989053645e-11, 0.6455586552619934, 1.8477193916762049e-16, 0.3544420301914215, 2.5658020944484297e-17], "malicious score": 0.3544420301914215, "camera": {"2": {"prediction": 8, "scores": [4.419549250509982e-16, 1.913228297737046e-23, 1.5868912087158016e-11, 2.1833214347566354e-08, 1.3815837363040373e-08, 3.0156985797447078e-09, 1.7690562970074097e-07, 8.655408105375867e-22, 1.0, 3.7486074120284766e-15], "malicious score": 1.0}, "4": {"prediction": 8, "scores": [1.4824948519763688e-15, 1.9398391004250475e-23, 8.354473363114678e-11, 7.814738296474388e-07, 4.636636390387139e-07, 1.5661951238143956e-06, 1.0076689704874298e-06, 4.015262122767582e-22, 0.9999961853027344, 1.3240945883133404e-12], "malicious score": 0.9999961853027344}}}, "ResNet50": {"clean acc": 92.98000144958496, "prediction": 6, "poisons predictions": [8, 8, 8, 8, 8], "scores": [6.101475977985048e-34, 1.0960788928762144e-31, 3.937648684752736e-42, 1.7101845726335676e-24, 2.917631948392649e-26, 2.3366303360458412e-21, 0.9736876487731934, 3.9107129256714843e-38, 0.02631276659667492, 8.43956717890075e-22], "malicious score": 0.02631276659667492, "camera": {"2": {"prediction": 8, "scores": [2.891912078431731e-27, 2.488246760923009e-24, 1.821688003622262e-43, 5.407691186613887e-19, 3.36627613486109e-28, 1.489005967414414e-07, 4.1915862463879835e-14, 5.944156373139235e-32, 1.0, 3.711223986787045e-18], "malicious score": 1.0}, "4": {"prediction": 8, "scores": [1.4848949700028567e-22, 1.2239886035794483e-21, 1.447541313647536e-42, 1.4970138701950344e-16, 1.405604686874443e-26, 0.05106630548834801, 8.725906775125963e-18, 1.3828772835276898e-28, 0.9489332437515259, 8.897407719713358e-16], "malicious score": 0.9489332437515259}}}, "ResNeXt29_2x64d": {"clean acc": 93.23000144958496, "prediction": 6, "poisons predictions": [8, 8, 8, 8, 8], "scores": [6.922049813257787e-29, 2.3663873493294768e-26, 3.3389170571993584e-15, 1.2156163187171387e-08, 2.4116346571030102e-42, 8.943894159761957e-23, 0.5720980167388916, 1.0220585426037239e-25, 0.42790254950523376, 4.2196941516326513e-29], "malicious score": 0.42790254950523376, "camera": {"2": {"prediction": 8, "scores": [2.380146619783701e-20, 3.5448316745883804e-24, 1.8144051816548767e-09, 0.006436989177018404, 5.132382779051769e-31, 3.2297967078598333e-10, 0.35075727105140686, 2.8626388092638947e-20, 0.6428064107894897, 4.6132926525235826e-23], "malicious score": 0.6428064107894897}, "4": {"prediction": 8, "scores": [2.512569314783236e-24, 5.27803922445764e-31, 1.486518547144655e-11, 9.923218158292002e-07, 2.2463182980674874e-36, 3.497644396333044e-09, 0.006201382726430893, 6.014091263497534e-23, 0.9937975406646729, 7.986843928585028e-25], "malicious score": 0.9937975406646729}}}, "GoogLeNet": {"clean acc": 91.71000175476074, "prediction": 6, "poisons predictions": [8, 8, 8, 8, 8], "scores": [5.037945321334503e-12, 5.739427599849023e-09, 6.179983103038467e-08, 2.6109852115041576e-05, 1.0217583723548529e-10, 6.446968654927332e-06, 0.9631628394126892, 1.7980154609631427e-07, 0.03680447116494179, 1.9363085353857334e-12], "malicious score": 0.03680447116494179, "camera": {"2": {"prediction": 3, "scores": [1.6152958970394593e-09, 3.6413061366147303e-07, 0.02060973271727562, 0.508792519569397, 9.092813613165163e-09, 0.2110956907272339, 0.2585165500640869, 8.175533139365143e-09, 0.0009851608192548156, 4.1129574412934744e-08], "malicious score": 0.0009851608192548156}, "4": {"prediction": 6, "scores": [6.506647443060842e-10, 7.752363444524235e-07, 0.0005335965543054044, 0.10864593088626862, 1.6068041475136852e-07, 0.062094710767269135, 0.827484667301178, 3.5232250183980796e-07, 0.0012397679965943098, 7.680601754600502e-08], "malicious score": 0.0012397679965943098}}}, "MobileNetV2": {"clean acc": 87.20000267028809, "prediction": 6,