{"args": "Namespace(device='cuda', dset_path='datasets', end2end=False, eval_poisons_root='attack-results-10poisons/100-overlap/linear-transfer-learning/convex/800', gpu='2', lr_decay_epoch=[30, 45], model_resume_path='model-chks', num_per_class=50, poison_label=8, retrain_bsize=64, retrain_epochs=60, retrain_lr=0.1, retrain_momentum=0.9, retrain_opt='adam', retrain_wd=0, subset_group=0, target_camera=True, target_index_end=24, target_index_start=23, target_index_step=1, target_label=6, target_net=['DPN92', 'SENet18', 'ResNet50', 'ResNeXt29_2x64d', 'GoogLeNet', 'MobileNetV2', 'ResNet18', 'DenseNet121'], target_print_size=[2, 4], test_chk_name='ckpt-%s-4800.t7', train_data_path='datasets/CIFAR10_TRAIN_Split.pth')", "poison_label": 8, "target_label": 6, "targets": {"23": {}, "23": {"800": {"time": 48872.0, "coeffs_time": 46760, "poisons_time": 48449, "target_loss": 0.002185844350606203, "total_loss": 0.0008550140191800892, "coeff_list": [[0.022169530391693115, 0.11171410977840424, 0.30911046266555786, 0.16801469027996063, 0.0, 0.14232903718948364, 0.18184511363506317, 0.016686616465449333, 0.04813051596283913, 0.0], [0.0007700476562604308, 0.03567095473408699, 0.0, 0.09161169826984406, 0.004410299006849527, 0.21048595011234283, 0.2953835129737854, 0.02440570667386055, 0.29636263847351074, 0.04089922457933426], [0.04994570463895798, 0.0441710539162159, 0.1536627560853958, 0.0, 0.2545890212059021, 0.23462636768817902, 0.14941368997097015, 0.006634598597884178, 0.09602341055870056, 0.010933387093245983], [0.0, 0.4322666525840759, 0.07548221945762634, 0.0, 0.06781818717718124, 0.012189052067697048, 0.1260109543800354, 0.0, 0.17046204209327698, 0.11577088385820389], [0.06773307919502258, 0.09892888367176056, 0.019233258441090584, 0.1082431897521019, 0.16055814921855927, 0.12478084117174149, 0.0, 0.07377956062555313, 0.34674304723739624, 0.0], [0.0798264890909195, 0.17526966333389282, 0.05014362186193466, 0.0470624603331089, 0.24723424017429352, 0.12040849775075912, 0.11743755638599396, 0.055520541965961456, 0.0, 0.10709689557552338], [0.0831369161605835, 0.07498309016227722, 0.10685130208730698, 0.06987351924180984, 0.40781089663505554, 0.02512325346469879, 0.14212797582149506, 0.000530489138327539, 0.0779675543308258, 0.01159509364515543], [0.13251769542694092, 0.020521292462944984, 0.06708549708127975, 0.2884768843650818, 0.14100436866283417, 0.0105294119566679, 0.06592774391174316, 0.0873693972826004, 0.043111804872751236, 0.1434558480978012], [0.028840597718954086, 0.42150643467903137, 0.0, 0.04262315854430199, 0.18383297324180603, 0.03695999085903168, 0.2050369381904602, 0.024965984746813774, 0.05623399838805199, 0.0], [0.024860359728336334, 0.26020774245262146, 0.0834500715136528, 0.0, 0.006474811118096113, 0.2271929234266281, 0.12468799948692322, 0.003879416035488248, 0.24006062746047974, 0.029186077415943146], [0.06448736786842346, 0.19094625115394592, 0.11965428292751312, 0.1469765156507492, 0.06935879588127136, 0.050619665533304214, 0.1155269667506218, 0.14307597279548645, 0.05996650457382202, 0.039387792348861694], [0.0, 0.30423223972320557, 0.0, 0.15401139855384827, 0.0, 0.39689797163009644, 0.1007511243224144, 0.0, 0.04410723224282265, 0.0], [0.11630121618509293, 0.12066285312175751, 0.06244813650846481, 0.20458289980888367, 0.007832654751837254, 0.0, 0.2689429819583893, 0.0, 0.21922928094863892, 0.0], [0.10391221195459366, 0.18908816576004028, 0.1372080296278, 0.1440420299768448, 0.04384776949882507, 0.18395265936851501, 0.017922189086675644, 0.08076713234186172, 0.0753614753484726, 0.023898392915725708], [0.04477182403206825, 0.16543743014335632, 0.3340705335140228, 0.050863273441791534, 0.16279193758964539, 0.015777505934238434, 0.05044975504279137, 0.11039857566356659, 0.05855097249150276, 0.006888227071613073], [0.04537372663617134, 0.17976535856723785, 0.0, 0.00971000175923109, 0.07711722701787949, 0.30501097440719604, 0.060534629970788956, 0.1305127739906311, 0.19197523593902588, 0.0], [0.0, 0.03375030308961868, 0.18325746059417725, 0.0, 0.16330064833164215, 0.16149184107780457, 0.0, 0.0, 0.40634873509407043, 0.05185096338391304], [0.0, 0.22151952981948853, 0.04946247860789299, 0.3404315710067749, 0.09275291115045547, 0.04720432311296463, 0.054029807448387146, 0.18440905213356018, 0.010190366767346859, 0.0]], "coeff_list_in_victim": [[0.0, 0.46586084365844727, 0.06345221400260925, 0.04144690930843353, 0.0, 0.1691695749759674, 0.2539106607437134, 0.0, 0.0, 0.0061598001047968864]], "victims": {"DPN92": {"clean acc": 92.25000190734863, "prediction": 8, "poisons predictions": [8, 8, 8, 8, 8, 8, 8, 8, 6, 8], "scores": [1.4560462481983533e-15, 1.5445130729929701e-09, 3.951661669395984e-43, 3.716769137607082e-15, 2.3522746281795273e-34, 3.320202889933734e-18, 0.48363301157951355, 3.737843881804107e-36, 0.5163675546646118, 0.0], "malicious score": 0.5163675546646118, "camera": {"2": {"prediction": 5, "scores": [1.6257864783096528e-41, 5.529064406787603e-29, 1.2315795059923589e-23, 0.0003558300668373704, 9.955073177141998e-19, 0.9994242191314697, 0.00021859926346223801, 2.003387985570264e-37, 3.002911703345788e-38, 0.0], "malicious score": 3.002911703345788e-38}, "4": {"prediction": 6, "scores": [1.5207891337667581e-19, 1.946058196316755e-15, 1.8293238190842146e-38, 2.325055295862577e-12, 2.611082438798353e-33, 1.3135924639695595e-12, 1.0, 1.264763448938846e-32, 2.045275407369651e-11, 0.0], "malicious score": 2.045275407369651e-11}}}, "SENet18": {"clean acc": 91.5000015258789, "prediction": 6, "poisons predictions": [8, 6, 8, 6, 8, 8, 6, 8, 6, 8], "scores": [1.5332361573937303e-13, 1.1101315179617988e-12, 2.5147032176106498e-20, 1.3762045160143482e-13, 6.896397053424153e-07, 5.133515637856347e-17, 0.9945275783538818, 1.4040387618477497e-20, 0.0054716989398002625, 5.012696740612875e-20], "malicious score": 0.0054716989398002625, "camera": {"2": {"prediction": 3, "scores": [1.4498799494333525e-08, 8.723235421187117e-20, 7.197917817336474e-10, 0.9328005313873291, 0.005301001016050577, 0.00013371731620281935, 0.06176437437534332, 6.725544171595101e-18, 4.1828351763154026e-13, 9.418513712000642e-12], "malicious score": 4.1828351763154026e-13}, "4": {"prediction": 6, "scores": [2.5130437730780386e-09, 6.765796368388708e-16, 1.3080774273677891e-15, 9.710268006335454e-11, 8.224762382269546e-07, 1.3728461997850744e-13, 0.9999904632568359, 1.3581450043174605e-19, 8.861456080921926e-06, 4.034231398544102e-18], "malicious score": 8.861456080921926e-06}}}, "ResNet50": {"clean acc": 92.2300018310547, "prediction": 8, "poisons predictions": [8, 8, 8, 8, 8, 8, 6, 8, 8, 8], "scores": [4.764835168243675e-41, 1.3132336104380815e-28, 3.083563025890763e-33, 2.643409423102335e-41, 0.0, 5.621785231116874e-40, 0.0001133455298258923, 2.5640416999880017e-24, 0.999885618686676, 3.5340747270271887e-42], "malicious score": 0.999885618686676, "camera": {"2": {"prediction": 6, "scores": [1.1588503150873536e-34, 3.462353154417936e-20, 1.098963704785202e-23, 8.42338690660617e-15, 6.69778012664086e-36, 2.895450101902952e-08, 1.0, 8.576268584192803e-10, 4.136097319763049e-25, 5.294914268010085e-25], "malicious score": 4.136097319763049e-25}, "4": {"prediction": 6, "scores": [7.990203843580107e-42, 4.388049829344551e-24, 5.822157398065556e-34, 8.683300077019805e-40, 0.0, 7.459665333143085e-29, 1.0, 4.25476481397317e-16, 5.511740684903284e-19, 1.228168739706718e-38], "malicious score": 5.511740684903284e-19}}}, "ResNeXt29_2x64d": {"clean acc": 92.68000068664551, "prediction": 8, "poisons predictions": [8, 8, 8, 8, 8, 8, 8, 8, 8, 8], "scores": [1.389932121424292e-21, 1.7021026949004536e-11, 2.792292815018268e-15, 1.4205213005880069e-07, 1.357948178431066e-34, 5.587437824527344e-21, 0.2386515587568283, 2.900438741825259e-21, 0.7613492608070374, 5.8503029136457545e-25], "malicious score": 0.7613492608070374, "camera": {"2": {"prediction": 6,