{"args": "Namespace(device='cuda', dset_path='datasets', end2end=False, eval_poisons_root='attack-results-eps0.01/100-overlap/linear-transfer-learning/mean/800', gpu='1', lr_decay_epoch=[30, 45], model_resume_path='model-chks', num_per_class=50, poison_label=8, retrain_bsize=64, retrain_epochs=60, retrain_lr=0.1, retrain_momentum=0.9, retrain_opt='adam', retrain_wd=0, subset_group=0, target_camera=True, target_index_end=30, target_index_start=29, target_index_step=1, target_label=6, target_net=['DPN92', 'SENet18', 'ResNet50', 'ResNeXt29_2x64d', 'GoogLeNet', 'MobileNetV2', 'ResNet18', 'DenseNet121'], target_print_size=[2, 4], test_chk_name='ckpt-%s-4800.t7', train_data_path='datasets/CIFAR10_TRAIN_Split.pth')", "poison_label": 8, "target_label": 6, "targets": {"29": {}, "29": {"800": {"time": 336.0, "coeffs_time": 0, "poisons_time": 4, "target_loss": 0.02284293808043003, "total_loss": 0.47478288412094116, "coeff_list": [[0.20000000298023224, 0.20000000298023224, 0.20000000298023224, 0.20000000298023224, 0.20000000298023224], [0.20000000298023224, 0.20000000298023224, 0.20000000298023224, 0.20000000298023224, 0.20000000298023224], [0.20000000298023224, 0.20000000298023224, 0.20000000298023224, 0.20000000298023224, 0.20000000298023224], [0.20000000298023224, 0.20000000298023224, 0.20000000298023224, 0.20000000298023224, 0.20000000298023224], [0.20000000298023224, 0.20000000298023224, 0.20000000298023224, 0.20000000298023224, 0.20000000298023224], [0.20000000298023224, 0.20000000298023224, 0.20000000298023224, 0.20000000298023224, 0.20000000298023224], [0.20000000298023224, 0.20000000298023224, 0.20000000298023224, 0.20000000298023224, 0.20000000298023224], [0.20000000298023224, 0.20000000298023224, 0.20000000298023224, 0.20000000298023224, 0.20000000298023224], [0.20000000298023224, 0.20000000298023224, 0.20000000298023224, 0.20000000298023224, 0.20000000298023224], [0.20000000298023224, 0.20000000298023224, 0.20000000298023224, 0.20000000298023224, 0.20000000298023224], [0.20000000298023224, 0.20000000298023224, 0.20000000298023224, 0.20000000298023224, 0.20000000298023224], [0.20000000298023224, 0.20000000298023224, 0.20000000298023224, 0.20000000298023224, 0.20000000298023224], [0.20000000298023224, 0.20000000298023224, 0.20000000298023224, 0.20000000298023224, 0.20000000298023224], [0.20000000298023224, 0.20000000298023224, 0.20000000298023224, 0.20000000298023224, 0.20000000298023224], [0.20000000298023224, 0.20000000298023224, 0.20000000298023224, 0.20000000298023224, 0.20000000298023224], [0.20000000298023224, 0.20000000298023224, 0.20000000298023224, 0.20000000298023224, 0.20000000298023224], [0.20000000298023224, 0.20000000298023224, 0.20000000298023224, 0.20000000298023224, 0.20000000298023224], [0.20000000298023224, 0.20000000298023224, 0.20000000298023224, 0.20000000298023224, 0.20000000298023224]], "coeff_list_in_victim": [[0.03714592382311821, 0.12024954706430435, 0.0, 0.8426045775413513, 0.0]], "victims": {"DPN92": {"clean acc": 92.26000061035157, "prediction": 6, "poisons predictions": [8, 8, 8, 8, 8], "scores": [2.527199369911637e-13, 3.958787075930559e-09, 7.679995362813473e-32, 1.870776687291651e-16, 4.406747864482805e-34, 1.255585335859454e-19, 1.0, 3.114135150723835e-31, 3.7502989537648024e-13, 0.0], "malicious score": 3.7502989537648024e-13, "camera": {"2": {"prediction": 6, "scores": [4.060252432663489e-15, 1.1298718067212922e-16, 1.313658759473305e-29, 3.069875300146241e-12, 1.1311381764210824e-26, 1.4469055768513532e-14, 1.0, 7.799492060711567e-29, 7.661380436729814e-07, 0.0], "malicious score": 7.661380436729814e-07}, "4": {"prediction": 6, "scores": [4.508088016299698e-18, 7.5160308453801235e-19, 1.171209325214896e-27, 7.177870103847184e-11, 9.883277551199317e-22, 1.0337009026528676e-12, 1.0, 1.1384392329973617e-29, 7.7360073902355e-10, 8.407790785948902e-45], "malicious score": 7.7360073902355e-10}}}, "SENet18": {"clean acc": 91.34000167846679, "prediction": 6, "poisons predictions": [8, 8, 8, 8, 8], "scores": [2.752650749640133e-25, 1.317845815005514e-20, 1.7123505151539322e-18, 1.4158668306841472e-19, 1.1145550628255396e-12, 5.361466762825936e-22, 1.0, 5.579815322870925e-20, 2.5565125103682584e-12, 1.153054256225524e-22], "malicious score": 2.5565125103682584e-12, "camera": {"2": {"prediction": 6, "scores": [2.8042391135964587e-14, 1.9098715260593977e-18, 2.0462956687190142e-13, 1.2198003718211226e-10, 1.5044228973692952e-07, 1.5010440264882907e-14, 0.888292670249939, 7.513122102806389e-15, 0.11170662194490433, 1.3128164708285585e-15], "malicious score": 0.11170662194490433}, "4": {"prediction": 8, "scores": [1.009966776877036e-09, 1.3498344241007168e-19, 3.817513771764425e-08, 1.264831553271506e-05, 2.2231693037610967e-06, 7.131540497029576e-11, 0.018733181059360504, 1.5533761614245495e-13, 0.9812513589859009, 2.2418547053482119e-13], "malicious score": 0.9812513589859009}}}, "ResNet50": {"clean acc": 93.88000259399413, "prediction": 6, "poisons predictions": [8, 8, 8, 8, 8], "scores": [1.0846050113874084e-41, 2.8177079931903027e-36, 0.0, 1.8942797589913458e-32, 1.756991432174064e-29, 7.4946021537241e-30, 1.0, 2.1685093735426544e-41, 2.309273970912398e-15, 5.6192068419425165e-43], "malicious score": 2.309273970912398e-15, "camera": {"2": {"prediction": 6, "scores": [1.2469532166460628e-30, 3.498074081154382e-30, 3.3699826768547526e-41, 9.719758490844137e-18, 8.517452918064384e-21, 6.942617143106003e-16, 0.9108803272247314, 3.169674202514876e-31, 0.08911924809217453, 2.146130709351967e-33], "malicious score": 0.08911924809217453}, "4": {"prediction": 6, "scores": [2.0774262419664094e-28, 7.271787617061329e-28, 5.284156379122453e-41, 1.5473881065375394e-09, 1.1233639012134853e-18, 5.466165659450057e-16, 0.8368718028068542, 2.825949780181892e-31, 0.16312801837921143, 4.5234708719351084e-33], "malicious score": 0.16312801837921143}}}, "ResNeXt29_2x64d": {"clean acc": 93.01000213623047, "prediction": 6, "poisons predictions": [8, 8, 8, 8, 8], "scores": [3.327508005323937e-32, 1.62391519502314e-12, 2.186646697044381e-12, 4.817859444727901e-09, 0.0, 1.5992273385309953e-30, 1.0, 1.7418883159193944e-15, 2.4203028470282106e-10, 1.579194761663491e-26], "malicious score": 2.4203028470282106e-10, "camera": {"2": {"prediction": 6, "scores": [3.539788055412995e-26, 1.8916092650589356e-12, 2.6315329581215463e-13, 0.005303079262375832, 1.4680018588441948e-25, 6.203632854813581e-21, 0.9946964383125305, 7.358201193862601e-22, 3.902754741602621e-08, 4.7217029668288474e-23], "malicious score": 3.902754741602621e-08}, "4": {"prediction": 6, "scores": [3.0970644429097094e-23, 4.259980909693262e-11, 5.482514941167194e-13, 0.30869966745376587, 6.429130947403869e-16, 6.860077240011032e-18, 0.6912662386894226, 2.3942797760309938e-20, 3.341122283018194e-05, 2.3397968868282708e-21], "malicious score": 3.341122283018194e-05}}}, "GoogLeNet": {"clean acc": 91.59000244140626, "prediction": 6, "poisons predictions": [8, 8, 8, 8, 8], "scores": [5.405480208407754e-13, 1.8522312075219816e-06, 1.8630520344231627e-06, 5.026732833357528e-05, 1.8173586247005602e-10, 8.640158739581238e-07, 0.981742799282074, 0.0004180262330919504, 0.01778394915163517, 1.6531738966722416e-15], "malicious score": 0.01778394915163517, "camera": {"2": {"prediction": 6, "scores": [2.8983038191654487e-10, 1.4702129647048423e-06, 0.0008288752869702876, 0.06734566390514374, 3.016587584170338e-07, 3.390997153474018e-05, 0.7879385948181152, 6.087412884880905e-07, 0.14385055005550385, 7.412594843492215e-13], "malicious score": 0.14385055005550385}, "4": {"prediction": 6, "scores": [1.1972423920314501e-12, 1.163481133659161e-08, 5.441954726848053e-06, 0.00043280591489747167, 2.0044026438625906e-09, 4.546216587186791e-06, 0.9993393421173096, 7.573660809612193e-09, 0.00021747661230619997, 1.1993529982362323e-14], "malicious score": 0.00021747661230619997}}}, "MobileNetV2": {"clean acc": 87.38000183105468, "prediction": 6, "poisons predictions": [8, 8, 8, 6, 8],