{"args": "Namespace(device='cuda', dset_path='datasets', end2end=False, eval_poisons_root='attack-results-7poisons/100-overlap/linear-transfer-learning/mean/800', gpu='2', lr_decay_epoch=[30, 45], model_resume_path='model-chks', num_per_class=50, poison_label=8, retrain_bsize=64, retrain_epochs=60, retrain_lr=0.1, retrain_momentum=0.9, retrain_opt='adam', retrain_wd=0, subset_group=0, target_camera=True, target_index_end=13, target_index_start=12, target_index_step=1, target_label=6, target_net=['DPN92', 'SENet18', 'ResNet50', 'ResNeXt29_2x64d', 'GoogLeNet', 'MobileNetV2', 'ResNet18', 'DenseNet121'], target_print_size=[2, 4], test_chk_name='ckpt-%s-4800.t7', train_data_path='datasets/CIFAR10_TRAIN_Split.pth')", "poison_label": 8, "target_label": 6, "targets": {"12": {}, "12": {"800": {"time": 370.0, "coeffs_time": 0, "poisons_time": 4, "target_loss": 0.013102404773235321, "total_loss": 0.08670089393854141, "coeff_list": [[0.1428571492433548, 0.1428571492433548, 0.1428571492433548, 0.1428571492433548, 0.1428571492433548, 0.1428571492433548, 0.1428571492433548], [0.1428571492433548, 0.1428571492433548, 0.1428571492433548, 0.1428571492433548, 0.1428571492433548, 0.1428571492433548, 0.1428571492433548], [0.1428571492433548, 0.1428571492433548, 0.1428571492433548, 0.1428571492433548, 0.1428571492433548, 0.1428571492433548, 0.1428571492433548], [0.1428571492433548, 0.1428571492433548, 0.1428571492433548, 0.1428571492433548, 0.1428571492433548, 0.1428571492433548, 0.1428571492433548], [0.1428571492433548, 0.1428571492433548, 0.1428571492433548, 0.1428571492433548, 0.1428571492433548, 0.1428571492433548, 0.1428571492433548], [0.1428571492433548, 0.1428571492433548, 0.1428571492433548, 0.1428571492433548, 0.1428571492433548, 0.1428571492433548, 0.1428571492433548], [0.1428571492433548, 0.1428571492433548, 0.1428571492433548, 0.1428571492433548, 0.1428571492433548, 0.1428571492433548, 0.1428571492433548], [0.1428571492433548, 0.1428571492433548, 0.1428571492433548, 0.1428571492433548, 0.1428571492433548, 0.1428571492433548, 0.1428571492433548], [0.1428571492433548, 0.1428571492433548, 0.1428571492433548, 0.1428571492433548, 0.1428571492433548, 0.1428571492433548, 0.1428571492433548], [0.1428571492433548, 0.1428571492433548, 0.1428571492433548, 0.1428571492433548, 0.1428571492433548, 0.1428571492433548, 0.1428571492433548], [0.1428571492433548, 0.1428571492433548, 0.1428571492433548, 0.1428571492433548, 0.1428571492433548, 0.1428571492433548, 0.1428571492433548], [0.1428571492433548, 0.1428571492433548, 0.1428571492433548, 0.1428571492433548, 0.1428571492433548, 0.1428571492433548, 0.1428571492433548], [0.1428571492433548, 0.1428571492433548, 0.1428571492433548, 0.1428571492433548, 0.1428571492433548, 0.1428571492433548, 0.1428571492433548], [0.1428571492433548, 0.1428571492433548, 0.1428571492433548, 0.1428571492433548, 0.1428571492433548, 0.1428571492433548, 0.1428571492433548], [0.1428571492433548, 0.1428571492433548, 0.1428571492433548, 0.1428571492433548, 0.1428571492433548, 0.1428571492433548, 0.1428571492433548], [0.1428571492433548, 0.1428571492433548, 0.1428571492433548, 0.1428571492433548, 0.1428571492433548, 0.1428571492433548, 0.1428571492433548], [0.1428571492433548, 0.1428571492433548, 0.1428571492433548, 0.1428571492433548, 0.1428571492433548, 0.1428571492433548, 0.1428571492433548], [0.1428571492433548, 0.1428571492433548, 0.1428571492433548, 0.1428571492433548, 0.1428571492433548, 0.1428571492433548, 0.1428571492433548]], "coeff_list_in_victim": [[0.0, 0.32591086626052856, 0.10458101332187653, 0.2927389442920685, 0.0, 0.052150074392557144, 0.22461915016174316]], "victims": {"DPN92": {"clean acc": 92.53000144958496, "prediction": 8, "poisons predictions": [8, 8, 8, 8, 8, 8, 6], "scores": [2.3423962964598533e-13, 2.173334587365872e-33, 2.6685054454557438e-36, 1.7343207965136824e-14, 9.577233321067341e-36, 7.186862137471435e-17, 8.235047971538734e-06, 8.798109861500401e-39, 0.9999923706054688, 0.0], "malicious score": 0.9999923706054688, "camera": {"2": {"prediction": 8, "scores": [9.3956792178031e-22, 2.1706673731777146e-40, 1.1750884161075696e-21, 8.247399136962485e-07, 4.887693383378953e-28, 0.00020513108756858855, 5.388711699083615e-09, 9.153073432427241e-35, 0.9997940063476562, 1.394553434117938e-35], "malicious score": 0.9997940063476562}, "4": {"prediction": 8, "scores": [1.2267988856472031e-27, 2.0879347118439774e-43, 1.5653054714334938e-17, 2.380791374889668e-05, 5.84358637933538e-26, 0.16502682864665985, 5.796165283844523e-11, 3.966936943695896e-38, 0.834949791431427, 5.982341003061652e-35], "malicious score": 0.834949791431427}}}, "SENet18": {"clean acc": 91.38000183105468, "prediction": 6, "poisons predictions": [8, 8, 5, 8, 6, 8, 8], "scores": [2.2275392284684834e-19, 5.0366204411591005e-34, 1.1220139400913709e-12, 3.7461524225561316e-13, 1.3452277070058472e-09, 8.573568558659789e-14, 0.7102594375610352, 1.6591183719089e-23, 0.28974050283432007, 1.3031080454682011e-21], "malicious score": 0.28974050283432007, "camera": {"2": {"prediction": 8, "scores": [1.1481033651843568e-22, 1.4143305400430379e-41, 4.910673864072512e-12, 1.3528696392317574e-13, 4.76983313957291e-11, 1.8683861402468693e-10, 0.00011940477270400152, 4.089600517923193e-30, 0.9998798370361328, 1.4628236768602804e-20], "malicious score": 0.9998798370361328}, "4": {"prediction": 8, "scores": [1.939269385079297e-23, 1.0230655880281197e-39, 3.832608275883276e-12, 2.0074920892287906e-11, 6.920470418947389e-09, 9.347412088800411e-08, 0.02864746004343033, 3.231552460241031e-29, 0.9713522791862488, 2.399924133413629e-18], "malicious score": 0.9713522791862488}}}, "ResNet50": {"clean acc": 92.49000129699706, "prediction": 8, "poisons predictions": [8, 8, 8, 8, 8, 8, 8], "scores": [0.0, 1.1380261736864376e-30, 0.0, 1.909654872451796e-31, 3.3604410315821085e-34, 0.0, 0.0004860884801018983, 1.3414925397708323e-27, 0.9995156526565552, 1.3695909678396059e-34], "malicious score": 0.9995156526565552, "camera": {"2": {"prediction": 8, "scores": [0.0, 1.93757008441518e-29, 0.0, 3.162927062424207e-28, 4.0271451982652756e-32, 7.122495333046791e-35, 4.504433978591571e-11, 4.893366243729297e-20, 1.0, 7.603130845158119e-31], "malicious score": 1.0}, "4": {"prediction": 8, "scores": [0.0, 3.4753784869480726e-25, 0.0, 4.32179971280228e-24, 3.2451972564516994e-25, 3.7926325105751536e-39, 0.045117203146219254, 9.067615913352231e-20, 0.9548821449279785, 5.175368094724616e-28], "malicious score": 0.9548821449279785}}}, "ResNeXt29_2x64d": {"clean acc": 93.10000152587891, "prediction": 6, "poisons predictions": [8, 8, 8, 8, 8, 8, 8], "scores": [6.529167519433077e-27, 9.737876507751844e-24, 5.703647620991352e-19, 5.947310244107384e-13, 4.0637655465419695e-44, 8.631668062185274e-22, 0.9955847263336182, 2.7010055525843502e-33, 0.004414658062160015, 6.876114865881394e-17], "malicious score": 0.004414658062160015, "camera": {"2": {"prediction": 8, "scores": [2.93267965110471e-22, 3.5448103324012985e-36, 8.893643865803824e-08, 1.7285174773305116e-15, 5.421485556812972e-35, 7.28474187781103e-05, 0.00250040041282773, 3.9943111584441176e-25, 0.9974265098571777, 3.509917356758763e-11], "malicious score": 0.9974265098571777}, "4": {"prediction": 8, "scores": [4.397697709148969e-26, 1.6580491333731888e-38, 3.328465836283101e-10, 3.1788373096581155e-18, 7.378941758898821e-38, 1.8075230400427245e-05, 0.0020003756508231163, 1.3869286577216407e-29, 0.9979821443557739, 4.9778483418583264e-11], "malicious score": 0.9979821443557739}}}, "GoogLeNet": {"clean acc": 92.21000213623047, "prediction": 6, "poisons predictions": [8, 8, 8, 6, 8, 8, 8], "scores": [3.7845822396104234e-13, 1.275772543163356e-10, 7.445355887369942e-09, 1.3572838497566408e-06, 9.229066079072257e-13, 1.6722754025977338e-07, 0.7314823865890503, 1.2986404840376053e-08, 0.2685159146785736, 2.388009018551915e-16], "malicious score": 0.2685159146785736, "camera": {"2": {"prediction": 8,