{"args": "Namespace(device='cuda', dset_path='datasets', end2end=False, eval_poisons_root='attack-results-10poisons/100-overlap/linear-transfer-learning/mean/800', gpu='1', lr_decay_epoch=[30, 45], model_resume_path='model-chks', num_per_class=50, poison_label=8, retrain_bsize=64, retrain_epochs=60, retrain_lr=0.1, retrain_momentum=0.9, retrain_opt='adam', retrain_wd=0, subset_group=0, target_camera=True, target_index_end=34, target_index_start=33, target_index_step=1, target_label=6, target_net=['DPN92', 'SENet18', 'ResNet50', 'ResNeXt29_2x64d', 'GoogLeNet', 'MobileNetV2', 'ResNet18', 'DenseNet121'], target_print_size=[2, 4], test_chk_name='ckpt-%s-4800.t7', train_data_path='datasets/CIFAR10_TRAIN_Split.pth')", "poison_label": 8, "target_label": 6, "targets": {"33": {}, "33": {"800": {"time": 412.0, "coeffs_time": 0, "poisons_time": 4, "target_loss": 0.020554129034280777, "total_loss": 0.06238347291946411, "coeff_list": [[0.10000000149011612, 0.10000000149011612, 0.10000000149011612, 0.10000000149011612, 0.10000000149011612, 0.10000000149011612, 0.10000000149011612, 0.10000000149011612, 0.10000000149011612, 0.10000000149011612], [0.10000000149011612, 0.10000000149011612, 0.10000000149011612, 0.10000000149011612, 0.10000000149011612, 0.10000000149011612, 0.10000000149011612, 0.10000000149011612, 0.10000000149011612, 0.10000000149011612], [0.10000000149011612, 0.10000000149011612, 0.10000000149011612, 0.10000000149011612, 0.10000000149011612, 0.10000000149011612, 0.10000000149011612, 0.10000000149011612, 0.10000000149011612, 0.10000000149011612], [0.10000000149011612, 0.10000000149011612, 0.10000000149011612, 0.10000000149011612, 0.10000000149011612, 0.10000000149011612, 0.10000000149011612, 0.10000000149011612, 0.10000000149011612, 0.10000000149011612], [0.10000000149011612, 0.10000000149011612, 0.10000000149011612, 0.10000000149011612, 0.10000000149011612, 0.10000000149011612, 0.10000000149011612, 0.10000000149011612, 0.10000000149011612, 0.10000000149011612], [0.10000000149011612, 0.10000000149011612, 0.10000000149011612, 0.10000000149011612, 0.10000000149011612, 0.10000000149011612, 0.10000000149011612, 0.10000000149011612, 0.10000000149011612, 0.10000000149011612], [0.10000000149011612, 0.10000000149011612, 0.10000000149011612, 0.10000000149011612, 0.10000000149011612, 0.10000000149011612, 0.10000000149011612, 0.10000000149011612, 0.10000000149011612, 0.10000000149011612], [0.10000000149011612, 0.10000000149011612, 0.10000000149011612, 0.10000000149011612, 0.10000000149011612, 0.10000000149011612, 0.10000000149011612, 0.10000000149011612, 0.10000000149011612, 0.10000000149011612], [0.10000000149011612, 0.10000000149011612, 0.10000000149011612, 0.10000000149011612, 0.10000000149011612, 0.10000000149011612, 0.10000000149011612, 0.10000000149011612, 0.10000000149011612, 0.10000000149011612], [0.10000000149011612, 0.10000000149011612, 0.10000000149011612, 0.10000000149011612, 0.10000000149011612, 0.10000000149011612, 0.10000000149011612, 0.10000000149011612, 0.10000000149011612, 0.10000000149011612], [0.10000000149011612, 0.10000000149011612, 0.10000000149011612, 0.10000000149011612, 0.10000000149011612, 0.10000000149011612, 0.10000000149011612, 0.10000000149011612, 0.10000000149011612, 0.10000000149011612], [0.10000000149011612, 0.10000000149011612, 0.10000000149011612, 0.10000000149011612, 0.10000000149011612, 0.10000000149011612, 0.10000000149011612, 0.10000000149011612, 0.10000000149011612, 0.10000000149011612], [0.10000000149011612, 0.10000000149011612, 0.10000000149011612, 0.10000000149011612, 0.10000000149011612, 0.10000000149011612, 0.10000000149011612, 0.10000000149011612, 0.10000000149011612, 0.10000000149011612], [0.10000000149011612, 0.10000000149011612, 0.10000000149011612, 0.10000000149011612, 0.10000000149011612, 0.10000000149011612, 0.10000000149011612, 0.10000000149011612, 0.10000000149011612, 0.10000000149011612], [0.10000000149011612, 0.10000000149011612, 0.10000000149011612, 0.10000000149011612, 0.10000000149011612, 0.10000000149011612, 0.10000000149011612, 0.10000000149011612, 0.10000000149011612, 0.10000000149011612], [0.10000000149011612, 0.10000000149011612, 0.10000000149011612, 0.10000000149011612, 0.10000000149011612, 0.10000000149011612, 0.10000000149011612, 0.10000000149011612, 0.10000000149011612, 0.10000000149011612], [0.10000000149011612, 0.10000000149011612, 0.10000000149011612, 0.10000000149011612, 0.10000000149011612, 0.10000000149011612, 0.10000000149011612, 0.10000000149011612, 0.10000000149011612, 0.10000000149011612], [0.10000000149011612, 0.10000000149011612, 0.10000000149011612, 0.10000000149011612, 0.10000000149011612, 0.10000000149011612, 0.10000000149011612, 0.10000000149011612, 0.10000000149011612, 0.10000000149011612]], "coeff_list_in_victim": [[0.4079747200012207, 0.0, 0.0, 0.0, 0.0, 0.0, 0.34989339113235474, 0.0, 0.24213190376758575, 0.0]], "victims": {"DPN92": {"clean acc": 91.67000160217285, "prediction": 8, "poisons predictions": [8, 8, 8, 8, 8, 8, 8, 8, 8, 8], "scores": [1.5670014656514464e-14, 1.8084713838744317e-18, 1.0708442604677387e-40, 6.191112889280398e-14, 1.5368143662866548e-35, 1.0785919026989248e-16, 0.26970338821411133, 3.5202768096365055e-33, 0.7302967309951782, 0.0], "malicious score": 0.7302967309951782, "camera": {"2": {"prediction": 6, "scores": [7.62494494627175e-12, 2.5759426670138397e-17, 3.710130224951029e-35, 1.2945345906345551e-09, 1.191992613023762e-27, 7.728787228267198e-12, 0.9999427795410156, 1.3305872195353522e-25, 5.794624303234741e-05, 1.230199921830757e-41], "malicious score": 5.794624303234741e-05}, "4": {"prediction": 6, "scores": [1.7533977741956974e-12, 1.2467223540898898e-19, 2.0489877885375992e-23, 0.03299378603696823, 2.112885358684989e-15, 0.010776618495583534, 0.9562299251556396, 5.457267561546132e-24, 1.2926764964438925e-13, 1.9441243971648565e-27], "malicious score": 1.2926764964438925e-13}}}, "SENet18": {"clean acc": 91.10000190734863, "prediction": 6, "poisons predictions": [6, 8, 8, 8, 8, 8, 6, 6, 8, 8], "scores": [5.225590793411783e-12, 1.5728017499494484e-10, 4.818713245265116e-13, 1.7246885863908545e-10, 9.669835890235845e-06, 2.003228990023545e-13, 0.9909696578979492, 7.370415897677116e-16, 0.009020471945405006, 4.971307835840413e-16], "malicious score": 0.009020471945405006, "camera": {"2": {"prediction": 8, "scores": [2.146563282678926e-08, 6.0354148133968e-17, 3.620846840673292e-13, 4.305036535590112e-11, 1.7684717690258367e-08, 4.829639563708882e-15, 0.021357595920562744, 6.405888805872839e-19, 0.9786421060562134, 1.5574594720379117e-19], "malicious score": 0.9786421060562134}, "4": {"prediction": 3, "scores": [2.2998416170594282e-05, 3.8918453420903887e-14, 0.00755681935697794, 0.9472804069519043, 1.395613651311578e-07, 8.133713436109247e-08, 7.746922135905276e-13, 5.554234849824979e-09, 0.04513971135020256, 7.191882180936082e-13], "malicious score": 0.04513971135020256}}}, "ResNet50": {"clean acc": 92.22000198364258, "prediction": 8, "poisons predictions": [8, 8, 8, 8, 8, 8, 8, 8, 8, 8], "scores": [4.8388479327786636e-20, 4.197085142421817e-24, 6.067830361627362e-23, 1.2484447974781601e-27, 2.0477756248706366e-24, 1.135623651312453e-30, 4.811505277757533e-05, 1.64745299297348e-28, 0.9999523162841797, 2.7656790017969366e-34], "malicious score": 0.9999523162841797, "camera": {"2": {"prediction": 6, "scores": [1.3041828753935407e-20, 1.132247666143445e-26, 4.752923007365155e-26, 5.341621420587727e-23, 2.0418317551650226e-24, 5.938265637743329e-24, 0.9999980926513672, 2.0045953428979363e-30, 2.6537782105151564e-06, 2.2996081190766213e-34], "malicious score": 2.6537782105151564e-06}, "4": {"prediction": 3, "scores": [1.9349312274144877e-16, 5.1628071796273225e-28, 6.680533578002729e-20, 1.0, 1.4148549763452867e-22, 2.5919102329210035e-25, 6.813626052259991e-11, 4.3610927142539675e-27, 2.2475486551078375e-17, 1.1003567519177269e-30], "malicious score": 2.2475486551078375e-17}}}, "ResNeXt29_2x64d": {"clean acc": 93.13000183105468, "prediction": 8,