{"args": "Namespace(device='cuda', dset_path='datasets', end2end=False, eval_poisons_root='attack-results-3poisons/100-overlap/linear-transfer-learning/mean/800', gpu='0', lr_decay_epoch=[30, 45], model_resume_path='model-chks', num_per_class=50, poison_label=8, retrain_bsize=64, retrain_epochs=60, retrain_lr=0.1, retrain_momentum=0.9, retrain_opt='adam', retrain_wd=0, subset_group=0, target_camera=True, target_index_end=39, target_index_start=38, target_index_step=1, target_label=6, target_net=['DPN92', 'SENet18', 'ResNet50', 'ResNeXt29_2x64d', 'GoogLeNet', 'MobileNetV2', 'ResNet18', 'DenseNet121'], target_print_size=[2, 4], test_chk_name='ckpt-%s-4800.t7', train_data_path='datasets/CIFAR10_TRAIN_Split.pth')", "poison_label": 8, "target_label": 6, "targets": {"38": {}, "38": {"800": {"time": 324.0, "coeffs_time": 0, "poisons_time": 4, "target_loss": 0.025504199787974358, "total_loss": 0.0992577001452446, "coeff_list": [[0.3333333432674408, 0.3333333432674408, 0.3333333432674408], [0.3333333432674408, 0.3333333432674408, 0.3333333432674408], [0.3333333432674408, 0.3333333432674408, 0.3333333432674408], [0.3333333432674408, 0.3333333432674408, 0.3333333432674408], [0.3333333432674408, 0.3333333432674408, 0.3333333432674408], [0.3333333432674408, 0.3333333432674408, 0.3333333432674408], [0.3333333432674408, 0.3333333432674408, 0.3333333432674408], [0.3333333432674408, 0.3333333432674408, 0.3333333432674408], [0.3333333432674408, 0.3333333432674408, 0.3333333432674408], [0.3333333432674408, 0.3333333432674408, 0.3333333432674408], [0.3333333432674408, 0.3333333432674408, 0.3333333432674408], [0.3333333432674408, 0.3333333432674408, 0.3333333432674408], [0.3333333432674408, 0.3333333432674408, 0.3333333432674408], [0.3333333432674408, 0.3333333432674408, 0.3333333432674408], [0.3333333432674408, 0.3333333432674408, 0.3333333432674408], [0.3333333432674408, 0.3333333432674408, 0.3333333432674408], [0.3333333432674408, 0.3333333432674408, 0.3333333432674408], [0.3333333432674408, 0.3333333432674408, 0.3333333432674408]], "coeff_list_in_victim": [[0.5098689198493958, 0.2735387682914734, 0.21659234166145325]], "victims": {"DPN92": {"clean acc": 92.35000152587891, "prediction": 6, "poisons predictions": [8, 6, 8], "scores": [2.749732712847234e-14, 2.3151129925342954e-15, 3.500443563883393e-42, 8.055622989427426e-19, 9.005099581642316e-32, 2.415191220237487e-23, 1.0, 0.0, 1.0483596497579128e-06, 0.0], "malicious score": 1.0483596497579128e-06, "camera": {"2": {"prediction": 3, "scores": [7.132499067175897e-28, 5.523306779033546e-30, 2.8546232044845965e-09, 0.9999599456787109, 3.662079689092934e-05, 2.5637521048338385e-06, 2.4267336729520694e-13, 1.555441295400547e-43, 4.400851597905287e-19, 6.473557905255224e-29], "malicious score": 4.400851597905287e-19}, "4": {"prediction": 3, "scores": [7.328590001783459e-30, 1.1181246593609144e-29, 1.087905654451049e-09, 0.9999103546142578, 8.895336941350251e-05, 6.019083542696535e-08, 5.332273251418274e-13, 0.0, 1.273723645702766e-20, 7.573200407997482e-31], "malicious score": 1.273723645702766e-20}}}, "SENet18": {"clean acc": 91.37000122070313, "prediction": 6, "poisons predictions": [6, 6, 8], "scores": [2.4661850339668945e-10, 2.1315273097744148e-17, 1.826179740874222e-15, 4.71953249051027e-12, 1.3182359204222394e-08, 3.6019232437173657e-14, 0.7603304982185364, 1.7100479503854112e-16, 0.2396688014268875, 2.113019401648892e-14], "malicious score": 0.2396688014268875, "camera": {"2": {"prediction": 3, "scores": [2.8195014191082076e-15, 4.045017411798494e-26, 0.003953132312744856, 0.9957518577575684, 1.9265493733655603e-07, 0.00029571657069027424, 3.985963848481683e-13, 1.5678161631159392e-16, 1.2256575962488192e-12, 3.6591845005429224e-13], "malicious score": 1.2256575962488192e-12}, "4": {"prediction": 2, "scores": [1.0761829046009866e-17, 8.175507914714747e-30, 0.9996090531349182, 0.0003823168808594346, 2.0758993482528076e-11, 9.143689567281399e-06, 4.5005867088665497e-11, 1.8727954298483928e-18, 1.1975715405859304e-19, 4.756439166142545e-12], "malicious score": 1.1975715405859304e-19}}}, "ResNet50": {"clean acc": 93.81000137329102, "prediction": 6, "poisons predictions": [8, 8, 8], "scores": [2.085895355963179e-24, 1.0702553978784802e-31, 4.139178449782118e-31, 6.72559003297322e-27, 2.184113044043447e-34, 2.6179981997332908e-30, 0.972796618938446, 4.529233583265212e-20, 0.027203278616070747, 3.79925036057483e-24], "malicious score": 0.027203278616070747, "camera": {"2": {"prediction": 3, "scores": [2.582197968508173e-26, 5.264916941328765e-35, 8.32168481449127e-25, 1.0, 5.357470570083955e-18, 4.474068261462209e-16, 2.5915503517256654e-28, 7.758067598713156e-14, 9.44667623542638e-22, 2.2889401595874262e-26], "malicious score": 9.44667623542638e-22}, "4": {"prediction": 3, "scores": [7.1039167838351335e-25, 1.31827891751066e-34, 9.056258876012914e-24, 1.0, 3.223777242876945e-14, 7.128944439905574e-18, 1.9560699009281953e-21, 1.0366118630145138e-07, 1.5541663884711556e-18, 1.0559086232113254e-22], "malicious score": 1.5541663884711556e-18}}}, "ResNeXt29_2x64d": {"clean acc": 93.11000175476075, "prediction": 6, "poisons predictions": [8, 8, 8], "scores": [4.6525955172017754e-24, 8.561228463147555e-22, 7.128788632165394e-16, 1.0986341836272118e-09, 2.1019476964872256e-44, 2.1568388736673544e-20, 1.0, 1.0893337099366198e-25, 4.796431696263426e-09, 1.0037604208690568e-23], "malicious score": 4.796431696263426e-09, "camera": {"2": {"prediction": 3, "scores": [1.8611260859855518e-22, 7.831441880130562e-24, 3.4378814461888396e-08, 0.9995003938674927, 3.656297121779062e-05, 0.00046218870556913316, 6.59193744922959e-07, 1.2924924263081761e-23, 3.278982085852533e-10, 4.188391712449391e-13], "malicious score": 3.278982085852533e-10}, "4": {"prediction": 3, "scores": [9.891679140720975e-24, 7.340583930086621e-25, 4.1271889017480134e-08, 0.9986352920532227, 6.790941552026197e-05, 0.0012836249079555273, 1.3159456102584954e-05, 1.8471260679626007e-25, 2.2151544598614237e-08, 2.7520180145151896e-12], "malicious score": 2.2151544598614237e-08}}}, "GoogLeNet": {"clean acc": 92.27000198364257, "prediction": 6, "poisons predictions": [8, 8, 8], "scores": [1.8664662870815363e-10, 8.114625638100392e-11, 5.646626222155504e-11, 4.061322158577241e-07, 1.2947087668635504e-07, 3.168981379531033e-07, 0.9999837875366211, 1.1769275831685633e-10, 1.5350595276686363e-05, 2.27027625214829e-13], "malicious score": 1.5350595276686363e-05, "camera": {"2": {"prediction": 5, "scores": [2.6931059604606844e-09, 7.894065401359285e-10, 7.038723560981452e-05, 0.019834207370877266, 8.760133641771972e-05, 0.9783934354782104, 0.0016046772943809628, 2.5813358713727957e-15, 1.1171400728926528e-06, 8.7544331108802e-06], "malicious score": 1.1171400728926528e-06}, "4": {"prediction": 5, "scores": [4.476728154845233e-10, 7.135690649473503e-11, 0.00040903020999394357, 0.02174706757068634, 0.0007698393310420215, 0.9536826610565186, 0.023388739675283432, 1.1341696624835723e-14, 1.915804659802234e-06, 5.251717993814964e-07], "malicious score": 1.915804659802234e-06}}}, "MobileNetV2": {"clean acc": 87.09000205993652, "prediction": 6, "poisons predictions": [8, 8, 6], "scores": [3.533526119273156e-12, 8.185766768679451e-17, 4.2804301769727715e-12, 2.9600194466183893e-05, 1.3065851840136228e-13, 7.11496861427463e-10, 0.9999542236328125, 1.4471330946159152e-20, 1.7123291399911977e-05, 1.7128182163200842e-21], "malicious score": 1.7123291399911977e-05, "camera": {"2": {"prediction": 5, "scores": [6.159189780419183e-08, 9.780657223502885e-23, 0.013863963074982166, 0.19084933400154114, 4.062524483483543e-10, 0.7952776551246643, 9.291597962146625e-06, 1.6265196756462801e-15, 3.3132669784857738e-12, 1.288706736776149e-15], "malicious score": 3.3132669784857738e-12}, "4": {"prediction": 5,