{"args": "Namespace(device='cuda', dset_path='datasets', end2end=False, eval_poisons_root='attack-results-eps0.30/100-overlap/linear-transfer-learning/mean/800', gpu='3', lr_decay_epoch=[30, 45], model_resume_path='model-chks', num_per_class=50, poison_label=8, retrain_bsize=64, retrain_epochs=60, retrain_lr=0.1, retrain_momentum=0.9, retrain_opt='adam', retrain_wd=0, subset_group=0, target_camera=True, target_index_end=28, target_index_start=27, target_index_step=1, target_label=6, target_net=['DPN92', 'SENet18', 'ResNet50', 'ResNeXt29_2x64d', 'GoogLeNet', 'MobileNetV2', 'ResNet18', 'DenseNet121'], target_print_size=[2, 4], test_chk_name='ckpt-%s-4800.t7', train_data_path='datasets/CIFAR10_TRAIN_Split.pth')", "poison_label": 8, "target_label": 6, "targets": {"27": {}, "27": {"800": {"time": 463.0, "coeffs_time": 0, "poisons_time": 6, "target_loss": 0.031244874000549316, "total_loss": 0.07540808618068695, "coeff_list": [[0.20000000298023224, 0.20000000298023224, 0.20000000298023224, 0.20000000298023224, 0.20000000298023224], [0.20000000298023224, 0.20000000298023224, 0.20000000298023224, 0.20000000298023224, 0.20000000298023224], [0.20000000298023224, 0.20000000298023224, 0.20000000298023224, 0.20000000298023224, 0.20000000298023224], [0.20000000298023224, 0.20000000298023224, 0.20000000298023224, 0.20000000298023224, 0.20000000298023224], [0.20000000298023224, 0.20000000298023224, 0.20000000298023224, 0.20000000298023224, 0.20000000298023224], [0.20000000298023224, 0.20000000298023224, 0.20000000298023224, 0.20000000298023224, 0.20000000298023224], [0.20000000298023224, 0.20000000298023224, 0.20000000298023224, 0.20000000298023224, 0.20000000298023224], [0.20000000298023224, 0.20000000298023224, 0.20000000298023224, 0.20000000298023224, 0.20000000298023224], [0.20000000298023224, 0.20000000298023224, 0.20000000298023224, 0.20000000298023224, 0.20000000298023224], [0.20000000298023224, 0.20000000298023224, 0.20000000298023224, 0.20000000298023224, 0.20000000298023224], [0.20000000298023224, 0.20000000298023224, 0.20000000298023224, 0.20000000298023224, 0.20000000298023224], [0.20000000298023224, 0.20000000298023224, 0.20000000298023224, 0.20000000298023224, 0.20000000298023224], [0.20000000298023224, 0.20000000298023224, 0.20000000298023224, 0.20000000298023224, 0.20000000298023224], [0.20000000298023224, 0.20000000298023224, 0.20000000298023224, 0.20000000298023224, 0.20000000298023224], [0.20000000298023224, 0.20000000298023224, 0.20000000298023224, 0.20000000298023224, 0.20000000298023224], [0.20000000298023224, 0.20000000298023224, 0.20000000298023224, 0.20000000298023224, 0.20000000298023224], [0.20000000298023224, 0.20000000298023224, 0.20000000298023224, 0.20000000298023224, 0.20000000298023224], [0.20000000298023224, 0.20000000298023224, 0.20000000298023224, 0.20000000298023224, 0.20000000298023224]], "coeff_list_in_victim": [[0.19656209647655487, 0.02134884148836136, 0.4458772540092468, 0.33621177077293396, 0.0]], "victims": {"DPN92": {"clean acc": 91.93000221252441, "prediction": 8, "poisons predictions": [8, 8, 8, 8, 8], "scores": [1.4811706152250102e-17, 3.4592849056489374e-38, 1.245041073866421e-39, 3.196292717804437e-14, 1.401298464324817e-45, 2.9912153263073884e-16, 0.00036579242441803217, 1.3224516036326526e-39, 0.9996338486671448, 0.0], "malicious score": 0.9996338486671448, "camera": {"2": {"prediction": 3, "scores": [1.1042289430343523e-16, 2.0470141137707287e-09, 1.6375416647673724e-12, 0.9841181635856628, 1.8384364877576792e-26, 1.1884943695861239e-08, 1.7798424192805307e-11, 7.731932031969492e-26, 0.015881581231951714, 5.419546525685469e-26], "malicious score": 0.015881581231951714}, "4": {"prediction": 8, "scores": [1.1236810215808228e-18, 4.5053497124300235e-20, 4.637043045569253e-22, 0.0006463714526034892, 7.54864158731095e-27, 8.328337464114099e-10, 1.1742144756521355e-10, 3.1255738392319126e-30, 0.9993536472320557, 2.2686492827752456e-35], "malicious score": 0.9993536472320557}}}, "SENet18": {"clean acc": 91.75000114440918, "prediction": 6, "poisons predictions": [8, 8, 8, 6, 8], "scores": [1.712779695850486e-09, 7.108131086768638e-14, 4.42439274372106e-15, 1.370396851552158e-10, 1.9548513591871597e-05, 3.906090053983042e-16, 0.9822232127189636, 1.6659512856458877e-20, 0.01775713823735714, 6.39063861409561e-25], "malicious score": 0.01775713823735714, "camera": {"2": {"prediction": 6, "scores": [0.00030341168167069554, 3.167258418899986e-15, 0.00016494035662617534, 0.0009302960825152695, 0.0021809639874845743, 7.230136134239729e-08, 0.7114315629005432, 3.704819937941047e-16, 0.2849890887737274, 2.29527346920635e-16], "malicious score": 0.2849890887737274}, "4": {"prediction": 8, "scores": [2.4519142243661918e-05, 8.341951687709627e-20, 3.0804993972344263e-11, 4.001250545115909e-06, 5.061410774942487e-07, 3.005692222890488e-11, 1.1387849099264713e-06, 4.6925671806797695e-20, 0.999969482421875, 1.2685746564159509e-19], "malicious score": 0.999969482421875}}}, "ResNet50": {"clean acc": 91.94000205993652, "prediction": 8, "poisons predictions": [8, 8, 8, 8, 8], "scores": [1.6941698433687038e-42, 4.658643405159719e-20, 0.0, 4.702536427566668e-25, 2.2245506207939255e-26, 2.2057839126936946e-41, 1.8468206690158695e-05, 8.708260565785744e-38, 0.9999809265136719, 2.39959750329446e-40], "malicious score": 0.9999809265136719, "camera": {"2": {"prediction": 8, "scores": [3.5308941158248028e-37, 1.0014954436045936e-17, 3.2229864679470793e-44, 9.573178525545698e-21, 3.3818354821405516e-29, 2.187698531402195e-34, 1.5602821226874675e-14, 9.669143254199757e-38, 1.0, 5.680145612728057e-37], "malicious score": 1.0}, "4": {"prediction": 8, "scores": [1.6704830833390522e-34, 3.104499311791011e-19, 0.0, 1.8461506029963258e-21, 5.375326898513615e-31, 9.931244573437387e-28, 1.201267874701306e-20, 4.056878332745629e-37, 1.0, 5.608000938383004e-36], "malicious score": 1.0}}}, "ResNeXt29_2x64d": {"clean acc": 92.62000160217285, "prediction": 8, "poisons predictions": [8, 8, 8, 8, 8], "scores": [1.127004036832219e-25, 0.0028868659865111113, 1.3712435644136025e-18, 8.280957786155341e-07, 1.60246957251252e-38, 8.289363334311618e-26, 0.24991442263126373, 3.8808144760979753e-22, 0.7471960783004761, 4.545234309014364e-24], "malicious score": 0.7471960783004761, "camera": {"2": {"prediction": 3, "scores": [8.871999976945657e-21, 0.0007276746327988803, 1.863632493777153e-16, 0.9992716312408447, 1.8446196777097136e-32, 3.2078194490405174e-24, 2.6496620869620457e-11, 1.269869631040429e-23, 1.127204883252797e-12, 1.5600877091873282e-19], "malicious score": 1.127204883252797e-12}, "4": {"prediction": 3, "scores": [9.276236033716933e-21, 0.00013140738883521408, 1.1676497036435024e-19, 0.9998683929443359, 7.040833179618323e-27, 2.4796619821219414e-24, 1.4783842010833437e-14, 2.1851407631576766e-24, 2.117092091913353e-12, 6.798799079847644e-19], "malicious score": 2.117092091913353e-12}}}, "GoogLeNet": {"clean acc": 91.48000144958496, "prediction": 8, "poisons predictions": [8, 8, 8, 8, 8], "scores": [8.594328997383813e-14, 1.1859209507747437e-06, 2.087729030722952e-14, 2.1735281734436285e-06, 3.884809807175316e-09, 2.3030599649587202e-10, 0.3989909291267395, 4.511016897412626e-16, 0.6010059118270874, 5.547937543398662e-12], "malicious score": 0.6010059118270874, "camera": {"2": {"prediction": 6, "scores": [1.89789672866425e-09, 0.0007954258471727371, 7.189332240642443e-09, 0.022477727383375168, 6.255225889617577e-05, 0.0011925750877708197, 0.9735782742500305, 1.8392332809210633e-14, 0.001892782747745514, 5.328857923814212e-07], "malicious score": 0.001892782747745514}, "4": {"prediction": 3, "scores": [9.604927964090848e-10, 0.003506589215248823, 2.859162462343079e-09, 0.8627118468284607, 7.804475171724334e-05, 8.795023313723505e-05, 0.13213606178760529, 1.0734026058055887e-18, 0.0014776933239772916, 1.971907977349474e-06], "malicious score": 0.0014776933239772916}}}, "MobileNetV2": {"clean acc": 86.43000144958496, "prediction": 6,