{"args": "Namespace(device='cuda', dset_path='datasets', end2end=False, eval_poisons_root='attack-results-3poisons/100-overlap/linear-transfer-learning/mean/800', gpu='0', lr_decay_epoch=[30, 45], model_resume_path='model-chks', num_per_class=50, poison_label=8, retrain_bsize=64, retrain_epochs=60, retrain_lr=0.1, retrain_momentum=0.9, retrain_opt='adam', retrain_wd=0, subset_group=0, target_camera=True, target_index_end=31, target_index_start=30, target_index_step=1, target_label=6, target_net=['DPN92', 'SENet18', 'ResNet50', 'ResNeXt29_2x64d', 'GoogLeNet', 'MobileNetV2', 'ResNet18', 'DenseNet121'], target_print_size=[2, 4], test_chk_name='ckpt-%s-4800.t7', train_data_path='datasets/CIFAR10_TRAIN_Split.pth')", "poison_label": 8, "target_label": 6, "targets": {"30": {}, "30": {"800": {"time": 337.0, "coeffs_time": 0, "poisons_time": 4, "target_loss": 0.020163636654615402, "total_loss": 0.07429871708154678, "coeff_list": [[0.3333333432674408, 0.3333333432674408, 0.3333333432674408], [0.3333333432674408, 0.3333333432674408, 0.3333333432674408], [0.3333333432674408, 0.3333333432674408, 0.3333333432674408], [0.3333333432674408, 0.3333333432674408, 0.3333333432674408], [0.3333333432674408, 0.3333333432674408, 0.3333333432674408], [0.3333333432674408, 0.3333333432674408, 0.3333333432674408], [0.3333333432674408, 0.3333333432674408, 0.3333333432674408], [0.3333333432674408, 0.3333333432674408, 0.3333333432674408], [0.3333333432674408, 0.3333333432674408, 0.3333333432674408], [0.3333333432674408, 0.3333333432674408, 0.3333333432674408], [0.3333333432674408, 0.3333333432674408, 0.3333333432674408], [0.3333333432674408, 0.3333333432674408, 0.3333333432674408], [0.3333333432674408, 0.3333333432674408, 0.3333333432674408], [0.3333333432674408, 0.3333333432674408, 0.3333333432674408], [0.3333333432674408, 0.3333333432674408, 0.3333333432674408], [0.3333333432674408, 0.3333333432674408, 0.3333333432674408], [0.3333333432674408, 0.3333333432674408, 0.3333333432674408], [0.3333333432674408, 0.3333333432674408, 0.3333333432674408]], "coeff_list_in_victim": [[0.596755862236023, 0.19799013435840607, 0.2052539438009262]], "victims": {"DPN92": {"clean acc": 91.7300018310547, "prediction": 6, "poisons predictions": [8, 6, 8], "scores": [1.2422566397369121e-24, 1.893334365817115e-16, 5.653488768093145e-38, 1.2553490758297932e-14, 3.88580170040729e-32, 1.0704973488055193e-14, 0.9653403759002686, 1.7179919172622257e-42, 0.034659791737794876, 0.0], "malicious score": 0.034659791737794876, "camera": {"2": {"prediction": 5, "scores": [6.768026936332821e-28, 4.232124201285516e-21, 2.1477183673086476e-19, 0.05100391060113907, 3.9442396900084365e-17, 0.948096513748169, 5.458535724756075e-06, 2.3417147094934236e-30, 0.0008945891750045121, 6.628141736256385e-43], "malicious score": 0.0008945891750045121}, "4": {"prediction": 5, "scores": [4.0405233842735377e-29, 4.238181273539446e-29, 8.945951054618892e-21, 0.0001260035642189905, 2.9327147396377742e-21, 0.9593583941459656, 0.04051460325717926, 5.11109811018827e-34, 7.162891790812864e-08, 0.0], "malicious score": 7.162891790812864e-08}}}, "SENet18": {"clean acc": 90.99000129699706, "prediction": 6, "poisons predictions": [8, 6, 8], "scores": [4.848274906543715e-11, 1.2357247115759445e-13, 7.856434253161737e-11, 1.7005782892987042e-10, 2.918892905157122e-09, 7.733856415524654e-13, 0.6444600224494934, 4.483020340923503e-16, 0.35553959012031555, 6.625497007379058e-17], "malicious score": 0.35553959012031555, "camera": {"2": {"prediction": 8, "scores": [1.0011270106099687e-13, 3.6091880529037553e-20, 1.1780364010671729e-11, 7.049232664257943e-08, 7.056291106977142e-09, 1.5822927412756371e-09, 1.449935922437362e-07, 2.1090136978743678e-21, 1.0, 4.459436021408275e-14], "malicious score": 1.0}, "4": {"prediction": 8, "scores": [1.360505946183116e-13, 3.490318886926261e-21, 5.250630832898118e-11, 3.022273176611634e-06, 3.0639719739156135e-07, 9.73710712059983e-07, 4.940712869938579e-07, 8.658644328353446e-22, 0.9999961853027344, 1.2814077056388928e-11], "malicious score": 0.9999961853027344}}}, "ResNet50": {"clean acc": 93.55000152587891, "prediction": 6, "poisons predictions": [8, 8, 8], "scores": [0.0, 0.0, 0.0, 4.203895392974451e-45, 4.974866580122621e-34, 0.0, 0.997968852519989, 7.729422199369258e-41, 0.002029398223385215, 8.69631854332734e-36], "malicious score": 0.002029398223385215, "camera": {"2": {"prediction": 8, "scores": [0.0, 0.0, 0.0, 2.0948535837752242e-36, 0.0, 1.944367670855098e-36, 4.1655618821221686e-19, 7.707141553786494e-44, 1.0, 0.0], "malicious score": 1.0}, "4": {"prediction": 8, "scores": [0.0, 0.0, 0.0, 1.102318181791509e-31, 0.0, 6.520185598470037e-26, 5.365067502650599e-22, 5.4272289523300165e-42, 1.0, 0.0], "malicious score": 1.0}}}, "ResNeXt29_2x64d": {"clean acc": 93.08000144958496, "prediction": 6, "poisons predictions": [8, 8, 8], "scores": [5.336996378722002e-31, 5.29602387187076e-18, 1.3614042187092307e-24, 4.907019885910802e-13, 0.0, 6.177853907100719e-33, 0.9600814580917358, 6.540757642915486e-35, 0.03991677239537239, 7.208133655129671e-34], "malicious score": 0.03991677239537239, "camera": {"2": {"prediction": 6, "scores": [3.8389224910427566e-23, 1.9132394177728015e-19, 1.6052677037029645e-13, 0.0069642276503145695, 2.0413093080404978e-39, 3.2451642742237002e-15, 0.9930225610733032, 3.604432186737704e-25, 1.3728529665968381e-05, 2.911850152625203e-26], "malicious score": 1.3728529665968381e-05}, "4": {"prediction": 6, "scores": [3.1125634840070454e-26, 8.330986840418506e-26, 3.085192827123953e-14, 1.3001964362047147e-05, 1.961817850054744e-44, 4.989040322360416e-13, 0.9996452927589417, 1.4369128351619951e-27, 0.000341036036843434, 4.744318568671215e-26], "malicious score": 0.000341036036843434}}}, "GoogLeNet": {"clean acc": 91.98000106811523, "prediction": 6, "poisons predictions": [8, 8, 8], "scores": [9.292988045750405e-10, 7.769248577815802e-10, 8.881709590013998e-08, 9.498534382146318e-06, 9.106859363838815e-12, 2.308215516677592e-05, 0.9691666960716248, 1.1890356477195496e-09, 0.03080041892826557, 1.8271701764994465e-14], "malicious score": 0.03080041892826557, "camera": {"2": {"prediction": 5, "scores": [1.1833190427523732e-08, 1.7016182241036404e-08, 0.024968011304736137, 0.2789347767829895, 7.064461793326871e-10, 0.5432552099227905, 0.13209646940231323, 1.4173810736206605e-10, 0.020745404064655304, 5.867892838296029e-10], "malicious score": 0.020745404064655304}, "4": {"prediction": 6, "scores": [1.6796171564692486e-08, 3.3146012157203586e-08, 0.0009220415959134698, 0.06195623800158501, 3.2684766892998596e-08, 0.14992254972457886, 0.7753152251243591, 2.2856672998727845e-08, 0.011883999221026897, 1.903574187167578e-09], "malicious score": 0.011883999221026897}}}, "MobileNetV2": {"clean acc": 86.22000198364258, "prediction": 6, "poisons predictions": [8, 8, 8], "scores": [2.754039218933488e-16, 3.002953094521921e-11, 9.961593995435475e-14, 3.216438472009031e-06, 2.103926113015544e-22, 2.922971977306621e-12, 0.9046817421913147, 5.7591441195906774e-24, 0.09531420469284058, 4.562460976107069e-19], "malicious score": 0.09531420469284058, "camera": {"2": {"prediction": 5, "scores": [6.096120244887537e-13, 4.018591403564073e-20, 1.6822478983158362e-06, 0.03306276723742485, 5.897444008746598e-26, 0.9617199301719666, 0.005216045305132866, 1.7729783045607e-18, 2.521967985558149e-07, 2.272543075368985e-16], "malicious score": 2.521967985558149e-07}, "4": {"prediction": 5, "scores": [3.3273354910082556e-14, 1.0192832513022197e-16, 1.290034479239921e-08, 1.7126361854025163e-05, 4.0839570165646694e-30, 0.9999599456787109, 2.2644839191343635e-05, 1.4832158761582147e-19, 5.605174310807648e-11, 2.006882996984376e-15], "malicious score": 5.605174310807648e-11}}}, "ResNet18": {"clean acc": 92.80000114440918, "prediction": 6, "poisons predictions": [8, 8, 6],