{"args": "Namespace(device='cuda', dset_path='datasets', end2end=False, eval_poisons_root='attack-results-10poisons/100-overlap/linear-transfer-learning/convex/800', gpu='1', lr_decay_epoch=[30, 45], model_resume_path='model-chks', num_per_class=50, poison_label=8, retrain_bsize=64, retrain_epochs=60, retrain_lr=0.1, retrain_momentum=0.9, retrain_opt='adam', retrain_wd=0, subset_group=0, target_camera=True, target_index_end=11, target_index_start=10, target_index_step=1, target_label=6, target_net=['DPN92', 'SENet18', 'ResNet50', 'ResNeXt29_2x64d', 'GoogLeNet', 'MobileNetV2', 'ResNet18', 'DenseNet121'], target_print_size=[2, 4], test_chk_name='ckpt-%s-4800.t7', train_data_path='datasets/CIFAR10_TRAIN_Split.pth')", "poison_label": 8, "target_label": 6, "targets": {"10": {}, "10": {"800": {"time": 47722.0, "coeffs_time": 45677, "poisons_time": 47306, "target_loss": 0.007002386264503002, "total_loss": 0.000741930736694485, "coeff_list": [[0.03227641060948372, 0.494299978017807, 0.1539038121700287, 0.04275384917855263, 0.16460922360420227, 0.0, 0.05334386229515076, 0.05856042727828026, 0.0, 0.0002524725568946451], [0.0, 0.0, 0.04988798499107361, 0.33261793851852417, 0.11590646207332611, 0.06954198330640793, 0.0, 0.0, 0.26305702328681946, 0.16898852586746216], [0.01577003113925457, 0.37027522921562195, 0.3898293673992157, 0.2029268592596054, 0.0, 0.0021773201879113913, 0.0, 0.0, 0.019021110609173775, 0.0], [0.11196421831846237, 0.686535656452179, 0.0948806032538414, 0.005995717830955982, 0.06847395747900009, 0.0, 0.031124304980039597, 0.0, 0.0, 0.0010255369124934077], [0.162783682346344, 0.07926972210407257, 0.1916857808828354, 0.13970080018043518, 0.16063937544822693, 0.0, 0.05917036905884743, 0.05851542949676514, 0.11263498663902283, 0.03559977188706398], [0.06764812767505646, 0.2167510688304901, 0.08162073791027069, 0.09039539843797684, 0.14527031779289246, 0.0, 0.1752709299325943, 0.10075981169939041, 0.12228363007307053, 0.0], [0.06122328341007233, 0.547753095626831, 0.2630830407142639, 0.00397533131763339, 0.0, 0.0, 0.10762837529182434, 0.0, 0.01633681356906891, 0.0], [0.14994043111801147, 0.19093267619609833, 0.06881123036146164, 0.10649652034044266, 0.04957110807299614, 0.09786607325077057, 0.10647793859243393, 0.039578862488269806, 0.14678548276424408, 0.04353972524404526], [0.0, 0.4699356257915497, 0.01233616378158331, 0.33664169907569885, 0.06994128972291946, 0.0, 0.035157736390829086, 0.023473504930734634, 0.05251403898000717, 0.0], [0.11797480285167694, 0.39256682991981506, 0.3316012918949127, 0.031751591712236404, 0.009676341898739338, 0.11200150847434998, 0.0, 0.0, 0.0044275810942053795, 0.0], [0.07973667234182358, 0.20579072833061218, 0.14275729656219482, 0.07754248380661011, 0.2462347447872162, 0.011513642966747284, 0.1563154011964798, 0.0682409331202507, 0.011868064291775227, 0.0], [0.17576450109481812, 0.0, 0.0, 0.0, 0.22980158030986786, 0.2802833914756775, 0.0, 0.14417296648025513, 0.11167248338460922, 0.05830506980419159], [0.3760077655315399, 0.10345958918333054, 0.2283804714679718, 0.21881765127182007, 0.0, 0.0, 0.07159341126680374, 0.0017411652952432632, 0.0, 0.0], [0.13108091056346893, 0.23569852113723755, 0.0, 0.07181809842586517, 0.0403745211660862, 0.03221099451184273, 0.18356074392795563, 0.18964216113090515, 0.036635152995586395, 0.0789789929986], [0.07095403224229813, 0.40629374980926514, 0.21875114738941193, 0.05661039054393768, 0.04332271218299866, 0.0, 0.01047457940876484, 0.11011991649866104, 0.0763230174779892, 0.007150387391448021], [0.16549822688102722, 0.3347072899341583, 0.3867915868759155, 0.00019906075613107532, 0.013395448215305805, 0.0, 0.0, 0.0, 0.07114112377166748, 0.02826729416847229], [0.10945223271846771, 0.19944548606872559, 0.0, 0.0, 0.2087007462978363, 0.06154238060116768, 0.07941911369562149, 0.05121707543730736, 0.2617841958999634, 0.02843879722058773], [0.11413570493459702, 0.13415320217609406, 0.024927357211709023, 0.026686016470193863, 0.0660543292760849, 0.049393560737371445, 0.09083911031484604, 0.1519189029932022, 0.21975044906139374, 0.12214139848947525]], "coeff_list_in_victim": [[0.0, 0.6437186002731323, 0.0, 0.0, 0.0, 0.018747154623270035, 0.218082457780838, 0.0, 0.11945177614688873, 0.0]], "victims": {"DPN92": {"clean acc": 91.22000122070312, "prediction": 8, "poisons predictions": [8, 8, 8, 8, 8, 8, 8, 6, 8, 8], "scores": [7.029942501111553e-18, 1.611229229892439e-30, 1.401298464324817e-45, 1.1979840917465623e-17, 2.4640400807601982e-37, 8.285384393861393e-25, 0.47055545449256897, 1.814681511300638e-41, 0.5294453501701355, 0.0], "malicious score": 0.5294453501701355, "camera": {"2": {"prediction": 6, "scores": [2.4055231638836355e-19, 4.907648906497721e-27, 2.807848484100244e-35, 1.4555417982009544e-10, 1.8124403094424646e-28, 1.0367568296287491e-17, 0.9999236464500427, 3.196014741457884e-35, 7.550598093075678e-05, 0.0], "malicious score": 7.550598093075678e-05}, "4": {"prediction": 6, "scores": [1.4565045339682582e-19, 2.4132520426684214e-27, 1.4640574074695608e-35, 1.5412915388424153e-08, 2.455511176675624e-29, 1.2378859775507526e-16, 1.0, 9.222499345607129e-36, 1.7298974626100971e-06, 0.0], "malicious score": 1.7298974626100971e-06}}}, "SENet18": {"clean acc": 91.46000175476074, "prediction": 6, "poisons predictions": [8, 6, 6, 6, 6, 8, 6, 6, 8, 8], "scores": [5.187795586994101e-15, 2.296305777905322e-13, 2.444748430422418e-18, 1.7983195228082893e-12, 6.204203373272321e-07, 3.0757653610089246e-16, 0.9936818480491638, 4.507950704318014e-18, 0.006317147985100746, 4.908872904949401e-17], "malicious score": 0.006317147985100746, "camera": {"2": {"prediction": 6, "scores": [3.4485793127397857e-12, 4.1598672130297386e-16, 8.791253836722499e-19, 1.9112146761035564e-12, 1.2828109241524999e-08, 3.130775121674967e-16, 0.997883141040802, 2.2338190802814094e-19, 0.0021163388155400753, 8.128600481982034e-18], "malicious score": 0.0021163388155400753}, "4": {"prediction": 6, "scores": [6.750284775591808e-10, 6.715408394294964e-13, 4.62335844522016e-13, 7.841232552152633e-09, 1.5760060705360956e-06, 3.74078318234744e-13, 0.9679954648017883, 1.3715917270495318e-14, 0.03200347721576691, 1.048875392870843e-14], "malicious score": 0.03200347721576691}}}, "ResNet50": {"clean acc": 92.56000175476075, "prediction": 6, "poisons predictions": [8, 8, 8, 8, 6, 8, 6, 8, 8, 8], "scores": [0.0, 1.5863029427129133e-31, 9.949219096706201e-44, 3.786249213415642e-21, 7.950967486579012e-42, 0.0, 0.796596109867096, 5.74532370373175e-44, 0.20340348780155182, 6.46984849647386e-31], "malicious score": 0.20340348780155182, "camera": {"2": {"prediction": 6, "scores": [7.547393528853465e-42, 3.3689483626589274e-28, 1.0484865434694363e-39, 1.0338433109141577e-15, 2.942726775082116e-44, 1.5414283107572988e-44, 0.9193228483200073, 1.3235263995547897e-40, 0.08067740499973297, 3.652999196072983e-28], "malicious score": 0.08067740499973297}, "4": {"prediction": 6, "scores": [8.463842724521895e-43, 2.9524936974281382e-28, 4.753344520836212e-40, 2.141061724386946e-17, 0.0, 0.0, 0.9655244946479797, 1.877473695487033e-40, 0.034475941210985184, 1.9594227688997913e-29], "malicious score": 0.034475941210985184}}}, "ResNeXt29_2x64d": {"clean acc": 92.82000122070312, "prediction": 6, "poisons predictions": [8, 8, 8, 8, 8, 8, 8, 8, 8, 8], "scores": [2.3606857589145647e-29, 1.2328056916619118e-24, 9.794095855918073e-16, 8.996174472031271e-09, 8.62822904737184e-40, 5.0744208040976496e-26, 0.9742783904075623, 1.1296904286892393e-24, 0.02572314441204071, 1.5422673961884544e-31], "malicious score": 0.02572314441204071, "camera": {"2": {"prediction": 6, "scores": [3.6984769791107256e-25, 4.141420355936254e-24, 9.877890877214163e-14, 1.0039562425845361e-07, 1.4427326471314473e-30, 7.927642768275958e-20, 0.9997768998146057, 3.1700772052460632e-21, 0.00022241596889216453, 1.259942876580064e-25], "malicious score": 0.00022241596889216453}, "4": {"prediction": 6,